신호ID,종목코드,종목명,전략,운용,시각,가격,결과,상세,후속결정,신호근거,등락률%,VWAP이격%,범위위치,체결강도,거래량배수,스프레드틱,5분후,15분후,30분후,60분후,60분최고,60분최저
005930#1-S20260102150000,005930,삼성전자,종가베팅,FullAuto,2026-01-02 15:00:00,128150,진입,,,"종가베팅: 등락 +6.4%, 고저범위 99% 위치, VWAP 124,518 위",6.44,2.92,0.994,837.0,4.04,2,,,,,,
000660#2-S20260102150000,000660,SK하이닉스,종가베팅,FullAuto,2026-01-02 15:00:00,678000,차단,매수 가능 수량 0 (투입금/리스크/예수금 확인),,"종가베팅: 등락 +4.0%, 고저범위 97% 위치, VWAP 663,730 위",3.99,2.15,0.969,477.5,2.44,1,679000,678000,,,679000,676000
042700#3-S20260105090525,042700,한미반도체,ORB,FullAuto,2026-01-05 09:05:25,158500,진입,,,"ORB5 고가 158,400 돌파 (범위 3.4%)",8.64,1.55,1,304.6,1.66,1,,,,,,
034020#5-S20260105090527,034020,두산에너빌리티,ORB,FullAuto,2026-01-05 09:05:27,80100,진입,,,"ORB5 고가 80,000 돌파 (범위 5.1%)",5.81,1.52,1,485.1,1.78,1,,,,,,
042700#11-S20260105150000,042700,한미반도체,종가베팅,FullAuto,2026-01-05 15:00:00,166000,진입,,,"종가베팅: 등락 +13.8%, 고저범위 98% 위치, VWAP 159,782 위",13.78,3.89,0.985,280.6,2.41,1,,,,,,
010120#10-S20260105150000,010120,LS ELECTRIC,종가베팅,FullAuto,2026-01-05 15:00:00,101400,진입,,,"종가베팅: 등락 +3.2%, 고저범위 88% 위치, VWAP 100,357 위",3.15,1.04,0.875,534.7,1.20,1,,,,,,
307950#12-S20260106090622,307950,현대오토에버,ORB,FullAuto,2026-01-06 09:06:22,350500,진입,,,"ORB5 고가 350,000 돌파 (범위 7.2%)",12.34,2.29,1,184.5,1.97,1,,,,,,
042700#20-S20260106150000,042700,한미반도체,종가베팅,FullAuto,2026-01-06 15:00:00,180500,진입,,,"종가베팅: 등락 +3.8%, 고저범위 96% 위치, VWAP 175,492 위",3.80,2.85,0.964,495.4,4.47,1,,,,,,
403870#18-S20260106150000,403870,HPSP,종가베팅,FullAuto,2026-01-06 15:00:00,38300,진입,,,"종가베팅: 등락 +9.4%, 고저범위 88% 위치, VWAP 37,003 위",9.43,3.51,0.878,446.2,0.60,1,,,,,,
006140#22-S20260107090525,006140,피제이전자,ORB,FullAuto,2026-01-07 09:05:25,8340,진입,,,"ORB5 고가 8,310 돌파 (범위 7.9%)",14.56,3.83,1,192.6,1.24,1,,,,,,
249420#26-S20260107150000,249420,일동제약,종가베팅,FullAuto,2026-01-07 15:00:00,42950,진입,,,"종가베팅: 등락 +10.4%, 고저범위 97% 위치, VWAP 41,389 위",10.41,3.77,0.971,315.8,1.56,1,,,,,,
226950#28-S20260107150000,226950,올릭스,종가베팅,FullAuto,2026-01-07 15:00:00,158200,진입,,,"종가베팅: 등락 +7.1%, 고저범위 92% 위치, VWAP 155,492 위",7.11,1.74,0.917,266.9,0.85,1,,,,,,
012450#29-S20260108090622,012450,한화에어로스페이스,ORB,FullAuto,2026-01-08 09:06:22,1070000,진입,,,"ORB5 고가 1,068,000 돌파 (범위 4.2%)",6.47,1.34,1,310.9,2.12,1,,,,,,
347850#37-S20260108150000,347850,디앤디파마텍,종가베팅,FullAuto,2026-01-08 15:00:00,108100,진입,,,"종가베팅: 등락 +9.3%, 고저범위 91% 위치, VWAP 104,011 위",9.30,3.93,0.91,248.7,1.21,1,,,,,,
036930#38-S20260108150030,036930,주성엔지니어링,종가베팅,FullAuto,2026-01-08 15:00:30,35050,진입,,,"종가베팅: 등락 +13.1%, 고저범위 84% 위치, VWAP 34,635 위",13.06,1.20,0.837,353.8,1.48,1,,,,,,
234030#39-S20260109090527,234030,싸이닉솔루션,ORB,FullAuto,2026-01-09 09:05:27,10980,진입,,,"ORB5 고가 10,970 돌파 (범위 8.6%)",11.36,3.30,1,311.7,3.14,1,,,,,,
103140#41-S20260109090627,103140,풍산,ORB,FullAuto,2026-01-09 09:06:27,122700,진입,,,"ORB5 고가 122,500 돌파 (범위 2.7%)",5.96,1.23,1,316.2,3.50,1,,,,,,
047810#45-S20260109094615,047810,한국항공우주,ORB,FullAuto,2026-01-09 09:46:15,148000,진입,,,"ORB5 고가 147,900 돌파 (범위 4.2%)",3.79,1.63,1,356.5,2.73,1,,,,,,
196170#48-S20260109150000,196170,알테오젠,종가베팅,FullAuto,2026-01-09 15:00:00,390137,진입,,,"종가베팅: 등락 +5.3%, 고저범위 92% 위치, VWAP 380,705 위",5.30,2.48,0.924,273.6,0.69,2,,,,,,
011210#49-S20260109150000,011210,현대위아,종가베팅,FullAuto,2026-01-09 15:00:00,91000,진입,,,"종가베팅: 등락 +9.0%, 고저범위 79% 위치, VWAP 87,585 위",8.98,3.90,0.793,228.1,0.44,1,,,,,,
034020#51-S20260112090620,034020,두산에너빌리티,ORB,FullAuto,2026-01-12 09:06:20,89700,진입,,,"ORB5 고가 89,600 돌파 (범위 3.0%)",5.78,1.12,1,481.2,2.78,1,,,,,,
000720#52-S20260112090625,000720,현대건설,ORB,FullAuto,2026-01-12 09:06:25,81500,진입,,,"ORB5 고가 81,200 돌파 (범위 4.2%)",6.96,1.46,1,236.8,2.01,1,,,,,,
000720#57-S20260112150000,000720,현대건설,종가베팅,FullAuto,2026-01-12 15:00:00,89900,진입,,,"종가베팅: 등락 +18.0%, 고저범위 81% 위치, VWAP 87,350 위",17.98,2.92,0.811,242.2,1.14,1,,,,,,
373220#58-S20260112150422,373220,LG에너지솔루션,종가베팅,FullAuto,2026-01-12 15:04:22,376500,진입,,,"종가베팅: 등락 +3.6%, 고저범위 82% 위치, VWAP 375,118 위",3.58,0.37,0.818,715.6,1.62,1,,,,,,
101490#59-S20260113090510,101490,에스앤에스텍,ORB,FullAuto,2026-01-13 09:05:10,69700,진입,,,"ORB5 고가 69,600 돌파 (범위 8.6%)",12.97,3.63,1,173.0,1.03,1,,,,,,
307950#60-S20260113090522,307950,현대오토에버,ORB,FullAuto,2026-01-13 09:05:22,503000,진입,,,"ORB5 고가 501,000 돌파 (범위 3.7%)",9.35,1.78,1,269.6,2.50,1,,,,,,
042660#66-S20260113150000,042660,한화오션,종가베팅,FullAuto,2026-01-13 15:00:00,149400,진입,,,"종가베팅: 등락 +3.8%, 고저범위 93% 위치, VWAP 147,698 위",3.82,1.15,0.932,744.5,0.47,1,,,,,,
030530#65-S20260113150000,030530,원익홀딩스,종가베팅,FullAuto,2026-01-13 15:00:00,43000,진입,,,"종가베팅: 등락 +9.6%, 고저범위 95% 위치, VWAP 41,807 위",9.55,2.85,0.947,550.5,0.75,1,,,,,,
066570#68-S20260114090522,066570,LG전자,ORB,FullAuto,2026-01-14 09:05:22,96700,진입,,,"ORB5 고가 96,500 돌파 (범위 5.5%)",6.50,1.53,1,401.1,1.80,1,,,,,,
000990#69-S20260114090525,000990,DB하이텍,ORB,FullAuto,2026-01-14 09:05:25,81200,진입,,,"ORB5 고가 81,000 돌파 (범위 5.2%)",6.28,1.92,1,610.2,2.23,1,,,,,,
042700#67-S20260114090627,042700,한미반도체,ORB,FullAuto,2026-01-14 09:06:27,185500,진입,,,"ORB5 고가 185,300 돌파 (범위 4.7%)",7.04,1.67,1,199.8,2.30,1,,,,,,
000270#72-S20260114090920,000270,기아,ORB,FullAuto,2026-01-14 09:09:20,140800,진입,,,"ORB5 고가 140,600 돌파 (범위 3.2%)",3.61,1.13,1,300,1.84,1,,,,,,
000150#78-S20260114150000,000150,두산,종가베팅,FullAuto,2026-01-14 15:00:00,849000,차단,매수 가능 수량 0 (투입금/리스크/예수금 확인),,"종가베팅: 등락 +7.6%, 고저범위 98% 위치, VWAP 829,534 위",7.60,2.35,0.984,508.9,0.82,1,849000,850500,,,851000,848000
388210#77-S20260114150000,388210,씨엠티엑스,종가베팅,FullAuto,2026-01-14 15:00:00,114700,진입,,,"종가베팅: 등락 +13.7%, 고저범위 85% 위치, VWAP 111,605 위",13.68,2.77,0.85,228.1,0.72,1,,,,,,
298040#80-S20260115090527,298040,효성중공업,ORB,FullAuto,2026-01-15 09:05:27,2329000,차단,매수 가능 수량 0 (투입금/리스크/예수금 확인),,"ORB5 고가 2,328,000 돌파 (범위 5.6%)",8.88,2.10,1,121.9,1.62,1,2340000,2280000,2260000,2253000,2365000,2235000
000880#79-S20260115090625,000880,한화,ORB,FullAuto,2026-01-15 09:06:25,157900,진입,,,"ORB5 고가 157,746 돌파 (범위 2.3%)",4.97,1.08,1,170.8,3.76,1,,,,,,
007660#81-S20260115090730,007660,이수페타시스,ORB,FullAuto,2026-01-15 09:07:30,121600,진입,,,"ORB5 고가 121,400 돌파 (범위 3.5%)",4.56,1.28,1,572.7,1.98,1,,,,,,
005930#86-S20260115150000,005930,삼성전자,종가베팅,FullAuto,2026-01-15 15:00:00,143800,진입,,,"종가베팅: 등락 +3.1%, 고저범위 96% 위치, VWAP 141,223 위",3.08,1.82,0.965,600.5,1.80,1,,,,,,
000720#85-S20260115150000,000720,현대건설,종가베팅,FullAuto,2026-01-15 15:00:00,98900,진입,,,"종가베팅: 등락 +5.1%, 고저범위 98% 위치, VWAP 96,504 위",5.10,2.48,0.984,449.9,0.43,1,,,,,,
200880#89-S20260116094420,200880,서연이화,ORB,FullAuto,2026-01-16 09:44:20,16300,진입,,,"ORB5 고가 16,290 돌파 (범위 4.5%)",15.60,2.27,1,157.7,17.87,1,,,,,,
010130#93-S20260116150000,010130,고려아연,종가베팅,FullAuto,2026-01-16 15:00:00,1574000,차단,매수 가능 수량 0 (투입금/리스크/예수금 확인),,"종가베팅: 등락 +8.9%, 고저범위 84% 위치, VWAP 1,549,415 위",8.93,1.59,0.837,507.6,0.61,1,1584000,1588000,,,1594000,1571000
032820#96-S20260116150000,032820,우리기술,종가베팅,FullAuto,2026-01-16 15:00:00,4745,진입,,,"종가베팅: 등락 +17.6%, 고저범위 78% 위치, VWAP 4,593 위",17.60,3.30,0.777,202.2,0.75,1,,,,,,
005380#98-S20260119090520,005380,현대차,ORB,FullAuto,2026-01-19 09:05:20,439500,진입,,,"ORB5 고가 439,000 돌파 (범위 4.6%)",5.65,1.92,1,957.5,1.77,1,,,,,,
454910#97-S20260119090620,454910,두산로보틱스,ORB,FullAuto,2026-01-19 09:06:20,100600,진입,,,"ORB5 고가 100,300 돌파 (범위 7.2%)",11.28,3.11,1,378.3,2.46,1,,,,,,
456160#99-S20260119090720,456160,지투지바이오,ORB,FullAuto,2026-01-19 09:07:20,86500,진입,,,"ORB5 고가 86,300 돌파 (범위 4.6%)",4.22,1.76,1,192.7,5.03,1,,,,,,
005380#106-S20260119150000,005380,현대차,종가베팅,FullAuto,2026-01-19 15:00:00,476000,진입,,,"종가베팅: 등락 +14.4%, 고저범위 84% 위치, VWAP 460,332 위",14.42,3.40,0.837,353.3,0.95,1,,,,,,
454910#105-S20260119150000,454910,두산로보틱스,종가베팅,FullAuto,2026-01-19 15:00:00,107100,진입,,,"종가베팅: 등락 +18.5%, 고저범위 78% 위치, VWAP 106,280 위",18.47,0.77,0.780,288.6,0.97,1,,,,,,
457190#107-S20260120090527,457190,이수스페셜티케미컬,ORB,FullAuto,2026-01-20 09:05:27,84200,진입,,,"ORB5 고가 84,000 돌파 (범위 6.3%)",7.67,2.70,1,160.4,1.82,1,,,,,,
022100#108-S20260120090530,022100,포스코DX,ORB,FullAuto,2026-01-20 09:05:30,44900,진입,,,"ORB5 고가 44,850 돌파 (범위 2.9%)",3.94,1.28,1,255.2,1.33,1,,,,,,
005490#113-S20260120150017,005490,POSCO홀딩스,종가베팅,FullAuto,2026-01-20 15:00:17,357000,진입,,,"종가베팅: 등락 +3.3%, 고저범위 96% 위치, VWAP 352,361 위",3.33,1.32,0.958,300,2.09,1,,,,,,
015760#114-S20260120150417,015760,한국전력,종가베팅,FullAuto,2026-01-20 15:04:17,66700,진입,,,"종가베팅: 등락 +18.7%, 고저범위 95% 위치, VWAP 62,808 위",18.68,6.20,0.948,300,1.27,1,,,,,,
257720#117-S20260121090630,257720,실리콘투,ORB,FullAuto,2026-01-21 09:06:30,45500,진입,,,"ORB5 고가 45,450 돌파 (범위 5.7%)",5.45,1.45,1,272.1,1.63,1,,,,,,
032820#115-S20260121091125,032820,우리기술,ORB,FullAuto,2026-01-21 09:11:25,9430,진입,,,"ORB5 고가 9,420 돌파 (범위 9.7%)",18.17,3.67,1,217.1,1.79,1,,,,,,
005930#124-S20260121150000,005930,삼성전자,종가베팅,FullAuto,2026-01-21 15:00:00,149100,진입,,,"종가베팅: 등락 +4.6%, 고저범위 91% 위치, VWAP 147,477 위",4.63,1.10,0.912,603.7,0.80,1,,,,,,
066570#123-S20260121150000,066570,LG전자,종가베팅,FullAuto,2026-01-21 15:00:00,109700,진입,,,"종가베팅: 등락 +7.8%, 고저범위 91% 위치, VWAP 105,507 위",7.76,3.97,0.913,393.5,0.83,1,,,,,,
215100#125-S20260122090520,215100,로보로보,ORB,FullAuto,2026-01-22 09:05:20,14270,진입,,,"ORB5 고가 14,250 돌파 (범위 5.6%)",21.24,2.51,1,180.4,1.36,1,,,,,,
066970#133-S20260122150000,066970,엘앤에프,종가베팅,FullAuto,2026-01-22 15:00:00,126500,진입,,,"종가베팅: 등락 +13.0%, 고저범위 97% 위치, VWAP 122,059 위",13.05,3.64,0.966,325.6,0.78,1,,,,,,
007660#132-S20260122150000,007660,이수페타시스,종가베팅,FullAuto,2026-01-22 15:00:00,113500,진입,,,"종가베팅: 등락 +5.1%, 고저범위 91% 위치, VWAP 110,173 위",5.09,3.02,0.905,273.8,0.47,1,,,,,,
005490#134-S20260123090510,005490,POSCO홀딩스,ORB,FullAuto,2026-01-23 09:05:10,389500,진입,,,"ORB5 고가 389,000 돌파 (범위 6.0%)",7.75,2.49,1,236.5,1.33,1,,,,,,
000250#135-S20260123090527,000250,삼천당제약,ORB,FullAuto,2026-01-23 09:05:27,347000,진입,,,"ORB5 고가 346,000 돌파 (범위 7.5%)",12.30,2.92,1,207.3,2.16,1,,,,,,
064260#136-S20260123090727,064260,다날,ORB,FullAuto,2026-01-23 09:07:27,7310,진입,,,"ORB5 고가 7,300 돌파 (범위 5.6%)",6.72,1.96,1,288.3,1.92,1,,,,,,
006800#142-S20260123150000,006800,미래에셋증권,종가베팅,FullAuto,2026-01-23 15:00:00,34800,진입,,,"종가베팅: 등락 +15.7%, 고저범위 88% 위치, VWAP 33,359 위",15.73,4.32,0.876,208.3,1.54,1,,,,,,
007660#143-S20260123150000,007660,이수페타시스,종가베팅,FullAuto,2026-01-23 15:00:00,119900,진입,,,"종가베팅: 등락 +5.9%, 고저범위 90% 위치, VWAP 117,816 위",5.92,1.77,0.898,380.2,0.76,1,,,,,,
247540#146-S20260126090507,247540,에코프로비엠,ORB,FullAuto,2026-01-26 09:05:07,180600,진입,,,"ORB5 고가 180,521 돌파 (범위 3.0%)",5.94,1.44,1,206.6,1.24,1,,,,,,
032820#144-S20260126090522,032820,우리기술,ORB,FullAuto,2026-01-26 09:05:22,7760,진입,,,"ORB5 고가 7,730 돌파 (범위 7.8%)",9.45,2.55,1,221.9,1.22,1,,,,,,
058470#151-S20260126150000,058470,리노공업,종가베팅,FullAuto,2026-01-26 15:00:00,75200,진입,,,"종가베팅: 등락 +9.0%, 고저범위 83% 위치, VWAP 73,787 위",8.99,1.92,0.833,357.0,0.85,1,,,,,,
347850#152-S20260126150000,347850,디앤디파마텍,종가베팅,FullAuto,2026-01-26 15:00:00,96900,진입,,,"종가베팅: 등락 +12.9%, 고저범위 95% 위치, VWAP 94,119 위",12.94,2.95,0.945,1378.9,2.06,1,,,,,,
388720#153-S20260127090727,388720,유일로보틱스,ORB,FullAuto,2026-01-27 09:07:27,145100,진입,,,"ORB5 고가 145,000 돌파 (범위 6.4%)",7.48,2.13,1,194.1,1.63,1,,,,,,
005930#158-S20260127150000,005930,삼성전자,종가베팅,FullAuto,2026-01-27 15:00:00,158650,진입,,,"종가베팅: 등락 +4.1%, 고저범위 97% 위치, VWAP 154,462 위",4.10,2.71,0.974,697.9,0.78,2,,,,,,
042700#159-S20260127150000,042700,한미반도체,종가베팅,FullAuto,2026-01-27 15:00:00,175600,진입,,,"종가베팅: 등락 +3.4%, 고저범위 98% 위치, VWAP 171,123 위",3.42,2.62,0.982,344.7,1.19,1,,,,,,
373220#160-S20260128090520,373220,LG에너지솔루션,ORB,FullAuto,2026-01-28 09:05:20,441000,진입,,,"ORB5 고가 440,500 돌파 (범위 4.5%)",6.01,2.03,1,654.6,2.63,1,,,,,,
403870#162-S20260128090530,403870,HPSP,ORB,FullAuto,2026-01-28 09:05:30,39300,진입,,,"ORB5 고가 39,200 돌파 (범위 2.0%)",4.66,1.08,1,278.0,1.41,1,,,,,,
007660#161-S20260128091127,007660,이수페타시스,ORB,FullAuto,2026-01-28 09:11:27,126100,진입,,,"ORB5 고가 126,000 돌파 (범위 3.1%)",5.79,1.00,1,194.1,2.80,1,,,,,,
005490#167-S20260128150000,005490,POSCO홀딩스,종가베팅,FullAuto,2026-01-28 15:00:00,379500,진입,,,"종가베팅: 등락 +5.3%, 고저범위 83% 위치, VWAP 370,426 위",5.27,2.45,0.833,647.0,0.87,1,,,,,,
012450#168-S20260128150000,012450,한화에어로스페이스,종가베팅,FullAuto,2026-01-28 15:00:00,1292000,차단,매수 가능 수량 0 (투입금/리스크/예수금 확인),,"종가베팅: 등락 +4.1%, 고저범위 85% 위치, VWAP 1,276,064 위",4.11,1.25,0.854,377.5,1.19,1,1290500,1291500,,,1295000,1290000
450080#169-S20260128150200,450080,에코프로머티,종가베팅,FullAuto,2026-01-28 15:02:00,75000,진입,,,"종가베팅: 등락 +15.9%, 고저범위 83% 위치, VWAP 72,455 위",15.92,3.51,0.828,240.8,1.16,1,,,,,,
307950#178-S20260129150000,307950,현대오토에버,종가베팅,FullAuto,2026-01-29 15:00:00,487500,진입,,,"종가베팅: 등락 +9.6%, 고저범위 85% 위치, VWAP 475,804 위",9.55,2.46,0.853,326.0,0.99,1,,,,,,
000270#176-S20260129150000,000270,기아,종가베팅,FullAuto,2026-01-29 15:00:00,155950,진입,,,"종가베팅: 등락 +3.4%, 고저범위 92% 위치, VWAP 152,791 위",3.42,2.07,0.919,293.8,0.74,2,,,,,,
027360#179-S20260130090522,027360,아주IB투자,ORB,FullAuto,2026-01-30 09:05:22,4845,진입,,,"ORB5 고가 4,830 돌파 (범위 5.9%)",7.43,3.22,1,215.0,2.05,1,,,,,,
017670#181-S20260130090527,017670,SK텔레콤,ORB,FullAuto,2026-01-30 09:05:27,74300,진입,,,"ORB5 고가 74,200 돌파 (범위 5.4%)",6.75,2.05,1,188.3,2.39,1,,,,,,
103140#180-S20260130090730,103140,풍산,ORB,FullAuto,2026-01-30 09:07:30,139200,진입,,,"ORB5 고가 139,100 돌파 (범위 3.0%)",6.42,1.84,1,191.5,2.54,1,,,,,,
457190#182-S20260130092112,457190,이수스페셜티케미컬,ORB,FullAuto,2026-01-30 09:21:12,112700,차단,리스크 관리로 진입 차단: 4연속 손실 쿨다운 ~09:50,,"ORB5 고가 112,500 돌파 (범위 3.6%)",8.89,2.33,1,148.7,1.25,1,108900,107600,107400,107800,113000,106300
080220#188-S20260130150000,080220,제주반도체,종가베팅,FullAuto,2026-01-30 15:00:00,43350,진입,,,"종가베팅: 등락 +17.6%, 고저범위 86% 위치, VWAP 41,755 위",17.64,3.82,0.858,257.0,0.45,1,,,,,,
036540#186-S20260130150000,036540,SFA반도체,종가베팅,FullAuto,2026-01-30 15:00:00,7890,진입,,,"종가베팅: 등락 +15.0%, 고저범위 82% 위치, VWAP 7,676 위",15.01,2.79,0.818,287.8,1.06,1,,,,,,
128820#190-S20260202090520,128820,대성산업,ORB,FullAuto,2026-02-02 09:05:20,8100,진입,,,"ORB5 고가 8,080 돌파 (범위 6.7%)",10.20,2.82,1,190.0,2.70,1,,,,,,
038500#189-S20260202090620,038500,삼표시멘트,ORB,FullAuto,2026-02-02 09:06:20,9510,진입,,,"ORB5 고가 9,430 돌파 (범위 9.7%)",13.21,4.18,1,138.7,1.64,1,,,,,,
006220#196-S20260202150117,006220,제주은행,종가베팅,FullAuto,2026-02-02 15:01:17,16910,진입,,,"종가베팅: 등락 +19.3%, 고저범위 82% 위치, VWAP 16,529 위",19.34,2.31,0.824,600.2,0.92,1,,,,,,
027360#198-S20260203092422,027360,아주IB투자,ORB,FullAuto,2026-02-03 09:24:22,4975,진입,,,"ORB5 고가 4,970 돌파 (범위 3.4%)",11.17,2.42,1,189.9,15.75,1,,,,,,
064260#197-S20260203094425,064260,다날,ORB,FullAuto,2026-02-03 09:44:25,9580,진입,,,"ORB5 고가 9,570 돌파 (범위 4.2%)",5.62,1.67,1,224.3,9.20,1,,,,,,
005490#203-S20260203150000,005490,POSCO홀딩스,종가베팅,FullAuto,2026-02-03 15:00:00,358000,진입,,,"종가베팅: 등락 +4.1%, 고저범위 93% 위치, VWAP 351,867 위",4.07,1.74,0.926,857.7,0.51,1,,,,,,
000720#202-S20260203150000,000720,현대건설,종가베팅,FullAuto,2026-02-03 15:00:00,107400,진입,,,"종가베팅: 등락 +8.9%, 고저범위 84% 위치, VWAP 105,525 위",8.92,1.78,0.838,377.5,0.90,1,,,,,,
267260#205-S20260204090525,267260,HD현대일렉트릭,ORB,FullAuto,2026-02-04 09:05:25,925000,진입,,,"ORB5 고가 924,000 돌파 (범위 4.4%)",3.82,1.67,1,708.0,3.02,1,,,,,,
457190#206-S20260204090827,457190,이수스페셜티케미컬,ORB,FullAuto,2026-02-04 09:08:27,114700,진입,,,"ORB5 고가 114,500 돌파 (범위 8.1%)",7.20,2.27,1,208.4,2.31,1,,,,,,
006400#213-S20260204150000,006400,삼성SDI,종가베팅,FullAuto,2026-02-04 15:00:00,391500,진입,,,"종가베팅: 등락 +4.0%, 고저범위 81% 위치, VWAP 390,059 위",3.98,0.37,0.809,903.3,0.56,1,,,,,,
267260#212-S20260204150000,267260,HD현대일렉트릭,종가베팅,FullAuto,2026-02-04 15:00:00,923000,차단,매수 가능 수량 0 (투입금/리스크/예수금 확인),,"종가베팅: 등락 +3.6%, 고저범위 86% 위치, VWAP 913,404 위",3.59,1.05,0.864,1043.6,0.62,1,923000,923000,,,924000,920000
139480#215-S20260205090615,139480,이마트,ORB,FullAuto,2026-02-05 09:06:15,105900,진입,,,"ORB5 고가 105,700 돌파 (범위 4.9%)",11.24,2.15,1,222.6,1.24,1,,,,,,
483650#220-S20260205150000,483650,달바글로벌,종가베팅,FullAuto,2026-02-05 15:00:00,168900,진입,,,"종가베팅: 등락 +5.5%, 고저범위 92% 위치, VWAP 166,654 위",5.50,1.35,0.918,389.6,1.40,1,,,,,,
171090#222-S20260205151317,171090,선익시스템,종가베팅,FullAuto,2026-02-05 15:13:17,80000,진입,,,"종가베팅: 등락 +4.3%, 고저범위 75% 위치, VWAP 76,146 위",4.30,5.06,0.754,471.8,2.10,1,,,,,,
008830#223-S20260206090525,008830,대동기어,ORB,FullAuto,2026-02-06 09:05:25,16260,진입,,,"ORB5 고가 16,250 돌파 (범위 6.4%)",9.93,2.87,1,166.9,2.61,1,,,,,,
017800#229-S20260206150000,017800,현대엘리베이터,종가베팅,FullAuto,2026-02-06 15:00:00,101500,진입,,,"종가베팅: 등락 +4.9%, 고저범위 86% 위치, VWAP 99,010 위",4.86,2.52,0.857,219.2,1.16,1,,,,,,
489790#231-S20260206150022,489790,한화비전,종가베팅,FullAuto,2026-02-06 15:00:22,66700,진입,,,"종가베팅: 등락 +7.4%, 고저범위 76% 위치, VWAP 65,878 위",7.41,1.25,0.757,490.2,2.03,1,,,,,,
090430#232-S20260209092027,090430,아모레퍼시픽,ORB,FullAuto,2026-02-09 09:20:27,155700,진입,,,"ORB5 고가 155,600 돌파 (범위 8.1%)",11.06,2.13,1,167.3,5.70,1,,,,,,
298380#238-S20260209150000,298380,에이비엘바이오,종가베팅,FullAuto,2026-02-09 15:00:00,190900,진입,,,"종가베팅: 등락 +6.6%, 고저범위 91% 위치, VWAP 186,370 위",6.59,2.43,0.907,328.2,0.86,1,,,,,,
277810#239-S20260209150000,277810,레인보우로보틱스,종가베팅,FullAuto,2026-02-09 15:00:00,699000,차단,매수 가능 수량 0 (투입금/리스크/예수금 확인),,"종가베팅: 등락 +4.5%, 고저범위 97% 위치, VWAP 683,136 위",4.48,2.32,0.971,409.1,2.85,1,693000,690000,,,699000,686000
352820#240-S20260209150700,352820,하이브,종가베팅,FullAuto,2026-02-09 15:07:00,376500,진입,,,"종가베팅: 등락 +5.0%, 고저범위 89% 위치, VWAP 372,498 위",5.02,1.07,0.889,1179.7,0.43,1,,,,,,
078600#242-S20260210090530,078600,대주전자재료,ORB,FullAuto,2026-02-10 09:05:30,98100,진입,,,"ORB5 고가 98,000 돌파 (범위 4.0%)",10.47,1.88,1,148.3,1.43,1,,,,,,
267270#247-S20260210150000,267270,HD건설기계,종가베팅,FullAuto,2026-02-10 15:00:00,131900,진입,,,"종가베팅: 등락 +7.8%, 고저범위 88% 위치, VWAP 129,769 위",7.85,1.64,0.880,333.1,0.48,1,,,,,,
055550#248-S20260210150000,055550,신한지주,종가베팅,FullAuto,2026-02-10 15:00:00,98600,진입,,,"종가베팅: 등락 +4.8%, 고저범위 90% 위치, VWAP 97,486 위",4.78,1.14,0.905,1079.1,0.65,1,,,,,,
241520#251-S20260211090512,241520,DSC인베스트먼트,ORB,FullAuto,2026-02-11 09:05:12,13020,진입,,,"ORB5 고가 13,000 돌파 (범위 9.0%)",13.22,3.10,1,74.4,1.04,1,,,,,,
032820#250-S20260211090520,032820,우리기술,ORB,FullAuto,2026-02-11 09:05:20,11200,진입,,,"ORB5 고가 11,190 돌파 (범위 9.9%)",17.89,3.53,1,130.4,1.72,1,,,,,,
389140#249-S20260211092427,389140,포바이포,ORB,FullAuto,2026-02-11 09:24:27,10210,진입,,,"ORB5 고가 10,190 돌파 (범위 8.9%)",9.43,4.67,1,177.3,7.13,1,,,,,,
066570#252-S20260211093320,066570,LG전자,ORB,FullAuto,2026-02-11 09:33:20,110200,진입,,,"ORB5 고가 110,000 돌파 (범위 4.1%)",5.35,1.30,1,286.9,12.19,1,,,,,,
000270#257-S20260211150000,000270,기아,종가베팅,FullAuto,2026-02-11 15:00:00,161800,진입,,,"종가베팅: 등락 +4.1%, 고저범위 97% 위치, VWAP 159,553 위",4.12,1.41,0.973,606.7,0.35,1,,,,,,
316140#260-S20260211150030,316140,우리금융지주,종가베팅,FullAuto,2026-02-11 15:00:30,37950,진입,,,"종가베팅: 등락 +6.0%, 고저범위 80% 위치, VWAP 37,339 위",6.01,1.64,0.8,494.2,0.88,1,,,,,,
032820#261-S20260212090510,032820,우리기술,ORB,FullAuto,2026-02-12 09:05:10,13620,진입,,,"ORB5 고가 13,600 돌파 (범위 8.4%)",10.28,3.14,1,139.2,0.94,1,,,,,,
397030#262-S20260212091125,397030,에이프릴바이오,ORB,FullAuto,2026-02-12 09:11:25,73100,진입,,,"ORB5 고가 73,000 돌파 (범위 4.1%)",5.64,1.83,1,202.5,2.71,1,,,,,,
005930#271-S20260212150000,005930,삼성전자,종가베팅,FullAuto,2026-02-12 15:00:00,178100,진입,,,"종가베팅: 등락 +6.8%, 고저범위 84% 위치, VWAP 175,751 위",6.77,1.34,0.842,448.1,0.99,1,,,,,,
051910#272-S20260212150000,051910,LG화학,종가베팅,FullAuto,2026-02-12 15:00:00,336500,진입,,,"종가베팅: 등락 +4.2%, 고저범위 78% 위치, VWAP 334,336 위",4.18,0.65,0.781,708.7,0.62,1,,,,,,
221800#280-S20260213150917,221800,지구홀딩스,종가베팅,FullAuto,2026-02-13 15:09:17,13080,진입,,,"종가베팅: 등락 +15.9%, 고저범위 80% 위치, VWAP 11,919 위",15.85,9.74,0.797,170.7,19.51,1,,,,,,
003530#281-S20260219090727,003530,한화투자증권,ORB,FullAuto,2026-02-19 09:07:27,8170,진입,,,"ORB5 고가 8,160 돌파 (범위 3.3%)",11.01,1.17,1,231.0,1.35,1,,,,,,
298380#290-S20260219150000,298380,에이비엘바이오,종가베팅,FullAuto,2026-02-19 15:00:00,194800,진입,,,"종가베팅: 등락 +6.0%, 고저범위 97% 위치, VWAP 191,833 위",5.98,1.55,0.967,292.5,0.89,1,,,,,,
352820#291-S20260219150000,352820,하이브,종가베팅,FullAuto,2026-02-19 15:00:00,404500,진입,,,"종가베팅: 등락 +3.6%, 고저범위 97% 위치, VWAP 400,859 위",3.59,0.91,0.966,1176.6,0.61,1,,,,,,
034220#293-S20260220090520,034220,LG디스플레이,ORB,FullAuto,2026-02-20 09:05:20,13380,진입,,,"ORB5 고가 13,350 돌파 (범위 5.5%)",8.96,2.22,1,219.3,1.82,1,,,,,,
267260#299-S20260220150000,267260,HD현대일렉트릭,종가베팅,FullAuto,2026-02-20 15:00:00,1009000,차단,매수 가능 수량 0 (투입금/리스크/예수금 확인),,"종가베팅: 등락 +5.0%, 고저범위 94% 위치, VWAP 993,250 위",4.99,1.59,0.936,444.5,0.40,1,1009000,1008000,,,1010000,1004000
034730#300-S20260220150000,034730,SK,종가베팅,FullAuto,2026-02-20 15:00:00,380000,진입,,,"종가베팅: 등락 +6.9%, 고저범위 93% 위치, VWAP 375,448 위",6.89,1.21,0.927,506.0,0.62,1,,,,,,
009540#301-S20260220150900,009540,HD한국조선해양,종가베팅,FullAuto,2026-02-20 15:09:00,451000,진입,,,"종가베팅: 등락 +7.3%, 고저범위 97% 위치, VWAP 440,099 위",7.25,2.48,0.972,564.3,0.47,1,,,,,,
006340#304-S20260223090622,006340,대원전선,ORB,FullAuto,2026-02-23 09:06:22,4800,진입,,,"ORB5 고가 4,775 돌파 (범위 9.9%)",14.70,4.89,1,177.7,2.47,1,,,,,,
032820#305-S20260223091325,032820,우리기술,ORB,FullAuto,2026-02-23 09:13:25,16310,진입,,,"ORB5 고가 16,300 돌파 (범위 4.9%)",9.83,2.32,1,250.0,2.81,1,,,,,,
456160#309-S20260223150000,456160,지투지바이오,종가베팅,FullAuto,2026-02-23 15:00:00,99350,진입,,,"종가베팅: 등락 +10.9%, 고저범위 80% 위치, VWAP 97,071 위",10.88,2.35,0.799,249.0,0.28,2,,,,,,
007660#310-S20260223150100,007660,이수페타시스,종가베팅,FullAuto,2026-02-23 15:01:00,106400,진입,,,"종가베팅: 등락 +5.3%, 고저범위 91% 위치, VWAP 104,124 위",5.35,2.19,0.913,513.6,0.83,1,,,,,,
006400#312-S20260224090515,006400,삼성SDI,ORB,FullAuto,2026-02-24 09:05:15,418000,진입,,,"ORB5 고가 417,500 돌파 (범위 5.0%)",6.23,2.07,1,289.2,1.66,1,,,,,,
066970#313-S20260224090522,066970,엘앤에프,ORB,FullAuto,2026-02-24 09:05:22,122600,진입,,,"ORB5 고가 122,300 돌파 (범위 5.9%)",6.42,1.72,1,339.8,1.96,1,,,,,,
032820#311-S20260224090525,032820,우리기술,ORB,FullAuto,2026-02-24 09:05:25,18570,진입,,,"ORB5 고가 18,540 돌파 (범위 7.5%)",9.69,3.44,1,205.3,1.73,1,,,,,,
008930#314-S20260224100125,008930,한미사이언스,ORB,FullAuto,2026-02-24 10:01:25,49600,진입,,,"ORB5 고가 49,550 돌파 (범위 8.0%)",16.30,3.19,1,193.0,3.86,1,,,,,,
373220#318-S20260224100230,373220,LG에너지솔루션,ORB,FullAuto,2026-02-24 10:02:30,413000,진입,,,"ORB5 고가 412,500 돌파 (범위 2.9%)",3.51,0.91,1,979.1,9.71,1,,,,,,
047040#319-S20260224150000,047040,대우건설,종가베팅,FullAuto,2026-02-24 15:00:00,8030,진입,,,"종가베팅: 등락 +7.1%, 고저범위 82% 위치, VWAP 7,817 위",7.07,2.73,0.817,339.9,0.34,1,,,,,,
277810#320-S20260224150000,277810,레인보우로보틱스,종가베팅,FullAuto,2026-02-24 15:00:00,729000,차단,매수 가능 수량 0 (투입금/리스크/예수금 확인),,"종가베팅: 등락 +3.7%, 고저범위 80% 위치, VWAP 715,036 위",3.70,1.95,0.804,409.6,0.66,1,728000,726000,,,729000,725000
051910#321-S20260224150300,051910,LG화학,종가베팅,FullAuto,2026-02-24 15:03:00,351000,진입,,,"종가베팅: 등락 +5.2%, 고저범위 97% 위치, VWAP 345,204 위",5.25,1.68,0.972,810.0,1.36,1,,,,,,
000270#323-S20260225090525,000270,기아,ORB,FullAuto,2026-02-25 09:05:25,184300,진입,,,"ORB5 고가 184,100 돌파 (범위 5.3%)",5.62,2.49,1,206.5,1.61,1,,,,,,
103590#324-S20260225091127,103590,일진전기,ORB,FullAuto,2026-02-25 09:11:27,97100,진입,,,"ORB5 고가 96,700 돌파 (범위 6.1%)",17.41,3.71,1,192.4,4.38,1,,,,,,
226950#329-S20260225150000,226950,올릭스,종가베팅,FullAuto,2026-02-25 15:00:00,165200,진입,,,"종가베팅: 등락 +13.7%, 고저범위 94% 위치, VWAP 158,714 위",13.70,4.09,0.938,354.7,0.42,1,,,,,,
000270#331-S20260225151217,000270,기아,종가베팅,FullAuto,2026-02-25 15:12:17,196700,진입,,,"종가베팅: 등락 +12.7%, 고저범위 87% 위치, VWAP 194,593 위",12.72,1.08,0.872,228.8,1.15,1,,,,,,
066570#332-S20260226090920,066570,LG전자,ORB,FullAuto,2026-02-26 09:09:20,146000,진입,,,"ORB5 고가 145,800 돌파 (범위 3.8%)",9.53,1.64,1,172.2,2.89,1,,,,,,
000660#337-S20260226150000,000660,SK하이닉스,종가베팅,FullAuto,2026-02-26 15:00:00,1083000,차단,매수 가능 수량 0 (투입금/리스크/예수금 확인),,"종가베팅: 등락 +5.0%, 고저범위 98% 위치, VWAP 1,044,939 위",5.04,3.64,0.984,569.2,1.14,1,1086000,1095500,,,1098000,1080000
267260#338-S20260226150000,267260,HD현대일렉트릭,종가베팅,FullAuto,2026-02-26 15:00:00,1107000,차단,매수 가능 수량 0 (투입금/리스크/예수금 확인),,"종가베팅: 등락 +3.6%, 고저범위 81% 위치, VWAP 1,090,810 위",3.55,1.48,0.812,531.1,1.71,1,1105000,1106000,,,1110000,1105000
052690#341-S20260227090522,052690,한전기술,ORB,FullAuto,2026-02-27 09:05:22,190300,진입,,,"ORB5 고가 189,800 돌파 (범위 4.9%)",11.03,2.46,1,143.0,3.16,1,,,,,,
034020#339-S20260227090925,034020,두산에너빌리티,ORB,FullAuto,2026-02-27 09:09:25,109400,진입,,,"ORB5 고가 109,300 돌파 (범위 3.6%)",5.19,1.14,1,239.9,2.09,1,,,,,,
005380#347-S20260227150000,005380,현대차,종가베팅,FullAuto,2026-02-27 15:00:00,678000,차단,매수 가능 수량 0 (투입금/리스크/예수금 확인),,"종가베팅: 등락 +12.1%, 고저범위 91% 위치, VWAP 641,140 위",12.07,5.75,0.907,450.1,0.49,1,673000,673000,,,679000,668000
051910#346-S20260227150000,051910,LG화학,종가베팅,FullAuto,2026-02-27 15:00:00,418250,진입,,,"종가베팅: 등락 +7.4%, 고저범위 87% 위치, VWAP 413,174 위",7.38,1.23,0.866,347.7,1.23,2,,,,,,
010170#350-S20260303090505,010170,대한광통신,ORB,FullAuto,2026-03-03 09:05:05,4760,진입,,,"ORB5 고가 4,755 돌파 (범위 9.9%)",10.83,3.12,1,151.8,0.86,1,,,,,,
322000#348-S20260303090525,322000,HD현대에너지솔루션,ORB,FullAuto,2026-03-03 09:05:25,110300,진입,,,"ORB5 고가 110,000 돌파 (범위 4.7%)",6.06,2.38,1,259.6,1.33,1,,,,,,
012450#352-S20260303090822,012450,한화에어로스페이스,ORB,FullAuto,2026-03-03 09:08:22,1346000,차단,매수 가능 수량 0 (투입금/리스크/예수금 확인),,"ORB5 고가 1,345,000 돌파 (범위 3.1%)",11.70,0.87,1,473.5,1.69,1,1350000,1450000,1461000,1367000,1492000,1342000
128820#358-S20260304090520,128820,대성산업,ORB,FullAuto,2026-03-04 09:05:20,11610,진입,,,"ORB5 고가 11,600 돌파 (범위 6.7%)",6.81,2.68,1,174.0,1.72,1,,,,,,
103140#356-S20260304090527,103140,풍산,ORB,FullAuto,2026-03-04 09:05:27,158400,진입,,,"ORB5 고가 158,300 돌파 (범위 4.8%)",11.94,1.73,1,148.2,2.52,1,,,,,,
005930#366-S20260305090522,005930,삼성전자,ORB,FullAuto,2026-03-05 09:05:22,195500,진입,,,"ORB5 고가 195,300 돌파 (범위 2.1%)",7.65,0.58,1,712.1,1.24,1,,,,,,
066570#365-S20260305090525,066570,LG전자,ORB,FullAuto,2026-03-05 09:05:25,120300,진입,,,"ORB5 고가 120,200 돌파 (범위 2.0%)",4.43,0.75,1,639.7,1.33,1,,,,,,
086520#372-S20260305150000,086520,에코프로,종가베팅,FullAuto,2026-03-05 15:00:00,167800,진입,,,"종가베팅: 등락 +16.4%, 고저범위 94% 위치, VWAP 159,745 위",16.45,5.04,0.943,196.3,1.00,1,,,,,,
010950#374-S20260305150100,010950,S-Oil,종가베팅,FullAuto,2026-03-05 15:01:00,131400,진입,,,"종가베팅: 등락 +11.0%, 고저범위 91% 위치, VWAP 126,372 위",10.98,3.98,0.911,227.2,1.90,1,,,,,,
322000#377-S20260306090522,322000,HD현대에너지솔루션,ORB,FullAuto,2026-03-06 09:05:22,99800,진입,,,"ORB5 고가 99,100 돌파 (범위 7.3%)",10.77,3.37,1,195.6,1.73,1,,,,,,
032820#376-S20260306092425,032820,우리기술,ORB,FullAuto,2026-03-06 09:24:25,18010,진입,,,"ORB5 고가 17,980 돌파 (범위 5.6%)",8.62,2.98,1,139.2,8.20,1,,,,,,
034020#384-S20260306150000,034020,두산에너빌리티,종가베팅,FullAuto,2026-03-06 15:00:00,97700,진입,,,"종가베팅: 등락 +6.0%, 고저범위 97% 위치, VWAP 93,752 위",5.97,4.21,0.968,355.7,1.29,1,,,,,,
000720#383-S20260306150000,000720,현대건설,종가베팅,FullAuto,2026-03-06 15:00:00,154500,진입,,,"종가베팅: 등락 +5.9%, 고저범위 82% 위치, VWAP 147,409 위",5.89,4.81,0.821,227.4,2.93,1,,,,,,
047050#385-S20260309090527,047050,포스코인터내셔널,ORB,FullAuto,2026-03-09 09:05:27,83000,진입,,,"ORB5 고가 82,800 돌파 (범위 5.7%)",15.12,2.46,1,149.0,1.31,1,,,,,,
322000#387-S20260309091127,322000,HD현대에너지솔루션,ORB,FullAuto,2026-03-09 09:11:27,124200,진입,,,"ORB5 고가 124,000 돌파 (범위 8.7%)",6.06,4.04,1,178.7,1.22,1,,,,,,
043260#395-S20260309150022,043260,성호전자,종가베팅,FullAuto,2026-03-09 15:00:22,38850,진입,,,"종가베팅: 등락 +3.3%, 고저범위 98% 위치, VWAP 36,762 위",3.32,5.68,0.976,125.0,3.51,1,,,,,,
032820#397-S20260310090527,032820,우리기술,ORB,FullAuto,2026-03-10 09:05:27,18570,진입,,,"ORB5 고가 18,550 돌파 (범위 3.6%)",7.34,1.86,1,148.1,2.76,1,,,,,,
034020#396-S20260310091830,034020,두산에너빌리티,ORB,FullAuto,2026-03-10 09:18:30,102800,진입,,,"ORB5 고가 102,600 돌파 (범위 2.7%)",9.95,1.42,1,298.0,6.27,1,,,,,,
000660#401-S20260310150117,000660,SK하이닉스,종가베팅,FullAuto,2026-03-10 15:01:17,938000,차단,매수 가능 수량 0 (투입금/리스크/예수금 확인),,"종가베팅: 등락 +12.9%, 고저범위 76% 위치, VWAP 926,617 위",12.88,1.23,0.765,756.3,5.12,1,942000,941000,,,945000,937000
089030#403-S20260311090507,089030,테크윙,ORB,FullAuto,2026-03-11 09:05:07,72500,진입,,,"ORB5 고가 72,400 돌파 (범위 8.4%)",8.53,3.43,1,246.0,1.57,1,,,,,,
001510#402-S20260311090527,001510,SK증권,ORB,FullAuto,2026-03-11 09:05:27,4085,진입,,,"ORB5 고가 4,074 돌파 (범위 7.8%)",13.98,2.93,1,198.8,2.29,1,,,,,,
042660#406-S20260311091727,042660,한화오션,ORB,FullAuto,2026-03-11 09:17:27,136300,진입,,,"ORB5 고가 136,000 돌파 (범위 4.3%)",8.69,1.70,1,254.6,7.38,1,,,,,,
015750#407-S20260311093525,015750,성우하이텍,ORB,FullAuto,2026-03-11 09:35:25,11400,진입,,,"ORB5 고가 11,390 돌파 (범위 6.3%)",14.11,2.46,1,181.1,4.98,1,,,,,,
0009K0#416-S20260312150000,0009K0,에임드바이오,종가베팅,FullAuto,2026-03-12 15:00:00,71000,진입,,,"종가베팅: 등락 +8.2%, 고저범위 90% 위치, VWAP 69,186 위",8.23,2.62,0.903,373.4,0.48,1,,,,,,
456160#417-S20260312150000,456160,지투지바이오,종가베팅,FullAuto,2026-03-12 15:00:00,114200,진입,,,"종가베팅: 등락 +9.1%, 고저범위 87% 위치, VWAP 110,683 위",9.07,3.18,0.868,177.6,0.46,1,,,,,,
046120#418-S20260313090505,046120,오르비텍,ORB,FullAuto,2026-03-13 09:05:05,8810,진입,,,"ORB5 고가 8,800 돌파 (범위 8.5%)",7.97,4.08,1,115.4,0.75,1,,,,,,
025860#419-S20260313090520,025860,남해화학,ORB,FullAuto,2026-03-13 09:05:20,10340,진입,,,"ORB5 고가 10,300 돌파 (범위 6.2%)",18.44,2.91,1,187.6,2.89,1,,,,,,
475150#422-S20260313090620,475150,SK이터닉스,ORB,FullAuto,2026-03-13 09:06:20,40450,진입,,,"ORB5 고가 40,400 돌파 (범위 3.6%)",8.30,1.53,1,177.0,4.08,1,,,,,,
005860#421-S20260313090805,005860,한일사료,ORB,FullAuto,2026-03-13 09:08:05,4550,진입,,,"ORB5 고가 4,545 돌파 (범위 9.9%)",16.97,3.27,1,120.8,0.34,1,,,,,,
050890#430-S20260313150000,050890,쏠리드,종가베팅,FullAuto,2026-03-13 15:00:00,12920,진입,,,"종가베팅: 등락 +4.2%, 고저범위 92% 위치, VWAP 12,521 위",4.19,3.19,0.92,320.6,2.39,1,,,,,,
226950#428-S20260313150000,226950,올릭스,종가베팅,FullAuto,2026-03-13 15:00:00,196600,진입,,,"종가베팅: 등락 +8.6%, 고저범위 83% 위치, VWAP 192,027 위",8.62,2.38,0.832,363.9,0.34,1,,,,,,
008350#431-S20260316093415,008350,남선알미늄,ORB,FullAuto,2026-03-16 09:34:15,1756,진입,,,"ORB5 고가 1,754 돌파 (범위 10.0%)",16.60,4.14,1,154.1,5.20,1,,,,,,
000660#437-S20260316150000,000660,SK하이닉스,종가베팅,FullAuto,2026-03-16 15:00:00,970000,차단,매수 가능 수량 0 (투입금/리스크/예수금 확인),,"종가베팅: 등락 +6.0%, 고저범위 96% 위치, VWAP 943,955 위",6.01,2.76,0.958,589.5,0.77,1,969000,968000,,,975000,967000
027360#440-S20260317090522,027360,아주IB투자,ORB,FullAuto,2026-03-17 09:05:22,6920,진입,,,"ORB5 고가 6,870 돌파 (범위 6.7%)",9.32,2.93,1,211.5,3.43,1,,,,,,
322000#438-S20260317090530,322000,HD현대에너지솔루션,ORB,FullAuto,2026-03-17 09:05:30,131800,진입,,,"ORB5 고가 131,600 돌파 (범위 9.8%)",10.39,3.60,1,317.2,1.77,1,,,,,,
047040#441-S20260317091330,047040,대우건설,ORB,FullAuto,2026-03-17 09:13:30,12600,진입,,,"ORB5 고가 12,580 돌파 (범위 4.6%)",5.18,1.90,1,156.8,2.42,1,,,,,,
006910#443-S20260317092125,006910,보성파워텍,ORB,FullAuto,2026-03-17 09:21:25,12720,진입,,,"ORB5 고가 12,680 돌파 (범위 2.7%)",5.21,2.17,1,215.9,7.97,1,,,,,,
009150#448-S20260317150000,009150,삼성전기,종가베팅,FullAuto,2026-03-17 15:00:00,450000,진입,,,"종가베팅: 등락 +8.3%, 고저범위 89% 위치, VWAP 437,256 위",8.30,2.91,0.889,357.4,0.55,1,,,,,,
475150#447-S20260317150000,475150,SK이터닉스,종가베팅,FullAuto,2026-03-17 15:00:00,41200,진입,,,"종가베팅: 등락 +7.2%, 고저범위 83% 위치, VWAP 40,296 위",7.15,2.24,0.829,297.0,0.32,1,,,,,,
403870#449-S20260318090527,403870,HPSP,ORB,FullAuto,2026-03-18 09:05:27,46750,진입,,,"ORB5 고가 46,650 돌파 (범위 3.7%)",6.13,1.49,1,459.9,2.07,1,,,,,,
445680#450-S20260318090622,445680,큐리옥스바이오시스템즈,ORB,FullAuto,2026-03-18 09:06:22,126200,진입,,,"ORB5 고가 125,700 돌파 (범위 4.5%)",9.17,1.94,1,199.9,4.93,1,,,,,,
055550#456-S20260318150000,055550,신한지주,종가베팅,FullAuto,2026-03-18 15:00:00,95400,진입,,,"종가베팅: 등락 +4.3%, 고저범위 97% 위치, VWAP 94,122 위",4.26,1.36,0.971,481.4,1.98,1,,,,,,
010120#457-S20260318150000,010120,LS ELECTRIC,종가베팅,FullAuto,2026-03-18 15:00:00,166400,진입,,,"종가베팅: 등락 +7.9%, 고저범위 87% 위치, VWAP 163,536 위",7.91,1.75,0.873,354.4,1.25,1,,,,,,
140410#459-S20260319090522,140410,메지온,ORB,FullAuto,2026-03-19 09:05:22,86200,진입,,,"ORB5 고가 86,000 돌파 (범위 7.1%)",7.21,3.16,1,414.4,2.45,1,,,,,,
033160#460-S20260319091022,033160,엠케이전자,ORB,FullAuto,2026-03-19 09:10:22,15750,진입,,,"ORB5 고가 15,700 돌파 (범위 6.4%)",9.00,2.25,1,161.7,2.62,1,,,,,,
356860#466-S20260319150000,356860,티엘비,종가베팅,FullAuto,2026-03-19 15:00:00,38049,진입,,,"종가베팅: 등락 +6.7%, 고저범위 90% 위치, VWAP 36,521 위",6.68,4.18,0.902,244.5,0.92,2,,,,,,
010170#467-S20260319150000,010170,대한광통신,종가베팅,FullAuto,2026-03-19 15:00:00,7290,진입,,,"종가베팅: 등락 +3.7%, 고저범위 78% 위치, VWAP 7,234 위",3.70,0.77,0.784,1922.7,1.77,1,,,,,,
036930#469-S20260320090522,036930,주성엔지니어링,ORB,FullAuto,2026-03-20 09:05:22,69800,진입,,,"ORB5 고가 69,700 돌파 (범위 3.7%)",14.43,1.77,1,157.5,1.67,1,,,,,,
047040#470-S20260320090820,047040,대우건설,ORB,FullAuto,2026-03-20 09:08:20,17510,진입,,,"ORB5 고가 17,430 돌파 (범위 3.5%)",8.29,1.95,1,144.2,3.33,1,,,,,,
047050#472-S20260320095322,047050,포스코인터내셔널,ORB,FullAuto,2026-03-20 09:53:22,78100,진입,,,"ORB5 고가 78,000 돌파 (범위 5.0%)",7.13,1.96,1,242.3,6.86,1,,,,,,
047040#474-S20260320150000,047040,대우건설,종가베팅,FullAuto,2026-03-20 15:00:00,18800,진입,,,"종가베팅: 등락 +16.3%, 고저범위 76% 위치, VWAP 18,428 위",16.26,2.02,0.757,186.8,0.59,1,,,,,,
178320#476-S20260320150917,178320,서진시스템,종가베팅,FullAuto,2026-03-20 15:09:17,48600,진입,,,"종가베팅: 등락 +7.0%, 고저범위 78% 위치, VWAP 47,708 위",7.05,1.87,0.780,263.0,0.88,1,,,,,,
322000#478-S20260323092125,322000,HD현대에너지솔루션,ORB,FullAuto,2026-03-23 09:21:25,141100,진입,,,"ORB5 고가 140,500 돌파 (범위 4.5%)",7.71,2.70,1,190.3,9.84,1,,,,,,
047040#485-S20260324090520,047040,대우건설,ORB,FullAuto,2026-03-24 09:05:20,19100,진입,,,"ORB5 고가 19,060 돌파 (범위 5.0%)",11.96,2.64,1,286.9,2.49,1,,,,,,
036930#487-S20260324090722,036930,주성엔지니어링,ORB,FullAuto,2026-03-24 09:07:22,77100,진입,,,"ORB5 고가 77,000 돌파 (범위 3.5%)",7.83,1.54,1,231.6,3.14,1,,,,,,
001510#488-S20260324091527,001510,SK증권,ORB,FullAuto,2026-03-24 09:15:27,5150,진입,,,"ORB5 고가 5,146 돌파 (범위 3.6%)",8.31,2.46,1,216.7,3.55,1,,,,,,
272210#493-S20260324150000,272210,한화시스템,종가베팅,FullAuto,2026-03-24 15:00:00,127500,진입,,,"종가베팅: 등락 +6.3%, 고저범위 93% 위치, VWAP 125,034 위",6.25,1.97,0.928,862.8,0.43,1,,,,,,
012450#494-S20260324150000,012450,한화에어로스페이스,종가베팅,FullAuto,2026-03-24 15:00:00,1336000,차단,매수 가능 수량 0 (투입금/리스크/예수금 확인),,"종가베팅: 등락 +7.6%, 고저범위 79% 위치, VWAP 1,320,764 위",7.57,1.15,0.789,384.8,0.33,1,1336000,1331000,,,1340000,1326000
000660#495-S20260324151500,000660,SK하이닉스,종가베팅,FullAuto,2026-03-24 15:15:00,991000,차단,매수 가능 수량 0 (투입금/리스크/예수금 확인),,"종가베팅: 등락 +6.2%, 고저범위 95% 위치, VWAP 972,211 위",6.22,1.93,0.946,690.7,2.56,1,987000,,,,992000,985000
263750#496-S20260325090520,263750,펄어비스,ORB,FullAuto,2026-03-25 09:05:20,46500,진입,,,"ORB5 고가 46,400 돌파 (범위 4.4%)",6.90,1.76,1,712.6,2.49,1,,,,,,
348370#498-S20260325091425,348370,엔켐,ORB,FullAuto,2026-03-25 09:14:25,35000,진입,,,"ORB5 고가 34,950 돌파 (범위 6.4%)",16.86,2.38,1,220.4,4.48,1,,,,,,
489790#497-S20260325092330,489790,한화비전,ORB,FullAuto,2026-03-25 09:23:30,93000,진입,,,"ORB5 고가 92,900 돌파 (범위 6.3%)",7.64,1.97,1,189.7,2.21,1,,,,,,
079550#503-S20260325150000,079550,LIG디펜스앤에어로스페이스,종가베팅,FullAuto,2026-03-25 15:00:00,739000,차단,매수 가능 수량 0 (투입금/리스크/예수금 확인),,"종가베팅: 등락 +16.0%, 고저범위 95% 위치, VWAP 702,697 위",16.01,5.17,0.948,340.2,0.65,1,732000,734000,,,740000,729000
218410#502-S20260325150000,218410,RFHIC,종가베팅,FullAuto,2026-03-25 15:00:00,87700,진입,,,"종가베팅: 등락 +14.5%, 고저범위 80% 위치, VWAP 86,251 위",14.49,1.68,0.795,336.6,0.34,1,,,,,,
038110#506-S20260326090525,038110,에코플라스틱,ORB,FullAuto,2026-03-26 09:05:25,3855,진입,,,"ORB5 고가 3,850 돌파 (범위 7.2%)",10.30,2.85,1,382.7,2.70,1,,,,,,
322000#505-S20260326090630,322000,HD현대에너지솔루션,ORB,FullAuto,2026-03-26 09:06:30,138300,진입,,,"ORB5 고가 137,800 돌파 (범위 8.1%)",9.07,2.84,1,194.0,2.19,1,,,,,,
348370#510-S20260326150000,348370,엔켐,종가베팅,FullAuto,2026-03-26 15:00:00,45550,진입,,,"종가베팅: 등락 +17.1%, 고저범위 82% 위치, VWAP 44,188 위",17.10,3.08,0.818,199.1,0.37,1,,,,,,
078600#511-S20260326150122,078600,대주전자재료,종가베팅,FullAuto,2026-03-26 15:01:22,133800,진입,,,"종가베팅: 등락 +4.7%, 고저범위 75% 위치, VWAP 131,991 위",4.69,1.37,0.752,283.8,1.39,1,,,,,,
014160#514-S20260327090522,014160,대영포장,ORB,FullAuto,2026-03-27 09:05:22,1559,진입,,,"ORB5 고가 1,550 돌파 (범위 5.2%)",10.65,2.53,1,302.4,2.06,1,,,,,,
038110#513-S20260327090725,038110,에코플라스틱,ORB,FullAuto,2026-03-27 09:07:25,4710,진입,,,"ORB5 고가 4,685 돌파 (범위 8.1%)",11.35,3.71,1,251.9,2.32,1,,,,,,
006800#521-S20260327150000,006800,미래에셋증권,종가베팅,FullAuto,2026-03-27 15:00:00,66600,진입,,,"종가베팅: 등락 +3.1%, 고저범위 88% 위치, VWAP 64,975 위",3.10,2.50,0.875,224.6,1.11,1,,,,,,
006400#522-S20260327150030,006400,삼성SDI,종가베팅,FullAuto,2026-03-27 15:00:30,404000,진입,,,"종가베팅: 등락 +3.1%, 고저범위 85% 위치, VWAP 393,582 위",3.06,2.65,0.853,475.5,2.01,1,,,,,,
161000#525-S20260330090625,161000,애경케미칼,ORB,FullAuto,2026-03-30 09:06:25,13220,진입,,,"ORB5 고가 13,200 돌파 (범위 3.9%)",14.86,1.10,1,150.8,3.86,1,,,,,,
289080#524-S20260330092830,289080,SV인베스트먼트,ORB,FullAuto,2026-03-30 09:28:30,4980,진입,,,"ORB5 고가 4,960 돌파 (범위 5.2%)",9.45,3.34,1,142.0,3.94,1,,,,,,
375500#533-S20260330150317,375500,DL이앤씨,종가베팅,FullAuto,2026-03-30 15:03:17,69000,진입,,,"종가베팅: 등락 +4.9%, 고저범위 86% 위치, VWAP 65,621 위",4.86,5.15,0.863,261.9,2.45,1,,,,,,
425040#534-S20260331091730,425040,티이엠씨,ORB,FullAuto,2026-03-31 09:17:30,14050,진입,,,"ORB5 고가 14,040 돌파 (범위 6.4%)",8.33,2.16,1,153.1,3.08,1,,,,,,
047040#541-S20260401090517,047040,대우건설,ORB,FullAuto,2026-04-01 09:05:17,17480,진입,,,"ORB5 고가 17,440 돌파 (범위 3.6%)",12.41,1.79,1,224.6,2.55,1,,,,,,
046970#542-S20260401090727,046970,우리로,ORB,FullAuto,2026-04-01 09:07:27,9090,진입,,,"ORB5 고가 9,060 돌파 (범위 8.5%)",8.86,4.17,1,225.6,1.66,1,,,,,,
001510#540-S20260401091627,001510,SK증권,ORB,FullAuto,2026-04-01 09:16:27,4075,진입,,,"ORB5 고가 4,065 돌파 (범위 4.1%)",10.61,2.06,1,227.6,5.50,1,,,,,,
012450#553-S20260401150000,012450,한화에어로스페이스,종가베팅,FullAuto,2026-04-01 15:00:00,1346000,차단,매수 가능 수량 0 (투입금/리스크/예수금 확인),,"종가베팅: 등락 +9.6%, 고저범위 78% 위치, VWAP 1,321,273 위",9.61,1.87,0.778,307.7,1.19,1,1343000,1337000,,,1347000,1329000
003230#555-S20260401150100,003230,삼양식품,종가베팅,FullAuto,2026-04-01 15:01:00,1315000,차단,매수 가능 수량 0 (투입금/리스크/예수금 확인),,"종가베팅: 등락 +8.8%, 고저범위 95% 위치, VWAP 1,290,772 위",8.77,1.88,0.947,509.9,0.95,1,1317000,1318000,,,1319000,1312000
373220#556-S20260401150300,373220,LG에너지솔루션,종가베팅,FullAuto,2026-04-01 15:03:00,409000,진입,,,"종가베팅: 등락 +3.4%, 고저범위 94% 위치, VWAP 401,579 위",3.41,1.85,0.939,2381.2,1.43,1,,,,,,
010170#558-S20260402090505,010170,대한광통신,ORB,FullAuto,2026-04-02 09:05:05,10620,진입,,,"ORB5 고가 10,600 돌파 (범위 7.0%)",12.86,3.00,1,102.6,1.04,1,,,,,,
066970#557-S20260402090527,066970,엘앤에프,ORB,FullAuto,2026-04-02 09:05:27,159600,진입,,,"ORB5 고가 159,500 돌파 (범위 7.6%)",8.94,2.24,1,167.8,1.76,1,,,,,,
064350#560-S20260402090625,064350,현대로템,ORB,FullAuto,2026-04-02 09:06:25,200000,진입,,,"ORB5 고가 199,900 돌파 (범위 3.1%)",5.54,0.82,1,107.4,2.51,5,,,,,,
047050#565-S20260402150417,047050,포스코인터내셔널,종가베팅,FullAuto,2026-04-02 15:04:17,79500,진입,,,"종가베팅: 등락 +4.5%, 고저범위 78% 위치, VWAP 78,314 위",4.47,1.51,0.784,308.7,1.77,1,,,,,,
050890#566-S20260403090517,050890,쏠리드,ORB,FullAuto,2026-04-03 09:05:17,16420,진입,,,"ORB5 고가 16,400 돌파 (범위 5.9%)",8.96,2.93,1,255.4,2.44,1,,,,,,
028050#568-S20260403090530,028050,삼성E&A,ORB,FullAuto,2026-04-03 09:05:30,38075,진입,,,"ORB5 고가 38,000 돌파 (범위 4.0%)",8.48,1.76,1,360.6,1.70,2,,,,,,
066970#573-S20260403100720,066970,엘앤에프,ORB,FullAuto,2026-04-03 10:07:20,167600,진입,,,"ORB5 고가 167,500 돌파 (범위 3.3%)",4.75,2.72,1,257.6,6.85,1,,,,,,
005930#575-S20260403150000,005930,삼성전자,종가베팅,FullAuto,2026-04-03 15:00:00,186700,진입,,,"종가베팅: 등락 +6.3%, 고저범위 89% 위치, VWAP 185,341 위",6.32,0.73,0.889,645.7,0.62,1,,,,,,
034020#574-S20260403150000,034020,두산에너빌리티,종가베팅,FullAuto,2026-04-03 15:00:00,97200,진입,,,"종가베팅: 등락 +4.9%, 고저범위 90% 위치, VWAP 96,505 위",4.85,0.72,0.905,872.4,0.94,1,,,,,,
028050#576-S20260406090510,028050,삼성E&A,ORB,FullAuto,2026-04-06 09:05:10,45400,진입,,,"ORB5 고가 45,350 돌파 (범위 6.6%)",11.96,3.01,1,145.9,0.87,1,,,,,,
010170#577-S20260406090930,010170,대한광통신,ORB,FullAuto,2026-04-06 09:09:30,14060,진입,,,"ORB5 고가 14,000 돌파 (범위 9.4%)",10.36,3.95,1,117.2,1.87,1,,,,,,
005810#585-S20260406150000,005810,풍산홀딩스,종가베팅,FullAuto,2026-04-06 15:00:00,47250,진입,,,"종가베팅: 등락 +11.7%, 고저범위 100% 위치, VWAP 46,464 위",11.70,1.69,1,216.9,0.04,1,,,,,,
096770#584-S20260406150000,096770,SK이노베이션,종가베팅,FullAuto,2026-04-06 15:00:00,121900,진입,,,"종가베팅: 등락 +3.3%, 고저범위 84% 위치, VWAP 120,767 위",3.31,0.94,0.843,691.8,0.28,1,,,,,,
079550#587-S20260407090520,079550,LIG디펜스앤에어로스페이스,ORB,FullAuto,2026-04-07 09:05:20,838000,진입,,,"ORB5 고가 837,000 돌파 (범위 5.5%)",4.49,1.75,1,1058.3,2.41,1,,,,,,
012450#592-S20260407150000,012450,한화에어로스페이스,종가베팅,FullAuto,2026-04-07 15:00:00,1534000,차단,매수 가능 수량 0 (투입금/리스크/예수금 확인),,"종가베팅: 등락 +7.4%, 고저범위 91% 위치, VWAP 1,497,434 위",7.42,2.44,0.908,362.6,0.76,1,1533000,1534000,,,1535000,1529000
0007C0#593-S20260407150422,0007C0,아크릴,종가베팅,FullAuto,2026-04-07 15:04:22,37850.0,진입,,,"종가베팅: 등락 +20.0%, 고저범위 76% 위치, VWAP 37,686 위",19.97,0.44,0.76,168.2,0.83,1,,,,,,
047040#594-S20260408090515,047040,대우건설,ORB,FullAuto,2026-04-08 09:05:15,19480,진입,,,"ORB5 고가 19,470 돌파 (범위 4.1%)",12.28,2.64,1,372.2,1.48,1,,,,,,
009150#597-S20260408091417,009150,삼성전기,ORB,FullAuto,2026-04-08 09:14:17,500000,진입,,,"ORB5 고가 499,500 돌파 (범위 3.1%)",10.62,0.93,1,430.5,7.10,2,,,,,,
007660#601-S20260408150000,007660,이수페타시스,종가베팅,FullAuto,2026-04-08 15:00:00,119900,진입,,,"종가베팅: 등락 +15.1%, 고저범위 100% 위치, VWAP 116,904 위",15.07,2.56,1,1215.7,1.88,1,,,,,,
000270#602-S20260408150000,000270,기아,종가베팅,FullAuto,2026-04-08 15:00:00,159600,진입,,,"종가베팅: 등락 +6.3%, 고저범위 91% 위치, VWAP 157,939 위",6.33,1.05,0.915,517.3,1.00,1,,,,,,
065440#603-S20260409090627,065440,이루온,ORB,FullAuto,2026-04-09 09:06:27,4635,진입,,,"ORB5 고가 4,610 돌파 (범위 8.6%)",18.54,4.33,1,209.8,1.82,1,,,,,,
047810#608-S20260409150000,047810,한국항공우주,종가베팅,FullAuto,2026-04-09 15:00:00,199400,진입,,,"종가베팅: 등락 +4.6%, 고저범위 95% 위치, VWAP 193,657 위",4.62,2.97,0.953,282.0,0.74,1,,,,,,
010950#609-S20260409150117,010950,S-Oil,종가베팅,FullAuto,2026-04-09 15:01:17,118800,진입,,,"종가베팅: 등락 +5.7%, 고저범위 87% 위치, VWAP 117,348 위",5.69,1.24,0.874,438.9,2.81,1,,,,,,
010170#611-S20260410090725,010170,대한광통신,ORB,FullAuto,2026-04-10 09:07:25,15360,진입,,,"ORB5 고가 15,300 돌파 (범위 5.6%)",8.32,2.42,1,123.8,1.96,1,,,,,,
038500#612-S20260410091127,038500,삼표시멘트,ORB,FullAuto,2026-04-10 09:11:27,18380,진입,,,"ORB5 고가 18,320 돌파 (범위 3.4%)",8.95,2.42,1,208.1,4.29,1,,,,,,
278470#618-S20260410150000,278470,에이피알,종가베팅,FullAuto,2026-04-10 15:00:00,392250,진입,,,"종가베팅: 등락 +8.5%, 고저범위 85% 위치, VWAP 387,967 위",8.51,1.10,0.847,575.6,1.17,2,,,,,,
062040#619-S20260410150000,062040,산일전기,종가베팅,FullAuto,2026-04-10 15:00:00,154900,진입,,,"종가베팅: 등락 +7.9%, 고저범위 76% 위치, VWAP 153,360 위",7.94,1.00,0.76,338.5,0.66,1,,,,,,
010120#621-S20260413090517,010120,LS ELECTRIC,ORB,FullAuto,2026-04-13 09:05:17,184500,진입,,,"ORB5 고가 183,000 돌파 (범위 6.9%)",17.07,4.63,1,318.3,1.59,1,,,,,,
010820#626-S20260413150000,010820,퍼스텍,종가베팅,FullAuto,2026-04-13 15:00:00,11840,진입,,,"종가베팅: 등락 +4.0%, 고저범위 93% 위치, VWAP 11,581 위",3.95,2.24,0.928,255.1,1.97,1,,,,,,
083450#627-S20260413150000,083450,GST,종가베팅,FullAuto,2026-04-13 15:00:00,36100,진입,,,"종가베팅: 등락 +13.5%, 고저범위 93% 위치, VWAP 35,248 위",13.52,2.42,0.927,383.1,0.75,1,,,,,,
336260#628-S20260414090725,336260,두산퓨얼셀,ORB,FullAuto,2026-04-14 09:07:25,40800,진입,,,"ORB5 고가 40,750 돌파 (범위 5.8%)",10.27,1.61,1,218.3,3.02,1,,,,,,
336260#636-S20260414150917,336260,두산퓨얼셀,종가베팅,FullAuto,2026-04-14 15:09:17,43300,진입,,,"종가베팅: 등락 +17.0%, 고저범위 78% 위치, VWAP 42,836 위",17.03,1.08,0.780,325.0,3.50,1,,,,,,
027360#639-S20260415090625,027360,아주IB투자,ORB,FullAuto,2026-04-15 09:06:25,12210,진입,,,"ORB5 고가 12,200 돌파 (범위 6.7%)",7.77,3.19,1,135.6,1.30,1,,,,,,
050890#638-S20260415091230,050890,쏠리드,ORB,FullAuto,2026-04-15 09:12:30,17940,진입,,,"ORB5 고가 17,930 돌파 (범위 4.2%)",6.28,2.42,1,142.2,2.74,1,,,,,,
018260#637-S20260415092927,018260,삼성에스디에스,ORB,FullAuto,2026-04-15 09:29:27,172800,진입,,,"ORB5 고가 172,600 돌파 (범위 6.2%)",13.46,1.74,1,179.6,4.30,1,,,,,,
078600#645-S20260415150217,078600,대주전자재료,종가베팅,FullAuto,2026-04-15 15:02:17,134600,진입,,,"종가베팅: 등락 +14.5%, 고저범위 87% 위치, VWAP 131,352 위",14.46,2.47,0.870,274.7,1.32,1,,,,,,
278470#646-S20260415150317,278470,에이피알,종가베팅,FullAuto,2026-04-15 15:03:17,412000,진입,,,"종가베팅: 등락 +6.0%, 고저범위 94% 위치, VWAP 403,325 위",6.05,2.15,0.944,378.5,2.16,1,,,,,,
158430#648-S20260416091025,158430,아톤,ORB,FullAuto,2026-04-16 09:10:25,10410,진입,,,"ORB5 고가 10,380 돌파 (범위 5.5%)",18.03,2.58,1,148.5,1.72,1,,,,,,
034020#649-S20260416091127,034020,두산에너빌리티,ORB,FullAuto,2026-04-16 09:11:27,109100,진입,,,"ORB5 고가 109,000 돌파 (범위 2.3%)",4.00,0.81,1,428.1,3.37,1,,,,,,
042660#655-S20260416150000,042660,한화오션,종가베팅,FullAuto,2026-04-16 15:00:00,131500,진입,,,"종가베팅: 등락 +4.4%, 고저범위 90% 위치, VWAP 130,126 위",4.37,1.06,0.902,457.0,0.37,1,,,,,,
011790#654-S20260416150007,011790,SKC,종가베팅,FullAuto,2026-04-16 15:00:07,119600.0,진입,,,"종가베팅: 등락 +20.0%, 고저범위 89% 위치, VWAP 116,179 위",19.96,2.94,0.889,324.4,0.64,1,,,,,,
005490#658-S20260417090525,005490,POSCO홀딩스,ORB,FullAuto,2026-04-17 09:05:25,384000,진입,,,"ORB5 고가 383,500 돌파 (범위 1.9%)",3.64,0.75,1,573.2,3.16,1,,,,,,
066970#664-S20260417150000,066970,엘앤에프,종가베팅,FullAuto,2026-04-17 15:00:00,185600,진입,,,"종가베팅: 등락 +9.4%, 고저범위 98% 위치, VWAP 180,900 위",9.43,2.60,0.979,284.5,1.11,1,,,,,,
005490#663-S20260417150000,005490,POSCO홀딩스,종가베팅,FullAuto,2026-04-17 15:00:00,386000,진입,,,"종가베팅: 등락 +4.2%, 고저범위 100% 위치, VWAP 382,427 위",4.18,0.93,1,699.5,1.55,1,,,,,,
001440#667-S20260420090520,001440,대한전선,ORB,FullAuto,2026-04-20 09:05:20,40850,진입,,,"ORB5 고가 40,800 돌파 (범위 3.9%)",3.94,1.24,1,987.6,2.81,1,,,,,,
079550#673-S20260420150000,079550,LIG디펜스앤에어로스페이스,종가베팅,FullAuto,2026-04-20 15:00:00,931000,차단,매수 가능 수량 0 (투입금/리스크/예수금 확인),,"종가베팅: 등락 +6.3%, 고저범위 78% 위치, VWAP 913,746 위",6.28,1.89,0.782,457.4,0.85,1,928000,930000,,,933000,923000
000990#672-S20260420150000,000990,DB하이텍,종가베팅,FullAuto,2026-04-20 15:00:00,125700,진입,,,"종가베팅: 등락 +17.7%, 고저범위 87% 위치, VWAP 121,973 위",17.70,3.06,0.871,255.3,0.74,1,,,,,,
007660#674-S20260420150400,007660,이수페타시스,종가베팅,FullAuto,2026-04-20 15:04:00,133150,진입,,,"종가베팅: 등락 +10.0%, 고저범위 76% 위치, VWAP 132,200 위",9.95,0.72,0.758,330.7,0.68,2,,,,,,
036930#675-S20260421090520,036930,주성엔지니어링,ORB,FullAuto,2026-04-21 09:05:20,102500,진입,,,"ORB5 고가 102,400 돌파 (범위 9.6%)",12.02,3.82,1,229.5,1.41,1,,,,,,
006360#676-S20260421090730,006360,GS건설,ORB,FullAuto,2026-04-21 09:07:30,40150,진입,,,"ORB5 고가 40,100 돌파 (범위 2.8%)",5.52,1.05,1,220.1,1.47,1,,,,,,
373220#684-S20260421150000,373220,LG에너지솔루션,종가베팅,FullAuto,2026-04-21 15:00:00,473500,진입,,,"종가베팅: 등락 +9.6%, 고저범위 94% 위치, VWAP 465,149 위",9.61,1.80,0.940,450.1,1.20,1,,,,,,
086520#685-S20260421150000,086520,에코프로,종가베팅,FullAuto,2026-04-21 15:00:00,163100,진입,,,"종가베팅: 등락 +4.2%, 고저범위 78% 위치, VWAP 161,206 위",4.22,1.17,0.779,315.0,1.04,1,,,,,,
222080#688-S20260422090527,222080,SFA넥셀,ORB,FullAuto,2026-04-22 09:05:27,17870,진입,,,"ORB5 고가 17,840 돌파 (범위 5.9%)",9.56,2.38,1,164.8,1.72,1,,,,,,
007660#686-S20260422091130,007660,이수페타시스,ORB,FullAuto,2026-04-22 09:11:30,139800,진입,,,"ORB5 고가 139,700 돌파 (범위 3.7%)",4.48,1.17,1,195.7,2.18,1,,,,,,
082740#693-S20260422150000,082740,한화엔진,종가베팅,FullAuto,2026-04-22 15:00:00,67500,진입,,,"종가베팅: 등락 +13.1%, 고저범위 89% 위치, VWAP 64,310 위",13.07,4.96,0.887,401.2,0.54,1,,,,,,
066570#694-S20260422150000,066570,LG전자,종가베팅,FullAuto,2026-04-22 15:00:00,132800,진입,,,"종가베팅: 등락 +4.2%, 고저범위 87% 위치, VWAP 131,084 위",4.24,1.31,0.867,743.7,0.27,1,,,,,,
006910#697-S20260423090507,006910,보성파워텍,ORB,FullAuto,2026-04-23 09:05:07,11250,진입,,,"ORB5 고가 11,240 돌파 (범위 7.6%)",12.16,3.64,1,187.0,1.62,1,,,,,,
336370#695-S20260423090722,336370,솔루스첨단소재,ORB,FullAuto,2026-04-23 09:07:22,15680,진입,,,"ORB5 고가 15,660 돌파 (범위 8.5%)",18.25,2.36,1,170.3,1.60,1,,,,,,
006340#696-S20260423090927,006340,대원전선,ORB,FullAuto,2026-04-23 09:09:27,7440,진입,,,"ORB5 고가 7,350 돌파 (범위 9.4%)",15.53,5.61,1,279.7,4.86,1,,,,,,
034020#704-S20260423151130,034020,두산에너빌리티,종가베팅,FullAuto,2026-04-23 15:11:30,122500,진입,,,"종가베팅: 등락 +5.8%, 고저범위 76% 위치, VWAP 121,546 위",5.79,0.78,0.759,659.2,0.77,1,,,,,,
098460#706-S20260424090510,098460,고영,ORB,FullAuto,2026-04-24 09:05:10,37100,진입,,,"ORB5 고가 37,000 돌파 (범위 7.4%)",13.98,2.76,1,217.1,0.87,1,,,,,,
010060#707-S20260424090815,010060,OCI홀딩스,ORB,FullAuto,2026-04-24 09:08:15,349000,진입,,,"ORB5 고가 347,500 돌파 (범위 8.3%)",12.58,3.16,1,107.1,2.92,1,,,,,,
000250#714-S20260424150000,000250,삼천당제약,종가베팅,FullAuto,2026-04-24 15:00:00,409500,진입,,,"종가베팅: 등락 +8.3%, 고저범위 81% 위치, VWAP 400,981 위",8.33,2.12,0.811,279.3,1.07,1,,,,,,
373220#713-S20260424150000,373220,LG에너지솔루션,종가베팅,FullAuto,2026-04-24 15:00:00,482000,진입,,,"종가베팅: 등락 +3.7%, 고저범위 82% 위치, VWAP 475,001 위",3.66,1.47,0.818,683.9,0.58,1,,,,,,
046890#716-S20260427090620,046890,서울반도체,ORB,FullAuto,2026-04-27 09:06:20,13550,진입,,,"ORB5 고가 13,480 돌파 (범위 3.2%)",20.98,1.85,1,210.8,5.40,1,,,,,,
098460#717-S20260427090825,098460,고영,ORB,FullAuto,2026-04-27 09:08:25,44450,진입,,,"ORB5 고가 44,350 돌파 (범위 6.5%)",5.08,2.84,1,228.5,1.54,1,,,,,,
000660#718-S20260427091225,000660,SK하이닉스,ORB,FullAuto,2026-04-27 09:12:25,1273000,차단,매수 가능 수량 0 (투입금/리스크/예수금 확인),,"ORB5 고가 1,272,000 돌파 (범위 1.9%)",3.75,0.63,1,341.5,2.11,1,1282000,1275000,1280000,1285000,1289000,1272000
108490#725-S20260427150000,108490,로보티즈,종가베팅,FullAuto,2026-04-27 15:00:00,347000,진입,,,"종가베팅: 등락 +19.2%, 고저범위 77% 위치, VWAP 339,120 위",19.24,2.32,0.766,374.3,0.78,1,,,,,,
460860#724-S20260427150000,460860,동국제강,종가베팅,FullAuto,2026-04-27 15:00:00,14870,진입,,,"종가베팅: 등락 +17.9%, 고저범위 89% 위치, VWAP 14,167 위",17.92,4.96,0.886,195.0,0.28,1,,,,,,
005490#726-S20260428090625,005490,POSCO홀딩스,ORB,FullAuto,2026-04-28 09:06:25,467500,진입,,,"ORB5 고가 467,000 돌파 (범위 6.0%)",11.44,1.67,1,236.4,2.43,1,,,,,,
066570#727-S20260428090625,066570,LG전자,ORB,FullAuto,2026-04-28 09:06:25,147300,진입,,,"ORB5 고가 146,700 돌파 (범위 4.3%)",12.53,1.82,1,151.0,2.83,1,,,,,,
009830#729-S20260428091825,009830,한화솔루션,ORB,FullAuto,2026-04-28 09:18:25,50700,진입,,,"ORB5 고가 50,650 돌파 (범위 4.5%)",7.08,1.58,1,213.9,5.29,1,,,,,,
425040#728-S20260428093422,425040,티이엠씨,ORB,FullAuto,2026-04-28 09:34:22,17910,차단,리스크 관리로 진입 차단: 4연속 손실 쿨다운 ~09:55,,"ORB5 고가 17,900 돌파 (범위 7.1%)",9.61,4.10,1,151.6,6.34,1,18010,17480,18660,18140,19170,17210
009150#734-S20260428150000,009150,삼성전기,종가베팅,FullAuto,2026-04-28 15:00:00,835000,차단,매수 가능 수량 0 (투입금/리스크/예수금 확인),,"종가베팅: 등락 +4.4%, 고저범위 77% 위치, VWAP 825,234 위",4.38,1.18,0.767,1188.5,0.55,1,836500,838000,,,840000,835000
027360#735-S20260428150530,027360,아주IB투자,종가베팅,FullAuto,2026-04-28 15:05:30,18650,진입,,,"종가베팅: 등락 +3.8%, 고저범위 84% 위치, VWAP 18,053 위",3.84,3.31,0.842,100,2.32,1,,,,,,
096770#736-S20260429090525,096770,SK이노베이션,ORB,FullAuto,2026-04-29 09:05:25,141800,진입,,,"ORB5 고가 141,700 돌파 (범위 5.2%)",6.78,1.40,1,213.8,1.33,1,,,,,,
460860#737-S20260429090527,460860,동국제강,ORB,FullAuto,2026-04-29 09:05:27,17650,진입,,,"ORB5 고가 17,610 돌파 (범위 2.9%)",15.43,1.42,1,192.7,2.63,1,,,,,,
126340#738-S20260429090527,126340,비나텍,ORB,FullAuto,2026-04-29 09:05:27,158100,진입,,,"ORB5 고가 158,000 돌파 (범위 5.0%)",12.29,1.62,1,126.4,1.38,1,,,,,,
066570#740-S20260430090512,066570,LG전자,ORB,FullAuto,2026-04-30 09:05:12,146600,진입,,,"ORB5 고가 146,500 돌파 (범위 4.9%)",6.70,1.89,1,273.9,1.81,1,,,,,,
007660#741-S20260430090925,007660,이수페타시스,ORB,FullAuto,2026-04-30 09:09:25,155600,진입,,,"ORB5 고가 155,400 돌파 (범위 3.3%)",5.63,0.93,1,237.6,2.54,1,,,,,,
025860#745-S20260430150717,025860,남해화학,종가베팅,FullAuto,2026-04-30 15:07:17,11240,진입,,,"종가베팅: 등락 +19.1%, 고저범위 75% 위치, VWAP 10,943 위",19.07,2.72,0.754,226.9,4.16,1,,,,,,
050890#748-S20260504090527,050890,쏠리드,ORB,FullAuto,2026-05-04 09:05:27,18700,진입,,,"ORB5 고가 18,660 돌파 (범위 6.3%)",9.29,2.35,1,161.3,1.91,1,,,,,,
025860#746-S20260504090527,025860,남해화학,ORB,FullAuto,2026-05-04 09:05:27,12720,진입,,,"ORB5 고가 12,680 돌파 (범위 7.8%)",8.35,4.39,1,182.5,1.75,1,,,,,,
199820#747-S20260504090530,199820,제일일렉트릭,ORB,FullAuto,2026-05-04 09:05:30,19630,진입,,,"ORB5 고가 19,620 돌파 (범위 5.9%)",13.73,2.94,1,116.6,1.28,1,,,,,,
006340#749-S20260504090725,006340,대원전선,ORB,FullAuto,2026-05-04 09:07:25,17060,진입,,,"ORB5 고가 17,000 돌파 (범위 7.3%)",13.36,3.82,1,241.3,3.59,1,,,,,,
402340#752-S20260504092330,402340,SK스퀘어,ORB,FullAuto,2026-05-04 09:23:30,932000,진입,,,"ORB5 고가 930,000 돌파 (범위 3.3%)",9.13,1.45,1,263.8,3.58,1,,,,,,
009150#758-S20260504150000,009150,삼성전기,종가베팅,FullAuto,2026-05-04 15:00:00,919000,차단,매수 가능 수량 0 (투입금/리스크/예수금 확인),,"종가베팅: 등락 +10.3%, 고저범위 92% 위치, VWAP 893,126 위",10.32,2.90,0.92,514.3,0.59,1,917000,914000,,,921000,913000
010170#756-S20260504150000,010170,대한광통신,종가베팅,FullAuto,2026-05-04 15:00:00,17920,진입,,,"종가베팅: 등락 +18.3%, 고저범위 90% 위치, VWAP 17,300 위",18.28,3.59,0.897,208.9,0.65,1,,,,,,
051910#759-S20260504150400,051910,LG화학,종가베팅,FullAuto,2026-05-04 15:04:00,431000,진입,,,"종가베팅: 등락 +8.3%, 고저범위 85% 위치, VWAP 424,423 위",8.29,1.55,0.852,507.3,1.34,1,,,,,,
028260#762-S20260506090622,028260,삼성물산,ORB,FullAuto,2026-05-06 09:06:22,351500,진입,,,"ORB5 고가 350,500 돌파 (범위 4.8%)",11.76,1.44,1,389.0,1.63,1,,,,,,
267260#761-S20260506091202,267260,HD현대일렉트릭,ORB,FullAuto,2026-05-06 09:12:02,1369000,차단,매수 가능 수량 0 (투입금/리스크/예수금 확인),,"ORB5 고가 1,367,000 돌파 (범위 2.4%)",5.47,1.02,1,195.8,0.75,1,1371000,1370000,1372000,1407000,1420000,1359000
000660#765-S20260506150000,000660,SK하이닉스,종가베팅,FullAuto,2026-05-06 15:00:00,1608000,차단,매수 가능 수량 0 (투입금/리스크/예수금 확인),,"종가베팅: 등락 +11.8%, 고저범위 93% 위치, VWAP 1,590,302 위",11.82,1.11,0.929,479.5,1.05,1,1610500,1597000,,,1614000,1588000
086520#766-S20260506150000,086520,에코프로,종가베팅,FullAuto,2026-05-06 15:00:00,162000,진입,,,"종가베팅: 등락 +4.4%, 고저범위 100% 위치, VWAP 158,874 위",4.38,1.97,1,813.4,1.52,1,,,,,,
006910#767-S20260506151000,006910,보성파워텍,종가베팅,FullAuto,2026-05-06 15:10:00,15990,진입,,,"종가베팅: 등락 +11.4%, 고저범위 85% 위치, VWAP 15,502 위",11.43,3.15,0.848,164.6,0.75,1,,,,,,
034020#769-S20260507090527,034020,두산에너빌리티,ORB,FullAuto,2026-05-07 09:05:27,138900,진입,,,"ORB5 고가 138,600 돌파 (범위 6.4%)",8.52,2.22,1,234.2,1.27,1,,,,,,
010140#774-S20260507150000,010140,삼성중공업,종가베팅,FullAuto,2026-05-07 15:00:00,33450,진입,,,"종가베팅: 등락 +3.4%, 고저범위 94% 위치, VWAP 32,792 위",3.40,2.01,0.939,926.2,0.90,1,,,,,,
028260#775-S20260507150000,028260,삼성물산,종가베팅,FullAuto,2026-05-07 15:00:00,398000,진입,,,"종가베팅: 등락 +3.6%, 고저범위 95% 위치, VWAP 382,886 위",3.65,3.95,0.954,447.9,0.63,1,,,,,,
459510#778-S20260508090520,459510,나우로보틱스,ORB,FullAuto,2026-05-08 09:05:20,36400,진입,,,"ORB5 고가 36,300 돌파 (범위 4.6%)",5.20,1.71,1,300.0,3.30,1,,,,,,
125490#776-S20260508090520,125490,한라캐스트,ORB,FullAuto,2026-05-08 09:05:20,17680,진입,,,"ORB5 고가 17,670 돌파 (범위 2.6%)",5.05,1.19,1,239.0,1.27,1,,,,,,
001440#777-S20260508091125,001440,대한전선,ORB,FullAuto,2026-05-08 09:11:25,69000,진입,,,"ORB5 고가 68,900 돌파 (범위 9.9%)",7.64,2.44,1,266.0,1.55,1,,,,,,
028260#785-S20260508150000,028260,삼성물산,종가베팅,FullAuto,2026-05-08 15:00:00,419000,진입,,,"종가베팅: 등락 +5.0%, 고저범위 97% 위치, VWAP 408,443 위",5.01,2.58,0.968,616.5,1.14,1,,,,,,
336260#786-S20260508150000,336260,두산퓨얼셀,종가베팅,FullAuto,2026-05-08 15:00:00,86300,진입,,,"종가베팅: 등락 +15.1%, 고저범위 86% 위치, VWAP 82,436 위",15.07,4.69,0.862,237.2,1.11,1,,,,,,
042660#788-S20260511090612,042660,한화오션,ORB,FullAuto,2026-05-11 09:06:12,135800,진입,,,"ORB5 고가 135,700 돌파 (범위 3.9%)",7.52,1.01,1,187.2,0.87,1,,,,,,
036930#789-S20260511090722,036930,주성엔지니어링,ORB,FullAuto,2026-05-11 09:07:22,153000,진입,,,"ORB5 고가 152,800 돌파 (범위 6.0%)",10.15,3.18,1,179.1,1.52,1,,,,,,
079550#794-S20260511150030,079550,LIG디펜스앤에어로스페이스,종가베팅,FullAuto,2026-05-11 15:00:30,877000,차단,매수 가능 수량 0 (투입금/리스크/예수금 확인),,"종가베팅: 등락 +4.5%, 고저범위 76% 위치, VWAP 863,341 위",4.53,1.58,0.761,466.1,1.66,1,876000,879000,,,879000,874000
402340#795-S20260511150817,402340,SK스퀘어,종가베팅,FullAuto,2026-05-11 15:08:17,1190000,차단,매수 가능 수량 0 (투입금/리스크/예수금 확인),,"종가베팅: 등락 +8.5%, 고저범위 80% 위치, VWAP 1,170,555 위",8.48,1.66,0.8,299.1,1.54,1,1191000,1181000,,,1191000,1181000
011070#796-S20260511151422,011070,LG이노텍,종가베팅,FullAuto,2026-05-11 15:14:22,688000,차단,매수 가능 수량 0 (투입금/리스크/예수금 확인),,"종가베팅: 등락 +9.6%, 고저범위 75% 위치, VWAP 675,732 위",9.55,1.82,0.752,598.3,1.07,1,689000,687000,,,689000,687000
066570#797-S20260512090925,066570,LG전자,ORB,FullAuto,2026-05-12 09:09:25,171200,진입,,,"ORB5 고가 171,000 돌파 (범위 6.6%)",9.53,1.89,1,223.9,2.50,1,,,,,,
017670#799-S20260512092425,017670,SK텔레콤,ORB,FullAuto,2026-05-12 09:24:25,105100,진입,,,"ORB5 고가 105,000 돌파 (범위 4.6%)",6.92,1.38,1,318.0,3.67,1,,,,,,
034220#804-S20260513090625,034220,LG디스플레이,ORB,FullAuto,2026-05-13 09:06:25,13780,진입,,,"ORB5 고가 13,750 돌파 (범위 6.7%)",7.99,1.81,1,203.5,2.03,1,,,,,,
011070#809-S20260513150000,011070,LG이노텍,종가베팅,FullAuto,2026-05-13 15:00:00,754000,차단,매수 가능 수량 0 (투입금/리스크/예수금 확인),,"종가베팅: 등락 +10.1%, 고저범위 97% 위치, VWAP 720,785 위",10.07,4.61,0.975,511.2,0.47,1,752000,752000,,,757000,751000
000990#810-S20260513150000,000990,DB하이텍,종가베팅,FullAuto,2026-05-13 15:00:00,183100,진입,,,"종가베팅: 등락 +10.6%, 고저범위 99% 위치, VWAP 175,480 위",10.63,4.34,0.991,225.4,0.82,1,,,,,,
034220#812-S20260514090727,034220,LG디스플레이,ORB,FullAuto,2026-05-14 09:07:27,14880,진입,,,"ORB5 고가 14,850 돌파 (범위 4.9%)",5.01,2.11,1,217.9,1.52,1,,,,,,
034220#816-S20260514150000,034220,LG디스플레이,종가베팅,FullAuto,2026-05-14 15:00:00,15350,진입,,,"종가베팅: 등락 +8.3%, 고저범위 79% 위치, VWAP 15,131 위",8.33,1.45,0.788,258.9,0.24,1,,,,,,
047810#817-S20260514150000,047810,한국항공우주,종가베팅,FullAuto,2026-05-14 15:00:00,170400,진입,,,"종가베팅: 등락 +4.1%, 고저범위 75% 위치, VWAP 166,212 위",4.09,2.52,0.752,307.0,0.84,1,,,,,,
064400#819-S20260515090507,064400,LG씨엔에스,ORB,FullAuto,2026-05-15 09:05:07,99100,진입,,,"ORB5 고가 99,000 돌파 (범위 7.7%)",15.10,3.71,1,232.2,0.85,1,,,,,,
090360#818-S20260515090527,090360,로보스타,ORB,FullAuto,2026-05-15 09:05:27,95300,진입,,,"ORB5 고가 95,200 돌파 (범위 9.2%)",15.66,2.99,1,161.0,1.26,1,,,,,,
036930#826-S20260518090722,036930,주성엔지니어링,ORB,FullAuto,2026-05-18 09:07:22,162000,진입,,,"ORB5 고가 161,400 돌파 (범위 7.5%)",15.55,3.40,1,201.2,2.70,1,,,,,,
001740#827-S20260518092327,001740,SK네트웍스,ORB,FullAuto,2026-05-18 09:23:27,9420,진입,,,"ORB5 고가 9,400 돌파 (범위 9.4%)",8.03,5.88,1,153.6,7.29,1,,,,,,
347700#832-S20260518150000,347700,스피어,종가베팅,FullAuto,2026-05-18 15:00:00,47250,진입,,,"종가베팅: 등락 +12.5%, 고저범위 93% 위치, VWAP 45,367 위",12.50,4.15,0.932,356.0,0.52,1,,,,,,
000990#833-S20260518150000,000990,DB하이텍,종가베팅,FullAuto,2026-05-18 15:00:00,171800,진입,,,"종가베팅: 등락 +4.4%, 고저범위 84% 위치, VWAP 167,796 위",4.44,2.39,0.843,247.5,0.87,1,,,,,,
440110#834-S20260519090505,440110,파두,ORB,FullAuto,2026-05-19 09:05:05,104200,진입,,,"ORB5 고가 104,000 돌파 (범위 5.3%)",5.36,1.61,1,89.7,0.84,1,,,,,,
036930#836-S20260519090530,036930,주성엔지니어링,ORB,FullAuto,2026-05-19 09:05:30,199300,진입,,,"ORB5 고가 198,700 돌파 (범위 7.3%)",9.39,3.44,1,114.7,1.35,1,,,,,,
356680#835-S20260519093222,356680,엑스게이트,ORB,FullAuto,2026-05-19 09:32:22,17310,진입,,,"ORB5 고가 17,270 돌파 (범위 7.5%)",11.97,3.16,1,155.9,16.33,1,,,,,,
015760#840-S20260519150000,015760,한국전력,종가베팅,FullAuto,2026-05-19 15:00:00,39400,진입,,,"종가베팅: 등락 +4.5%, 고저범위 87% 위치, VWAP 39,064 위",4.51,0.86,0.868,511.8,2.10,1,,,,,,
036930#842-S20260520092322,036930,주성엔지니어링,ORB,FullAuto,2026-05-20 09:23:22,192000,진입,,,"ORB5 고가 191,500 돌파 (범위 8.3%)",8.54,2.94,1,168.2,5.35,1,,,,,,
082740#847-S20260520150000,082740,한화엔진,종가베팅,FullAuto,2026-05-20 15:00:00,69800,진입,,,"종가베팅: 등락 +7.1%, 고저범위 96% 위치, VWAP 66,968 위",7.06,4.23,0.958,453.4,0.57,1,,,,,,
253840#849-S20260520150017,253840,수젠텍,종가베팅,FullAuto,2026-05-20 15:00:17,7720,진입,,,"종가베팅: 등락 +16.4%, 고저범위 76% 위치, VWAP 7,695 위",16.44,0.32,0.761,209.8,1.22,1,,,,,,
009150#852-S20260521090517,009150,삼성전기,ORB,FullAuto,2026-05-21 09:05:17,1163000,진입,,,"ORB5 고가 1,162,000 돌파 (범위 5.2%)",7.39,1.42,1,196.5,2.23,1,,,,,,
066570#850-S20260521090615,066570,LG전자,ORB,FullAuto,2026-05-21 09:06:15,195900,진입,,,"ORB5 고가 195,800 돌파 (범위 2.5%)",6.24,1.01,1,197.6,1.52,1,,,,,,
017900#851-S20260521091222,017900,광전자,ORB,FullAuto,2026-05-21 09:12:22,13970,진입,,,"ORB5 고가 13,900 돌파 (범위 5.1%)",12.21,3.81,1,120.5,4.09,1,,,,,,
034020#858-S20260521150000,034020,두산에너빌리티,종가베팅,FullAuto,2026-05-21 15:00:00,109000,진입,,,"종가베팅: 등락 +5.1%, 고저범위 81% 위치, VWAP 108,339 위",5.11,0.61,0.815,699.4,0.54,1,,,,,,
222800#857-S20260521150000,222800,심텍,종가베팅,FullAuto,2026-05-21 15:00:00,125500,진입,,,"종가베팅: 등락 +19.0%, 고저범위 80% 위치, VWAP 123,066 위",18.96,1.98,0.804,255.5,0.91,1,,,,,,
440110#859-S20260522090515,440110,파두,ORB,FullAuto,2026-05-22 09:05:15,122400,진입,,,"ORB5 고가 122,300 돌파 (범위 5.1%)",4.88,2.08,1,127.8,1.44,1,,,,,,
068270#861-S20260522091222,068270,셀트리온,ORB,FullAuto,2026-05-22 09:12:22,190600,진입,,,"ORB5 고가 190,545 돌파 (범위 3.5%)",5.30,1.04,1,204.6,4.58,1,,,,,,
011070#866-S20260522150000,011070,LG이노텍,종가베팅,FullAuto,2026-05-22 15:00:00,860000,차단,매수 가능 수량 0 (투입금/리스크/예수금 확인),,"종가베팅: 등락 +4.0%, 고저범위 75% 위치, VWAP 845,709 위",3.99,1.69,0.754,360.5,0.49,1,867000,865000,,,868000,859000
440110#865-S20260522150000,440110,파두,종가베팅,FullAuto,2026-05-22 15:00:00,127300,진입,,,"종가베팅: 등락 +9.1%, 고저범위 84% 위치, VWAP 123,624 위",9.08,2.97,0.838,360.5,0.78,1,,,,,,
079550#867-S20260522150517,079550,LIG디펜스앤에어로스페이스,종가베팅,FullAuto,2026-05-22 15:05:17,929000,차단,매수 가능 수량 0 (투입금/리스크/예수금 확인),,"종가베팅: 등락 +6.8%, 고저범위 86% 위치, VWAP 921,870 위",6.78,0.77,0.861,375.6,1.00,1,928000,925000,,,930000,925000
078600#868-S20260522151417,078600,대주전자재료,종가베팅,FullAuto,2026-05-22 15:14:17,156600,진입,,,"종가베팅: 등락 +17.6%, 고저범위 78% 위치, VWAP 155,173 위",17.57,0.92,0.780,233.0,2.61,1,,,,,,
011790#871-S20260526090520,011790,SKC,ORB,FullAuto,2026-05-26 09:05:20,154000,진입,,,"ORB5 고가 153,700 돌파 (범위 3.3%)",7.62,1.58,1,655.2,2.51,1,,,,,,
000660#875-S20260526150000,000660,SK하이닉스,종가베팅,FullAuto,2026-05-26 15:00:00,2083000,차단,매수 가능 수량 0 (투입금/리스크/예수금 확인),,"종가베팅: 등락 +7.3%, 고저범위 95% 위치, VWAP 2,060,131 위",7.32,1.11,0.951,821.2,1.51,1,2076000,2068000,,,2085000,2064000
353200#878-S20260526150000,353200,대덕전자,종가베팅,FullAuto,2026-05-26 15:00:00,171400,진입,,,"종가베팅: 등락 +13.3%, 고저범위 80% 위치, VWAP 167,351 위",13.28,2.42,0.804,263.8,0.71,1,,,,,,
440110#880-S20260527090530,440110,파두,ORB,FullAuto,2026-05-27 09:05:30,125600,진입,,,"ORB5 고가 125,300 돌파 (범위 6.2%)",7.53,2.81,1,151.4,1.28,1,,,,,,
402340#881-S20260527091625,402340,SK스퀘어,ORB,FullAuto,2026-05-27 09:16:25,1331000,진입,,,"ORB5 고가 1,329,000 돌파 (범위 6.7%)",11.19,2.02,1,273.1,3.78,1,,,,,,
064400#887-S20260527150000,064400,LG씨엔에스,종가베팅,FullAuto,2026-05-27 15:00:00,94200,진입,,,"종가베팅: 등락 +13.6%, 고저범위 99% 위치, VWAP 85,944 위",13.63,9.61,0.993,244.7,3.27,1,,,,,,
009420#888-S20260527150000,009420,한올바이오파마,종가베팅,FullAuto,2026-05-27 15:00:00,70800,진입,,,"종가베팅: 등락 +18.0%, 고저범위 84% 위치, VWAP 68,795 위",18.00,2.91,0.839,271.0,0.79,1,,,,,,
307950#889-S20260527150817,307950,현대오토에버,종가베팅,FullAuto,2026-05-27 15:08:17,721000,차단,매수 가능 수량 0 (투입금/리스크/예수금 확인),,"종가베팅: 등락 +12.0%, 고저범위 85% 위치, VWAP 683,626 위",11.96,5.47,0.854,267.9,1.74,1,747000,757000,,,783000,720000
454910#892-S20260528090525,454910,두산로보틱스,ORB,FullAuto,2026-05-28 09:05:25,108900,진입,,,"ORB5 고가 108,800 돌파 (범위 5.2%)",5.73,2.12,1,399.6,2.07,1,,,,,,
034220#891-S20260528090625,034220,LG디스플레이,ORB,FullAuto,2026-05-28 09:06:25,15650,진입,,,"ORB5 고가 15,630 돌파 (범위 9.9%)",10.76,3.07,1,171.0,1.86,1,,,,,,
006660#890-S20260528091525,006660,삼성공조,ORB,FullAuto,2026-05-28 09:15:25,17170,진입,,,"ORB5 고가 17,060 돌파 (범위 9.0%)",10.63,4.89,1,145.0,3.55,1,,,,,,
009150#900-S20260528150000,009150,삼성전기,종가베팅,FullAuto,2026-05-28 15:00:00,1836000,차단,매수 가능 수량 0 (투입금/리스크/예수금 확인),,"종가베팅: 등락 +9.2%, 고저범위 87% 위치, VWAP 1,724,843 위",9.16,6.44,0.865,240.7,0.94,1,1832000,1851000,,,1858000,1818000
373220#901-S20260528150000,373220,LG에너지솔루션,종가베팅,FullAuto,2026-05-28 15:00:00,439000,진입,,,"종가베팅: 등락 +13.3%, 고저범위 76% 위치, VWAP 431,015 위",13.29,1.85,0.765,284.9,1.92,1,,,,,,
064400#902-S20260529090507,064400,LG씨엔에스,ORB,FullAuto,2026-05-29 09:05:07,100900,진입,,,"ORB5 고가 100,800 돌파 (범위 6.4%)",15.18,3.40,1,195.7,1.50,1,,,,,,
003550#905-S20260529091130,003550,LG,ORB,FullAuto,2026-05-29 09:11:30,126000,진입,,,"ORB5 고가 125,600 돌파 (범위 3.8%)",6.87,1.74,1,181.2,2.39,1,,,,,,
005380#903-S20260529091422,005380,현대차,ORB,FullAuto,2026-05-29 09:14:22,721000,진입,,,"ORB5 고가 720,000 돌파 (범위 2.7%)",6.66,0.81,1,363.7,3.64,1,,,,,,
034220#912-S20260529150000,034220,LG디스플레이,종가베팅,FullAuto,2026-05-29 15:00:00,16160,진입,,,"종가베팅: 등락 +12.1%, 고저범위 77% 위치, VWAP 15,884 위",12.07,1.74,0.768,193.5,1.70,1,,,,,,
051910#913-S20260529150217,051910,LG화학,종가베팅,FullAuto,2026-05-29 15:02:17,364000,진입,,,"종가베팅: 등락 +6.3%, 고저범위 75% 위치, VWAP 355,062 위",6.28,2.52,0.754,506.8,2.22,1,,,,,,
011790#914-S20260601090520,011790,SKC,ORB,FullAuto,2026-06-01 09:05:20,160600,진입,,,"ORB5 고가 160,300 돌파 (범위 7.2%)",14.06,2.39,1,684.2,1.80,1,,,,,,
011070#916-S20260601090922,011070,LG이노텍,ORB,FullAuto,2026-06-01 09:09:22,1704000,차단,매수 가능 수량 0 (투입금/리스크/예수금 확인),,"ORB5 고가 1,703,000 돌파 (범위 6.8%)",15.60,1.90,1,172.7,2.82,1,1723000,1692000,1643000,1584000,1814000,1490000
005930#921-S20260601150000,005930,삼성전자,종가베팅,FullAuto,2026-06-01 15:00:00,350000,진입,,,"종가베팅: 등락 +9.9%, 고저범위 98% 위치, VWAP 340,080 위",9.89,2.92,0.984,1023.2,5.07,1,,,,,,
278470#920-S20260601150000,278470,에이피알,종가베팅,FullAuto,2026-06-01 15:00:00,426500,진입,,,"종가베팅: 등락 +8.1%, 고저범위 92% 위치, VWAP 417,777 위",8.11,2.09,0.917,589.0,0.29,1,,,,,,
034220#922-S20260602090507,034220,LG디스플레이,ORB,FullAuto,2026-06-02 09:05:07,16980,진입,,,"ORB5 고가 16,970 돌파 (범위 6.1%)",7.47,2.52,1,120.0,1.10,1,,,,,,
373220#923-S20260602090517,373220,LG에너지솔루션,ORB,FullAuto,2026-06-02 09:05:17,484500,진입,,,"ORB5 고가 484,000 돌파 (범위 8.2%)",6.48,2.30,1,326.2,2.11,1,,,,,,
028260#929-S20260602150000,028260,삼성물산,종가베팅,FullAuto,2026-06-02 15:00:00,478000,진입,,,"종가베팅: 등락 +4.0%, 고저범위 81% 위치, VWAP 460,588 위",4.03,3.78,0.813,395.8,0.80,1,,,,,,
032830#931-S20260602150000,032830,삼성생명,종가베팅,FullAuto,2026-06-02 15:00:00,446500,진입,,,"종가베팅: 등락 +8.8%, 고저범위 89% 위치, VWAP 430,428 위",8.77,3.73,0.894,320.4,1.97,1,,,,,,
011790#932-S20260604090525,011790,SKC,ORB,FullAuto,2026-06-04 09:05:25,156400,진입,,,"ORB5 고가 156,000 돌파 (범위 7.0%)",11.32,3.30,1,99.8,2.86,1,,,,,,
403870#933-S20260604090727,403870,HPSP,ORB,FullAuto,2026-06-04 09:07:27,46200,진입,,,"ORB5 고가 46,150 돌파 (범위 5.5%)",4.64,2.15,1,173.6,1.31,1,,,,,,
347850#939-S20260604150000,347850,디앤디파마텍,종가베팅,FullAuto,2026-06-04 15:00:00,92600,진입,,,"종가베팅: 등락 +10.1%, 고저범위 79% 위치, VWAP 90,282 위",10.11,2.57,0.786,520.2,0.63,1,,,,,,
402340#942-S20260604150217,402340,SK스퀘어,종가베팅,FullAuto,2026-06-04 15:02:17,1368000,차단,매수 가능 수량 0 (투입금/리스크/예수금 확인),,"종가베팅: 등락 +3.7%, 고저범위 76% 위치, VWAP 1,354,811 위",3.71,0.97,0.758,422.3,1.17,1,1367000,1370000,,,1371000,1361000
079550#943-S20260604150817,079550,LIG디펜스앤에어로스페이스,종가베팅,FullAuto,2026-06-04 15:08:17,745000,차단,매수 가능 수량 0 (투입금/리스크/예수금 확인),,"종가베팅: 등락 +3.0%, 고저범위 93% 위치, VWAP 716,084 위",3.04,4.04,0.926,600.5,1.15,1,749000,732000,,,749000,729000
489790#944-S20260604151017,489790,한화비전,종가베팅,FullAuto,2026-06-04 15:10:17,79500,진입,,,"종가베팅: 등락 +18.7%, 고저범위 85% 위치, VWAP 77,097 위",18.66,3.12,0.848,207.0,0.90,1,,,,,,
105560#945-S20260605090927,105560,KB금융,ORB,FullAuto,2026-06-05 09:09:27,172400,진입,,,"ORB5 고가 172,200 돌파 (범위 3.0%)",4.48,1.40,1,178.0,1.82,1,,,,,,
055550#947-S20260605091027,055550,신한지주,ORB,FullAuto,2026-06-05 09:10:27,106700,진입,,,"ORB5 고가 106,500 돌파 (범위 3.9%)",6.59,1.78,1,308.7,1.72,1,,,,,,
178320#952-S20260605150117,178320,서진시스템,종가베팅,FullAuto,2026-06-05 15:01:17,71400,진입,,,"종가베팅: 등락 +3.2%, 고저범위 87% 위치, VWAP 67,526 위",3.18,5.74,0.871,300,1.07,1,,,,,,
005380#953-S20260605150917,005380,현대차,종가베팅,FullAuto,2026-06-05 15:09:17,703000,차단,매수 가능 수량 0 (투입금/리스크/예수금 확인),,"종가베팅: 등락 +3.5%, 고저범위 82% 위치, VWAP 675,966 위",3.53,4.00,0.815,684.7,1.92,1,696000,697000,,,702000,694000
032640#960-S20260608150817,032640,LG유플러스,종가베팅,FullAuto,2026-06-08 15:08:17,15870,진입,,,"종가베팅: 등락 +4.8%, 고저범위 80% 위치, VWAP 15,524 위",4.75,2.23,0.798,373.8,2.21,1,,,,,,
024060#961-S20260608150817,024060,흥구석유,종가베팅,FullAuto,2026-06-08 15:08:17,12740,진입,,,"종가베팅: 등락 +6.6%, 고저범위 79% 위치, VWAP 12,285 위",6.61,3.70,0.792,143.9,12.79,1,,,,,,
009150#962-S20260609091130,009150,삼성전기,ORB,FullAuto,2026-06-09 09:11:30,1872000,차단,매수 가능 수량 0 (투입금/리스크/예수금 확인),,"ORB5 고가 1,870,000 돌파 (범위 6.9%)",11.03,2.89,1,178.5,2.22,1,1820000,1824000,1819000,1735000,1872000,1735000
000660#967-S20260609150000,000660,SK하이닉스,종가베팅,FullAuto,2026-06-09 15:00:00,2206000,차단,매수 가능 수량 0 (투입금/리스크/예수금 확인),,"종가베팅: 등락 +11.5%, 고저범위 91% 위치, VWAP 2,098,174 위",11.53,5.14,0.912,225.9,0.91,1,2201000,2212000,,,2220000,2193000
028260#970-S20260609150000,028260,삼성물산,종가베팅,FullAuto,2026-06-09 15:00:00,432000,진입,,,"종가베팅: 등락 +5.9%, 고저범위 86% 위치, VWAP 415,114 위",5.88,4.07,0.855,295.8,0.83,1,,,,,,
000270#971-S20260609150617,000270,기아,종가베팅,FullAuto,2026-06-09 15:06:17,165800,진입,,,"종가베팅: 등락 +9.2%, 고저범위 88% 위치, VWAP 162,900 위",9.15,1.78,0.883,307.3,1.76,1,,,,,,
319660#974-S20260610090620,319660,피에스케이,ORB,FullAuto,2026-06-10 09:06:20,147900,진입,,,"ORB5 고가 147,700 돌파 (범위 8.0%)",6.17,2.82,1,336.2,2.39,1,,,,,,
093370#972-S20260610090630,093370,후성,ORB,FullAuto,2026-06-10 09:06:30,15000,진입,,,"ORB5 고가 14,970 돌파 (범위 5.9%)",10.95,2.04,1,194.4,1.74,1,,,,,,
093370#980-S20260610150000,093370,후성,종가베팅,FullAuto,2026-06-10 15:00:00,16100,진입,,,"종가베팅: 등락 +19.1%, 고저범위 80% 위치, VWAP 15,677 위",19.08,2.70,0.801,185.8,0.54,1,,,,,,
047810#981-S20260610150125,047810,한국항공우주,종가베팅,FullAuto,2026-06-10 15:01:25,136400,진입,,,"종가베팅: 등락 +6.4%, 고저범위 79% 위치, VWAP 135,133 위",6.40,0.94,0.794,397.5,1.79,1,,,,,,
402340#988-S20260611150000,402340,SK스퀘어,종가베팅,FullAuto,2026-06-11 15:00:00,1216000,차단,매수 가능 수량 0 (투입금/리스크/예수금 확인),,"종가베팅: 등락 +5.2%, 고저범위 89% 위치, VWAP 1,181,743 위",5.19,2.90,0.887,291.0,1.10,1,1212000,1227000,,,1233000,1209000
319400#987-S20260611150000,319400,현대무벡스,종가베팅,FullAuto,2026-06-11 15:00:00,41100,진입,,,"종가베팅: 등락 +16.1%, 고저범위 99% 위치, VWAP 38,195 위",16.10,7.60,0.994,359.7,1.94,1,,,,,,
001740#989-S20260612090510,001740,SK네트웍스,ORB,FullAuto,2026-06-12 09:05:10,12850,진입,,,"ORB5 고가 12,830 돌파 (범위 8.6%)",10.11,4.10,1,98.1,0.95,1,,,,,,
240810#990-S20260612100027,240810,원익IPS,ORB,FullAuto,2026-06-12 10:00:27,163300,진입,,,"ORB5 고가 163,100 돌파 (범위 5.2%)",15.82,4.42,1,142.9,2.60,1,,,,,,
093370#994-S20260615090520,093370,후성,ORB,FullAuto,2026-06-15 09:05:20,20100,진입,,,"ORB5 고가 19,990 돌파 (범위 5.5%)",5.73,2.66,1,144.7,1.81,1,,,,,,
009150#996-S20260615090527,009150,삼성전기,ORB,FullAuto,2026-06-15 09:05:27,1915000,차단,매수 가능 수량 0 (투입금/리스크/예수금 확인),,"ORB5 고가 1,912,000 돌파 (범위 4.2%)",9.62,1.61,1,235.5,1.63,1,1916000,1933000,1926000,1938000,1975000,1884000
089030#995-S20260615090630,089030,테크윙,ORB,FullAuto,2026-06-15 09:06:30,71000,진입,,,"ORB5 고가 70,700 돌파 (범위 6.2%)",8.73,2.94,1,140.5,1.33,1,,,,,,
042700#997-S20260615091227,042700,한미반도체,ORB,FullAuto,2026-06-15 09:12:27,367000,진입,,,"ORB5 고가 366,000 돌파 (범위 4.3%)",7.62,2.22,1,420.2,2.54,1,,,,,,
042660#1003-S20260615150000,042660,한화오션,종가베팅,FullAuto,2026-06-15 15:00:00,122500,진입,,,"종가베팅: 등락 +8.2%, 고저범위 86% 위치, VWAP 120,179 위",8.22,1.93,0.859,584.3,1.47,1,,,,,,
009150#1004-S20260615150117,009150,삼성전기,종가베팅,FullAuto,2026-06-15 15:01:17,1967000,차단,매수 가능 수량 0 (투입금/리스크/예수금 확인),,"종가베팅: 등락 +12.6%, 고저범위 94% 위치, VWAP 1,932,777 위",12.59,1.77,0.943,373.5,1.84,1,1982500,1991000,,,1993000,1968000
329180#1005-S20260615150417,329180,HD현대중공업,종가베팅,FullAuto,2026-06-15 15:04:17,710000,차단,매수 가능 수량 0 (투입금/리스크/예수금 확인),,"종가베팅: 등락 +9.2%, 고저범위 81% 위치, VWAP 705,685 위",9.23,0.61,0.812,569.9,1.48,1,714000,709000,,,714000,708000
079550#1006-S20260615150600,079550,LIG디펜스앤에어로스페이스,종가베팅,FullAuto,2026-06-15 15:06:00,851000,차단,매수 가능 수량 0 (투입금/리스크/예수금 확인),,"종가베팅: 등락 +9.9%, 고저범위 89% 위치, VWAP 833,919 위",9.95,2.05,0.888,408.5,0.59,1,852000,849000,,,854000,847000
267260#1007-S20260615150800,267260,HD현대일렉트릭,종가베팅,FullAuto,2026-06-15 15:08:00,1175000,차단,매수 가능 수량 0 (투입금/리스크/예수금 확인),,"종가베팅: 등락 +9.4%, 고저범위 81% 위치, VWAP 1,158,140 위",9.40,1.46,0.814,336.2,0.70,1,1178000,1176000,,,1183000,1174000
079550#1008-S20260616090627,079550,LIG디펜스앤에어로스페이스,ORB,FullAuto,2026-06-16 09:06:27,988000,진입,,,"ORB5 고가 987,000 돌파 (범위 5.4%)",16.10,2.22,1,185.1,1.83,1,,,,,,
105560#1009-S20260616090720,105560,KB금융,ORB,FullAuto,2026-06-16 09:07:20,178100,진입,,,"ORB5 고가 177,800 돌파 (범위 5.0%)",4.89,1.67,1,253.9,2.14,1,,,,,,
204320#1016-S20260616150000,204320,HL만도,종가베팅,FullAuto,2026-06-16 15:00:00,76200,진입,,,"종가베팅: 등락 +7.9%, 고저범위 82% 위치, VWAP 74,211 위",7.93,2.68,0.821,267.7,2.31,1,,,,,,
240810#1019-S20260617090507,240810,원익IPS,ORB,FullAuto,2026-06-17 09:05:07,169400,진입,,,"ORB5 고가 169,000 돌파 (범위 6.2%)",8.52,2.07,1,114.1,1.31,1,,,,,,
403870#1018-S20260617091127,403870,HPSP,ORB,FullAuto,2026-06-17 09:11:27,69900,진입,,,"ORB5 고가 69,800 돌파 (범위 6.7%)",5.43,1.85,1,226.9,2.03,1,,,,,,
000660#1028-S20260617150100,000660,SK하이닉스,종가베팅,FullAuto,2026-06-17 15:01:00,2509000,차단,매수 가능 수량 0 (투입금/리스크/예수금 확인),,"종가베팅: 등락 +3.8%, 고저범위 96% 위치, VWAP 2,435,387 위",3.76,3.02,0.957,236.8,1.19,1,2513000,2512000,,,2523000,2501000
006340#1029-S20260618090520,006340,대원전선,ORB,FullAuto,2026-06-18 09:05:20,13950,진입,,,"ORB5 고가 13,940 돌파 (범위 9.1%)",13.14,3.31,1,164.6,1.99,1,,,,,,
005930#1036-S20260618150000,005930,삼성전자,종가베팅,FullAuto,2026-06-18 15:00:00,358250,진입,,,"종가베팅: 등락 +4.4%, 고저범위 95% 위치, VWAP 351,555 위",4.45,1.90,0.948,522.9,0.48,2,,,,,,
032830#1037-S20260618150000,032830,삼성생명,종가베팅,FullAuto,2026-06-18 15:00:00,469500,진입,,,"종가베팅: 등락 +6.0%, 고저범위 98% 위치, VWAP 460,502 위",5.98,1.95,0.981,344.9,1.41,1,,,,,,
009150#1039-S20260619090622,009150,삼성전기,ORB,FullAuto,2026-06-19 09:06:22,2325000,차단,매수 가능 수량 0 (투입금/리스크/예수금 확인),,"ORB5 고가 2,320,000 돌파 (범위 2.4%)",5.44,1.00,1,172.6,1.74,1,2332000,2303000,2325000,2389000,2385000,2255500
402340#1040-S20260619093317,402340,SK스퀘어,ORB,FullAuto,2026-06-19 09:33:17,1842000,차단,매수 가능 수량 0 (투입금/리스크/예수금 확인),,"ORB5 고가 1,840,000 돌파 (범위 2.1%)",6.23,1.15,1,182.1,4.80,1,1866000,1866000,1836000,1832000,1891000,1823000
001820#1043-S20260622090627,001820,삼화콘덴서,ORB,FullAuto,2026-06-22 09:06:27,181400,진입,,,"ORB5 고가 181,300 돌파 (범위 6.9%)",5.77,2.10,1,240.3,1.79,1,,,,,,
080220#1048-S20260622150000,080220,제주반도체,종가베팅,FullAuto,2026-06-22 15:00:00,132400,진입,,,"종가베팅: 등락 +15.8%, 고저범위 79% 위치, VWAP 129,391 위",15.84,2.33,0.795,191.8,1.26,1,,,,,,
000990#1049-S20260622150000,000990,DB하이텍,종가베팅,FullAuto,2026-06-22 15:00:00,171400,진입,,,"종가베팅: 등락 +11.7%, 고저범위 98% 위치, VWAP 164,975 위",11.66,3.89,0.980,262.3,1.06,1,,,,,,
298040#1050-S20260623090625,298040,효성중공업,ORB,FullAuto,2026-06-23 09:06:25,4126000,차단,매수 가능 수량 0 (투입금/리스크/예수금 확인),,"ORB5 고가 4,123,000 돌파 (범위 6.9%)",7.56,1.99,1,96.8,1.35,1,4049000,3961000,3940000,3963000,4169000,3914000
026940#1055-S20260624090622,026940,부국철강,ORB,FullAuto,2026-06-24 09:06:22,4225,진입,,,"ORB5 고가 4,200 돌파 (범위 7.1%)",12.52,3.92,1,132.2,3.79,1,,,,,,
080220#1056-S20260624091430,080220,제주반도체,ORB,FullAuto,2026-06-24 09:14:30,120000,진입,,,"ORB5 고가 119,800 돌파 (범위 4.6%)",8.30,2.05,1,211.2,2.45,1,,,,,,
207940#1061-S20260624150000,207940,삼성바이오로직스,종가베팅,FullAuto,2026-06-24 15:00:00,1390000,차단,매수 가능 수량 0 (투입금/리스크/예수금 확인),,"종가베팅: 등락 +9.5%, 고저범위 99% 위치, VWAP 1,341,234 위",9.54,3.64,0.992,391.2,2.06,1,1386000,1392000,,,1396000,1383000
141080#1060-S20260624150000,141080,리가켐바이오,종가베팅,FullAuto,2026-06-24 15:00:00,153300,진입,,,"종가베팅: 등락 +12.6%, 고저범위 92% 위치, VWAP 149,151 위",12.64,2.78,0.917,295.6,1.04,1,,,,,,
034730#1062-S20260625090527,034730,SK,ORB,FullAuto,2026-06-25 09:05:27,841000,진입,,,"ORB5 고가 840,000 돌파 (범위 9.4%)",17.62,3.10,1,172.0,1.20,1,,,,,,
037710#1063-S20260625093627,037710,광주신세계,ORB,FullAuto,2026-06-25 09:36:27,48650,진입,,,"ORB5 고가 48,500 돌파 (범위 6.8%)",9.33,5.85,1,167.4,6.05,1,,,,,,
000660#1070-S20260625150717,000660,SK하이닉스,종가베팅,FullAuto,2026-06-25 15:07:17,2966000,차단,매수 가능 수량 0 (투입금/리스크/예수금 확인),,"종가베팅: 등락 +11.8%, 고저범위 91% 위치, VWAP 2,867,451 위",11.80,3.44,0.912,209.0,1.65,1,2962000,2938000,,,2973000,2927000
005930#1071-S20260625150920,005930,삼성전자,종가베팅,FullAuto,2026-06-25 15:09:20,360000,진입,,,"종가베팅: 등락 +6.0%, 고저범위 76% 위치, VWAP 358,212 위",6.04,0.50,0.762,452.2,2.84,1,,,,,,
037710#1072-S20260626090625,037710,광주신세계,ORB,FullAuto,2026-06-26 09:06:25,46400,진입,,,"ORB5 고가 46,350 돌파 (범위 5.8%)",9.56,1.89,1,149.7,2.30,1,,,,,,
009150#1074-S20260626090715,009150,삼성전기,ORB,FullAuto,2026-06-26 09:07:15,2145000,차단,매수 가능 수량 0 (투입금/리스크/예수금 확인),,"ORB5 고가 2,143,000 돌파 (범위 7.6%)",7.25,1.93,1,174.9,1.72,1,2129000,2085000,2020000,2012000,2149000,2006000
475150#1080-S20260629090505,475150,SK이터닉스,ORB,FullAuto,2026-06-29 09:05:05,48300,진입,,,"ORB5 고가 48,200 돌파 (범위 8.1%)",11.81,4.41,1,208.8,1.07,1,,,,,,
141080#1081-S20260629090505,141080,리가켐바이오,ORB,FullAuto,2026-06-29 09:05:05,157900,진입,,,"ORB5 고가 157,700 돌파 (범위 4.6%)",10.27,1.88,1,109.2,1.11,1,,,,,,
214450#1082-S20260629095130,214450,파마리서치,ORB,FullAuto,2026-06-29 09:51:30,353000,진입,,,"ORB5 고가 352,500 돌파 (범위 5.5%)",9.29,1.81,1,290.5,8.40,1,,,,,,
298040#1087-S20260629150000,298040,효성중공업,종가베팅,FullAuto,2026-06-29 15:00:00,3306000,차단,매수 가능 수량 0 (투입금/리스크/예수금 확인),,"종가베팅: 등락 +6.0%, 고저범위 95% 위치, VWAP 3,224,786 위",6.00,2.52,0.951,536.0,3.52,1,3275000,3262000,,,3309000,3251000
207940#1086-S20260629150000,207940,삼성바이오로직스,종가베팅,FullAuto,2026-06-29 15:00:00,1451000,차단,매수 가능 수량 0 (투입금/리스크/예수금 확인),,"종가베팅: 등락 +8.6%, 고저범위 98% 위치, VWAP 1,411,063 위",8.61,2.83,0.981,621.2,0.88,1,1450000,1448000,,,1456000,1443000
373220#1088-S20260629151400,373220,LG에너지솔루션,종가베팅,FullAuto,2026-06-29 15:14:00,396000,진입,,,"종가베팅: 등락 +19.3%, 고저범위 98% 위치, VWAP 379,205 위",19.28,4.43,0.976,362.4,0.66,1,,,,,,
240810#1089-S20260630090730,240810,원익IPS,ORB,FullAuto,2026-06-30 09:07:30,174300,진입,,,"ORB5 고가 174,200 돌파 (범위 6.2%)",9.62,2.08,1,166.5,1.84,1,,,,,,
402340#1095-S20260630150000,402340,SK스퀘어,종가베팅,FullAuto,2026-06-30 15:00:00,1740000,차단,매수 가능 수량 0 (투입금/리스크/예수금 확인),,"종가베팅: 등락 +6.6%, 고저범위 90% 위치, VWAP 1,659,654 위",6.62,4.84,0.897,238.0,0.63,1,1740000,1744000,,,1750000,1712000
214450#1094-S20260630150000,214450,파마리서치,종가베팅,FullAuto,2026-06-30 15:00:00,366000,진입,,,"종가베팅: 등락 +3.5%, 고저범위 91% 위치, VWAP 363,052 위",3.54,0.81,0.913,469.5,0.60,1,,,,,,
012450#1101-S20260701150817,012450,한화에어로스페이스,종가베팅,FullAuto,2026-07-01 15:08:17,1083000,차단,매수 가능 수량 0 (투입금/리스크/예수금 확인),,"종가베팅: 등락 +9.3%, 고저범위 76% 위치, VWAP 1,071,607 위",9.28,1.06,0.758,461.7,1.80,1,1086000,1090000,,,1090000,1082000
037710#1102-S20260702090520,037710,광주신세계,ORB,FullAuto,2026-07-02 09:05:20,49950,진입,,,"ORB5 고가 49,700 돌파 (범위 9.8%)",14.17,2.93,1,307.1,2.53,1,,,,,,
003230#1104-S20260702090930,003230,삼양식품,ORB,FullAuto,2026-07-02 09:09:30,1218000,진입,,,"ORB5 고가 1,217,000 돌파 (범위 4.7%)",4.82,1.25,1,331.2,1.23,1,,,,,,
403870#1109-S20260703090507,403870,HPSP,ORB,FullAuto,2026-07-03 09:05:07,46250,진입,,,"ORB5 고가 46,200 돌파 (범위 5.4%)",5.84,1.92,1,162.0,1.20,1,,,,,,
095500#1112-S20260703100830,095500,미래나노텍,ORB,FullAuto,2026-07-03 10:08:30,7940,진입,,,"ORB5 고가 7,900 돌파 (범위 3.7%)",10.89,4.36,1,233.4,6.94,1,,,,,,
055550#1113-S20260703150000,055550,신한지주,종가베팅,FullAuto,2026-07-03 15:00:00,107500,진입,,,"종가베팅: 등락 +4.1%, 고저범위 90% 위치, VWAP 106,306 위",4.07,1.12,0.898,364.3,0.41,1,,,,,,
016360#1114-S20260703150000,016360,삼성증권,종가베팅,FullAuto,2026-07-03 15:00:00,118800,진입,,,"종가베팅: 등락 +9.3%, 고저범위 94% 위치, VWAP 114,957 위",9.29,3.34,0.938,232.9,1.34,1,,,,,,
006340#1115-S20260706091712,006340,대원전선,ORB,FullAuto,2026-07-06 09:17:12,13940,진입,,,"ORB5 고가 13,930 돌파 (범위 6.3%)",6.82,2.60,1,143.8,1.40,1,,,,,,
000270#1120-S20260706150000,000270,기아,종가베팅,FullAuto,2026-07-06 15:00:00,160800,진입,,,"종가베팅: 등락 +6.1%, 고저범위 86% 위치, VWAP 158,806 위",6.14,1.26,0.860,494.1,0.30,1,,,,,,
037710#1121-S20260706150000,037710,광주신세계,종가베팅,FullAuto,2026-07-06 15:00:00,45700,진입,,,"종가베팅: 등락 +17.9%, 고저범위 83% 위치, VWAP 43,639 위",17.94,4.72,0.826,167.8,0.46,1,,,,,,
036930#1123-S20260707090525,036930,주성엔지니어링,ORB,FullAuto,2026-07-07 09:05:25,194500,진입,,,"ORB5 고가 194,000 돌파 (범위 9.2%)",7.04,3.26,1,81.9,1.83,1,,,,,,
037070#1122-S20260707091727,037070,파세코,ORB,FullAuto,2026-07-07 09:17:27,9650,진입,,,"ORB5 고가 9,590 돌파 (범위 7.6%)",8.79,4.37,1,124.1,4.99,1,,,,,,
003230#1129-S20260707150000,003230,삼양식품,종가베팅,FullAuto,2026-07-07 15:00:00,1219000,차단,매수 가능 수량 0 (투입금/리스크/예수금 확인),,"종가베팅: 등락 +11.8%, 고저범위 98% 위치, VWAP 1,186,553 위",11.83,2.73,0.979,400.7,1.32,1,1221000,1220000,,,1224000,1207000
096770#1130-S20260707150000,096770,SK이노베이션,종가베팅,FullAuto,2026-07-07 15:00:00,103300,진입,,,"종가베팅: 등락 +6.9%, 고저범위 92% 위치, VWAP 100,398 위",6.94,2.89,0.920,260.2,0.90,1,,,,,,
010950#1135-S20260708150000,010950,S-Oil,종가베팅,FullAuto,2026-07-08 15:00:00,132700,진입,,,"종가베팅: 등락 +5.6%, 고저범위 81% 위치, VWAP 131,507 위",5.57,0.91,0.811,417.8,1.35,1,,,,,,
439090#1136-S20260708150917,439090,마녀공장,종가베팅,FullAuto,2026-07-08 15:09:17,17610,진입,,,"종가베팅: 등락 +5.6%, 고저범위 76% 위치, VWAP 16,902 위",5.64,4.19,0.756,170.3,3.02,1,,,,,,
002990#1139-S20260709090725,002990,금호건설,ORB,FullAuto,2026-07-09 09:07:25,16770,진입,,,"ORB5 고가 16,700 돌파 (범위 7.7%)",19.79,3.71,1,181.6,1.76,1,,,,,,
402340#1137-S20260709090907,402340,SK스퀘어,ORB,FullAuto,2026-07-09 09:09:07,1368000,차단,매수 가능 수량 0 (투입금/리스크/예수금 확인),,"ORB5 고가 1,367,500 돌파 (범위 3.6%)",14.67,1.30,1,164.8,0.42,1,1358000,1378000,1371000,1351000,1385000,1331000
036930#1138-S20260709092427,036930,주성엔지니어링,ORB,FullAuto,2026-07-09 09:24:27,167800,진입,,,"ORB5 고가 167,600 돌파 (범위 3.4%)",4.88,1.95,1,156.8,2.58,1,,,,,,
105560#1143-S20260709150000,105560,KB금융,종가베팅,FullAuto,2026-07-09 15:00:00,175000,진입,,,"종가베팅: 등락 +3.1%, 고저범위 80% 위치, VWAP 172,996 위",3.12,1.16,0.8,348.4,0.84,1,,,,,,
240810#1146-S20260710094327,240810,원익IPS,ORB,FullAuto,2026-07-10 09:43:27,112000,진입,,,"ORB5 고가 111,800 돌파 (범위 3.5%)",6.77,1.88,1,181.4,7.17,1,,,,,,
036930#1148-S20260710095625,036930,주성엔지니어링,ORB,FullAuto,2026-07-10 09:56:25,188900,진입,,,"ORB5 고가 188,700 돌파 (범위 4.2%)",5.89,3.42,1,337.7,3.23,1,,,,,,
006400#1149-S20260710150000,006400,삼성SDI,종가베팅,FullAuto,2026-07-10 15:00:00,441000,진입,,,"종가베팅: 등락 +9.4%, 고저범위 96% 위치, VWAP 430,093 위",9.43,2.54,0.959,609.5,1.41,1,,,,,,
086520#1150-S20260710150000,086520,에코프로,종가베팅,FullAuto,2026-07-10 15:00:00,86400,진입,,,"종가베팅: 등락 +9.0%, 고저범위 89% 위치, VWAP 84,551 위",8.95,2.19,0.889,569.3,2.29,1,,,,,,
087010#1151-S20260713090520,087010,펩트론,ORB,FullAuto,2026-07-13 09:05:20,118900,진입,,,"ORB5 고가 118,700 돌파 (범위 8.9%)",6.54,2.89,1,374.2,1.56,1,,,,,,
066570#1152-S20260713090522,066570,LG전자,ORB,FullAuto,2026-07-13 09:05:22,196300,진입,,,"ORB5 고가 196,200 돌파 (범위 6.4%)",7.44,2.39,1,347.9,1.44,1,,,,,,
024060#1153-S20260713091027,024060,흥구석유,ORB,FullAuto,2026-07-13 09:10:27,11950,진입,,,"ORB5 고가 11,920 돌파 (범위 4.6%)",10.24,2.86,1,129.7,1.71,1,,,,,,
161890#1159-S20260713150000,161890,한국콜마,종가베팅,FullAuto,2026-07-13 15:00:00,116800,진입,,,"종가베팅: 등락 +9.6%, 고저범위 88% 위치, VWAP 114,676 위",9.57,1.85,0.882,213.1,0.67,1,,,,,,
089970#1166-S20260714150000,089970,브이엠,종가베팅,FullAuto,2026-07-14 15:00:00,111600,진입,,,"종가베팅: 등락 +13.1%, 고저범위 99% 위치, VWAP 103,351 위",13.07,7.98,0.988,286.1,0.69,1,,,,,,
376900#1167-S20260714150022,376900,로킷헬스케어,종가베팅,FullAuto,2026-07-14 15:00:22,44900,진입,,,"종가베팅: 등락 +6.4%, 고저범위 75% 위치, VWAP 43,308 위",6.40,3.68,0.75,262.3,0.55,1,,,,,,
403870#1169-S20260715091530,403870,HPSP,ORB,FullAuto,2026-07-15 09:15:30,44450,진입,,,"ORB5 고가 44,400 돌파 (범위 2.4%)",5.83,1.74,1,294.7,2.29,1,,,,,,
240810#1171-S20260715092325,240810,원익IPS,ORB,FullAuto,2026-07-15 09:23:25,138300,진입,,,"ORB5 고가 137,700 돌파 (범위 5.5%)",8.81,3.89,1,281.1,6.06,1,,,,,,
036930#1168-S20260715092327,036930,주성엔지니어링,ORB,FullAuto,2026-07-15 09:23:27,206500,진입,,,"ORB5 고가 205,500 돌파 (범위 3.4%)",7.22,2.45,1,358.6,5.08,1,,,,,,
240810#1175-S20260715150000,240810,원익IPS,종가베팅,FullAuto,2026-07-15 15:00:00,142100,진입,,,"종가베팅: 등락 +11.8%, 고저범위 84% 위치, VWAP 138,920 위",11.80,2.29,0.837,228.4,0.34,1,,,,,,
298040#1176-S20260715150000,298040,효성중공업,종가베팅,FullAuto,2026-07-15 15:00:00,2869000,차단,매수 가능 수량 0 (투입금/리스크/예수금 확인),,"종가베팅: 등락 +5.3%, 고저범위 99% 위치, VWAP 2,808,251 위",5.32,2.16,0.992,451.0,0.88,1,2867000,2868000,,,2880000,2849000
476060#1183-S20260716150000,476060,온코닉테라퓨틱스,종가베팅,FullAuto,2026-07-16 15:00:00,14550,진입,,,"종가베팅: 등락 +5.7%, 고저범위 81% 위치, VWAP 13,952 위",5.66,4.29,0.812,136.2,0.25,1,,,,,,
009540#1185-S20260716151017,009540,HD한국조선해양,종가베팅,FullAuto,2026-07-16 15:10:17,351000,진입,,,"종가베팅: 등락 +5.2%, 고저범위 78% 위치, VWAP 346,123 위",5.25,1.41,0.780,428.4,3.35,1,,,,,,
000810#1186-S20260716151117,000810,삼성화재,종가베팅,FullAuto,2026-07-16 15:11:17,687000,차단,매수 가능 수량 0 (투입금/리스크/예수금 확인),,"종가베팅: 등락 +5.4%, 고저범위 78% 위치, VWAP 683,793 위",5.37,0.47,0.778,497.5,1.37,1,687000,694000,,,694000,685000
024060#1189-S20260720103430,024060,흥구석유,ORB,FullAuto,2026-07-20 10:34:30,13750,진입,,,"ORB5 고가 13,740 돌파 (범위 4.2%)",14.49,3.97,1,164.2,8.59,1,,,,,,
006340#1200-S20260721150000,006340,대원전선,종가베팅,FullAuto,2026-07-21 15:00:00,11880,진입,,,"종가베팅: 등락 +8.6%, 고저범위 82% 위치, VWAP 11,749 위",8.59,1.11,0.815,197.6,0.48,1,,,,,,
440110#1197-S20260721150000,440110,파두,종가베팅,FullAuto,2026-07-21 15:00:00,77900,진입,,,"종가베팅: 등락 +8.8%, 고저범위 96% 위치, VWAP 74,684 위",8.80,4.31,0.961,470.5,1.05,1,,,,,,
240810#1201-S20260722090522,240810,원익IPS,ORB,FullAuto,2026-07-22 09:05:22,127900,진입,,,"ORB5 고가 127,400 돌파 (범위 4.9%)",10.16,2.49,1,282.2,2.34,1,,,,,,
006340#1203-S20260722094425,006340,대원전선,ORB,FullAuto,2026-07-22 09:44:25,12890,진입,,,"ORB5 고가 12,880 돌파 (범위 6.0%)",8.87,2.44,1,173.3,3.95,1,,,,,,
475150#1210-S20260723090522,475150,SK이터닉스,ORB,FullAuto,2026-07-23 09:05:22,68100,진입,,,"ORB5 고가 67,700 돌파 (범위 6.6%)",9.84,3.51,1,200.0,1.38,1,,,,,,
006340#1209-S20260723094315,006340,대원전선,ORB,FullAuto,2026-07-23 09:43:15,13350,진입,,,"ORB5 고가 13,330 돌파 (범위 6.2%)",9.79,2.89,1,157.7,5.59,1,,,,,,
006340#1214-S20260723150000,006340,대원전선,종가베팅,FullAuto,2026-07-23 15:00:00,14070,진입,,,"종가베팅: 등락 +15.7%, 고저범위 96% 위치, VWAP 13,336 위",15.71,5.50,0.956,214.9,0.76,1,,,,,,
329180#1215-S20260723150000,329180,HD현대중공업,종가베팅,FullAuto,2026-07-23 15:00:00,498000,진입,,,"종가베팅: 등락 +7.8%, 고저범위 97% 위치, VWAP 486,175 위",7.79,2.43,0.971,425.3,0.56,1,,,,,,
460930#1218-S20260724090527,460930,현대힘스,ORB,FullAuto,2026-07-24 09:05:27,14910,진입,,,"ORB5 고가 14,900 돌파 (범위 3.3%)",7.97,1.31,1,233.3,2.83,1,,,,,,
460930#1222-S20260724150000,460930,현대힘스,종가베팅,FullAuto,2026-07-24 15:00:00,16110,진입,,,"종가베팅: 등락 +16.7%, 고저범위 78% 위치, VWAP 15,767 위",16.65,2.17,0.779,185.8,0.39,1,,,,,,
138040#1223-S20260724150000,138040,메리츠금융지주,종가베팅,FullAuto,2026-07-24 15:00:00,122600,진입,,,"종가베팅: 등락 +5.1%, 고저범위 95% 위치, VWAP 121,306 위",5.15,1.07,0.951,487.9,1.13,1,,,,,,
108860#1226-S20260727090730,108860,셀바스AI,ORB,FullAuto,2026-07-27 09:07:30,8510,진입,,,"ORB5 고가 8,480 돌파 (범위 7.6%)",23.15,3.12,1,258.8,2.18,1,,,,,,
036930#1225-S20260727091730,036930,주성엔지니어링,ORB,FullAuto,2026-07-27 09:17:30,151300,진입,,,"ORB5 고가 150,800 돌파 (범위 4.0%)",7.30,2.76,1,185.6,6.62,1,,,,,,
036930#1232-S20260727150000,036930,주성엔지니어링,종가베팅,FullAuto,2026-07-27 15:00:00,151000,진입,,,"종가베팅: 등락 +7.1%, 고저범위 80% 위치, VWAP 148,209 위",7.09,1.88,0.8,390.7,0.71,1,,,,,,
240810#1229-S20260727150000,240810,원익IPS,종가베팅,FullAuto,2026-07-27 15:00:00,105000,진입,,,"종가베팅: 등락 +4.5%, 고저범위 89% 위치, VWAP 102,802 위",4.48,2.14,0.895,328.9,0.90,1,,,,,,
332570#1238-S20260728150317,332570,PS일렉트로닉스,종가베팅,FullAuto,2026-07-28 15:03:17,7670,진입,,,"종가베팅: 등락 +5.8%, 고저범위 82% 위치, VWAP 7,516 위",5.79,2.04,0.815,484.7,4.36,1,,,,,,
214450#1239-S20260728150517,214450,파마리서치,종가베팅,FullAuto,2026-07-28 15:05:17,384500,진입,,,"종가베팅: 등락 +3.2%, 고저범위 100% 위치, VWAP 373,068 위",3.22,3.06,1,300,1.22,1,,,,,,
058610#1245-S20260729150000,058610,에스피지,종가베팅,FullAuto,2026-07-29 15:00:00,79400,진입,,,"종가베팅: 등락 +18.7%, 고저범위 78% 위치, VWAP 76,788 위",18.68,3.40,0.781,289.3,1.14,1,,,,,,
475150#1246-S20260730091030,475150,SK이터닉스,ORB,FullAuto,2026-07-30 09:10:30,47000,진입,,,"ORB5 고가 46,800 돌파 (범위 8.1%)",8.17,3.43,1,264.3,1.47,1,,,,,,
475150#1253-S20260731090627,475150,SK이터닉스,ORB,FullAuto,2026-07-31 09:06:27,48050,진입,,,"ORB5 고가 47,950 돌파 (범위 7.4%)",14.95,3.68,1,220.3,1.56,1,,,,,,
034020#1260-S20260731150000,034020,두산에너빌리티,종가베팅,FullAuto,2026-07-31 15:00:00,67300,진입,,,"종가베팅: 등락 +10.9%, 고저범위 95% 위치, VWAP 65,836 위",10.87,2.22,0.949,1034.7,0.73,1,,,,,,
086520#1259-S20260731150000,086520,에코프로,종가베팅,FullAuto,2026-07-31 15:00:00,79900,진입,,,"종가베팅: 등락 +12.5%, 고저범위 88% 위치, VWAP 78,229 위",12.54,2.14,0.877,1213.5,2.96,1,,,,,,
108860#1264-S20260803094530,108860,셀바스AI,ORB,FullAuto,2026-08-03 09:45:30,9400,진입,,,"ORB5 고가 9,350 돌파 (범위 7.1%)",8.17,4.79,1,328.0,17.05,1,,,,,,
108860#1267-S20260803150000,108860,셀바스AI,종가베팅,FullAuto,2026-08-03 15:00:00,9750,진입,,,"종가베팅: 등락 +12.2%, 고저범위 96% 위치, VWAP 9,267 위",12.20,5.21,0.957,213.5,3.02,1,,,,,,
214450#1266-S20260803150000,214450,파마리서치,종가베팅,FullAuto,2026-08-03 15:00:00,372000,진입,,,"종가베팅: 등락 +9.6%, 고저범위 76% 위치, VWAP 367,504 위",9.57,1.22,0.763,330.1,0.93,1,,,,,,
006340#1268-S20260804090522,006340,대원전선,ORB,FullAuto,2026-08-04 09:05:22,14870,진입,,,"ORB5 고가 14,820 돌파 (범위 6.2%)",13.42,2.58,1,216.7,2.81,1,,,,,,
108860#1271-S20260804090930,108860,셀바스AI,ORB,FullAuto,2026-08-04 09:09:30,11700,진입,,,"ORB5 고가 11,650 돌파 (범위 6.4%)",20.62,2.80,1,152.8,3.27,1,,,,,,
298040#1276-S20260804150000,298040,효성중공업,종가베팅,FullAuto,2026-08-04 15:00:00,2675000,차단,매수 가능 수량 0 (투입금/리스크/예수금 확인),,"종가베팅: 등락 +9.2%, 고저범위 87% 위치, VWAP 2,611,654 위",9.18,2.43,0.868,323.8,0.42,1,2668000,2660000,,,2677000,2652000
267260#1275-S20260804150000,267260,HD현대일렉트릭,종가베팅,FullAuto,2026-08-04 15:00:00,713000,차단,매수 가능 수량 0 (투입금/리스크/예수금 확인),,"종가베팅: 등락 +8.2%, 고저범위 98% 위치, VWAP 693,600 위",8.19,2.80,0.977,687.3,0.57,1,713000,715000,,,716000,710000
006340#1277-S20260805090512,006340,대원전선,ORB,FullAuto,2026-08-05 09:05:12,15390,진입,,,"ORB5 고가 15,380 돌파 (범위 7.3%)",11.60,3.19,1,110.7,1.58,1,,,,,,
304100#1279-S20260805090727,304100,솔트룩스,ORB,FullAuto,2026-08-05 09:07:27,19890,진입,,,"ORB5 고가 19,870 돌파 (범위 5.2%)",17.00,2.45,1,173.1,2.51,1,,,,,,
439960#1284-S20260805150000,439960,코스모로보틱스,종가베팅,FullAuto,2026-08-05 15:00:00,18890,진입,,,"종가베팅: 등락 +5.1%, 고저범위 89% 위치, VWAP 18,311 위",5.06,3.16,0.888,206.9,2.46,1,,,,,,
036930#1286-S20260805150000,036930,주성엔지니어링,종가베팅,FullAuto,2026-08-05 15:00:00,143900,진입,,,"종가베팅: 등락 +5.8%, 고저범위 80% 위치, VWAP 140,773 위",5.81,2.22,0.802,514.1,0.44,1,,,,,,
476060#1290-S20260806094727,476060,온코닉테라퓨틱스,ORB,FullAuto,2026-08-06 09:47:27,13900,진입,,,"ORB5 고가 13,860 돌파 (범위 3.3%)",8.09,1.67,1,186.0,14.23,1,,,,,,
086520#1291-S20260806150017,086520,에코프로,종가베팅,FullAuto,2026-08-06 15:00:17,84900,진입,,,"종가베팅: 등락 +3.7%, 고저범위 85% 위치, VWAP 83,245 위",3.66,1.99,0.855,839.7,0.67,1,,,,,,
214450#1292-S20260806150317,214450,파마리서치,종가베팅,FullAuto,2026-08-06 15:03:17,396500,진입,,,"종가베팅: 등락 +4.2%, 고저범위 81% 위치, VWAP 392,392 위",4.20,1.05,0.814,403.5,1.29,1,,,,,,
322000#1295-S20260807090510,322000,HD현대에너지솔루션,ORB,FullAuto,2026-08-07 09:05:10,148000,진입,,,"ORB5 고가 147,800 돌파 (범위 6.4%)",10.45,2.69,1,137.9,1.19,1,,,,,,
073240#1293-S20260807090530,073240,금호타이어,ORB,FullAuto,2026-08-07 09:05:30,8300,진입,,,"ORB5 고가 8,280 돌파 (범위 7.3%)",4.80,2.20,1,170.9,1.35,1,,,,,,
096770#1297-S20260807093727,096770,SK이노베이션,ORB,FullAuto,2026-08-07 09:37:27,113800,진입,,,"ORB5 고가 113,700 돌파 (범위 3.7%)",4.88,1.15,1,472.8,6.64,1,,,,,,
012450#1301-S20260807150000,012450,한화에어로스페이스,종가베팅,FullAuto,2026-08-07 15:00:00,1097000,차단,매수 가능 수량 0 (투입금/리스크/예수금 확인),,"종가베팅: 등락 +5.7%, 고저범위 98% 위치, VWAP 1,075,446 위",5.68,2.00,0.982,927.6,1.09,1,1095000,1093000,,,1100000,1087000
003230#1300-S20260807150000,003230,삼양식품,종가베팅,FullAuto,2026-08-07 15:00:00,1309000,차단,매수 가능 수량 0 (투입금/리스크/예수금 확인),,"종가베팅: 등락 +6.5%, 고저범위 99% 위치, VWAP 1,283,554 위",6.51,1.98,0.989,975.2,0.78,1,1312000,1313000,,,1315000,1300000
096770#1302-S20260807151400,096770,SK이노베이션,종가베팅,FullAuto,2026-08-07 15:14:00,119900,진입,,,"종가베팅: 등락 +10.5%, 고저범위 97% 위치, VWAP 115,001 위",10.51,4.26,0.972,386.9,1.15,1,,,,,,
036930#1304-S20260810090625,036930,주성엔지니어링,ORB,FullAuto,2026-08-10 09:06:25,136200,진입,,,"ORB5 고가 136,000 돌파 (범위 6.4%)",6.57,2.26,1,206.4,1.88,1,,,,,,
036930#1311-S20260810150000,036930,주성엔지니어링,종가베팅,FullAuto,2026-08-10 15:00:00,144600,진입,,,"종가베팅: 등락 +13.1%, 고저범위 95% 위치, VWAP 141,013 위",13.15,2.54,0.949,261.7,0.97,1,,,,,,
042660#1310-S20260810150000,042660,한화오션,종가베팅,FullAuto,2026-08-10 15:00:00,93900,진입,,,"종가베팅: 등락 +4.4%, 고저범위 95% 위치, VWAP 92,369 위",4.45,1.66,0.949,510.3,1.15,1,,,,,,
241710#1312-S20260811091415,241710,코스메카코리아,ORB,FullAuto,2026-08-11 09:14:15,109500,진입,,,"ORB5 고가 109,400 돌파 (범위 6.8%)",9.61,2.85,1,124.6,2.64,1,,,,,,
036930#1319-S20260811150000,036930,주성엔지니어링,종가베팅,FullAuto,2026-08-11 15:00:00,162500,진입,,,"종가베팅: 등락 +12.2%, 고저범위 81% 위치, VWAP 158,306 위",12.22,2.65,0.811,207.2,1.65,1,,,,,,
439090#1320-S20260811150000,439090,마녀공장,종가베팅,FullAuto,2026-08-11 15:00:00,19050,진입,,,"종가베팅: 등락 +9.2%, 고저범위 92% 위치, VWAP 18,570 위",9.23,2.58,0.924,191.6,0.56,1,,,,,,
402340#1323-S20260812090510,402340,SK스퀘어,ORB,FullAuto,2026-08-12 09:05:10,998000,진입,,,"ORB5 고가 997,000 돌파 (범위 3.6%)",4.50,1.48,1,262.2,0.96,1,,,,,,
006340#1322-S20260812090530,006340,대원전선,ORB,FullAuto,2026-08-12 09:05:30,15490,진입,,,"ORB5 고가 15,480 돌파 (범위 3.1%)",6.68,1.73,1,380.6,1.50,1,,,,,,
006340#1329-S20260812150000,006340,대원전선,종가베팅,FullAuto,2026-08-12 15:00:00,15980,진입,,,"종가베팅: 등락 +10.1%, 고저범위 91% 위치, VWAP 15,626 위",10.06,2.26,0.906,236.1,1.22,1,,,,,,
028260#1328-S20260812150000,028260,삼성물산,종가베팅,FullAuto,2026-08-12 15:00:00,359500,진입,,,"종가베팅: 등락 +3.9%, 고저범위 86% 위치, VWAP 356,965 위",3.90,0.71,0.862,650.4,0.62,1,,,,,,
001820#1332-S20260813090520,001820,삼화콘덴서,ORB,FullAuto,2026-08-13 09:05:20,96300,진입,,,"ORB5 고가 96,200 돌파 (범위 5.1%)",9.43,2.06,1,210.2,1.95,1,,,,,,
073240#1331-S20260813090520,073240,금호타이어,ORB,FullAuto,2026-08-13 09:05:20,7800,진입,,,"ORB5 고가 7,790 돌파 (범위 5.6%)",5.83,2.12,1,306.8,1.94,1,,,,,,
079550#1338-S20260813150000,079550,LIG디펜스앤에어로스페이스,종가베팅,FullAuto,2026-08-13 15:00:00,821000,차단,매수 가능 수량 0 (투입금/리스크/예수금 확인),,"종가베팅: 등락 +4.6%, 고저범위 98% 위치, VWAP 799,313 위",4.59,2.71,0.976,663.0,2.05,1,820000,823000,,,829000,817000
047810#1337-S20260813150000,047810,한국항공우주,종가베팅,FullAuto,2026-08-13 15:00:00,150400,진입,,,"종가베팅: 등락 +5.5%, 고저범위 95% 위치, VWAP 144,267 위",5.54,4.25,0.952,519.4,1.00,1,,,,,,
257720#1339-S20260814090725,257720,실리콘투,ORB,FullAuto,2026-08-14 09:07:25,43150,진입,,,"ORB5 고가 43,100 돌파 (범위 3.7%)",6.02,1.30,1,314.0,1.58,1,,,,,,
017670#1346-S20260814150000,017670,SK텔레콤,종가베팅,FullAuto,2026-08-14 15:00:00,100600,진입,,,"종가베팅: 등락 +10.1%, 고저범위 98% 위치, VWAP 98,589 위",10.07,2.04,0.977,339.2,1.22,1,,,,,,
000270#1347-S20260814150000,000270,기아,종가베팅,FullAuto,2026-08-14 15:00:00,142300,진입,,,"종가베팅: 등락 +3.8%, 고저범위 100% 위치, VWAP 141,093 위",3.79,0.86,1,670.3,0.46,1,,,,,,
403870#1350-S20260818090527,403870,HPSP,ORB,FullAuto,2026-08-18 09:05:27,42300,진입,,,"ORB5 고가 42,200 돌파 (범위 3.6%)",4.70,1.33,1,325.8,1.73,1,,,,,,
067310#1349-S20260818090627,067310,하나마이크론,ORB,FullAuto,2026-08-18 09:06:27,43150,진입,,,"ORB5 고가 43,000 돌파 (범위 8.2%)",17.90,3.25,1,152.6,1.46,1,,,,,,
002990#1348-S20260818091220,002990,금호건설,ORB,FullAuto,2026-08-18 09:12:20,14980,진입,,,"ORB5 고가 14,930 돌파 (범위 6.7%)",11.79,2.87,1,178.6,4.41,1,,,,,,
006660#1355-S20260819091425,006660,삼성공조,ORB,FullAuto,2026-08-19 09:14:25,16070,진입,,,"ORB5 고가 16,050 돌파 (범위 4.2%)",6.35,2.73,1,133.9,4.56,1,,,,,,
214450#1368-S20260820150000,214450,파마리서치,종가베팅,FullAuto,2026-08-20 15:00:00,414000,진입,,,"종가베팅: 등락 +6.2%, 고저범위 87% 위치, VWAP 408,465 위",6.15,1.36,0.872,568.7,0.81,1,,,,,,
161890#1369-S20260820150000,161890,한국콜마,종가베팅,FullAuto,2026-08-20 15:00:00,137600,진입,,,"종가베팅: 등락 +8.6%, 고저범위 97% 위치, VWAP 133,724 위",8.60,2.90,0.973,491.9,0.87,1,,,,,,
001210#1370-S20260821090827,001210,금호전기,ORB,FullAuto,2026-08-21 09:08:27,8440,진입,,,"ORB5 고가 8,400 돌파 (범위 7.6%)",13.14,3.52,1,148.9,1.70,1,,,,,,
055550#1375-S20260821150000,055550,신한지주,종가베팅,FullAuto,2026-08-21 15:00:00,104200,진입,,,"종가베팅: 등락 +3.5%, 고저범위 88% 위치, VWAP 103,336 위",3.48,0.84,0.881,343.7,1.01,1,,,,,,
086790#1376-S20260821150000,086790,하나금융지주,종가베팅,FullAuto,2026-08-21 15:00:00,129100,진입,,,"종가베팅: 등락 +4.2%, 고저범위 90% 위치, VWAP 127,632 위",4.20,1.15,0.897,890.8,0.98,1,,,,,,
002990#1378-S20260824090520,002990,금호건설,ORB,FullAuto,2026-08-24 09:05:20,15600,진입,,,"ORB5 고가 15,560 돌파 (범위 5.0%)",5.76,1.65,1,154.9,2.98,1,,,,,,
124500#1377-S20260824092130,124500,아이티센글로벌,ORB,FullAuto,2026-08-24 09:21:30,38500,진입,,,"ORB5 고가 38,400 돌파 (범위 9.1%)",15.27,3.65,1,202.1,3.70,1,,,,,,
010170#1383-S20260824150000,010170,대한광통신,종가베팅,FullAuto,2026-08-24 15:00:00,13020,진입,,,"종가베팅: 등락 +7.4%, 고저범위 84% 위치, VWAP 12,811 위",7.43,1.63,0.840,334.9,0.57,1,,,,,,
237690#1384-S20260824150000,237690,에스티팜,종가베팅,FullAuto,2026-08-24 15:00:00,111900,진입,,,"종가베팅: 등락 +11.8%, 고저범위 100% 위치, VWAP 106,242 위",11.79,5.33,1,407.3,0.53,1,,,,,,
034020#1392-S20260825150000,034020,두산에너빌리티,종가베팅,FullAuto,2026-08-25 15:00:00,81200,진입,,,"종가베팅: 등락 +7.3%, 고저범위 98% 위치, VWAP 77,296 위",7.27,5.05,0.977,580.3,1.17,1,,,,,,
078930#1393-S20260825150000,078930,GS,종가베팅,FullAuto,2026-08-25 15:00:00,121800,진입,,,"종가베팅: 등락 +6.2%, 고저범위 84% 위치, VWAP 119,721 위",6.19,1.74,0.839,386.3,1.16,1,,,,,,
037440#1396-S20260826091225,037440,희림,ORB,FullAuto,2026-08-26 09:12:25,4495,진입,,,"ORB5 고가 4,490 돌파 (범위 8.8%)",12.66,3.62,1,191.7,7.91,1,,,,,,
034020#1402-S20260826150000,034020,두산에너빌리티,종가베팅,FullAuto,2026-08-26 15:00:00,85800,진입,,,"종가베팅: 등락 +6.5%, 고저범위 84% 위치, VWAP 84,603 위",6.45,1.41,0.839,545.4,0.79,1,,,,,,
028050#1401-S20260826150000,028050,삼성E&A,종가베팅,FullAuto,2026-08-26 15:00:00,48400,진입,,,"종가베팅: 등락 +5.6%, 고저범위 92% 위치, VWAP 47,568 위",5.56,1.75,0.92,767.7,2.93,1,,,,,,
062040#1405-S20260827090722,062040,산일전기,ORB,FullAuto,2026-08-27 09:07:22,191700,진입,,,"ORB5 고가 191,200 돌파 (범위 2.9%)",7.09,1.39,1,118.9,3.72,1,,,,,,
010170#1403-S20260827091225,010170,대한광통신,ORB,FullAuto,2026-08-27 09:12:25,14700,진입,,,"ORB5 고가 14,670 돌파 (범위 4.8%)",8.89,1.83,1,200.0,3.02,1,,,,,,
267260#1404-S20260827091727,267260,HD현대일렉트릭,ORB,FullAuto,2026-08-27 09:17:27,799000,진입,,,"ORB5 고가 798,000 돌파 (범위 3.6%)",9.60,1.29,1,278.0,3.07,1,,,,,,
086520#1411-S20260827150000,086520,에코프로,종가베팅,FullAuto,2026-08-27 15:00:00,91900,진입,,,"종가베팅: 등락 +6.7%, 고저범위 94% 위치, VWAP 90,156 위",6.74,1.93,0.938,515.9,0.77,1,,,,,,
267260#1412-S20260827150100,267260,HD현대일렉트릭,종가베팅,FullAuto,2026-08-27 15:01:00,818000,차단,매수 가능 수량 0 (투입금/리스크/예수금 확인),,"종가베팅: 등락 +12.2%, 고저범위 100% 위치, VWAP 796,635 위",12.21,2.68,1,1194.2,1.62,1,818000,821000,,,823000,816000
019170#1413-S20260828090720,019170,신풍제약,ORB,FullAuto,2026-08-28 09:07:20,10500,진입,,,"ORB5 고가 10,450 돌파 (범위 8.9%)",18.64,2.46,1,135.6,3.89,1,,,,,,
222800#1416-S20260828091130,222800,심텍,ORB,FullAuto,2026-08-28 09:11:30,134600,진입,,,"ORB5 고가 134,300 돌파 (범위 6.5%)",5.40,2.19,1,200.0,1.71,1,,,,,,
278470#1423-S20260828150000,278470,에이피알,종가베팅,FullAuto,2026-08-28 15:00:00,459500,진입,,,"종가베팅: 등락 +6.2%, 고저범위 87% 위치, VWAP 451,501 위",6.24,1.77,0.873,1096.0,0.54,1,,,,,,
161890#1421-S20260828150000,161890,한국콜마,종가베팅,FullAuto,2026-08-28 15:00:00,160000,진입,,,"종가베팅: 등락 +9.6%, 고저범위 91% 위치, VWAP 156,169 위",9.59,2.45,0.911,433.2,1.27,1,,,,,,
019170#1424-S20260831090527,019170,신풍제약,ORB,FullAuto,2026-08-31 09:05:27,11880,진입,,,"ORB5 고가 11,840 돌파 (범위 8.4%)",19.40,3.56,1,150.1,2.66,1,,,,,,
161000#1425-S20260831090627,161000,애경케미칼,ORB,FullAuto,2026-08-31 09:06:27,11460,진입,,,"ORB5 고가 11,450 돌파 (범위 6.7%)",11.91,2.40,1,139.5,1.53,1,,,,,,
096770#1428-S20260831091427,096770,SK이노베이션,ORB,FullAuto,2026-08-31 09:14:27,120700,진입,,,"ORB5 고가 120,500 돌파 (범위 3.3%)",4.23,1.59,1,205.9,2.59,1,,,,,,
096770#1433-S20260831150000,096770,SK이노베이션,종가베팅,FullAuto,2026-08-31 15:00:00,125500,진입,,,"종가베팅: 등락 +8.4%, 고저범위 82% 위치, VWAP 123,766 위",8.38,1.40,0.822,289.3,0.69,1,,,,,,
066970#1432-S20260831150000,066970,엘앤에프,종가베팅,FullAuto,2026-08-31 15:00:00,145700,진입,,,"종가베팅: 등락 +7.6%, 고저범위 84% 위치, VWAP 143,661 위",7.61,1.42,0.842,377.1,0.63,1,,,,,,
096770#1434-S20260901090520,096770,SK이노베이션,ORB,FullAuto,2026-09-01 09:05:20,133000,진입,,,"ORB5 고가 132,800 돌파 (범위 5.6%)",5.72,2.20,1,204.6,1.98,1,,,,,,
001210#1435-S20260901090702,001210,금호전기,ORB,FullAuto,2026-09-01 09:07:02,13930,진입,,,"ORB5 고가 13,900 돌파 (범위 8.6%)",11.62,3.54,1,112.2,0.79,1,,,,,,
198440#1436-S20260901091422,198440,강동씨앤엘,ORB,FullAuto,2026-09-01 09:14:22,2095,진입,,,"ORB5 고가 2,070 돌파 (범위 5.7%)",20.68,6.34,1,135.0,4.42,1,,,,,,
402340#1443-S20260901150000,402340,SK스퀘어,종가베팅,FullAuto,2026-09-01 15:00:00,1068000,차단,매수 가능 수량 0 (투입금/리스크/예수금 확인),,"종가베팅: 등락 +3.7%, 고저범위 94% 위치, VWAP 1,041,936 위",3.69,2.50,0.935,584.8,1.08,1,1068000,1065000,,,1069000,1061000
028260#1444-S20260901150000,028260,삼성물산,종가베팅,FullAuto,2026-09-01 15:00:00,390500,진입,,,"종가베팅: 등락 +3.7%, 고저범위 95% 위치, VWAP 383,864 위",3.72,1.73,0.955,496.0,1.87,1,,,,,,
096770#1445-S20260901151300,096770,SK이노베이션,종가베팅,FullAuto,2026-09-01 15:13:00,135500,진입,,,"종가베팅: 등락 +7.7%, 고저범위 76% 위치, VWAP 134,872 위",7.71,0.47,0.764,249.5,0.82,1,,,,,,
067290#1448-S20260902090525,067290,JW신약,ORB,FullAuto,2026-09-02 09:05:25,3450,진입,,,"ORB5 고가 3,445 돌파 (범위 3.5%)",15.38,1.43,1,168.6,1.27,1,,,,,,
024060#1446-S20260902090622,024060,흥구석유,ORB,FullAuto,2026-09-02 09:06:22,11830,진입,,,"ORB5 고가 11,820 돌파 (범위 7.6%)",15.87,2.52,1,160.5,1.93,1,,,,,,
039030#1455-S20260902150000,039030,이오테크닉스,종가베팅,FullAuto,2026-09-02 15:00:00,407000,진입,,,"종가베팅: 등락 +5.0%, 고저범위 78% 위치, VWAP 403,142 위",5.03,0.96,0.785,476.0,0.61,1,,,,,,
004310#1458-S20260903090630,004310,현대약품,ORB,FullAuto,2026-09-03 09:06:30,8270,진입,,,"ORB5 고가 8,240 돌파 (범위 6.5%)",9.25,2.60,1,151.9,1.54,1,,,,,,
441270#1457-S20260903091330,441270,파인엠텍,ORB,FullAuto,2026-09-03 09:13:30,8870,진입,,,"ORB5 고가 8,840 돌파 (범위 7.3%)",13.43,3.28,1,178.7,2.43,1,,,,,,
079650#1459-S20260903092425,079650,서산,ORB,FullAuto,2026-09-03 09:24:25,7370,진입,,,"ORB5 고가 7,350 돌파 (범위 8.2%)",8.54,4.65,1,164.1,3.64,1,,,,,,
000810#1464-S20260903150000,000810,삼성화재,종가베팅,FullAuto,2026-09-03 15:00:00,703000,차단,매수 가능 수량 0 (투입금/리스크/예수금 확인),,"종가베팅: 등락 +8.0%, 고저범위 96% 위치, VWAP 687,417 위",7.99,2.27,0.958,604.8,0.97,1,701000,699000,,,704000,697000
005490#1465-S20260903150000,005490,POSCO홀딩스,종가베팅,FullAuto,2026-09-03 15:00:00,343000,진입,,,"종가베팅: 등락 +5.7%, 고저범위 82% 위치, VWAP 340,143 위",5.70,0.84,0.816,862.8,0.50,1,,,,,,
336260#1470-S20260904150217,336260,두산퓨얼셀,종가베팅,FullAuto,2026-09-04 15:02:17,44000.000000000000000000000000,진입,,,"종가베팅: 등락 +13.1%, 고저범위 84% 위치, VWAP 42,278 위",13.11,4.07,0.841,316.7,2.54,1,,,,,,
240810#1471-S20260904150817,240810,원익IPS,종가베팅,FullAuto,2026-09-04 15:08:17,114800,진입,,,"종가베팅: 등락 +9.3%, 고저범위 81% 위치, VWAP 112,661 위",9.33,1.90,0.805,415.1,2.68,1,,,,,,
402340#1473-S20260907091125,402340,SK스퀘어,ORB,FullAuto,2026-09-07 09:11:25,1110000,차단,매수 가능 수량 0 (투입금/리스크/예수금 확인),,"ORB5 고가 1,109,000 돌파 (범위 2.1%)",6.94,0.72,1,372.4,3.07,1,1107000,1113000,1102000,1099000,1114000,1089000
036930#1475-S20260907094727,036930,주성엔지니어링,ORB,FullAuto,2026-09-07 09:47:27,189400,진입,,,"ORB5 고가 189,300 돌파 (범위 3.2%)",6.23,2.01,1,457.7,5.72,1,,,,,,
000720#1479-S20260907150000,000720,현대건설,종가베팅,FullAuto,2026-09-07 15:00:00,126800,진입,,,"종가베팅: 등락 +5.4%, 고저범위 90% 위치, VWAP 123,805 위",5.40,2.42,0.902,343.7,0.37,1,,,,,,
000150#1480-S20260907150000,000150,두산,종가베팅,FullAuto,2026-09-07 15:00:00,1269000,차단,매수 가능 수량 0 (투입금/리스크/예수금 확인),,"종가베팅: 등락 +10.6%, 고저범위 96% 위치, VWAP 1,234,849 위",10.64,2.77,0.961,460.9,0.91,1,1269000,1266000,,,1273000,1260000
047040#1481-S20260907150900,047040,대우건설,종가베팅,FullAuto,2026-09-07 15:09:00,18360,진입,,,"종가베팅: 등락 +9.0%, 고저범위 90% 위치, VWAP 17,695 위",8.96,3.76,0.903,315.3,0.71,1,,,,,,
052690#1482-S20260908090527,052690,한전기술,ORB,FullAuto,2026-09-08 09:05:27,132600,진입,,,"ORB5 고가 132,500 돌파 (범위 3.4%)",4.33,1.12,1,195.6,1.65,1,,,,,,
036930#1483-S20260908090625,036930,주성엔지니어링,ORB,FullAuto,2026-09-08 09:06:25,196500,진입,,,"ORB5 고가 196,400 돌파 (범위 4.0%)",4.97,1.26,1,163.8,2.18,1,,,,,,
010170#1493-S20260909090610,010170,대한광통신,ORB,FullAuto,2026-09-09 09:06:10,15090,진입,,,"ORB5 고가 15,080 돌파 (범위 6.1%)",10.15,1.93,1,193.8,0.81,1,,,,,,
327260#1492-S20260909091422,327260,RF머트리얼즈,ORB,FullAuto,2026-09-09 09:14:22,39450,진입,,,"ORB5 고가 39,300 돌파 (범위 7.7%)",14.35,3.28,1,215.1,2.63,1,,,,,,
373220#1496-S20260909150000,373220,LG에너지솔루션,종가베팅,FullAuto,2026-09-09 15:00:00,370000,진입,,,"종가베팅: 등락 +5.4%, 고저범위 94% 위치, VWAP 360,776 위",5.41,2.56,0.939,1045.1,0.67,1,,,,,,
128940#1498-S20260909150000,128940,한미약품,종가베팅,FullAuto,2026-09-09 15:00:00,493000,진입,,,"종가베팅: 등락 +5.5%, 고저범위 95% 위치, VWAP 480,990 위",5.45,2.50,0.955,530.7,0.33,1,,,,,,
024060#1500-S20260910090520,024060,흥구석유,ORB,FullAuto,2026-09-10 09:05:20,13410,진입,,,"ORB5 고가 13,340 돌파 (범위 4.9%)",10.92,2.31,1,212.3,2.47,1,,,,,,
032940#1499-S20260910092222,032940,원익,ORB,FullAuto,2026-09-10 09:22:22,11190,진입,,,"ORB5 고가 11,160 돌파 (범위 9.4%)",9.71,4.49,1,161.0,7.50,1,,,,,,
000990#1504-S20260910150000,000990,DB하이텍,종가베팅,FullAuto,2026-09-10 15:00:00,118000,진입,,,"종가베팅: 등락 +6.4%, 고저범위 81% 위치, VWAP 115,345 위",6.40,2.30,0.806,430.0,1.08,1,,,,,,
440110#1503-S20260910150000,440110,파두,종가베팅,FullAuto,2026-09-10 15:00:00,79500,진입,,,"종가베팅: 등락 +6.9%, 고저범위 95% 위치, VWAP 74,802 위",6.85,6.28,0.953,428.9,0.53,1,,,,,,
064550#1506-S20260911090830,064550,바이오니아,ORB,FullAuto,2026-09-11 09:08:30,10710,진입,,,"ORB5 고가 10,700 돌파 (범위 6.9%)",16.03,2.26,1,215.9,1.60,1,,,,,,
356680#1507-S20260911094825,356680,엑스게이트,ORB,FullAuto,2026-09-11 09:48:25,13960,진입,,,"ORB5 고가 13,900 돌파 (범위 9.5%)",12.94,4.25,1,155.9,4.60,1,,,,,,
052690#1510-S20260911150000,052690,한전기술,종가베팅,FullAuto,2026-09-11 15:00:00,152400,진입,,,"종가베팅: 등락 +4.6%, 고저범위 82% 위치, VWAP 149,520 위",4.60,1.93,0.825,304.3,0.60,1,,,,,,
488280#1511-S20260911150000,488280,에스투더블유,종가베팅,FullAuto,2026-09-11 15:00:00,14990,진입,,,"종가베팅: 등락 +14.9%, 고저범위 87% 위치, VWAP 14,192 위",14.87,5.63,0.865,204.7,0.41,1,,,,,,
356680#1513-S20260914090515,356680,엑스게이트,ORB,FullAuto,2026-09-14 09:05:15,17800,진입,,,"ORB5 고가 17,760 돌파 (범위 9.4%)",10.83,2.91,1,78.6,1.74,1,,,,,,
093370#1518-S20260914150000,093370,후성,종가베팅,FullAuto,2026-09-14 15:00:00,14130,진입,,,"종가베팅: 등락 +6.2%, 고저범위 94% 위치, VWAP 13,829 위",6.16,2.18,0.944,411.2,0.69,1,,,,,,
316140#1519-S20260914150002,316140,우리금융지주,종가베팅,FullAuto,2026-09-14 15:00:02,36700,진입,,,"종가베팅: 등락 +5.0%, 고저범위 89% 위치, VWAP 36,170 위",5.01,1.47,0.889,468.9,0.84,1,,,,,,
001820#1521-S20260915090520,001820,삼화콘덴서,ORB,FullAuto,2026-09-15 09:05:20,146800,진입,,,"ORB5 고가 146,700 돌파 (범위 6.8%)",6.69,2.28,1,414.7,3.55,1,,,,,,
096770#1523-S20260915090930,096770,SK이노베이션,ORB,FullAuto,2026-09-15 09:09:30,144100,진입,,,"ORB5 고가 144,000 돌파 (범위 3.7%)",7.62,1.22,1,190.0,1.47,1,,,,,,
014950#1520-S20260915091130,014950,삼익제약,ORB,FullAuto,2026-09-15 09:11:30,10790,진입,,,"ORB5 고가 10,700 돌파 (범위 9.2%)",13.82,4.77,1,160.8,3.42,1,,,,,,
373220#1529-S20260915150000,373220,LG에너지솔루션,종가베팅,FullAuto,2026-09-15 15:00:00,368500,진입,,,"종가베팅: 등락 +5.0%, 고저범위 88% 위치, VWAP 362,056 위",4.99,1.78,0.875,433.2,0.99,1,,,,,,
086520#1528-S20260915150000,086520,에코프로,종가베팅,FullAuto,2026-09-15 15:00:00,84600,진입,,,"종가베팅: 등락 +5.4%, 고저범위 87% 위치, VWAP 83,212 위",5.35,1.67,0.870,629.9,0.84,1,,,,,,
069540#1532-S20260916090525,069540,빛과전자,ORB,FullAuto,2026-09-16 09:05:25,4510,진입,,,"ORB5 고가 4,500 돌파 (범위 9.8%)",9.07,3.54,1,235.9,1.29,1,,,,,,
062970#1530-S20260916090627,062970,한국첨단소재,ORB,FullAuto,2026-09-16 09:06:27,3745,진입,,,"ORB5 고가 3,705 돌파 (범위 7.1%)",11.46,4.28,1,116.6,1.83,1,,,,,,
009150#1539-S20260916150000,009150,삼성전기,종가베팅,FullAuto,2026-09-16 15:00:00,1381500,차단,매수 가능 수량 0 (투입금/리스크/예수금 확인),,"종가베팅: 등락 +3.9%, 고저범위 99% 위치, VWAP 1,350,881 위",3.87,2.27,0.994,694.2,0.47,2,1378000,1380000,,,1383000,1375000
000990#1538-S20260916150000,000990,DB하이텍,종가베팅,FullAuto,2026-09-16 15:00:00,124300,진입,,,"종가베팅: 등락 +3.8%, 고저범위 98% 위치, VWAP 120,618 위",3.76,3.05,0.978,489.5,0.72,1,,,,,,
067310#1542-S20260917090522,067310,하나마이크론,ORB,FullAuto,2026-09-17 09:05:22,38400,진입,,,"ORB5 고가 38,300 돌파 (범위 7.7%)",8.02,2.84,1,226.5,2.38,1,,,,,,
005690#1549-S20260918090510,005690,파미셀,ORB,FullAuto,2026-09-18 09:05:10,12810,진입,,,"ORB5 고가 12,800 돌파 (범위 5.8%)",9.77,2.17,1,102.2,0.84,1,,,,,,
010170#1551-S20260918090702,010170,대한광통신,ORB,FullAuto,2026-09-18 09:07:02,17430,진입,,,"ORB5 고가 17,410 돌파 (범위 7.7%)",7.26,2.43,1,138.4,1.25,1,,,,,,
032820#1558-S20260921090515,032820,우리기술,ORB,FullAuto,2026-09-21 09:05:15,14790,진입,,,"ORB5 고가 14,780 돌파 (범위 6.6%)",5.87,2.59,1,140.1,1.51,1,,,,,,
001820#1557-S20260921090627,001820,삼화콘덴서,ORB,FullAuto,2026-09-21 09:06:27,154600,진입,,,"ORB5 고가 154,500 돌파 (범위 5.2%)",7.44,2.23,1,172.0,1.96,1,,,,,,
000990#1562-S20260921150000,000990,DB하이텍,종가베팅,FullAuto,2026-09-21 15:00:00,131800,진입,,,"종가베팅: 등락 +4.6%, 고저범위 93% 위치, VWAP 127,882 위",4.60,3.06,0.93,330.3,0.48,1,,,,,,
028260#1563-S20260921150000,028260,삼성물산,종가베팅,FullAuto,2026-09-21 15:00:00,368000,진입,,,"종가베팅: 등락 +4.2%, 고저범위 94% 위치, VWAP 364,776 위",4.25,0.88,0.939,438.5,1.17,1,,,,,,
222800#1566-S20260922090520,222800,심텍,ORB,FullAuto,2026-09-22 09:05:20,147300,진입,,,"ORB5 고가 147,200 돌파 (범위 6.4%)",11.93,2.48,1,282.5,1.85,1,,,,,,
001820#1564-S20260922090525,001820,삼화콘덴서,ORB,FullAuto,2026-09-22 09:05:25,157100,진입,,,"ORB5 고가 156,800 돌파 (범위 4.5%)",7.38,2.60,1,280.6,1.77,1,,,,,,
353200#1565-S20260922090627,353200,대덕전자,ORB,FullAuto,2026-09-22 09:06:27,116800,진입,,,"ORB5 고가 116,500 돌파 (범위 6.1%)",13.51,2.25,1,165.9,1.39,1,,,,,,
058470#1571-S20260922150000,058470,리노공업,종가베팅,FullAuto,2026-09-22 15:00:00,76200,진입,,,"종가베팅: 등락 +8.2%, 고저범위 89% 위치, VWAP 74,216 위",8.24,2.67,0.894,293.0,1.13,1,,,,,,
093370#1573-S20260923090525,093370,후성,ORB,FullAuto,2026-09-23 09:05:25,14740,진입,,,"ORB5 고가 14,730 돌파 (범위 7.1%)",8.54,2.23,1,208.3,1.71,1,,,,,,
356680#1572-S20260923090530,356680,엑스게이트,ORB,FullAuto,2026-09-23 09:05:30,18900,진입,,,"ORB5 고가 18,830 돌파 (범위 7.6%)",12.90,3.09,1,135.8,1.33,1,,,,,,
240810#1575-S20260923091730,240810,원익IPS,ORB,FullAuto,2026-09-23 09:17:30,140000,진입,,,"ORB5 고가 139,700 돌파 (범위 5.7%)",7.28,2.74,1,280.6,5.45,1,,,,,,
319660#1579-S20260923150000,319660,피에스케이,종가베팅,FullAuto,2026-09-23 15:00:00,144000,진입,,,"종가베팅: 등락 +9.2%, 고저범위 94% 위치, VWAP 140,144 위",9.17,2.75,0.942,341.6,0.98,1,,,,,,
007660#1580-S20260923150030,007660,이수페타시스,종가베팅,FullAuto,2026-09-23 15:00:30,118300,진입,,,"종가베팅: 등락 +4.2%, 고저범위 75% 위치, VWAP 117,722 위",4.23,0.49,0.754,428.3,1.71,1,,,,,,
