거래ID,종목코드,종목명,전략,운용,주문,데이터,신호시각,진입시각,청산시각,보유분,수량,매수평균,매도평균,초기손절,손절거리%,순손익,순수익률%,R,MFE%,MAE%,진입슬리피지%,청산슬리피지%,청산분류,진입근거,청산사유,진입등락률%,VWAP이격%,범위위치,체결강도,ATR%,거래량배수,스프레드틱,장시작후분,손절설정%,익절설정%,트레일링발동%,트레일링거리%,익일보유
005930#1-20260102150000,005930,삼성전자,종가베팅,FullAuto,Paper,Backtest,2026-01-02 15:00:00,2026-01-02 15:00:00,2026-01-05 09:01:00,3961,5,128150,134600,124300,3.004,30708,4.793,1.60,5.033,-0.195,0,0,TakeProfit,"종가베팅: 등락 +6.4%, 고저범위 99% 위치, VWAP 124,518 위",목표 익절 +5%,6.44,2.92,0.994,837.0,0.156,4.04,2,360,3,5,2.5,1.5,True
042700#3-20260105090525,042700,한미반도체,ORB,FullAuto,Paper,Backtest,2026-01-05 09:05:25,2026-01-05 09:05:25,2026-01-05 09:10:30,5.1,8,158500,156100,156200,1.451,-22074,-1.741,-1.20,0.820,-1.514,0,-0.064,StopLoss,"ORB5 고가 158,400 돌파 (범위 3.4%)","손절 (156,200)",8.64,1.55,1,304.6,1.178,1.66,1,5,1.5,4.0,1.5,1.2,False
034020#5-20260105090527,034020,두산에너빌리티,ORB,FullAuto,Paper,Backtest,2026-01-05 09:05:27,2026-01-05 09:05:27,2026-01-05 09:18:30,13,15,80100,80500,78900,1.498,3224,0.268,0.18,1.748,-0.749,0,0,Trailing,"ORB5 고가 80,000 돌파 (범위 5.1%)","트레일링 (80,500)",5.81,1.52,1,485.1,1.103,1.78,1,5,1.5,4.0,1.5,1.2,False
010120#10-20260105150000,010120,LS ELECTRIC,종가베팅,FullAuto,Paper,Backtest,2026-01-05 15:00:00,2026-01-05 15:00:00,2026-01-06 09:03:20,1083.3,6,101500,98300,98500,2.956,-20558,-3.376,-1.14,0.099,-3.153,0,-0.203,StopLoss,"종가베팅: 등락 +3.2%, 고저범위 88% 위치, VWAP 100,357 위","손절 (98,500)",3.15,1.04,0.875,534.7,0.247,1.20,1,360,3,5,2.5,1.5,True
042700#11-20260105150000,042700,한미반도체,종가베팅,FullAuto,Paper,Backtest,2026-01-05 15:00:00,2026-01-05 15:00:00,2026-01-06 09:04:30,1084.5,4,166000,171900,161100,2.952,22026,3.317,1.12,5.120,-0.241,0,-0.058,TakeProfit,"종가베팅: 등락 +13.8%, 고저범위 98% 위치, VWAP 159,782 위",1차 분할 익절 +2% / 목표 익절 +5%,13.78,3.89,0.985,280.6,0.430,2.41,1,360,3,5,2.5,1.5,True
307950#12-20260106090622,307950,현대오토에버,ORB,FullAuto,Paper,Backtest,2026-01-06 09:06:22,2026-01-06 09:06:22,2026-01-06 09:08:27,2.1,3,350500,357333.33,345500,1.427,18039,1.716,1.20,3.281,0,0,-0.140,Trailing,"ORB5 고가 350,000 돌파 (범위 7.2%)","1차 분할 익절 +2.0% / 트레일링 (357,500)",12.34,2.29,1,184.5,2.354,1.97,1,6,1.5,4.0,1.5,1.2,False
042700#20-20260106150000,042700,한미반도체,종가베팅,FullAuto,Paper,Backtest,2026-01-06 15:00:00,2026-01-06 15:00:00,2026-01-07 09:01:00,1081,3,180600,194200,175200,2.990,39467,7.284,2.44,7.586,-0.498,0,-0.051,TakeProfit,"종가베팅: 등락 +3.8%, 고저범위 96% 위치, VWAP 175,492 위",목표 익절 +5%,3.80,2.85,0.964,495.4,0.281,4.47,1,360,3,5,2.5,1.5,True
403870#18-20260106150000,403870,HPSP,종가베팅,FullAuto,Paper,Backtest,2026-01-06 15:00:00,2026-01-06 15:00:00,2026-01-07 09:01:00,1081,16,38350,36250,37200,2.999,-34939,-5.694,-1.90,1.695,-5.476,0,-2.554,StopLoss,"종가베팅: 등락 +9.4%, 고저범위 88% 위치, VWAP 37,003 위","손절 (37,200)",9.43,3.51,0.878,446.2,0.774,0.60,1,360,3,5,2.5,1.5,True
006140#22-20260107090525,006140,피제이전자,ORB,FullAuto,Paper,Backtest,2026-01-07 09:05:25,2026-01-07 09:05:25,2026-01-07 09:07:30,2.1,154,8340,8625,8220,1.439,40845,3.180,2.21,4.436,0,0,-0.116,TakeProfit,"ORB5 고가 8,310 돌파 (범위 7.9%)",1차 분할 익절 +2.0% / 목표 익절 +4.0%,14.56,3.83,1,192.6,3.557,1.24,1,5,1.5,4.0,1.5,1.2,False
012450#29-20260108090622,012450,한화에어로스페이스,ORB,FullAuto,Paper,Backtest,2026-01-08 09:06:22,2026-01-08 09:06:22,2026-01-08 09:09:30,3.1,1,1070000,1073000,1054000,1.495,534,0.050,0.03,1.495,-0.374,0,0,BreakEven,"ORB5 고가 1,068,000 돌파 (범위 4.2%)","본절 (1,073,000)",6.47,1.34,1,310.9,0.958,2.12,1,6,1.5,4.0,1.5,1.2,False
249420#26-20260107150000,249420,일동제약,종가베팅,FullAuto,Paper,Backtest,2026-01-07 15:00:00,2026-01-07 15:00:00,2026-01-08 09:14:30,1094.5,15,42950,42680,41700,2.910,-5521,-0.857,-0.29,2.328,-2.910,0,-0.053,StopLoss,"종가베팅: 등락 +10.4%, 고저범위 97% 위치, VWAP 41,389 위","1차 분할 익절 +2% / 손절 (41,700)",10.41,3.77,0.971,315.8,0.491,1.56,1,360,3,5,2.5,1.5,True
226950#28-20260107150000,226950,올릭스,종가베팅,FullAuto,Paper,Backtest,2026-01-07 15:00:00,2026-01-07 15:00:00,2026-01-08 10:00:00,1140,4,158200,157500,153500,2.971,-4248,-0.671,-0.23,1.770,-0.506,0,-0.063,NextDayDeadline,"종가베팅: 등락 +7.1%, 고저범위 92% 위치, VWAP 155,492 위",익일 청산 시각 10:00,7.11,1.74,0.917,266.9,0.275,0.85,1,360,3,5,2.5,1.5,True
036930#38-20260108150030,036930,주성엔지니어링,종가베팅,FullAuto,Paper,Backtest,2026-01-08 15:00:30,2026-01-08 15:00:30,2026-01-09 09:01:00,1080.5,18,35050,33850,34000,2.996,-23003,-3.646,-1.22,0.143,-3.424,0,-0.441,StopLoss,"종가베팅: 등락 +13.1%, 고저범위 84% 위치, VWAP 34,635 위","손절 (34,000)",13.06,1.20,0.837,353.8,0.255,1.48,1,360,3,5,2.5,1.5,True
234030#39-20260109090527,234030,싸이닉솔루션,ORB,FullAuto,Paper,Backtest,2026-01-09 09:05:27,2026-01-09 09:05:27,2026-01-09 09:10:15,4.8,118,10980,11180,10820,1.457,20572,1.588,1.09,2.732,-0.273,0,-0.045,Trailing,"ORB5 고가 10,970 돌파 (범위 8.6%)","1차 분할 익절 +2.0% / 트레일링 (11,140)",11.36,3.30,1,311.7,2.763,3.14,1,5,1.5,4.0,1.5,1.2,False
103140#41-20260109090627,103140,풍산,ORB,FullAuto,Paper,Backtest,2026-01-09 09:06:27,2026-01-09 09:06:27,2026-01-09 09:13:25,7,5,122700,119200.00,119200,2.852,-18873,-3.076,-1.08,0.244,-2.852,0,0.000,StopLoss,"ORB5 고가 122,500 돌파 (범위 2.7%)","손절 (119,200)",5.96,1.23,1,316.2,1.202,3.50,1,6,1.5,4.0,1.5,1.2,False
347850#37-20260108150000,347850,디앤디파마텍,종가베팅,FullAuto,Paper,Backtest,2026-01-08 15:00:00,2026-01-08 15:00:00,2026-01-09 09:51:27,1131.5,6,108200,104900,105000,2.957,-21249,-3.273,-1.11,1.664,-3.050,0,-0.095,StopLoss,"종가베팅: 등락 +9.3%, 고저범위 91% 위치, VWAP 104,011 위","손절 (105,000)",9.30,3.93,0.91,248.7,0.535,1.21,1,360,3,5,2.5,1.5,True
047810#45-20260109094615,047810,한국항공우주,ORB,FullAuto,Paper,Backtest,2026-01-09 09:46:15,2026-01-09 09:46:15,2026-01-09 09:57:30,11.2,8,148000,148900,145800,1.486,4463,0.377,0.25,1.959,-0.608,0,-0.067,Trailing,"ORB5 고가 147,900 돌파 (범위 4.2%)","트레일링 (149,000)",3.79,1.63,1,356.5,0.352,2.73,1,46,1.5,4.0,1.5,1.2,False
196170#48-20260109150000,196170,알테오젠,종가베팅,FullAuto,Paper,Backtest,2026-01-09 15:00:00,2026-01-09 15:00:00,2026-01-12 09:02:25,3962.4,1,390137,378500,378500,2.983,-12508,-3.206,-1.07,1.246,-2.983,0,0,StopLoss,"종가베팅: 등락 +5.3%, 고저범위 92% 위치, VWAP 380,705 위","손절 (378,500)",5.30,2.48,0.924,273.6,0.425,0.69,2,360,3,5,2.5,1.5,True
000720#52-20260112090625,000720,현대건설,ORB,FullAuto,Paper,Backtest,2026-01-12 09:06:25,2026-01-12 09:06:25,2026-01-12 09:09:30,3.1,15,81500,82666.67,80300,1.472,14654,1.199,0.81,2.209,-0.491,0,-0.121,Trailing,"ORB5 고가 81,200 돌파 (범위 4.2%)","1차 분할 익절 +2.0% / 트레일링 (82,300)",6.96,1.46,1,236.8,0.982,2.01,1,6,1.5,4.0,1.5,1.2,False
034020#51-20260112090620,034020,두산에너빌리티,ORB,FullAuto,Paper,Backtest,2026-01-12 09:06:20,2026-01-12 09:06:20,2026-01-12 09:10:27,4.1,14,89700,88400,88400,1.449,-21048,-1.676,-1.16,0.780,-1.449,0,0,StopLoss,"ORB5 고가 89,600 돌파 (범위 3.0%)","손절 (88,400)",5.78,1.12,1,481.2,0.780,2.78,1,6,1.5,4.0,1.5,1.2,False
011210#49-20260109150000,011210,현대위아,종가베팅,FullAuto,Paper,Backtest,2026-01-09 15:00:00,2026-01-09 15:00:00,2026-01-12 09:24:27,3984.5,7,91100,90271.43,88400,2.964,-7250,-1.137,-0.38,2.305,-3.074,0,-0.111,StopLoss,"종가베팅: 등락 +9.0%, 고저범위 79% 위치, VWAP 87,585 위","1차 분할 익절 +2% / 손절 (88,400)",8.98,3.90,0.793,228.1,1.177,0.44,1,360,3,5,2.5,1.5,True
101490#59-20260113090510,101490,에스앤에스텍,ORB,FullAuto,Paper,Backtest,2026-01-13 09:05:10,2026-01-13 09:05:10,2026-01-13 09:05:30,0.3,18,69700,68500,68700,1.435,-24438,-1.948,-1.36,0.430,-1.722,0,-0.291,StopLoss,"ORB5 고가 69,600 돌파 (범위 8.6%)","손절 (68,700)",12.97,3.63,1,173.0,2.296,1.03,1,5,1.5,4.0,1.5,1.2,False
307950#60-20260113090522,307950,현대오토에버,ORB,FullAuto,Paper,Backtest,2026-01-13 09:05:22,2026-01-13 09:05:22,2026-01-13 09:07:10,1.8,2,503000,518500,496000,1.392,28621,2.845,2.04,4.175,0,0,-0.193,TakeProfit,"ORB5 고가 501,000 돌파 (범위 3.7%)",1차 분할 익절 +2.0% / 목표 익절 +4.0%,9.35,1.78,1,269.6,1.557,2.50,1,5,1.5,4.0,1.5,1.2,False
000720#57-20260112150000,000720,현대건설,종가베팅,FullAuto,Paper,Backtest,2026-01-12 15:00:00,2026-01-12 15:00:00,2026-01-13 10:00:00,1140,7,89900,88500,87300,2.892,-11225,-1.784,-0.62,1.669,-2.781,0,0,NextDayDeadline,"종가베팅: 등락 +18.0%, 고저범위 81% 위치, VWAP 87,350 위",익일 청산 시각 10:00,17.98,2.92,0.811,242.2,0.540,1.14,1,360,3,5,2.5,1.5,True
373220#58-20260112150422,373220,LG에너지솔루션,종가베팅,FullAuto,Paper,Backtest,2026-01-12 15:04:22,2026-01-12 15:04:22,2026-01-13 10:00:00,1135.6,1,376500,392250,365500,2.922,14852,3.945,1.35,4.515,-0.133,0,0,NextDayDeadline,"종가베팅: 등락 +3.6%, 고저범위 82% 위치, VWAP 375,118 위",익일 청산 시각 10:00,3.58,0.37,0.818,715.6,0.275,1.62,1,364,3,5,2.5,1.5,True
042660#66-20260113150000,042660,한화오션,종가베팅,FullAuto,Paper,Backtest,2026-01-13 15:00:00,2026-01-13 15:00:00,2026-01-14 09:04:30,1084.5,4,149400,145000,145000,2.945,-18936,-3.169,-1.08,0.335,-2.945,0,0,StopLoss,"종가베팅: 등락 +3.8%, 고저범위 93% 위치, VWAP 147,698 위","손절 (145,000)",3.82,1.15,0.932,744.5,0.175,0.47,1,360,3,5,2.5,1.5,True
066570#68-20260114090522,066570,LG전자,ORB,FullAuto,Paper,Backtest,2026-01-14 09:05:22,2026-01-14 09:05:22,2026-01-14 09:06:27,1.1,13,96700,95300.00,95300,1.448,-21050,-1.674,-1.16,0.517,-1.448,0,0.000,StopLoss,"ORB5 고가 96,500 돌파 (범위 5.5%)","손절 (95,300)",6.50,1.53,1,401.1,1.379,1.80,1,5,1.5,4.0,1.5,1.2,False
000990#69-20260114090525,000990,DB하이텍,ORB,FullAuto,Paper,Backtest,2026-01-14 09:05:25,2026-01-14 09:05:25,2026-01-14 09:06:30,1.1,15,81200,83706.67,80000,1.478,34720,2.851,1.93,4.187,0,0,-0.119,TakeProfit,"ORB5 고가 81,000 돌파 (범위 5.2%)",1차 분할 익절 +2.0% / 목표 익절 +4.0%,6.28,1.92,1,610.2,1.396,2.23,1,5,1.5,4.0,1.5,1.2,False
042700#67-20260114090627,042700,한미반도체,ORB,FullAuto,Paper,Backtest,2026-01-14 09:06:27,2026-01-14 09:06:27,2026-01-14 09:07:25,1,7,185500,182600,182800,1.456,-23241,-1.790,-1.23,0.216,-1.563,0,-0.109,StopLoss,"ORB5 고가 185,300 돌파 (범위 4.7%)","손절 (182,800)",7.04,1.67,1,199.8,1.550,2.30,1,6,1.5,4.0,1.5,1.2,False
030530#65-20260113150000,030530,원익홀딩스,종가베팅,FullAuto,Paper,Backtest,2026-01-13 15:00:00,2026-01-13 15:00:00,2026-01-14 09:09:25,1089.4,15,43000,41750,41750,2.907,-20191,-3.130,-1.08,1.395,-2.907,0,0,StopLoss,"종가베팅: 등락 +9.6%, 고저범위 95% 위치, VWAP 41,807 위","손절 (41,750)",9.55,2.85,0.947,550.5,0.332,0.75,1,360,3,5,2.5,1.5,True
000270#72-20260114090920,000270,기아,ORB,FullAuto,Paper,Backtest,2026-01-14 09:09:20,2026-01-14 09:09:20,2026-01-14 09:18:25,9.1,9,140800,143966.67,138700,1.491,25526,2.014,1.35,3.906,-0.426,0,-0.185,Trailing,"ORB5 고가 140,600 돌파 (범위 3.2%)","1차 분할 익절 +2.0% / 트레일링 (144,500)",3.61,1.13,1,300,0.893,1.84,1,9,1.5,4.0,1.5,1.2,False
388210#77-20260114150000,388210,씨엠티엑스,종가베팅,FullAuto,Paper,Backtest,2026-01-14 15:00:00,2026-01-14 15:00:00,2026-01-15 09:01:00,1081,5,114800,111000,111400,2.962,-20279,-3.533,-1.19,0.087,-3.310,0,-0.359,StopLoss,"종가베팅: 등락 +13.7%, 고저범위 85% 위치, VWAP 111,605 위","손절 (111,400)",13.68,2.77,0.85,228.1,0.374,0.72,1,360,3,5,2.5,1.5,True
000880#79-20260115090625,000880,한화,ORB,FullAuto,Paper,Backtest,2026-01-15 09:06:25,2026-01-15 09:06:25,2026-01-15 09:10:12,3.8,5,157900,154100,154100,2.407,-20774,-2.631,-1.09,0.760,-2.407,0,0,StopLoss,"ORB5 고가 157,746 돌파 (범위 2.3%)","손절 (154,100)",4.97,1.08,1,170.8,1.238,3.76,1,6,1.5,4.0,1.5,1.2,False
007660#81-20260115090730,007660,이수페타시스,ORB,FullAuto,Paper,Backtest,2026-01-15 09:07:30,2026-01-15 09:07:30,2026-01-15 10:17:27,70,10,121600,119800,119800,1.480,-20757,-1.707,-1.15,1.151,-1.480,0,0,StopLoss,"ORB5 고가 121,400 돌파 (범위 3.5%)","손절 (119,800)",4.56,1.28,1,572.7,1.053,1.98,1,8,1.5,4.0,1.5,1.2,False
000720#85-20260115150000,000720,현대건설,종가베팅,FullAuto,Paper,Backtest,2026-01-15 15:00:00,2026-01-15 15:00:00,2026-01-16 09:05:22,1085.4,6,98900,100600.0,96000,2.932,8816,1.486,0.51,3.236,-0.101,0,-0.149,Trailing,"종가베팅: 등락 +5.1%, 고저범위 98% 위치, VWAP 96,504 위","1차 분할 익절 +2% / 트레일링 (100,500)",5.10,2.48,0.984,449.9,0.238,0.43,1,360,3,5,2.5,1.5,True
200880#89-20260116094420,200880,서연이화,ORB,FullAuto,Paper,Backtest,2026-01-16 09:44:20,2026-01-16 09:44:20,2026-01-16 09:47:27,3.1,79,16300,16599.37,16060,1.472,20640,1.603,1.09,2.945,0,0,-0.091,Trailing,"ORB5 고가 16,290 돌파 (범위 4.5%)","1차 분할 익절 +2.0% / 트레일링 (16,570)",15.60,2.27,1,157.7,0.841,17.87,1,44,1.5,4.0,1.5,1.2,False
005930#86-20260115150000,005930,삼성전자,종가베팅,FullAuto,Paper,Backtest,2026-01-15 15:00:00,2026-01-15 15:00:00,2026-01-16 10:00:00,1140,4,143800,146875,139500,2.990,10953,1.904,0.64,2.573,-0.348,0,-0.068,NextDayDeadline,"종가베팅: 등락 +3.1%, 고저범위 96% 위치, VWAP 141,223 위",1차 분할 익절 +2% / 익일 청산 시각 10:00,3.08,1.82,0.965,600.5,0.154,1.80,1,360,3,5,2.5,1.5,True
032820#96-20260116150000,032820,우리기술,종가베팅,FullAuto,Paper,Backtest,2026-01-16 15:00:00,2026-01-16 15:00:00,2026-01-19 09:03:00,3963,136,4745,5610,4605,2.950,115905,17.961,6.09,18.230,-1.159,0,0,TakeProfit,"종가베팅: 등락 +17.6%, 고저범위 78% 위치, VWAP 4,593 위",목표 익절 +5%,17.60,3.30,0.777,202.2,0.941,0.75,1,360,3,5,2.5,1.5,True
454910#97-20260119090620,454910,두산로보틱스,ORB,FullAuto,Paper,Backtest,2026-01-19 09:06:20,2026-01-19 09:06:20,2026-01-19 09:07:25,1.1,12,100600,100900,99100,1.491,817,0.068,0.05,1.789,0,0,-0.198,Trailing,"ORB5 고가 100,300 돌파 (범위 7.2%)","트레일링 (101,100)",11.28,3.11,1,378.3,2.212,2.46,1,6,1.5,4.0,1.5,1.2,False
005380#98-20260119090520,005380,현대차,ORB,FullAuto,Paper,Backtest,2026-01-19 09:05:20,2026-01-19 09:05:20,2026-01-19 09:08:30,3.2,2,439500,441000,433000,1.479,973,0.111,0.07,1.479,-0.341,0,0,BreakEven,"ORB5 고가 439,000 돌파 (범위 4.6%)","본절 (441,000)",5.65,1.92,1,957.5,1.100,1.77,1,5,1.5,4.0,1.5,1.2,False
456160#99-20260119090720,456160,지투지바이오,ORB,FullAuto,Paper,Backtest,2026-01-19 09:07:20,2026-01-19 09:07:20,2026-01-19 09:09:30,2.2,15,86500,86900,85300,1.387,3004,0.232,0.17,1.734,0,0,0,Trailing,"ORB5 고가 86,300 돌파 (범위 4.6%)","트레일링 (86,900)",4.22,1.76,1,192.7,2.266,5.03,1,7,1.5,4.0,1.5,1.2,False
005380#106-20260119150000,005380,현대차,종가베팅,FullAuto,Paper,Backtest,2026-01-19 15:00:00,2026-01-19 15:00:00,2026-01-20 09:01:30,1081.5,1,476000,490000,462000,2.941,12876,2.705,0.92,4.727,-0.105,0,-0.204,Trailing,"종가베팅: 등락 +14.4%, 고저범위 84% 위치, VWAP 460,332 위","트레일링 (491,000)",14.42,3.40,0.837,353.3,0.270,0.95,1,360,3,5,2.5,1.5,True
454910#105-20260119150000,454910,두산로보틱스,종가베팅,FullAuto,Paper,Backtest,2026-01-19 15:00:00,2026-01-19 15:00:00,2026-01-20 09:03:00,1083,6,107100,123100,103900,2.988,94317,14.677,4.91,14.939,-0.093,0,0,TakeProfit,"종가베팅: 등락 +18.5%, 고저범위 78% 위치, VWAP 106,280 위",목표 익절 +5%,18.47,0.77,0.780,288.6,0.347,0.97,1,360,3,5,2.5,1.5,True
022100#108-20260120090530,022100,포스코DX,ORB,FullAuto,Paper,Backtest,2026-01-20 09:05:30,2026-01-20 09:05:30,2026-01-20 09:06:22,0.9,28,44900,44150.0,44250,1.448,-23845,-1.897,-1.31,0,-1.670,0,-0.226,StopLoss,"ORB5 고가 44,850 돌파 (범위 2.9%)","손절 (44,250)",3.94,1.28,1,255.2,1.819,1.33,1,6,1.5,4.0,1.5,1.2,False
457190#107-20260120090527,457190,이수스페셜티케미컬,ORB,FullAuto,Paper,Backtest,2026-01-20 09:05:27,2026-01-20 09:05:27,2026-01-20 09:06:42,1.2,15,84200,84400,83000,1.425,90,0.007,0.00,1.544,-0.950,0,0,BreakEven,"ORB5 고가 84,000 돌파 (범위 6.3%)","본절 (84,400)",7.67,2.70,1,160.4,3.009,1.82,1,5,1.5,4.0,1.5,1.2,False
032820#115-20260121091125,032820,우리기술,ORB,FullAuto,Paper,Backtest,2026-01-21 09:11:25,2026-01-21 09:11:25,2026-01-21 09:12:25,1,135,9430,9260,9290,1.485,-25827,-2.029,-1.37,0.424,-1.803,0,-0.323,StopLoss,"ORB5 고가 9,420 돌파 (범위 9.7%)","손절 (9,290)",18.17,3.67,1,217.1,2.781,1.79,1,11,1.5,4.0,1.5,1.2,False
257720#117-20260121090630,257720,실리콘투,ORB,FullAuto,Paper,Backtest,2026-01-21 09:06:30,2026-01-21 09:06:30,2026-01-21 09:13:42,7.2,29,45500,46424.14,44850,1.429,23710,1.797,1.26,3.297,-0.989,0,-0.052,Trailing,"ORB5 고가 45,450 돌파 (범위 5.7%)","1차 분할 익절 +2.0% / 트레일링 (46,400)",5.45,1.45,1,272.1,1.676,1.63,1,6,1.5,4.0,1.5,1.2,False
005490#113-20260120150017,005490,POSCO홀딩스,종가베팅,FullAuto,Paper,Backtest,2026-01-20 15:00:17,2026-01-20 15:00:17,2026-01-21 09:16:27,1096.2,1,357000,346500,346500,2.941,-11297,-3.164,-1.08,0.980,-2.941,0,0,StopLoss,"종가베팅: 등락 +3.3%, 고저범위 96% 위치, VWAP 352,361 위","손절 (346,500)",3.33,1.32,0.958,300,0.230,2.09,1,360,3,5,2.5,1.5,True
015760#114-20260120150417,015760,한국전력,종가베팅,FullAuto,Paper,Backtest,2026-01-20 15:04:17,2026-01-20 15:04:17,2026-01-21 09:55:27,1131.2,9,66700,67666.67,64700,2.999,7302,1.216,0.41,2.699,-2.699,0,-0.065,Trailing,"종가베팅: 등락 +18.7%, 고저범위 95% 위치, VWAP 62,808 위","1차 분할 익절 +2% / 트레일링 (67,400)",18.68,6.20,0.948,300,0.471,1.27,1,364,3,5,2.5,1.5,True
215100#125-20260122090520,215100,로보로보,ORB,FullAuto,Paper,Backtest,2026-01-22 09:05:20,2026-01-22 09:05:20,2026-01-22 09:06:05,0.8,92,14270,14555.00,14060,1.472,23147,1.763,1.20,2.663,0,0,-0.034,Trailing,"ORB5 고가 14,250 돌파 (범위 5.6%)","1차 분할 익절 +2.0% / 트레일링 (14,470)",21.24,2.51,1,180.4,3.434,1.36,1,5,1.5,4.0,1.5,1.2,False
005930#124-20260121150000,005930,삼성전자,종가베팅,FullAuto,Paper,Backtest,2026-01-21 15:00:00,2026-01-21 15:00:00,2026-01-22 09:09:30,1089.5,4,149200,155850,144800,2.949,25173,4.218,1.43,5.094,-0.134,0,-0.032,TakeProfit,"종가베팅: 등락 +4.6%, 고저범위 91% 위치, VWAP 147,477 위",1차 분할 익절 +2% / 목표 익절 +5%,4.63,1.10,0.912,603.7,0.129,0.80,1,360,3,5,2.5,1.5,True
066570#123-20260121150000,066570,LG전자,종가베팅,FullAuto,Paper,Backtest,2026-01-21 15:00:00,2026-01-21 15:00:00,2026-01-22 09:25:27,1105.5,6,109700,106500,106500,2.917,-20671,-3.141,-1.08,1.732,-2.917,0,0,StopLoss,"종가베팅: 등락 +7.8%, 고저범위 91% 위치, VWAP 105,507 위","손절 (106,500)",7.76,3.97,0.913,393.5,0.589,0.83,1,360,3,5,2.5,1.5,True
005490#134-20260123090510,005490,POSCO홀딩스,ORB,FullAuto,Paper,Backtest,2026-01-23 09:05:10,2026-01-23 09:05:10,2026-01-23 09:05:30,0.3,3,389500,384000,384000,1.412,-19151,-1.639,-1.16,0.128,-1.412,0,0,StopLoss,"ORB5 고가 389,000 돌파 (범위 6.0%)","손절 (384,000)",7.75,2.49,1,236.5,2.225,1.33,1,5,1.5,4.0,1.5,1.2,False
000250#135-20260123090527,000250,삼천당제약,ORB,FullAuto,Paper,Backtest,2026-01-23 09:05:27,2026-01-23 09:05:27,2026-01-23 09:06:20,0.9,3,347000,347500.00,342000,1.441,-897,-0.086,-0.06,1.729,-0.144,0,-0.287,Trailing,"ORB5 고가 346,000 돌파 (범위 7.5%)","트레일링 (348,500)",12.30,2.92,1,207.3,2.402,2.16,1,5,1.5,4.0,1.5,1.2,False
066970#133-20260122150000,066970,엘앤에프,종가베팅,FullAuto,Paper,Backtest,2026-01-22 15:00:00,2026-01-22 15:00:00,2026-01-23 09:10:30,1090.5,5,126600,122600,122800,3.002,-21411,-3.382,-1.13,1.422,-3.160,0,-0.163,StopLoss,"종가베팅: 등락 +13.0%, 고저범위 97% 위치, VWAP 122,059 위","손절 (122,800)",13.05,3.64,0.966,325.6,0.401,0.78,1,360,3,5,2.5,1.5,True
064260#136-20260123090727,064260,다날,ORB,FullAuto,Paper,Backtest,2026-01-23 09:07:27,2026-01-23 09:07:27,2026-01-23 09:13:25,6,185,7310,7210,7210,1.368,-21569,-1.595,-1.17,0.958,-1.368,0,0,StopLoss,"ORB5 고가 7,300 돌파 (범위 5.6%)","손절 (7,210)",6.72,1.96,1,288.3,1.724,1.92,1,7,1.5,4.0,1.5,1.2,False
007660#132-20260122150000,007660,이수페타시스,종가베팅,FullAuto,Paper,Backtest,2026-01-22 15:00:00,2026-01-22 15:00:00,2026-01-23 09:58:20,1138.3,5,113600,116340,110200,2.993,12366,2.177,0.73,4.313,-1.408,0,-0.035,Trailing,"종가베팅: 등락 +5.1%, 고저범위 91% 위치, VWAP 110,173 위","1차 분할 익절 +2% / 트레일링 (116,700)",5.09,3.02,0.905,273.8,0.456,0.47,1,360,3,5,2.5,1.5,True
006800#142-20260123150000,006800,미래에셋증권,종가베팅,FullAuto,Paper,Backtest,2026-01-23 15:00:00,2026-01-23 15:00:00,2026-01-26 09:01:00,3961,19,34850,33555,33850,2.869,-26074,-3.938,-1.37,0.999,-3.716,0,-0.871,StopLoss,"종가베팅: 등락 +15.7%, 고저범위 88% 위치, VWAP 33,359 위","손절 (33,850)",15.73,4.32,0.876,208.3,0.617,1.54,1,360,3,5,2.5,1.5,True
007660#143-20260123150000,007660,이수페타시스,종가베팅,FullAuto,Paper,Backtest,2026-01-23 15:00:00,2026-01-23 15:00:00,2026-01-26 09:02:12,3962.2,5,119900,116300,116400,2.919,-19339,-3.226,-1.11,0.083,-3.003,0,-0.086,StopLoss,"종가베팅: 등락 +5.9%, 고저범위 90% 위치, VWAP 117,816 위","손절 (116,400)",5.92,1.77,0.898,380.2,0.197,0.76,1,360,3,5,2.5,1.5,True
247540#146-20260126090507,247540,에코프로비엠,ORB,FullAuto,Paper,Backtest,2026-01-26 09:05:07,2026-01-26 09:05:07,2026-01-26 09:06:27,1.3,7,180600,177500,177900,1.495,-24560,-1.943,-1.30,0.120,-1.717,0,-0.225,StopLoss,"ORB5 고가 180,521 돌파 (범위 3.0%)","손절 (177,900)",5.94,1.44,1,206.6,1.235,1.24,1,5,1.5,4.0,1.5,1.2,False
032820#144-20260126090522,032820,우리기술,ORB,FullAuto,Paper,Backtest,2026-01-26 09:05:22,2026-01-26 09:05:22,2026-01-26 09:08:20,3,168,7760,7770,7650,1.418,-1320,-0.101,-0.07,1.675,0,0,-0.257,Trailing,"ORB5 고가 7,730 돌파 (범위 7.8%)","트레일링 (7,790)",9.45,2.55,1,221.9,1.246,1.22,1,5,1.5,4.0,1.5,1.2,False
058470#151-20260126150000,058470,리노공업,종가베팅,FullAuto,Paper,Backtest,2026-01-26 15:00:00,2026-01-26 15:00:00,2026-01-27 09:06:20,1086.3,8,75200,77800,73000,2.926,19373,3.220,1.10,5.053,-0.399,0,-0.128,TakeProfit,"종가베팅: 등락 +9.0%, 고저범위 83% 위치, VWAP 73,787 위",1차 분할 익절 +2% / 목표 익절 +5%,8.99,1.92,0.833,357.0,0.361,0.85,1,360,3,5,2.5,1.5,True
347850#152-20260126150000,347850,디앤디파마텍,종가베팅,FullAuto,Paper,Backtest,2026-01-26 15:00:00,2026-01-26 15:00:00,2026-01-27 09:09:20,1089.3,6,96900,98350,94000,2.993,7347,1.264,0.42,3.096,-2.167,0,-0.305,Trailing,"종가베팅: 등락 +12.9%, 고저범위 95% 위치, VWAP 94,119 위","1차 분할 익절 +2% / 트레일링 (98,400)",12.94,2.95,0.945,1378.9,0.229,2.06,1,360,3,5,2.5,1.5,True
388720#153-20260127090727,388720,유일로보틱스,ORB,FullAuto,Paper,Backtest,2026-01-27 09:07:27,2026-01-27 09:07:27,2026-01-27 09:10:22,2.9,9,145100,146100,143000,1.447,5979,0.458,0.32,1.930,-1.378,0,0,Trailing,"ORB5 고가 145,000 돌파 (범위 6.4%)","트레일링 (146,100)",7.48,2.13,1,194.1,2.619,1.63,1,7,1.5,4.0,1.5,1.2,False
042700#159-20260127150000,042700,한미반도체,종가베팅,FullAuto,Paper,Backtest,2026-01-27 15:00:00,2026-01-27 15:00:00,2026-01-28 09:05:30,1085.5,3,175700,180066.67,170500,2.960,11862,2.250,0.76,3.643,-0.740,0,-0.074,Trailing,"종가베팅: 등락 +3.4%, 고저범위 98% 위치, VWAP 171,123 위","1차 분할 익절 +2% / 트레일링 (179,300)",3.42,2.62,0.982,344.7,0.252,1.19,1,360,3,5,2.5,1.5,True
403870#162-20260128090530,403870,HPSP,ORB,FullAuto,Paper,Backtest,2026-01-28 09:05:30,2026-01-28 09:05:30,2026-01-28 09:11:27,6,21,39300,39864.29,38400,2.290,9929,1.203,0.53,2.163,-0.254,0,-0.059,Trailing,"ORB5 고가 39,200 돌파 (범위 2.0%)","1차 분할 익절 +2.0% / 트레일링 (39,650)",4.66,1.08,1,278.0,1.018,1.41,1,6,1.5,4.0,1.5,1.2,False
007660#161-20260128091127,007660,이수페타시스,ORB,FullAuto,Paper,Backtest,2026-01-28 09:11:27,2026-01-28 09:11:27,2026-01-28 09:14:12,2.8,10,126100,126300,124300,1.427,-904,-0.072,-0.05,1.427,-0.634,0,-0.079,BreakEven,"ORB5 고가 126,000 돌파 (범위 3.1%)","본절 (126,400)",5.79,1.00,1,194.1,1.049,2.80,1,11,1.5,4.0,1.5,1.2,False
373220#160-20260128090520,373220,LG에너지솔루션,ORB,FullAuto,Paper,Backtest,2026-01-28 09:05:20,2026-01-28 09:05:20,2026-01-28 09:15:30,10.2,2,441000,443000,434500,1.474,1964,0.223,0.15,1.814,-1.361,0,-0.113,Trailing,"ORB5 고가 440,500 돌파 (범위 4.5%)","트레일링 (443,500)",6.01,2.03,1,654.6,1.398,2.63,1,5,1.5,4.0,1.5,1.2,False
005930#158-20260127150000,005930,삼성전자,종가베팅,FullAuto,Paper,Backtest,2026-01-27 15:00:00,2026-01-27 15:00:00,2026-01-28 09:25:30,1105.5,4,158650,161400,153900,2.994,9520,1.500,0.50,2.553,-0.032,0,0,Trailing,"종가베팅: 등락 +4.1%, 고저범위 97% 위치, VWAP 154,462 위","1차 분할 익절 +2% / 트레일링 (160,200)",4.10,2.71,0.974,697.9,0.171,0.78,2,360,3,5,2.5,1.5,True
450080#169-20260128150200,450080,에코프로머티,종가베팅,FullAuto,Paper,Backtest,2026-01-28 15:02:00,2026-01-28 15:02:00,2026-01-29 09:02:30,1080.5,8,75000,77200,72800,2.933,16183,2.697,0.92,4.533,-0.533,0,-0.194,Trailing,"종가베팅: 등락 +15.9%, 고저범위 83% 위치, VWAP 72,455 위","1차 분할 익절 +2% / 트레일링 (77,200)",15.92,3.51,0.828,240.8,0.438,1.16,1,362,3,5,2.5,1.5,True
005490#167-20260128150000,005490,POSCO홀딩스,종가베팅,FullAuto,Paper,Backtest,2026-01-28 15:00:00,2026-01-28 15:00:00,2026-01-29 09:05:15,1085.2,1,379500,368500,368500,2.899,-11848,-3.122,-1.08,0.395,-2.899,0,0,StopLoss,"종가베팅: 등락 +5.3%, 고저범위 83% 위치, VWAP 370,426 위","손절 (368,500)",5.27,2.45,0.833,647.0,0.395,0.87,1,360,3,5,2.5,1.5,True
307950#178-20260129150000,307950,현대오토에버,종가베팅,FullAuto,Paper,Backtest,2026-01-29 15:00:00,2026-01-29 15:00:00,2026-01-30 09:01:00,1081,1,487500,472000,473000,2.974,-16587,-3.402,-1.14,0.513,-3.179,0,-0.211,StopLoss,"종가베팅: 등락 +9.6%, 고저범위 85% 위치, VWAP 475,804 위","손절 (473,000)",9.55,2.46,0.853,326.0,0.601,0.99,1,360,3,5,2.5,1.5,True
000270#176-20260129150000,000270,기아,종가베팅,FullAuto,Paper,Backtest,2026-01-29 15:00:00,2026-01-29 15:00:00,2026-01-30 09:04:30,1084.5,4,155950,151300,151300,2.982,-19993,-3.205,-1.07,0.160,-2.982,0,0,StopLoss,"종가베팅: 등락 +3.4%, 고저범위 92% 위치, VWAP 152,791 위","손절 (151,300)",3.42,2.07,0.919,293.8,0.213,0.74,2,360,3,5,2.5,1.5,True
027360#179-20260130090522,027360,아주IB투자,ORB,FullAuto,Paper,Backtest,2026-01-30 09:05:22,2026-01-30 09:05:22,2026-01-30 09:06:07,0.8,270,4845,4760,4775,1.445,-25908,-1.981,-1.37,1.135,-1.754,0,-0.314,StopLoss,"ORB5 고가 4,830 돌파 (범위 5.9%)","손절 (4,775)",7.43,3.22,1,215.0,3.750,2.05,1,5,1.5,4.0,1.5,1.2,False
017670#181-20260130090527,017670,SK텔레콤,ORB,FullAuto,Paper,Backtest,2026-01-30 09:05:27,2026-01-30 09:05:27,2026-01-30 09:20:30,15,16,74300,73200,73200,1.480,-20295,-1.707,-1.15,1.077,-1.480,0,0,StopLoss,"ORB5 고가 74,200 돌파 (범위 5.4%)","손절 (73,200)",6.75,2.05,1,188.3,1.593,2.39,1,5,1.5,4.0,1.5,1.2,False
103140#180-20260130090730,103140,풍산,ORB,FullAuto,Paper,Backtest,2026-01-30 09:07:30,2026-01-30 09:07:30,2026-01-30 09:27:30,20,9,139200,139000,137200,1.437,-4676,-0.373,-0.26,0.575,-1.365,0,0,TimeStop,"ORB5 고가 139,100 돌파 (범위 3.0%)",타임스탑 20분,6.42,1.84,1,191.5,1.078,2.54,1,8,1.5,4.0,1.5,1.2,False
036540#186-20260130150000,036540,SFA반도체,종가베팅,FullAuto,Paper,Backtest,2026-01-30 15:00:00,2026-01-30 15:00:00,2026-02-02 09:01:20,3961.3,84,7890,7630,7660,2.915,-23316,-3.518,-1.21,0.887,-3.295,0,-0.392,StopLoss,"종가베팅: 등락 +15.0%, 고저범위 82% 위치, VWAP 7,676 위","손절 (7,660)",15.01,2.79,0.818,287.8,0.416,1.06,1,360,3,5,2.5,1.5,True
080220#188-20260130150000,080220,제주반도체,종가베팅,FullAuto,Paper,Backtest,2026-01-30 15:00:00,2026-01-30 15:00:00,2026-02-02 09:01:30,3961.5,15,43400,42100,42100,2.995,-20954,-3.219,-1.07,0.806,-2.995,0,0,StopLoss,"종가베팅: 등락 +17.6%, 고저범위 86% 위치, VWAP 41,755 위","손절 (42,100)",17.64,3.82,0.858,257.0,0.486,0.45,1,360,3,5,2.5,1.5,True
128820#190-20260202090520,128820,대성산업,ORB,FullAuto,Paper,Backtest,2026-02-02 09:05:20,2026-02-02 09:05:20,2026-02-02 09:06:20,1,154,8100,8150.00,7980,1.481,4815,0.386,0.26,1.852,0,0,0.000,Trailing,"ORB5 고가 8,080 돌파 (범위 6.7%)","트레일링 (8,150)",10.20,2.82,1,190.0,3.004,2.70,1,5,1.5,4.0,1.5,1.2,False
038500#189-20260202090620,038500,삼표시멘트,ORB,FullAuto,Paper,Backtest,2026-02-02 09:06:20,2026-02-02 09:06:20,2026-02-02 09:09:12,2.9,133,9510,9724.96,9370,1.472,25622,2.026,1.38,3.470,0,0,-0.051,Trailing,"ORB5 고가 9,430 돌파 (범위 9.7%)","1차 분할 익절 +2.0% / 트레일링 (9,720)",13.21,4.18,1,138.7,3.023,1.64,1,6,1.5,4.0,1.5,1.2,False
006220#196-20260202150117,006220,제주은행,종가베팅,FullAuto,Paper,Backtest,2026-02-02 15:01:17,2026-02-02 15:01:17,2026-02-03 09:01:00,1079.7,39,16920,16300,16420,2.955,-25644,-3.886,-1.32,3.369,-3.605,0,-0.731,StopLoss,"종가베팅: 등락 +19.3%, 고저범위 82% 위치, VWAP 16,529 위","손절 (16,420)",19.34,2.31,0.824,600.2,1.174,0.92,1,361,3,5,2.5,1.5,True
027360#198-20260203092422,027360,아주IB투자,ORB,FullAuto,Paper,Backtest,2026-02-03 09:24:22,2026-02-03 09:24:22,2026-02-03 09:26:15,1.9,267,4975,5044.91,4905,1.407,15573,1.172,0.83,2.513,0,0,-0.198,Trailing,"ORB5 고가 4,970 돌파 (범위 3.4%)","1차 분할 익절 +2.0% / 트레일링 (5,030)",11.17,2.42,1,189.9,0.780,15.75,1,24,1.5,4.0,1.5,1.2,False
064260#197-20260203094425,064260,다날,ORB,FullAuto,Paper,Backtest,2026-02-03 09:44:25,2026-02-03 09:44:25,2026-02-03 09:52:30,8.1,133,9580,9870.68,9440,1.461,35650,2.798,1.91,4.071,-0.939,0,-0.101,TakeProfit,"ORB5 고가 9,570 돌파 (범위 4.2%)",1차 분할 익절 +2.0% / 목표 익절 +4.0%,5.62,1.67,1,224.3,0.455,9.20,1,44,1.5,4.0,1.5,1.2,False
000720#202-20260203150000,000720,현대건설,종가베팅,FullAuto,Paper,Backtest,2026-02-03 15:00:00,2026-02-03 15:00:00,2026-02-04 09:01:00,1081,6,107400,115200,104200,2.980,45219,7.017,2.36,7.263,-0.186,0,0,TakeProfit,"종가베팅: 등락 +8.9%, 고저범위 84% 위치, VWAP 105,525 위",목표 익절 +5%,8.92,1.78,0.838,377.5,0.469,0.90,1,360,3,5,2.5,1.5,True
457190#206-20260204090827,457190,이수스페셜티케미컬,ORB,FullAuto,Paper,Backtest,2026-02-04 09:08:27,2026-02-04 09:08:27,2026-02-04 09:10:15,1.8,11,114700,113000,113000,1.482,-21561,-1.709,-1.15,0.262,-1.482,0,0,StopLoss,"ORB5 고가 114,500 돌파 (범위 8.1%)","손절 (113,000)",7.20,2.27,1,208.4,2.209,2.31,1,8,1.5,4.0,1.5,1.2,False
267260#205-20260204090525,267260,HD현대일렉트릭,ORB,FullAuto,Paper,Backtest,2026-02-04 09:05:25,2026-02-04 09:05:25,2026-02-04 09:11:27,6,1,925000,912000,912000,1.405,-15098,-1.632,-1.16,0.432,-1.405,0,0,StopLoss,"ORB5 고가 924,000 돌파 (범위 4.4%)","손절 (912,000)",3.82,1.67,1,708.0,1.766,3.02,1,5,1.5,4.0,1.5,1.2,False
005490#203-20260203150000,005490,POSCO홀딩스,종가베팅,FullAuto,Paper,Backtest,2026-02-03 15:00:00,2026-02-03 15:00:00,2026-02-04 10:00:00,1140,1,358000,360000,347500,2.933,1173,0.328,0.11,1.676,-0.838,0,0,NextDayDeadline,"종가베팅: 등락 +4.1%, 고저범위 93% 위치, VWAP 351,867 위",익일 청산 시각 10:00,4.07,1.74,0.926,857.7,0.289,0.51,1,360,3,5,2.5,1.5,True
139480#215-20260205090615,139480,이마트,ORB,FullAuto,Paper,Backtest,2026-02-05 09:06:15,2026-02-05 09:06:15,2026-02-05 09:06:27,0.2,12,105900,104100,104400,1.416,-24475,-1.926,-1.36,0,-1.700,0,-0.287,StopLoss,"ORB5 고가 105,700 돌파 (범위 4.9%)","손절 (104,400)",11.24,2.15,1,222.6,2.361,1.24,1,6,1.5,4.0,1.5,1.2,False
006400#213-20260204150000,006400,삼성SDI,종가베팅,FullAuto,Paper,Backtest,2026-02-04 15:00:00,2026-02-04 15:00:00,2026-02-05 10:00:00,1140,1,391500,392000,380000,2.937,-400,-0.102,-0.03,1.022,-1.660,0,-0.127,NextDayDeadline,"종가베팅: 등락 +4.0%, 고저범위 81% 위치, VWAP 390,059 위",익일 청산 시각 10:00,3.98,0.37,0.809,903.3,0.255,0.56,1,360,3,5,2.5,1.5,True
171090#222-20260205151317,171090,선익시스템,종가베팅,FullAuto,Paper,Backtest,2026-02-05 15:13:17,2026-02-05 15:13:17,2026-02-06 09:01:00,1067.7,8,80000,76300,77600,3.00,-31007,-4.845,-1.61,1.00,-4.500,0,-1.675,StopLoss,"종가베팅: 등락 +4.3%, 고저범위 75% 위치, VWAP 76,146 위","손절 (77,600)",4.30,5.06,0.754,471.8,0.821,2.10,1,373,3,5,2.5,1.5,True
008830#223-20260206090525,008830,대동기어,ORB,FullAuto,Paper,Backtest,2026-02-06 09:05:25,2026-02-06 09:05:25,2026-02-06 09:06:27,1,80,16260,16785,16020,1.476,38921,2.992,2.03,4.244,0,0,-0.060,TakeProfit,"ORB5 고가 16,250 돌파 (범위 6.4%)",1차 분할 익절 +2.0% / 목표 익절 +4.0%,9.93,2.87,1,166.9,3.854,2.61,1,5,1.5,4.0,1.5,1.2,False
483650#220-20260205150000,483650,달바글로벌,종가베팅,FullAuto,Paper,Backtest,2026-02-05 15:00:00,2026-02-05 15:00:00,2026-02-06 09:06:30,1086.5,3,169000,164000,164000,2.959,-16133,-3.182,-1.08,0.710,-2.959,0,0,StopLoss,"종가베팅: 등락 +5.5%, 고저범위 92% 위치, VWAP 166,654 위","손절 (164,000)",5.50,1.35,0.918,389.6,0.131,1.40,1,360,3,5,2.5,1.5,True
489790#231-20260206150022,489790,한화비전,종가베팅,FullAuto,Paper,Backtest,2026-02-06 15:00:22,2026-02-06 15:00:22,2026-02-09 09:01:07,3960.8,9,66700,70000,64700,2.999,28256,4.707,1.57,5.097,-1.199,0,-0.079,TakeProfit,"종가베팅: 등락 +7.4%, 고저범위 76% 위치, VWAP 65,878 위",1차 분할 익절 +2% / 목표 익절 +5%,7.41,1.25,0.757,490.2,0.386,2.03,1,360,3,5,2.5,1.5,True
090430#232-20260209092027,090430,아모레퍼시픽,ORB,FullAuto,Paper,Backtest,2026-02-09 09:20:27,2026-02-09 09:20:27,2026-02-09 09:41:30,21,8,155700,160500,153400,1.477,35455,2.846,1.93,4.175,-1.156,0,-0.062,TakeProfit,"ORB5 고가 155,600 돌파 (범위 8.1%)",1차 분할 익절 +2.0% / 목표 익절 +4.0%,11.06,2.13,1,167.3,0.890,5.70,1,20,1.5,4.0,1.5,1.2,False
017800#229-20260206150000,017800,현대엘리베이터,종가베팅,FullAuto,Paper,Backtest,2026-02-06 15:00:00,2026-02-06 15:00:00,2026-02-09 10:00:00,4020,6,101500,101900,98500,2.956,996,0.164,0.06,1.872,-1.970,0,0,NextDayDeadline,"종가베팅: 등락 +4.9%, 고저범위 86% 위치, VWAP 99,010 위",익일 청산 시각 10:00,4.86,2.52,0.857,219.2,0.514,1.16,1,360,3,5,2.5,1.5,True
078600#242-20260210090530,078600,대주전자재료,ORB,FullAuto,Paper,Backtest,2026-02-10 09:05:30,2026-02-10 09:05:30,2026-02-10 09:06:30,1,13,98100,96500,96700,1.427,-23688,-1.857,-1.30,1.325,-1.631,0,-0.207,StopLoss,"ORB5 고가 98,000 돌파 (범위 4.0%)","손절 (96,700)",10.47,1.88,1,148.3,2.379,1.43,1,6,1.5,4.0,1.5,1.2,False
298380#238-20260209150000,298380,에이비엘바이오,종가베팅,FullAuto,Paper,Backtest,2026-02-09 15:00:00,2026-02-09 15:00:00,2026-02-10 10:00:00,1140,3,191000,189500,185300,2.984,-5807,-1.013,-0.34,1.047,-2.094,0,-0.053,NextDayDeadline,"종가베팅: 등락 +6.6%, 고저범위 91% 위치, VWAP 186,370 위",익일 청산 시각 10:00,6.59,2.43,0.907,328.2,0.666,0.86,1,360,3,5,2.5,1.5,True
352820#240-20260209150700,352820,하이브,종가베팅,FullAuto,Paper,Backtest,2026-02-09 15:07:00,2026-02-09 15:07:00,2026-02-10 10:00:00,1133,1,376500,383000,365500,2.922,5621,1.493,0.51,1.992,-1.195,0,0,NextDayDeadline,"종가베팅: 등락 +5.0%, 고저범위 89% 위치, VWAP 372,498 위",익일 청산 시각 10:00,5.02,1.07,0.889,1179.7,0.218,0.43,1,367,3,5,2.5,1.5,True
241520#251-20260211090512,241520,DSC인베스트먼트,ORB,FullAuto,Paper,Backtest,2026-02-11 09:05:12,2026-02-11 09:05:12,2026-02-11 09:05:20,0.1,100,13020,12820,12830,1.459,-22951,-1.763,-1.21,0.307,-1.536,0,-0.078,StopLoss,"ORB5 고가 13,000 돌파 (범위 9.0%)","손절 (12,830)",13.22,3.10,1,74.4,6.068,1.04,1,5,1.5,4.0,1.5,1.2,False
032820#250-20260211090520,032820,우리기술,ORB,FullAuto,Paper,Backtest,2026-02-11 09:05:20,2026-02-11 09:05:20,2026-02-11 09:08:22,3,118,11200,11230,11040,1.429,494,0.037,0.03,1.518,0,0,0,BreakEven,"ORB5 고가 11,190 돌파 (범위 9.9%)","본절 (11,230)",17.89,3.53,1,130.4,3.363,1.72,1,5,1.5,4.0,1.5,1.2,False
389140#249-20260211092427,389140,포바이포,ORB,FullAuto,Paper,Backtest,2026-02-11 09:24:27,2026-02-11 09:24:27,2026-02-11 09:25:25,1,125,10210,10060,10060,1.469,-21644,-1.696,-1.15,0.881,-1.469,0,0,StopLoss,"ORB5 고가 10,190 돌파 (범위 8.9%)","손절 (10,060)",9.43,4.67,1,177.3,1.805,7.13,1,24,1.5,4.0,1.5,1.2,False
267270#247-20260210150000,267270,HD건설기계,종가베팅,FullAuto,Paper,Backtest,2026-02-10 15:00:00,2026-02-10 15:00:00,2026-02-11 09:28:27,1108.5,5,131900,136880,128000,2.957,23332,3.538,1.20,5.004,-1.061,0,-0.073,TakeProfit,"종가베팅: 등락 +7.8%, 고저범위 88% 위치, VWAP 129,769 위",1차 분할 익절 +2% / 목표 익절 +5%,7.85,1.64,0.880,333.1,0.287,0.48,1,360,3,5,2.5,1.5,True
066570#252-20260211093320,066570,LG전자,ORB,FullAuto,Paper,Backtest,2026-02-11 09:33:20,2026-02-11 09:33:20,2026-02-11 09:36:27,3.1,11,110200,111900,108600,1.452,15874,1.310,0.90,2.450,-0.272,0,-0.089,Trailing,"ORB5 고가 110,000 돌파 (범위 4.1%)","1차 분할 익절 +2.0% / 트레일링 (111,500)",5.35,1.30,1,286.9,0.493,12.19,1,33,1.5,4.0,1.5,1.2,False
055550#248-20260210150000,055550,신한지주,종가베팅,FullAuto,Paper,Backtest,2026-02-10 15:00:00,2026-02-10 15:00:00,2026-02-11 10:00:00,1140,6,98600,99850,95700,2.941,6125,1.035,0.35,2.130,-0.811,0,-0.100,NextDayDeadline,"종가베팅: 등락 +4.8%, 고저범위 90% 위치, VWAP 97,486 위",1차 분할 익절 +2% / 익일 청산 시각 10:00,4.78,1.14,0.905,1079.1,0.145,0.65,1,360,3,5,2.5,1.5,True
316140#260-20260211150030,316140,우리금융지주,종가베팅,FullAuto,Paper,Backtest,2026-02-11 15:00:30,2026-02-11 15:00:30,2026-02-12 09:01:15,1080.8,17,37950,39776.47,36850,2.899,29502,4.573,1.58,5.007,-0.527,0,-0.066,TakeProfit,"종가베팅: 등락 +6.0%, 고저범위 80% 위치, VWAP 37,339 위",1차 분할 익절 +2% / 목표 익절 +5%,6.01,1.64,0.8,494.2,0.273,0.88,1,360,3,5,2.5,1.5,True
032820#261-20260212090510,032820,우리기술,ORB,FullAuto,Paper,Backtest,2026-02-12 09:05:10,2026-02-12 09:05:10,2026-02-12 09:05:22,0.2,95,13620,13400.0,13420,1.468,-23830,-1.842,-1.25,0.587,-1.615,0,-0.149,StopLoss,"ORB5 고가 13,600 돌파 (범위 8.4%)","손절 (13,420)",10.28,3.14,1,139.2,3.524,0.94,1,5,1.5,4.0,1.5,1.2,False
397030#262-20260212091125,397030,에이프릴바이오,ORB,FullAuto,Paper,Backtest,2026-02-12 09:11:25,2026-02-12 09:11:25,2026-02-12 09:12:27,1,18,73100,72000,72100,1.368,-22783,-1.731,-1.27,0.547,-1.505,0,-0.139,StopLoss,"ORB5 고가 73,000 돌파 (범위 4.1%)","손절 (72,100)",5.64,1.83,1,202.5,1.870,2.71,1,11,1.5,4.0,1.5,1.2,False
000270#257-20260211150000,000270,기아,종가베팅,FullAuto,Paper,Backtest,2026-02-11 15:00:00,2026-02-11 15:00:00,2026-02-12 10:00:00,1140,4,161800,162700,157000,2.967,2105,0.325,0.11,0.865,-0.680,0,-0.061,NextDayDeadline,"종가베팅: 등락 +4.1%, 고저범위 97% 위치, VWAP 159,553 위",익일 청산 시각 10:00,4.12,1.41,0.973,606.7,0.190,0.35,1,360,3,5,2.5,1.5,True
005930#271-20260212150000,005930,삼성전자,종가베팅,FullAuto,Paper,Backtest,2026-02-12 15:00:00,2026-02-12 15:00:00,2026-02-13 09:26:25,1106.4,3,178100,181533.33,172800,2.976,9051,1.694,0.57,3.537,-0.056,0,-0.055,Trailing,"종가베팅: 등락 +6.8%, 고저범위 84% 위치, VWAP 175,751 위","1차 분할 익절 +2% / 트레일링 (181,600)",6.77,1.34,0.842,448.1,0.160,0.99,1,360,3,5,2.5,1.5,True
051910#272-20260212150000,051910,LG화학,종가베팅,FullAuto,Paper,Backtest,2026-02-12 15:00:00,2026-02-12 15:00:00,2026-02-13 09:50:30,1130.5,1,337000,327000,327000,2.967,-10753,-3.191,-1.08,0,-2.967,0,0,StopLoss,"종가베팅: 등락 +4.2%, 고저범위 78% 위치, VWAP 334,336 위","손절 (327,000)",4.18,0.65,0.781,708.7,0.202,0.62,1,360,3,5,2.5,1.5,True
221800#280-20260213150917,221800,지구홀딩스,종가베팅,FullAuto,Paper,Backtest,2026-02-13 15:09:17,2026-02-13 15:09:17,2026-02-19 09:01:00,8271.7,50,13080,14660,12690,2.982,77327,11.824,3.97,12.156,0,0,-0.068,TakeProfit,"종가베팅: 등락 +15.9%, 고저범위 80% 위치, VWAP 11,919 위",목표 익절 +5%,15.85,9.74,0.797,170.7,1.398,19.51,1,369,3,5,2.5,1.5,True
003530#281-20260219090727,003530,한화투자증권,ORB,FullAuto,Paper,Backtest,2026-02-19 09:07:27,2026-02-19 09:07:27,2026-02-19 09:08:25,1,156,8170,8050.00,8050,1.469,-21610,-1.696,-1.15,0.245,-1.469,0,0.000,StopLoss,"ORB5 고가 8,160 돌파 (범위 3.3%)","손절 (8,050)",11.01,1.17,1,231.0,1.812,1.35,1,7,1.5,4.0,1.5,1.2,False
034220#293-20260220090520,034220,LG디스플레이,ORB,FullAuto,Paper,Backtest,2026-02-20 09:05:20,2026-02-20 09:05:20,2026-02-20 09:07:25,2.1,96,13380,13785,13180,1.495,35844,2.791,1.87,4.185,0,0,-0.072,TakeProfit,"ORB5 고가 13,350 돌파 (범위 5.5%)",1차 분할 익절 +2.0% / 목표 익절 +4.0%,8.96,2.22,1,219.3,1.470,1.82,1,5,1.5,4.0,1.5,1.2,False
298380#290-20260219150000,298380,에이비엘바이오,종가베팅,FullAuto,Paper,Backtest,2026-02-19 15:00:00,2026-02-19 15:00:00,2026-02-20 10:00:00,1140,3,194900,191600,189100,2.976,-11222,-1.919,-0.64,0.051,-2.258,0,0,NextDayDeadline,"종가베팅: 등락 +6.0%, 고저범위 97% 위치, VWAP 191,833 위",익일 청산 시각 10:00,5.98,1.55,0.967,292.5,0.136,0.89,1,360,3,5,2.5,1.5,True
352820#291-20260219150000,352820,하이브,종가베팅,FullAuto,Paper,Backtest,2026-02-19 15:00:00,2026-02-19 15:00:00,2026-02-20 10:00:00,1140,1,404500,401000,392500,2.967,-4422,-1.093,-0.37,0.124,-1.483,0,-0.125,NextDayDeadline,"종가베팅: 등락 +3.6%, 고저범위 97% 위치, VWAP 400,859 위",익일 청산 시각 10:00,3.59,0.91,0.966,1176.6,0.141,0.61,1,360,3,5,2.5,1.5,True
034730#300-20260220150000,034730,SK,종가베팅,FullAuto,Paper,Backtest,2026-02-20 15:00:00,2026-02-20 15:00:00,2026-02-23 09:01:30,3961.5,1,380000,387500,369000,2.895,6610,1.739,0.60,3.816,-0.132,0,-0.257,Trailing,"종가베팅: 등락 +6.9%, 고저범위 93% 위치, VWAP 375,448 위","트레일링 (388,500)",6.89,1.21,0.927,506.0,0.226,0.62,1,360,3,5,2.5,1.5,True
006340#304-20260223090622,006340,대원전선,ORB,FullAuto,Paper,Backtest,2026-02-23 09:06:22,2026-02-23 09:06:22,2026-02-23 09:08:22,2,270,4800,4882.5,4730,1.458,19249,1.485,1.02,3.021,0,0,-0.205,Trailing,"ORB5 고가 4,775 돌파 (범위 9.9%)","1차 분할 익절 +2.0% / 트레일링 (4,885)",14.70,4.89,1,177.7,3.472,2.47,1,6,1.5,4.0,1.5,1.2,False
032820#305-20260223091325,032820,우리기술,ORB,FullAuto,Paper,Backtest,2026-02-23 09:13:25,2026-02-23 09:13:25,2026-02-23 09:16:30,3.1,81,16310,16831.98,16070,1.471,39153,2.964,2.01,4.231,0,0,-0.059,TakeProfit,"ORB5 고가 16,300 돌파 (범위 4.9%)",1차 분할 익절 +2.0% / 목표 익절 +4.0%,9.83,2.32,1,250.0,1.349,2.81,1,13,1.5,4.0,1.5,1.2,False
009540#301-20260220150900,009540,HD한국조선해양,종가베팅,FullAuto,Paper,Backtest,2026-02-20 15:09:00,2026-02-20 15:09:00,2026-02-23 10:00:00,4011,1,451500,454500,438000,2.990,1956,0.433,0.14,1.661,-0.886,0,-0.110,NextDayDeadline,"종가베팅: 등락 +7.3%, 고저범위 97% 위치, VWAP 440,099 위",익일 청산 시각 10:00,7.25,2.48,0.972,564.3,0.245,0.47,1,369,3,5,2.5,1.5,True
456160#309-20260223150000,456160,지투지바이오,종가베팅,FullAuto,Paper,Backtest,2026-02-23 15:00:00,2026-02-23 15:00:00,2026-02-24 09:02:25,1082.4,6,99350,101450.00,96400,2.969,11205,1.880,0.63,3.070,-2.365,0,-0.050,Trailing,"종가베팅: 등락 +10.9%, 고저범위 80% 위치, VWAP 97,071 위","1차 분할 익절 +2% / 트레일링 (100,800)",10.88,2.35,0.799,249.0,0.367,0.28,2,360,3,5,2.5,1.5,True
032820#311-20260224090525,032820,우리기술,ORB,FullAuto,Paper,Backtest,2026-02-24 09:05:25,2026-02-24 09:05:25,2026-02-24 09:06:22,1,72,18570,18270,18300,1.454,-24627,-1.842,-1.27,0.431,-1.616,0,-0.164,StopLoss,"ORB5 고가 18,540 돌파 (범위 7.5%)","손절 (18,300)",9.69,3.44,1,205.3,2.621,1.73,1,5,1.5,4.0,1.5,1.2,False
006400#312-20260224090515,006400,삼성SDI,ORB,FullAuto,Paper,Backtest,2026-02-24 09:05:15,2026-02-24 09:05:15,2026-02-24 09:06:30,1.2,3,418000,412000,412000,1.435,-20845,-1.662,-1.16,0,-1.435,0,0,StopLoss,"ORB5 고가 417,500 돌파 (범위 5.0%)","손절 (412,000)",6.23,2.07,1,289.2,1.356,1.66,1,5,1.5,4.0,1.5,1.2,False
066970#313-20260224090522,066970,엘앤에프,ORB,FullAuto,Paper,Backtest,2026-02-24 09:05:22,2026-02-24 09:05:22,2026-02-24 09:07:27,2.1,10,122600,120600,120800,1.468,-22775,-1.858,-1.27,1.142,-1.631,0,-0.166,StopLoss,"ORB5 고가 122,300 돌파 (범위 5.9%)","손절 (120,800)",6.42,1.72,1,339.8,1.903,1.96,1,5,1.5,4.0,1.5,1.2,False
007660#310-20260223150100,007660,이수페타시스,종가베팅,FullAuto,Paper,Backtest,2026-02-23 15:01:00,2026-02-23 15:01:00,2026-02-24 09:10:25,1089.4,6,106400,108250,103300,2.914,9612,1.506,0.52,2.820,-0.094,0,-0.046,Trailing,"종가베팅: 등락 +5.3%, 고저범위 91% 위치, VWAP 104,124 위","1차 분할 익절 +2% / 트레일링 (107,700)",5.35,2.19,0.913,513.6,0.302,0.83,1,361,3,5,2.5,1.5,True
008930#314-20260224100125,008930,한미사이언스,ORB,FullAuto,Paper,Backtest,2026-02-24 10:01:25,2026-02-24 10:01:25,2026-02-24 10:08:07,6.7,27,49600,48900.0,48900,1.411,-21938,-1.638,-1.16,0.403,-1.411,0,0.0,StopLoss,"ORB5 고가 49,550 돌파 (범위 8.0%)","손절 (48,900)",16.30,3.19,1,193.0,1.145,3.86,1,61,1.5,4.0,1.5,1.2,False
373220#318-20260224100230,373220,LG에너지솔루션,ORB,FullAuto,Paper,Backtest,2026-02-24 10:02:30,2026-02-24 10:02:30,2026-02-24 14:50:00,287.5,3,413000,412000,407000,1.453,-5842,-0.472,-0.32,0.847,-0.969,0,0,ForceClose,"ORB5 고가 412,500 돌파 (범위 2.9%)",장마감 강제청산,3.51,0.91,1,979.1,0.259,9.71,1,62,1.5,4.0,1.5,1.2,False
047040#319-20260224150000,047040,대우건설,종가베팅,FullAuto,Paper,Backtest,2026-02-24 15:00:00,2026-02-24 15:00:00,2026-02-25 09:02:10,1082.2,81,8030,8265.06,7790,2.989,17506,2.691,0.90,5.230,-0.872,0,-0.121,Trailing,"종가베팅: 등락 +7.1%, 고저범위 82% 위치, VWAP 7,817 위","1차 분할 익절 +2% / 트레일링 (8,280)",7.07,2.73,0.817,339.9,1.023,0.34,1,360,3,5,2.5,1.5,True
000270#323-20260225090525,000270,기아,ORB,FullAuto,Paper,Backtest,2026-02-25 09:05:25,2026-02-25 09:05:25,2026-02-25 09:10:27,5,7,184300,187242.86,181600,1.465,17593,1.364,0.93,2.604,-0.326,0,-0.084,Trailing,"ORB5 고가 184,100 돌파 (범위 5.3%)","1차 분할 익절 +2.0% / 트레일링 (186,800)",5.62,2.49,1,206.5,1.528,1.61,1,5,1.5,4.0,1.5,1.2,False
103590#324-20260225091127,103590,일진전기,ORB,FullAuto,Paper,Backtest,2026-02-25 09:11:27,2026-02-25 09:11:27,2026-02-25 09:13:30,2,13,97100,95500,95700,1.442,-23658,-1.874,-1.30,0.927,-1.648,0,-0.209,StopLoss,"ORB5 고가 96,700 돌파 (범위 6.1%)","손절 (95,700)",17.41,3.71,1,192.4,2.254,4.38,1,11,1.5,4.0,1.5,1.2,False
051910#321-20260224150300,051910,LG화학,종가베팅,FullAuto,Paper,Backtest,2026-02-24 15:03:00,2026-02-24 15:03:00,2026-02-25 10:00:00,1137,1,351000,363500,340500,2.991,11667,3.324,1.11,4.131,-0.997,0,-0.137,NextDayDeadline,"종가베팅: 등락 +5.2%, 고저범위 97% 위치, VWAP 345,204 위",익일 청산 시각 10:00,5.25,1.68,0.972,810.0,0.204,1.36,1,363,3,5,2.5,1.5,True
226950#329-20260225150000,226950,올릭스,종가베팅,FullAuto,Paper,Backtest,2026-02-25 15:00:00,2026-02-25 15:00:00,2026-02-26 09:01:00,1081,4,165200,159600,160300,2.966,-23870,-3.612,-1.22,0.847,-3.329,0,-0.437,StopLoss,"종가베팅: 등락 +13.7%, 고저범위 94% 위치, VWAP 158,714 위","손절 (160,300)",13.70,4.09,0.938,354.7,0.463,0.42,1,360,3,5,2.5,1.5,True
066570#332-20260226090920,066570,LG전자,ORB,FullAuto,Paper,Backtest,2026-02-26 09:09:20,2026-02-26 09:09:20,2026-02-26 09:42:22,33,9,146000,143800,143900,1.438,-22779,-1.734,-1.21,0.890,-1.507,0,-0.069,StopLoss,"ORB5 고가 145,800 돌파 (범위 3.8%)","손절 (143,900)",9.53,1.64,1,172.2,1.282,2.89,1,9,1.5,4.0,1.5,1.2,False
000270#331-20260225151217,000270,기아,종가베팅,FullAuto,Paper,Backtest,2026-02-25 15:12:17,2026-02-25 15:12:17,2026-02-26 10:00:00,1127.7,3,196700,199366.67,190800,2.999,6627,1.123,0.37,2.186,-1.322,0,-0.116,NextDayDeadline,"종가베팅: 등락 +12.7%, 고저범위 87% 위치, VWAP 194,593 위",1차 분할 익절 +2% / 익일 청산 시각 10:00,12.72,1.08,0.872,228.8,0.143,1.15,1,372,3,5,2.5,1.5,True
052690#341-20260227090522,052690,한전기술,ORB,FullAuto,Paper,Backtest,2026-02-27 09:05:22,2026-02-27 09:05:22,2026-02-27 09:06:27,1.1,6,190300,187500,187500,1.471,-19389,-1.698,-1.15,0.893,-1.471,0,0,StopLoss,"ORB5 고가 189,800 돌파 (범위 4.9%)","손절 (187,500)",11.03,2.46,1,143.0,2.137,3.16,1,5,1.5,4.0,1.5,1.2,False
034020#339-20260227090925,034020,두산에너빌리티,ORB,FullAuto,Paper,Backtest,2026-02-27 09:09:25,2026-02-27 09:09:25,2026-02-27 09:26:22,17,11,109400,107800,107800,1.463,-20328,-1.689,-1.16,0.731,-1.463,0,0,StopLoss,"ORB5 고가 109,300 돌파 (범위 3.6%)","손절 (107,800)",5.19,1.14,1,239.9,1.032,2.09,1,9,1.5,4.0,1.5,1.2,False
051910#346-20260227150000,051910,LG화학,종가베팅,FullAuto,Paper,Backtest,2026-02-27 15:00:00,2026-02-27 15:00:00,2026-03-03 09:01:00,5401,1,418750,401500,406000,3.045,-18175,-4.340,-1.43,0,-4.00,0,-1.108,StopLoss,"종가베팅: 등락 +7.4%, 고저범위 87% 위치, VWAP 413,174 위","손절 (406,000)",7.38,1.23,0.866,347.7,0.213,1.23,2,360,3,5,2.5,1.5,True
322000#348-20260303090525,322000,HD현대에너지솔루션,ORB,FullAuto,Paper,Backtest,2026-03-03 09:05:25,2026-03-03 09:05:25,2026-03-03 09:06:25,1,11,110300,108600,108700,1.451,-21449,-1.768,-1.22,1.269,-1.541,0,-0.092,StopLoss,"ORB5 고가 110,000 돌파 (범위 4.7%)","손절 (108,700)",6.06,2.38,1,259.6,2.690,1.33,1,5,1.5,4.0,1.5,1.2,False
010170#350-20260303090505,010170,대한광통신,ORB,FullAuto,Paper,Backtest,2026-03-03 09:05:05,2026-03-03 09:05:05,2026-03-03 09:07:30,2.4,268,4760,4857.5,4690,1.471,23142,1.814,1.23,2.731,-1.261,0,-0.051,Trailing,"ORB5 고가 4,755 돌파 (범위 9.9%)","1차 분할 익절 +2.0% / 트레일링 (4,830)",10.83,3.12,1,151.8,2.784,0.86,1,5,1.5,4.0,1.5,1.2,False
103140#356-20260304090527,103140,풍산,ORB,FullAuto,Paper,Backtest,2026-03-04 09:05:27,2026-03-04 09:05:27,2026-03-04 09:06:22,0.9,8,158400,156100.0,156100,1.452,-21274,-1.679,-1.16,0.505,-1.452,0,0.0,StopLoss,"ORB5 고가 158,300 돌파 (범위 4.8%)","손절 (156,100)",11.94,1.73,1,148.2,2.462,2.52,1,5,1.5,4.0,1.5,1.2,False
128820#358-20260304090520,128820,대성산업,ORB,FullAuto,Paper,Backtest,2026-03-04 09:05:20,2026-03-04 09:05:20,2026-03-04 09:08:20,3,111,11610,11996.22,11440,1.464,39818,3.090,2.11,4.565,0,0,-0.083,TakeProfit,"ORB5 고가 11,600 돌파 (범위 6.7%)",1차 분할 익절 +2.0% / 목표 익절 +4.0%,6.81,2.68,1,174.0,3.302,1.72,1,5,1.5,4.0,1.5,1.2,False
066570#365-20260305090525,066570,LG전자,ORB,FullAuto,Paper,Backtest,2026-03-05 09:05:25,2026-03-05 09:05:25,2026-03-05 09:07:30,2.1,7,120300,117700,117800,2.078,-20096,-2.386,-1.15,0.249,-2.161,0,-0.085,StopLoss,"ORB5 고가 120,200 돌파 (범위 2.0%)","손절 (117,800)",4.43,0.75,1,639.7,0.776,1.33,1,5,1.5,4.0,1.5,1.2,False
005930#366-20260305090522,005930,삼성전자,ORB,FullAuto,Paper,Backtest,2026-03-05 09:05:22,2026-03-05 09:05:22,2026-03-05 09:25:22,20,4,195500,197300,191200,2.199,5387,0.689,0.31,0.972,-1.637,0,-0.051,TimeStop,"ORB5 고가 195,300 돌파 (범위 2.1%)",타임스탑 20분,7.65,0.58,1,712.1,0.784,1.24,1,5,1.5,4.0,1.5,1.2,False
086520#372-20260305150000,086520,에코프로,종가베팅,FullAuto,Paper,Backtest,2026-03-05 15:00:00,2026-03-05 15:00:00,2026-03-05 15:10:25,10.4,3,167900,162800,162900,2.978,-16424,-3.261,-1.09,0.119,-3.038,0,-0.061,StopLoss,"종가베팅: 등락 +16.4%, 고저범위 94% 위치, VWAP 159,745 위","손절 (162,900)",16.45,5.04,0.943,196.3,0.430,1.00,1,360,3,5,2.5,1.5,True
010950#374-20260305150100,010950,S-Oil,종가베팅,FullAuto,Paper,Backtest,2026-03-05 15:01:00,2026-03-05 15:01:00,2026-03-06 09:01:00,1080,5,131500,141700,127600,2.966,49379,7.510,2.53,7.757,-0.989,0,0,TakeProfit,"종가베팅: 등락 +11.0%, 고저범위 91% 위치, VWAP 126,372 위",목표 익절 +5%,10.98,3.98,0.911,227.2,0.484,1.90,1,361,3,5,2.5,1.5,True
322000#377-20260306090522,322000,HD현대에너지솔루션,ORB,FullAuto,Paper,Backtest,2026-03-06 09:05:22,2026-03-06 09:05:22,2026-03-06 09:08:25,3,13,99800,101800,98400,1.403,22964,1.770,1.26,3.507,0,0,-0.151,Trailing,"ORB5 고가 99,100 돌파 (범위 7.3%)","1차 분할 익절 +2.0% / 트레일링 (102,000)",10.77,3.37,1,195.6,3.440,1.73,1,5,1.5,4.0,1.5,1.2,False
032820#376-20260306092425,032820,우리기술,ORB,FullAuto,Paper,Backtest,2026-03-06 09:24:25,2026-03-06 09:24:25,2026-03-06 09:25:30,1.1,71,18010,17740,17740,1.499,-22068,-1.726,-1.15,0.777,-1.499,0,0,StopLoss,"ORB5 고가 17,980 돌파 (범위 5.6%)","손절 (17,740)",8.62,2.98,1,139.2,1.249,8.20,1,24,1.5,4.0,1.5,1.2,False
000720#383-20260306150000,000720,현대건설,종가베팅,FullAuto,Paper,Backtest,2026-03-06 15:00:00,2026-03-06 15:00:00,2026-03-09 09:01:00,3961,4,154600,147400,150000,2.975,-30159,-4.877,-1.64,1.876,-4.657,0,-1.733,StopLoss,"종가베팅: 등락 +5.9%, 고저범위 82% 위치, VWAP 147,409 위","손절 (150,000)",5.89,4.81,0.821,227.4,0.851,2.93,1,360,3,5,2.5,1.5,True
047050#385-20260309090527,047050,포스코인터내셔널,ORB,FullAuto,Paper,Backtest,2026-03-09 09:05:27,2026-03-09 09:05:27,2026-03-09 09:06:25,1,15,83000,81500,81800,1.446,-25314,-2.033,-1.41,1.084,-1.807,0,-0.367,StopLoss,"ORB5 고가 82,800 돌파 (범위 5.7%)","손절 (81,800)",15.12,2.46,1,149.0,2.169,1.31,1,5,1.5,4.0,1.5,1.2,False
322000#387-20260309091127,322000,HD현대에너지솔루션,ORB,FullAuto,Paper,Backtest,2026-03-09 09:11:27,2026-03-09 09:11:27,2026-03-09 09:12:20,0.9,10,124200,122200,122400,1.449,-22813,-1.837,-1.27,0.483,-1.610,0,-0.163,StopLoss,"ORB5 고가 124,000 돌파 (범위 8.7%)","손절 (122,400)",6.06,4.04,1,178.7,2.791,1.22,1,11,1.5,4.0,1.5,1.2,False
034020#384-20260306150000,034020,두산에너빌리티,종가베팅,FullAuto,Paper,Backtest,2026-03-06 15:00:00,2026-03-06 15:00:00,2026-03-09 09:54:30,4014.5,6,97700,97250,94800,2.968,-4038,-0.689,-0.23,2.149,-2.968,0,-0.050,StopLoss,"종가베팅: 등락 +6.0%, 고저범위 97% 위치, VWAP 93,752 위","1차 분할 익절 +2% / 손절 (94,800)",5.97,4.21,0.968,355.7,0.417,1.29,1,360,3,5,2.5,1.5,True
043260#395-20260309150022,043260,성호전자,종가베팅,FullAuto,Paper,Backtest,2026-03-09 15:00:22,2026-03-09 15:00:22,2026-03-10 09:01:00,1080.6,16,38850,40950,37700,2.960,32099,5.164,1.74,5.534,-2.317,0,-0.122,TakeProfit,"종가베팅: 등락 +3.3%, 고저범위 98% 위치, VWAP 36,762 위",목표 익절 +5%,3.32,5.68,0.976,125.0,0.533,3.51,1,360,3,5,2.5,1.5,True
032820#397-20260310090527,032820,우리기술,ORB,FullAuto,Paper,Backtest,2026-03-10 09:05:27,2026-03-10 09:05:27,2026-03-10 09:06:12,0.8,71,18570,18300,18300,1.454,-22159,-1.681,-1.16,0.431,-1.454,0,0,StopLoss,"ORB5 고가 18,550 돌파 (범위 3.6%)","손절 (18,300)",7.34,1.86,1,148.1,2.064,2.76,1,5,1.5,4.0,1.5,1.2,False
034020#396-20260310091830,034020,두산에너빌리티,ORB,FullAuto,Paper,Backtest,2026-03-10 09:18:30,2026-03-10 09:18:30,2026-03-10 10:07:30,49,12,102800,103200,101300,1.459,1954,0.158,0.11,1.654,-0.292,0,0,Trailing,"ORB5 고가 102,600 돌파 (범위 2.7%)","트레일링 (103,200)",9.95,1.42,1,298.0,0.757,6.27,1,18,1.5,4.0,1.5,1.2,False
089030#403-20260311090507,089030,테크윙,ORB,FullAuto,Paper,Backtest,2026-03-11 09:05:07,2026-03-11 09:05:07,2026-03-11 09:05:27,0.3,18,72500,71400,71500,1.379,-22757,-1.744,-1.26,0.414,-1.517,0,-0.140,StopLoss,"ORB5 고가 72,400 돌파 (범위 8.4%)","손절 (71,500)",8.53,3.43,1,246.0,2.621,1.57,1,5,1.5,4.0,1.5,1.2,False
001510#402-20260311090527,001510,SK증권,ORB,FullAuto,Paper,Backtest,2026-03-11 09:05:27,2026-03-11 09:05:27,2026-03-11 09:07:25,2,308,4085,4015,4025,1.469,-24406,-1.940,-1.32,1.224,-1.714,0,-0.248,StopLoss,"ORB5 고가 4,074 돌파 (범위 7.8%)","손절 (4,025)",13.98,2.93,1,198.8,2.725,2.29,1,5,1.5,4.0,1.5,1.2,False
042660#406-20260311091727,042660,한화오션,ORB,FullAuto,Paper,Backtest,2026-03-11 09:17:27,2026-03-11 09:17:27,2026-03-11 09:23:25,6,9,136300,136700,134300,1.467,772,0.063,0.04,1.614,0,0,-0.073,Trailing,"ORB5 고가 136,000 돌파 (범위 4.3%)","트레일링 (136,800)",8.69,1.70,1,254.6,0.917,7.38,1,17,1.5,4.0,1.5,1.2,False
015750#407-20260311093525,015750,성우하이텍,ORB,FullAuto,Paper,Backtest,2026-03-11 09:35:25,2026-03-11 09:35:25,2026-03-11 09:49:27,14,111,11400,11746.04,11230,1.491,35420,2.799,1.88,4.123,-0.877,0,-0.085,TakeProfit,"ORB5 고가 11,390 돌파 (범위 6.3%)",1차 분할 익절 +2.0% / 목표 익절 +4.0%,14.11,2.46,1,181.1,0.802,4.98,1,35,1.5,4.0,1.5,1.2,False
456160#417-20260312150000,456160,지투지바이오,종가베팅,FullAuto,Paper,Backtest,2026-03-12 15:00:00,2026-03-12 15:00:00,2026-03-13 09:01:00,1081,5,114200,109400,110800,2.977,-25261,-4.424,-1.49,0.175,-4.116,0,-1.264,StopLoss,"종가베팅: 등락 +9.1%, 고저범위 87% 위치, VWAP 110,683 위","손절 (110,800)",9.07,3.18,0.868,177.6,0.801,0.46,1,360,3,5,2.5,1.5,True
0009K0#416-20260312150000,0009K0,에임드바이오,종가베팅,FullAuto,Paper,Backtest,2026-03-12 15:00:00,2026-03-12 15:00:00,2026-03-13 09:01:00,1081,9,71000,68200,68900,2.958,-26614,-4.165,-1.41,0.986,-3.944,0,-1.016,StopLoss,"종가베팅: 등락 +8.2%, 고저범위 90% 위치, VWAP 69,186 위","손절 (68,900)",8.23,2.62,0.903,373.4,0.584,0.48,1,360,3,5,2.5,1.5,True
046120#418-20260313090505,046120,오르비텍,ORB,FullAuto,Paper,Backtest,2026-03-13 09:05:05,2026-03-13 09:05:05,2026-03-13 09:05:22,0.3,143,8810,8810,8680,1.476,-2895,-0.230,-0.16,1.476,0,0,-0.339,BreakEven,"ORB5 고가 8,800 돌파 (범위 8.5%)","본절 (8,840)",7.97,4.08,1,115.4,3.632,0.75,1,5,1.5,4.0,1.5,1.2,False
025860#419-20260313090520,025860,남해화학,ORB,FullAuto,Paper,Backtest,2026-03-13 09:05:20,2026-03-13 09:05:20,2026-03-13 09:05:30,0.2,125,10340,10675.92,10190,1.451,38930,3.012,2.08,4.449,0,0,-0.094,TakeProfit,"ORB5 고가 10,300 돌파 (범위 6.2%)",1차 분할 익절 +2.0% / 목표 익절 +4.0%,18.44,2.91,1,187.6,4.255,2.89,1,5,1.5,4.0,1.5,1.2,False
475150#422-20260313090620,475150,SK이터닉스,ORB,FullAuto,Paper,Backtest,2026-03-13 09:06:20,2026-03-13 09:06:20,2026-03-13 09:07:25,1.1,30,40450,41775,39850,1.483,36875,3.039,2.05,4.203,0,0,-0.120,TakeProfit,"ORB5 고가 40,400 돌파 (범위 3.6%)",1차 분할 익절 +2.0% / 목표 익절 +4.0%,8.30,1.53,1,177.0,2.225,4.08,1,6,1.5,4.0,1.5,1.2,False
005860#421-20260313090805,005860,한일사료,ORB,FullAuto,Paper,Backtest,2026-03-13 09:08:05,2026-03-13 09:08:05,2026-03-13 09:10:02,2,286,4550,4632.5,4485,1.429,20555,1.580,1.11,2.527,-1.099,0,-0.054,Trailing,"ORB5 고가 4,545 돌파 (범위 9.9%)","1차 분할 익절 +2.0% / 트레일링 (4,605)",16.97,3.27,1,120.8,2.945,0.34,1,8,1.5,4.0,1.5,1.2,False
226950#428-20260313150000,226950,올릭스,종가베팅,FullAuto,Paper,Backtest,2026-03-13 15:00:00,2026-03-13 15:00:00,2026-03-16 09:10:30,3970.5,3,196700,190700,190800,2.999,-19317,-3.274,-1.09,0.915,-3.050,0,-0.052,StopLoss,"종가베팅: 등락 +8.6%, 고저범위 83% 위치, VWAP 192,027 위","손절 (190,800)",8.62,2.38,0.832,363.9,0.240,0.34,1,360,3,5,2.5,1.5,True
008350#431-20260316093415,008350,남선알미늄,ORB,FullAuto,Paper,Backtest,2026-03-16 09:34:15,2026-03-16 09:34:15,2026-03-16 09:34:27,0.2,743,1756,1726.00,1730,1.481,-25241,-1.935,-1.31,0,-1.708,0,-0.231,StopLoss,"ORB5 고가 1,754 돌파 (범위 10.0%)","손절 (1,730)",16.60,4.14,1,154.1,1.338,5.20,1,34,1.5,4.0,1.5,1.2,False
050890#430-20260313150000,050890,쏠리드,종가베팅,FullAuto,Paper,Backtest,2026-03-13 15:00:00,2026-03-13 15:00:00,2026-03-16 10:00:00,4020,51,12930,12720,12550,2.939,-12202,-1.850,-0.63,0.309,-1.779,0,-0.079,NextDayDeadline,"종가베팅: 등락 +4.2%, 고저범위 92% 위치, VWAP 12,521 위",익일 청산 시각 10:00,4.19,3.19,0.92,320.6,0.365,2.39,1,360,3,5,2.5,1.5,True
027360#440-20260317090522,027360,아주IB투자,ORB,FullAuto,Paper,Backtest,2026-03-17 09:05:22,2026-03-17 09:05:22,2026-03-17 09:08:20,3,181,6920,7135.36,6820,1.445,36018,2.876,1.99,4.191,0,0,-0.140,TakeProfit,"ORB5 고가 6,870 돌파 (범위 6.7%)",1차 분할 익절 +2.0% / 목표 익절 +4.0%,9.32,2.93,1,211.5,2.168,3.43,1,5,1.5,4.0,1.5,1.2,False
322000#438-20260317090530,322000,HD현대에너지솔루션,ORB,FullAuto,Paper,Backtest,2026-03-17 09:05:30,2026-03-17 09:05:30,2026-03-17 09:08:22,2.9,10,131800,132600,129900,1.442,4953,0.376,0.26,1.897,0,0,0,Trailing,"ORB5 고가 131,600 돌파 (범위 9.8%)","트레일링 (132,600)",10.39,3.60,1,317.2,2.959,1.77,1,6,1.5,4.0,1.5,1.2,False
047040#441-20260317091330,047040,대우건설,ORB,FullAuto,Paper,Backtest,2026-03-17 09:13:30,2026-03-17 09:13:30,2026-03-17 09:17:22,3.9,105,12600,12799.52,12420,1.429,17864,1.350,0.95,2.460,-0.714,0,-0.039,Trailing,"ORB5 고가 12,580 돌파 (범위 4.6%)","1차 분할 익절 +2.0% / 트레일링 (12,750)",5.18,1.90,1,156.8,1.400,2.42,1,14,1.5,4.0,1.5,1.2,False
006910#443-20260317092125,006910,보성파워텍,ORB,FullAuto,Paper,Backtest,2026-03-17 09:21:25,2026-03-17 09:21:25,2026-03-17 09:23:25,2,100,12720,12895.00,12530,1.494,14538,1.143,0.77,2.044,0,0,-0.039,Trailing,"ORB5 고가 12,680 돌파 (범위 2.7%)","1차 분할 익절 +2.0% / 트레일링 (12,820)",5.21,2.17,1,215.9,1.044,7.97,1,21,1.5,4.0,1.5,1.2,False
009150#448-20260317150000,009150,삼성전기,종가베팅,FullAuto,Paper,Backtest,2026-03-17 15:00:00,2026-03-17 15:00:00,2026-03-18 09:01:25,1081.4,1,450500,456000,437000,2.997,4453,0.988,0.33,2.997,-1.665,0,-0.219,Trailing,"종가베팅: 등락 +8.3%, 고저범위 89% 위치, VWAP 437,256 위","트레일링 (457,000)",8.30,2.91,0.889,357.4,0.540,0.55,1,360,3,5,2.5,1.5,True
475150#447-20260317150000,475150,SK이터닉스,종가베팅,FullAuto,Paper,Backtest,2026-03-17 15:00:00,2026-03-17 15:00:00,2026-03-18 09:02:22,1082.4,16,41250,42825.0,40050,2.909,23631,3.580,1.23,4.848,-2.303,0,-0.059,Trailing,"종가베팅: 등락 +7.2%, 고저범위 83% 위치, VWAP 40,296 위","1차 분할 익절 +2% / 트레일링 (42,600)",7.15,2.24,0.829,297.0,0.806,0.32,1,360,3,5,2.5,1.5,True
403870#449-20260318090527,403870,HPSP,ORB,FullAuto,Paper,Backtest,2026-03-18 09:05:27,2026-03-18 09:05:27,2026-03-18 09:10:25,5,26,46750,48250,46050,1.497,36122,2.972,1.98,4.385,0,0,-0.104,TakeProfit,"ORB5 고가 46,650 돌파 (범위 3.7%)",1차 분할 익절 +2.0% / 목표 익절 +4.0%,6.13,1.49,1,459.9,1.105,2.07,1,5,1.5,4.0,1.5,1.2,False
445680#450-20260318090622,445680,큐리옥스바이오시스템즈,ORB,FullAuto,Paper,Backtest,2026-03-18 09:06:22,2026-03-18 09:06:22,2026-03-18 09:11:22,5,10,126200,128500,124400,1.426,20050,1.589,1.11,3.011,-1.189,0,-0.078,Trailing,"ORB5 고가 125,700 돌파 (범위 4.5%)","1차 분할 익절 +2.0% / 트레일링 (128,400)",9.17,1.94,1,199.9,2.754,4.93,1,6,1.5,4.0,1.5,1.2,False
055550#456-20260318150000,055550,신한지주,종가베팅,FullAuto,Paper,Backtest,2026-03-18 15:00:00,2026-03-18 15:00:00,2026-03-19 09:01:07,1081.1,6,95400,92600.0,92600,2.935,-18079,-3.158,-1.08,0.105,-2.935,0,0.0,StopLoss,"종가베팅: 등락 +4.3%, 고저범위 97% 위치, VWAP 94,122 위","손절 (92,600)",4.26,1.36,0.971,481.4,0.187,1.98,1,360,3,5,2.5,1.5,True
140410#459-20260319090522,140410,메지온,ORB,FullAuto,Paper,Backtest,2026-03-19 09:05:22,2026-03-19 09:05:22,2026-03-19 09:08:30,3.1,15,86200,88853.33,85000,1.392,36743,2.842,2.04,4.060,0,0,-0.112,TakeProfit,"ORB5 고가 86,000 돌파 (범위 7.1%)",1차 분할 익절 +2.0% / 목표 익절 +4.0%,7.21,3.16,1,414.4,2.784,2.45,1,5,1.5,4.0,1.5,1.2,False
033160#460-20260319091022,033160,엠케이전자,ORB,FullAuto,Paper,Backtest,2026-03-19 09:10:22,2026-03-19 09:10:22,2026-03-19 09:12:22,2,84,15750,16000.0,15520,1.460,17914,1.354,0.93,2.603,0,0,-0.125,Trailing,"ORB5 고가 15,700 돌파 (범위 6.4%)","1차 분할 익절 +2.0% / 트레일링 (15,960)",9.00,2.25,1,161.7,1.873,2.62,1,10,1.5,4.0,1.5,1.2,False
010120#457-20260318150000,010120,LS ELECTRIC,종가베팅,FullAuto,Paper,Backtest,2026-03-18 15:00:00,2026-03-18 15:00:00,2026-03-19 10:00:00,1140,4,166400,166900,161500,2.945,466,0.070,0.02,1.683,-1.683,0,-0.060,NextDayDeadline,"종가베팅: 등락 +7.9%, 고저범위 87% 위치, VWAP 163,536 위",익일 청산 시각 10:00,7.91,1.75,0.873,354.4,0.215,1.25,1,360,3,5,2.5,1.5,True
010170#467-20260319150000,010170,대한광통신,종가베팅,FullAuto,Paper,Backtest,2026-03-19 15:00:00,2026-03-19 15:00:00,2026-03-20 09:01:00,1081,92,7290,7770,7080,2.881,42524,6.340,2.20,6.584,-0.686,0,0,TakeProfit,"종가베팅: 등락 +3.7%, 고저범위 78% 위치, VWAP 7,234 위",목표 익절 +5%,3.70,0.77,0.784,1922.7,0.245,1.77,1,360,3,5,2.5,1.5,True
356860#466-20260319150000,356860,티엘비,종가베팅,FullAuto,Paper,Backtest,2026-03-19 15:00:00,2026-03-19 15:00:00,2026-03-20 09:04:30,1084.5,17,38049,36857,36900,3.020,-21707,-3.356,-1.11,0.660,-3.133,0,-0.117,StopLoss,"종가베팅: 등락 +6.7%, 고저범위 90% 위치, VWAP 36,521 위","손절 (36,900)",6.68,4.18,0.902,244.5,0.594,0.92,2,360,3,5,2.5,1.5,True
036930#469-20260320090522,036930,주성엔지니어링,ORB,FullAuto,Paper,Backtest,2026-03-20 09:05:22,2026-03-20 09:05:22,2026-03-20 09:08:22,3,18,69800,69900.0,68800,1.433,-1092,-0.087,-0.06,1.433,-0.573,0,-0.143,BreakEven,"ORB5 고가 69,700 돌파 (범위 3.7%)","본절 (70,000)",14.43,1.77,1,157.5,3.009,1.67,1,5,1.5,4.0,1.5,1.2,False
047040#470-20260320090820,047040,대우건설,ORB,FullAuto,Paper,Backtest,2026-03-20 09:08:20,2026-03-20 09:08:20,2026-03-20 09:09:20,1,75,17510,17748.27,17250,1.485,14813,1.128,0.76,2.170,0,0,-0.171,Trailing,"ORB5 고가 17,430 돌파 (범위 3.5%)","1차 분할 익절 +2.0% / 트레일링 (17,670)",8.29,1.95,1,144.2,1.618,3.33,1,8,1.5,4.0,1.5,1.2,False
047050#472-20260320095322,047050,포스코인터내셔널,ORB,FullAuto,Paper,Backtest,2026-03-20 09:53:22,2026-03-20 09:53:22,2026-03-20 10:01:30,8.1,17,78100,78400,77000,1.408,2037,0.153,0.11,1.665,-0.128,0,0,Trailing,"ORB5 고가 78,000 돌파 (범위 5.0%)","트레일링 (78,400)",7.13,1.96,1,242.3,0.658,6.86,1,53,1.5,4.0,1.5,1.2,False
178320#476-20260320150917,178320,서진시스템,종가베팅,FullAuto,Paper,Backtest,2026-03-20 15:09:17,2026-03-20 15:09:17,2026-03-23 09:01:00,3951.7,13,48600,46500,47150,2.984,-28693,-4.541,-1.52,0,-4.321,0,-1.379,StopLoss,"종가베팅: 등락 +7.0%, 고저범위 78% 위치, VWAP 47,708 위","손절 (47,150)",7.05,1.87,0.780,263.0,0.434,0.88,1,369,3,5,2.5,1.5,True
047040#474-20260320150000,047040,대우건설,종가베팅,FullAuto,Paper,Backtest,2026-03-20 15:00:00,2026-03-20 15:00:00,2026-03-23 09:01:07,3961.1,35,18800,19730,18240,2.979,30970,4.707,1.58,5.00,-0.053,0,-0.026,TakeProfit,"종가베팅: 등락 +16.3%, 고저범위 76% 위치, VWAP 18,428 위",1차 분할 익절 +2% / 목표 익절 +5%,16.26,2.02,0.757,186.8,0.494,0.59,1,360,3,5,2.5,1.5,True
322000#478-20260323092125,322000,HD현대에너지솔루션,ORB,FullAuto,Paper,Backtest,2026-03-23 09:21:25,2026-03-23 09:21:25,2026-03-23 09:24:20,2.9,9,141100,143544.44,139000,1.488,19035,1.499,1.01,3.047,0,0,-0.224,Trailing,"ORB5 고가 140,500 돌파 (범위 4.5%)","1차 분할 익절 +2.0% / 트레일링 (143,600)",7.71,2.70,1,190.3,1.261,9.84,1,21,1.5,4.0,1.5,1.2,False
047040#485-20260324090520,047040,대우건설,ORB,FullAuto,Paper,Backtest,2026-03-24 09:05:20,2026-03-24 09:05:20,2026-03-24 09:08:30,3.2,70,19100,18820,18820,1.466,-22631,-1.693,-1.15,1.414,-1.466,0,0,StopLoss,"ORB5 고가 19,060 돌파 (범위 5.0%)","손절 (18,820)",11.96,2.64,1,286.9,2.112,2.49,1,5,1.5,4.0,1.5,1.2,False
036930#487-20260324090722,036930,주성엔지니어링,ORB,FullAuto,Paper,Backtest,2026-03-24 09:07:22,2026-03-24 09:07:22,2026-03-24 09:08:30,1.1,17,77100,77300,76000,1.427,379,0.029,0.02,1.686,0,0,-0.129,Trailing,"ORB5 고가 77,000 돌파 (범위 3.5%)","트레일링 (77,400)",7.83,1.54,1,231.6,1.634,3.14,1,7,1.5,4.0,1.5,1.2,False
001510#488-20260324091527,001510,SK증권,ORB,FullAuto,Paper,Backtest,2026-03-24 09:15:27,2026-03-24 09:15:27,2026-03-24 09:19:20,3.9,256,5150,5245,5080,1.359,21239,1.611,1.19,3.107,-0.777,0,-0.095,Trailing,"ORB5 고가 5,146 돌파 (범위 3.6%)","1차 분할 익절 +2.0% / 트레일링 (5,240)",8.31,2.46,1,216.7,1.631,3.55,1,15,1.5,4.0,1.5,1.2,False
263750#496-20260325090520,263750,펄어비스,ORB,FullAuto,Paper,Backtest,2026-03-25 09:05:20,2026-03-25 09:05:20,2026-03-25 09:09:25,4.1,29,46500,47474.14,45850,1.398,25091,1.861,1.33,3.548,0,0,-0.160,Trailing,"ORB5 고가 46,400 돌파 (범위 4.4%)","1차 분할 익절 +2.0% / 트레일링 (47,550)",6.90,1.76,1,712.6,1.505,2.49,1,5,1.5,4.0,1.5,1.2,False
348370#498-20260325091425,348370,엔켐,ORB,FullAuto,Paper,Backtest,2026-03-25 09:14:25,2026-03-25 09:14:25,2026-03-25 09:16:22,2,37,35000,35100.0,34500,1.429,715,0.055,0.04,1.429,-0.429,0,0.0,BreakEven,"ORB5 고가 34,950 돌파 (범위 6.4%)","본절 (35,100)",16.86,2.38,1,220.4,1.798,4.48,1,14,1.5,4.0,1.5,1.2,False
489790#497-20260325092330,489790,한화비전,ORB,FullAuto,Paper,Backtest,2026-03-25 09:23:30,2026-03-25 09:23:30,2026-03-25 09:29:30,6,14,93000,94200,91700,1.398,13772,1.058,0.76,2.151,-0.645,0,-0.159,Trailing,"ORB5 고가 92,900 돌파 (범위 6.3%)","1차 분할 익절 +2.0% / 트레일링 (93,800)",7.64,1.97,1,189.7,1.045,2.21,1,24,1.5,4.0,1.5,1.2,False
272210#493-20260324150000,272210,한화시스템,종가베팅,FullAuto,Paper,Backtest,2026-03-24 15:00:00,2026-03-24 15:00:00,2026-03-25 09:54:30,1134.5,5,127500,129400,123700,2.980,8014,1.257,0.42,2.745,-1.882,0,-0.031,Trailing,"종가베팅: 등락 +6.3%, 고저범위 93% 위치, VWAP 125,034 위","1차 분할 익절 +2% / 트레일링 (129,000)",6.25,1.97,0.928,862.8,0.185,0.43,1,360,3,5,2.5,1.5,True
218410#502-20260325150000,218410,RFHIC,종가베팅,FullAuto,Paper,Backtest,2026-03-25 15:00:00,2026-03-25 15:00:00,2026-03-26 09:04:30,1084.5,7,87700,85100,85100,2.965,-19572,-3.188,-1.08,1.140,-2.965,0,0,StopLoss,"종가베팅: 등락 +14.5%, 고저범위 80% 위치, VWAP 86,251 위","손절 (85,100)",14.49,1.68,0.795,336.6,0.501,0.34,1,360,3,5,2.5,1.5,True
038110#506-20260326090525,038110,에코플라스틱,ORB,FullAuto,Paper,Backtest,2026-03-26 09:05:25,2026-03-26 09:05:25,2026-03-26 09:08:25,3,343,3855,3975.13,3800,1.427,38079,2.880,2.02,4.410,0,0,-0.126,TakeProfit,"ORB5 고가 3,850 돌파 (범위 7.2%)",1차 분할 익절 +2.0% / 목표 익절 +4.0%,10.30,2.85,1,382.7,2.291,2.70,1,5,1.5,4.0,1.5,1.2,False
322000#505-20260326090630,322000,HD현대에너지솔루션,ORB,FullAuto,Paper,Backtest,2026-03-26 09:06:30,2026-03-26 09:06:30,2026-03-26 09:10:12,3.7,9,138300,136200,136300,1.446,-21720,-1.745,-1.21,0.651,-1.518,0,-0.073,StopLoss,"ORB5 고가 137,800 돌파 (범위 8.1%)","손절 (136,300)",9.07,2.84,1,194.0,2.061,2.19,1,6,1.5,4.0,1.5,1.2,False
348370#510-20260326150000,348370,엔켐,종가베팅,FullAuto,Paper,Backtest,2026-03-26 15:00:00,2026-03-26 15:00:00,2026-03-27 09:01:00,1081,14,45550,42200,44200,2.964,-48264,-7.568,-2.55,2.086,-7.355,0,-4.525,StopLoss,"종가베팅: 등락 +17.1%, 고저범위 82% 위치, VWAP 44,188 위","손절 (44,200)",17.10,3.08,0.818,199.1,1.411,0.37,1,360,3,5,2.5,1.5,True
078600#511-20260326150122,078600,대주전자재료,종가베팅,FullAuto,Paper,Backtest,2026-03-26 15:01:22,2026-03-26 15:01:22,2026-03-27 09:01:00,1079.6,5,133800,129400,129800,2.990,-23491,-3.511,-1.17,0.374,-3.214,0,-0.308,StopLoss,"종가베팅: 등락 +4.7%, 고저범위 75% 위치, VWAP 131,991 위","손절 (129,800)",4.69,1.37,0.752,283.8,0.278,1.39,1,361,3,5,2.5,1.5,True
014160#514-20260327090522,014160,대영포장,ORB,FullAuto,Paper,Backtest,2026-03-27 09:05:22,2026-03-27 09:05:22,2026-03-27 09:06:25,1,856,1559,1570,1536,1.475,6328,0.474,0.32,1.988,0,0,0,Trailing,"ORB5 고가 1,550 돌파 (범위 5.2%)","트레일링 (1,570)",10.65,2.53,1,302.4,3.913,2.06,1,5,1.5,4.0,1.5,1.2,False
038110#513-20260327090725,038110,에코플라스틱,ORB,FullAuto,Paper,Backtest,2026-03-27 09:07:25,2026-03-27 09:07:25,2026-03-27 09:08:25,1,274,4710,4730.00,4640,1.486,2501,0.194,0.13,1.911,0,0,-0.211,Trailing,"ORB5 고가 4,685 돌파 (범위 8.1%)","트레일링 (4,740)",11.35,3.71,1,251.9,2.590,2.32,1,7,1.5,4.0,1.5,1.2,False
006400#522-20260327150030,006400,삼성SDI,종가베팅,FullAuto,Paper,Backtest,2026-03-27 15:00:30,2026-03-27 15:00:30,2026-03-30 09:01:00,3960.5,1,404000,388500,392000,2.970,-16395,-4.058,-1.37,0,-3.713,0,-0.893,StopLoss,"종가베팅: 등락 +3.1%, 고저범위 85% 위치, VWAP 393,582 위","손절 (392,000)",3.06,2.65,0.853,475.5,0.212,2.01,1,360,3,5,2.5,1.5,True
006800#521-20260327150000,006800,미래에셋증권,종가베팅,FullAuto,Paper,Backtest,2026-03-27 15:00:00,2026-03-27 15:00:00,2026-03-30 09:01:00,3961,9,66600,63000,64600,3.003,-33708,-5.624,-1.87,0.450,-5.255,0,-2.477,StopLoss,"종가베팅: 등락 +3.1%, 고저범위 88% 위치, VWAP 64,975 위","손절 (64,600)",3.10,2.50,0.875,224.6,0.311,1.11,1,360,3,5,2.5,1.5,True
161000#525-20260330090625,161000,애경케미칼,ORB,FullAuto,Paper,Backtest,2026-03-30 09:06:25,2026-03-30 09:06:25,2026-03-30 09:09:12,2.8,102,13220,13630,13030,1.437,38630,2.865,1.99,4.085,0,0,-0.073,TakeProfit,"ORB5 고가 13,200 돌파 (범위 3.9%)",1차 분할 익절 +2.0% / 목표 익절 +4.0%,14.86,1.10,1,150.8,2.288,3.86,1,6,1.5,4.0,1.5,1.2,False
289080#524-20260330092830,289080,SV인베스트먼트,ORB,FullAuto,Paper,Backtest,2026-03-30 09:28:30,2026-03-30 09:28:30,2026-03-30 09:28:45,0.2,272,4980,4900,4910,1.406,-24827,-1.833,-1.30,0,-1.606,0,-0.204,StopLoss,"ORB5 고가 4,960 돌파 (범위 5.2%)","손절 (4,910)",9.45,3.34,1,142.0,1.786,3.94,1,28,1.5,4.0,1.5,1.2,False
375500#533-20260330150317,375500,DL이앤씨,종가베팅,FullAuto,Paper,Backtest,2026-03-30 15:03:17,2026-03-30 15:03:17,2026-03-31 09:01:30,1078.2,9,69000,71688.89,67000,2.899,22722,3.659,1.26,4.928,-0.870,0,-0.078,Trailing,"종가베팅: 등락 +4.9%, 고저범위 86% 위치, VWAP 65,621 위","1차 분할 익절 +2% / 트레일링 (71,300)",4.86,5.15,0.863,261.9,0.487,2.45,1,363,3,5,2.5,1.5,True
425040#534-20260331091730,425040,티이엠씨,ORB,FullAuto,Paper,Backtest,2026-03-31 09:17:30,2026-03-31 09:17:30,2026-03-31 09:18:12,0.7,92,14050,13810,13840,1.495,-25004,-1.934,-1.29,0,-1.708,0,-0.217,StopLoss,"ORB5 고가 14,040 돌파 (범위 6.4%)","손절 (13,840)",8.33,2.16,1,153.1,1.662,3.08,1,18,1.5,4.0,1.5,1.2,False
047040#541-20260401090517,047040,대우건설,ORB,FullAuto,Paper,Backtest,2026-04-01 09:05:17,2026-04-01 09:05:17,2026-04-01 09:08:27,3.2,75,17480,17854.93,17220,1.487,25047,1.911,1.28,3.490,0,0,-0.084,Trailing,"ORB5 고가 17,440 돌파 (범위 3.6%)","1차 분할 익절 +2.0% / 트레일링 (17,870)",12.41,1.79,1,224.6,1.945,2.55,1,5,1.5,4.0,1.5,1.2,False
046970#542-20260401090727,046970,우리로,ORB,FullAuto,Paper,Backtest,2026-04-01 09:07:27,2026-04-01 09:07:27,2026-04-01 09:10:00,2.5,145,9090,9460,8960,1.430,50505,3.832,2.68,4.180,0,0,-0.106,TakeProfit,"ORB5 고가 9,060 돌파 (범위 8.5%)",목표 익절 +4.0%,8.86,4.17,1,225.6,4.532,1.66,1,7,1.5,4.0,1.5,1.2,False
001510#540-20260401091627,001510,SK증권,ORB,FullAuto,Paper,Backtest,2026-04-01 09:16:27,2026-04-01 09:16:27,2026-04-01 09:19:27,3,313,4075,4015,4015,1.472,-21672,-1.699,-1.15,0.466,-1.472,0,0,StopLoss,"ORB5 고가 4,065 돌파 (범위 4.1%)","손절 (4,015)",10.61,2.06,1,227.6,1.234,5.50,1,16,1.5,4.0,1.5,1.2,False
010170#558-20260402090505,010170,대한광통신,ORB,FullAuto,Paper,Backtest,2026-04-02 09:05:05,2026-04-02 09:05:05,2026-04-02 09:05:27,0.4,128,10620,10440,10470,1.412,-26115,-1.921,-1.36,0.942,-1.695,0,-0.287,StopLoss,"ORB5 고가 10,600 돌파 (범위 7.0%)","손절 (10,470)",12.86,3.00,1,102.6,3.296,1.04,1,5,1.5,4.0,1.5,1.2,False
066970#557-20260402090527,066970,엘앤에프,ORB,FullAuto,Paper,Backtest,2026-04-02 09:05:27,2026-04-02 09:05:27,2026-04-02 09:09:30,4,8,159600,161850,157300,1.441,15028,1.177,0.82,2.130,-0.188,0,-0.062,Trailing,"ORB5 고가 159,500 돌파 (범위 7.6%)","1차 분할 익절 +2.0% / 트레일링 (161,000)",8.94,2.24,1,167.8,1.692,1.76,1,5,1.5,4.0,1.5,1.2,False
064350#560-20260402090625,064350,현대로템,ORB,FullAuto,Paper,Backtest,2026-04-02 09:06:25,2026-04-02 09:06:25,2026-04-02 09:18:25,12,6,200000,204000.00,197400,1.300,21189,1.766,1.36,3.500,0,0,-0.123,Trailing,"ORB5 고가 199,900 돌파 (범위 3.1%)","1차 분할 익절 +2.0% / 트레일링 (204,500)",5.54,0.82,1,107.4,0.675,2.51,5,6,1.5,4.0,1.5,1.2,False
373220#556-20260401150300,373220,LG에너지솔루션,종가베팅,FullAuto,Paper,Backtest,2026-04-01 15:03:00,2026-04-01 15:03:00,2026-04-02 09:40:22,1117.4,1,409000,415000.0,397000,2.934,5047,1.234,0.42,3.056,-0.856,0,0.0,Trailing,"종가베팅: 등락 +3.4%, 고저범위 94% 위치, VWAP 401,579 위","트레일링 (415,000)",3.41,1.85,0.939,2381.2,0.271,1.43,1,363,3,5,2.5,1.5,True
050890#566-20260403090517,050890,쏠리드,ORB,FullAuto,Paper,Backtest,2026-04-03 09:05:17,2026-04-03 09:05:17,2026-04-03 09:06:27,1.2,82,16420,16690,16180,1.462,18999,1.411,0.97,2.741,0,0,-0.150,Trailing,"ORB5 고가 16,400 돌파 (범위 5.9%)","1차 분할 익절 +2.0% / 트레일링 (16,660)",8.96,2.93,1,255.4,2.010,2.44,1,5,1.5,4.0,1.5,1.2,False
028050#568-20260403090530,028050,삼성E&A,ORB,FullAuto,Paper,Backtest,2026-04-03 09:05:30,2026-04-03 09:05:30,2026-04-03 09:10:30,5,34,38075,38675,37500,1.510,17381,1.343,0.89,2.561,-0.722,0,-0.064,Trailing,"ORB5 고가 38,000 돌파 (범위 4.0%)","1차 분할 익절 +2.0% / 트레일링 (38,550)",8.48,1.76,1,360.6,1.620,1.70,2,6,1.5,4.0,1.5,1.2,False
047050#565-20260402150417,047050,포스코인터내셔널,종가베팅,FullAuto,Paper,Backtest,2026-04-02 15:04:17,2026-04-02 15:04:17,2026-04-03 09:22:30,1098.2,8,79600,80900,77300,2.889,8917,1.400,0.48,3.015,-1.508,0,-0.062,Trailing,"종가베팅: 등락 +4.5%, 고저범위 78% 위치, VWAP 78,314 위","1차 분할 익절 +2% / 트레일링 (80,700)",4.47,1.51,0.784,308.7,0.584,1.77,1,364,3,5,2.5,1.5,True
066970#573-20260403100720,066970,엘앤에프,ORB,FullAuto,Paper,Backtest,2026-04-03 10:07:20,2026-04-03 10:07:20,2026-04-03 10:42:30,35.2,7,167600,165100,165100,1.492,-20159,-1.718,-1.15,0.955,-1.492,0,0,StopLoss,"ORB5 고가 167,500 돌파 (범위 3.3%)","손절 (165,100)",4.75,2.72,1,257.6,0.452,6.85,1,67,1.5,4.0,1.5,1.2,False
028050#576-20260406090510,028050,삼성E&A,ORB,FullAuto,Paper,Backtest,2026-04-06 09:05:10,2026-04-06 09:05:10,2026-04-06 09:05:27,0.3,29,45400,44700,44750,1.432,-23283,-1.768,-1.24,0.110,-1.542,0,-0.112,StopLoss,"ORB5 고가 45,350 돌파 (범위 6.6%)","손절 (44,750)",11.96,3.01,1,145.9,2.496,0.87,1,5,1.5,4.0,1.5,1.2,False
010170#577-20260406090930,010170,대한광통신,ORB,FullAuto,Paper,Backtest,2026-04-06 09:09:30,2026-04-06 09:09:30,2026-04-06 09:10:27,1,93,14060,13820,13850,1.494,-25278,-1.933,-1.29,0,-1.707,0,-0.217,StopLoss,"ORB5 고가 14,000 돌파 (범위 9.4%)","손절 (13,850)",10.36,3.95,1,117.2,2.327,1.87,1,10,1.5,4.0,1.5,1.2,False
005930#575-20260403150000,005930,삼성전자,종가베팅,FullAuto,Paper,Backtest,2026-04-03 15:00:00,2026-04-03 15:00:00,2026-04-06 09:37:27,3997.5,3,186700,190666.67,181100,2.999,10588,1.890,0.63,3.696,-0.161,0,-0.017,Trailing,"종가베팅: 등락 +6.3%, 고저범위 89% 위치, VWAP 185,341 위","1차 분할 익절 +2% / 트레일링 (190,600)",6.32,0.73,0.889,645.7,0.134,0.62,1,360,3,5,2.5,1.5,True
034020#574-20260403150000,034020,두산에너빌리티,종가베팅,FullAuto,Paper,Backtest,2026-04-03 15:00:00,2026-04-03 15:00:00,2026-04-06 10:00:00,4020,6,97300,97700,94400,2.980,1054,0.181,0.06,1.747,-1.028,0,0,NextDayDeadline,"종가베팅: 등락 +4.9%, 고저범위 90% 위치, VWAP 96,505 위",익일 청산 시각 10:00,4.85,0.72,0.905,872.4,0.169,0.94,1,360,3,5,2.5,1.5,True
005810#585-20260406150000,005810,풍산홀딩스,종가베팅,FullAuto,Paper,Backtest,2026-04-06 15:00:00,2026-04-06 15:00:00,2026-04-07 09:01:00,1081,14,47250,54100,45850,2.963,94174,14.236,4.80,14.709,0,0,-0.185,TakeProfit,"종가베팅: 등락 +11.7%, 고저범위 100% 위치, VWAP 46,464 위",목표 익절 +5%,11.70,1.69,1,216.9,0,0.04,1,360,3,5,2.5,1.5,True
079550#587-20260407090520,079550,LIG디펜스앤에어로스페이스,ORB,FullAuto,Paper,Backtest,2026-04-07 09:05:20,2026-04-07 09:05:20,2026-04-07 09:08:30,3.2,1,838000,854000,826000,1.432,14039,1.675,1.17,3.222,0,0,0,Trailing,"ORB5 고가 837,000 돌파 (범위 5.5%)","트레일링 (854,000)",4.49,1.75,1,1058.3,1.989,2.41,1,5,1.5,4.0,1.5,1.2,False
096770#584-20260406150000,096770,SK이노베이션,종가베팅,FullAuto,Paper,Backtest,2026-04-06 15:00:00,2026-04-06 15:00:00,2026-04-07 09:20:27,1100.5,5,121900,126560,118300,2.953,21851,3.585,1.21,5.086,-1.148,0,-0.079,TakeProfit,"종가베팅: 등락 +3.3%, 고저범위 84% 위치, VWAP 120,767 위",1차 분할 익절 +2% / 목표 익절 +5%,3.31,0.94,0.843,691.8,0.264,0.28,1,360,3,5,2.5,1.5,True
0007C0#593-20260407150422,0007C0,아크릴,종가베팅,FullAuto,Paper,Backtest,2026-04-07 15:04:22,2026-04-07 15:04:22,2026-04-08 09:02:30,1078.1,17,37900.0,39023.53,36800,2.902,17580,2.729,0.94,4.617,-1.583,0,-0.128,Trailing,"종가베팅: 등락 +20.0%, 고저범위 76% 위치, VWAP 37,686 위","1차 분할 익절 +2% / 트레일링 (39,050)",19.97,0.44,0.76,168.2,0.948,0.83,1,364,3,5,2.5,1.5,True
047040#594-20260408090515,047040,대우건설,ORB,FullAuto,Paper,Backtest,2026-04-08 09:05:15,2026-04-08 09:05:15,2026-04-08 09:06:25,1.2,69,19480,19140.00,19190,1.489,-26500,-1.972,-1.32,0,-1.745,0,-0.261,StopLoss,"ORB5 고가 19,470 돌파 (범위 4.1%)","손절 (19,190)",12.28,2.64,1,372.2,1.506,1.48,1,5,1.5,4.0,1.5,1.2,False
009150#597-20260408091417,009150,삼성전기,ORB,FullAuto,Paper,Backtest,2026-04-08 09:14:17,2026-04-08 09:14:17,2026-04-08 09:32:30,18.2,2,500000,492500,493000,1.400,-17267,-1.727,-1.23,1.00,-1.500,0,-0.101,StopLoss,"ORB5 고가 499,500 돌파 (범위 3.1%)","손절 (493,000)",10.62,0.93,1,430.5,0.633,7.10,2,14,1.5,4.0,1.5,1.2,False
007660#601-20260408150000,007660,이수페타시스,종가베팅,FullAuto,Paper,Backtest,2026-04-08 15:00:00,2026-04-08 15:00:00,2026-04-09 09:01:30,1081.5,5,119900,116200,116400,2.919,-19838,-3.309,-1.13,0.751,-3.086,0,-0.172,StopLoss,"종가베팅: 등락 +15.1%, 고저범위 100% 위치, VWAP 116,904 위","손절 (116,400)",15.07,2.56,1,1215.7,0.143,1.88,1,360,3,5,2.5,1.5,True
065440#603-20260409090627,065440,이루온,ORB,FullAuto,Paper,Backtest,2026-04-09 09:06:27,2026-04-09 09:06:27,2026-04-09 09:06:45,0.3,295,4635,4565,4570,1.402,-23750,-1.737,-1.24,0.647,-1.510,0,-0.109,StopLoss,"ORB5 고가 4,610 돌파 (범위 8.6%)","손절 (4,570)",18.54,4.33,1,209.8,3.695,1.82,1,6,1.5,4.0,1.5,1.2,False
000270#602-20260408150000,000270,기아,종가베팅,FullAuto,Paper,Backtest,2026-04-08 15:00:00,2026-04-08 15:00:00,2026-04-09 10:00:00,1140,4,159700,161750,155000,2.943,6717,1.052,0.36,2.192,-0.313,0,-0.031,NextDayDeadline,"종가베팅: 등락 +6.3%, 고저범위 91% 위치, VWAP 157,939 위",1차 분할 익절 +2% / 익일 청산 시각 10:00,6.33,1.05,0.915,517.3,0.166,1.00,1,360,3,5,2.5,1.5,True
010170#611-20260410090725,010170,대한광통신,ORB,FullAuto,Paper,Backtest,2026-04-10 09:07:25,2026-04-10 09:07:25,2026-04-10 09:11:22,4,86,15360,15685,15130,1.497,24853,1.881,1.26,3.646,-0.586,0,-0.064,Trailing,"ORB5 고가 15,300 돌파 (범위 5.6%)","1차 분할 익절 +2.0% / 트레일링 (15,720)",8.32,2.42,1,123.8,1.784,1.96,1,7,1.5,4.0,1.5,1.2,False
038500#612-20260410091127,038500,삼표시멘트,ORB,FullAuto,Paper,Backtest,2026-04-10 09:11:27,2026-04-10 09:11:27,2026-04-10 09:13:22,1.9,73,18380,18689.18,18110,1.469,19437,1.449,0.99,2.666,-0.707,0,-0.053,Trailing,"ORB5 고가 18,320 돌파 (범위 3.4%)","1차 분할 익절 +2.0% / 트레일링 (18,640)",8.95,2.42,1,208.1,1.762,4.29,1,11,1.5,4.0,1.5,1.2,False
047810#608-20260409150000,047810,한국항공우주,종가베팅,FullAuto,Paper,Backtest,2026-04-09 15:00:00,2026-04-09 15:00:00,2026-04-10 09:34:30,1114.5,3,199400,202333.33,193500,2.959,7408,1.238,0.42,3.059,-0.351,0,-0.082,Trailing,"종가베팅: 등락 +4.6%, 고저범위 95% 위치, VWAP 193,657 위","1차 분할 익절 +2% / 트레일링 (202,000)",4.62,2.97,0.953,282.0,0.355,0.74,1,360,3,5,2.5,1.5,True
010950#609-20260409150117,010950,S-Oil,종가베팅,FullAuto,Paper,Backtest,2026-04-09 15:01:17,2026-04-09 15:01:17,2026-04-10 09:35:27,1114.2,5,118800,120760,115300,2.946,8415,1.417,0.48,2.946,-1.431,0,-0.033,Trailing,"종가베팅: 등락 +5.7%, 고저범위 87% 위치, VWAP 117,348 위","1차 분할 익절 +2% / 트레일링 (120,400)",5.69,1.24,0.874,438.9,0.216,2.81,1,361,3,5,2.5,1.5,True
062040#619-20260410150000,062040,산일전기,종가베팅,FullAuto,Paper,Backtest,2026-04-10 15:00:00,2026-04-10 15:00:00,2026-04-13 09:01:07,3961.1,4,155000,150400.0,150400,2.968,-19786,-3.191,-1.08,0,-2.968,0,0.0,StopLoss,"종가베팅: 등락 +7.9%, 고저범위 76% 위치, VWAP 153,360 위","손절 (150,400)",7.94,1.00,0.76,338.5,0.143,0.66,1,360,3,5,2.5,1.5,True
010120#621-20260413090517,010120,LS ELECTRIC,ORB,FullAuto,Paper,Backtest,2026-04-13 09:05:17,2026-04-13 09:05:17,2026-04-13 09:05:27,0.2,7,184500,190785.71,181800,1.463,40937,3.170,2.17,4.390,0,0,-0.052,TakeProfit,"ORB5 고가 183,000 돌파 (범위 6.9%)",1차 분할 익절 +2.0% / 목표 익절 +4.0%,17.07,4.63,1,318.3,2.276,1.59,1,5,1.5,4.0,1.5,1.2,False
278470#618-20260410150000,278470,에이피알,종가베팅,FullAuto,Paper,Backtest,2026-04-10 15:00:00,2026-04-10 15:00:00,2026-04-13 09:10:22,3970.4,1,392750,398000,381000,2.992,4337,1.104,0.37,2.992,-2.228,0,0,Trailing,"종가베팅: 등락 +8.5%, 고저범위 85% 위치, VWAP 387,967 위","트레일링 (398,000)",8.51,1.10,0.847,575.6,0.137,1.17,2,360,3,5,2.5,1.5,True
010820#626-20260413150000,010820,퍼스텍,종가베팅,FullAuto,Paper,Backtest,2026-04-13 15:00:00,2026-04-13 15:00:00,2026-04-14 09:01:00,1081,57,11850,11490,11500,2.954,-22028,-3.261,-1.10,3.207,-2.954,0,-0.087,StopLoss,"종가베팅: 등락 +4.0%, 고저범위 93% 위치, VWAP 11,581 위","손절 (11,500)",3.95,2.24,0.928,255.1,0.558,1.97,1,360,3,5,2.5,1.5,True
083450#627-20260413150000,083450,GST,종가베팅,FullAuto,Paper,Backtest,2026-04-13 15:00:00,2026-04-13 15:00:00,2026-04-14 09:01:00,1081,18,36100,38650,35050,2.909,44308,6.819,2.34,7.064,-0.139,0,0,TakeProfit,"종가베팅: 등락 +13.5%, 고저범위 93% 위치, VWAP 35,248 위",목표 익절 +5%,13.52,2.42,0.927,383.1,0.326,0.75,1,360,3,5,2.5,1.5,True
336260#628-20260414090725,336260,두산퓨얼셀,ORB,FullAuto,Paper,Backtest,2026-04-14 09:07:25,2026-04-14 09:07:25,2026-04-14 09:11:15,3.8,32,40800,40150,40200,1.471,-23756,-1.820,-1.24,0.490,-1.593,0,-0.124,StopLoss,"ORB5 고가 40,750 돌파 (범위 5.8%)","손절 (40,200)",10.27,1.61,1,218.3,1.618,3.02,1,7,1.5,4.0,1.5,1.2,False
027360#639-20260415090625,027360,아주IB투자,ORB,FullAuto,Paper,Backtest,2026-04-15 09:06:25,2026-04-15 09:06:25,2026-04-15 09:08:30,2.1,109,12210,12000,12030,1.474,-25901,-1.946,-1.32,0.819,-1.720,0,-0.249,StopLoss,"ORB5 고가 12,200 돌파 (범위 6.7%)","손절 (12,030)",7.77,3.19,1,135.6,3.481,1.30,1,6,1.5,4.0,1.5,1.2,False
050890#638-20260415091230,050890,쏠리드,ORB,FullAuto,Paper,Backtest,2026-04-15 09:12:30,2026-04-15 09:12:30,2026-04-15 09:14:30,2,77,17940,18269.09,17680,1.449,22112,1.601,1.10,2.899,-0.084,0,-0.110,Trailing,"ORB5 고가 17,930 돌파 (범위 4.2%)","1차 분할 익절 +2.0% / 트레일링 (18,230)",6.28,2.42,1,142.2,1.483,2.74,1,12,1.5,4.0,1.5,1.2,False
336260#636-20260414150917,336260,두산퓨얼셀,종가베팅,FullAuto,Paper,Backtest,2026-04-14 15:09:17,2026-04-14 15:09:17,2026-04-15 09:29:27,1100.2,15,43300,44003.33,42000,3.002,9037,1.391,0.46,2.540,-0.693,0,0,Trailing,"종가베팅: 등락 +17.0%, 고저범위 78% 위치, VWAP 42,836 위","1차 분할 익절 +2% / 트레일링 (43,700)",17.03,1.08,0.780,325.0,0.280,3.50,1,369,3,5,2.5,1.5,True
018260#637-20260415092927,018260,삼성에스디에스,ORB,FullAuto,Paper,Backtest,2026-04-15 09:29:27,2026-04-15 09:29:27,2026-04-15 09:40:25,11,8,172800,176450.00,170300,1.447,25961,1.878,1.30,3.414,0,0,-0.028,Trailing,"ORB5 고가 172,600 돌파 (범위 6.2%)","1차 분할 익절 +2.0% / 트레일링 (176,500)",13.46,1.74,1,179.6,0.562,4.30,1,29,1.5,4.0,1.5,1.2,False
158430#648-20260416091025,158430,아톤,ORB,FullAuto,Paper,Backtest,2026-04-16 09:10:25,2026-04-16 09:10:25,2026-04-16 09:13:25,3,130,10410,10650,10260,1.441,28023,2.071,1.44,3.746,0,0,-0.047,Trailing,"ORB5 고가 10,380 돌파 (범위 5.5%)","1차 분할 익절 +2.0% / 트레일링 (10,670)",18.03,2.58,1,148.5,2.866,1.72,1,10,1.5,4.0,1.5,1.2,False
034020#649-20260416091127,034020,두산에너빌리티,ORB,FullAuto,Paper,Backtest,2026-04-16 09:11:27,2026-04-16 09:11:27,2026-04-16 09:31:27,20,7,109100,109900,106400,2.475,3833,0.502,0.20,1.192,-0.550,0,-0.091,TimeStop,"ORB5 고가 109,000 돌파 (범위 2.3%)",타임스탑 20분,4.00,0.81,1,428.1,0.647,3.37,1,11,1.5,4.0,1.5,1.2,False
078600#645-20260415150217,078600,대주전자재료,종가베팅,FullAuto,Paper,Backtest,2026-04-15 15:02:17,2026-04-15 15:02:17,2026-04-16 10:00:00,1137.7,5,134600,135020,130600,2.972,549,0.082,0.03,2.155,-1.857,0,0,NextDayDeadline,"종가베팅: 등락 +14.5%, 고저범위 87% 위치, VWAP 131,352 위",1차 분할 익절 +2% / 익일 청산 시각 10:00,14.46,2.47,0.870,274.7,0.308,1.32,1,362,3,5,2.5,1.5,True
278470#646-20260415150317,278470,에이피알,종가베팅,FullAuto,Paper,Backtest,2026-04-15 15:03:17,2026-04-15 15:03:17,2026-04-16 10:00:00,1136.7,1,412000,405500,400000,2.913,-7432,-1.804,-0.62,1.214,-2.549,0,0,NextDayDeadline,"종가베팅: 등락 +6.0%, 고저범위 94% 위치, VWAP 403,325 위",익일 청산 시각 10:00,6.05,2.15,0.944,378.5,0.468,2.16,1,363,3,5,2.5,1.5,True
011790#654-20260416150007,011790,SKC,종가베팅,FullAuto,Paper,Backtest,2026-04-16 15:00:07,2026-04-16 15:00:07,2026-04-17 09:01:22,1081.2,5,119700.0,116200,116200,2.924,-18838,-3.148,-1.08,1.587,-2.924,0,0,StopLoss,"종가베팅: 등락 +20.0%, 고저범위 89% 위치, VWAP 116,179 위","손절 (116,200)",19.96,2.94,0.889,324.4,0.287,0.64,1,360,3,5,2.5,1.5,True
042660#655-20260416150000,042660,한화오션,종가베팅,FullAuto,Paper,Backtest,2026-04-16 15:00:00,2026-04-16 15:00:00,2026-04-17 09:01:30,1081.5,5,131600,127400,127700,2.964,-22467,-3.414,-1.15,0.228,-3.191,0,-0.235,StopLoss,"종가베팅: 등락 +4.4%, 고저범위 90% 위치, VWAP 130,126 위","손절 (127,700)",4.37,1.06,0.902,457.0,0.212,0.37,1,360,3,5,2.5,1.5,True
005490#658-20260417090525,005490,POSCO홀딩스,ORB,FullAuto,Paper,Backtest,2026-04-17 09:05:25,2026-04-17 09:05:25,2026-04-17 09:08:27,3,2,384000,376000.00,376000,2.083,-17731,-2.309,-1.11,0.391,-2.083,0,0.000,StopLoss,"ORB5 고가 383,500 돌파 (범위 1.9%)","손절 (376,000)",3.64,0.75,1,573.2,0.825,3.16,1,5,1.5,4.0,1.5,1.2,False
066970#664-20260417150000,066970,엘앤에프,종가베팅,FullAuto,Paper,Backtest,2026-04-17 15:00:00,2026-04-17 15:00:00,2026-04-20 09:02:22,3962.4,3,185700,179300,180200,2.962,-20438,-3.669,-1.24,0,-3.446,0,-0.499,StopLoss,"종가베팅: 등락 +9.4%, 고저범위 98% 위치, VWAP 180,900 위","손절 (180,200)",9.43,2.60,0.979,284.5,0.216,1.11,1,360,3,5,2.5,1.5,True
001440#667-20260420090520,001440,대한전선,ORB,FullAuto,Paper,Backtest,2026-04-20 09:05:20,2026-04-20 09:05:20,2026-04-20 09:09:27,4.1,31,40850,42087.10,40250,1.469,35358,2.792,1.90,4.039,0,0,-0.119,TakeProfit,"ORB5 고가 40,800 돌파 (범위 3.9%)",1차 분할 익절 +2.0% / 목표 익절 +4.0%,3.94,1.24,1,987.6,1.102,2.81,1,5,1.5,4.0,1.5,1.2,False
005490#663-20260417150000,005490,POSCO홀딩스,종가베팅,FullAuto,Paper,Backtest,2026-04-17 15:00:00,2026-04-17 15:00:00,2026-04-20 10:00:00,4020,1,386500,389500,375000,2.975,2106,0.545,0.18,2.070,-0.517,0,-0.128,NextDayDeadline,"종가베팅: 등락 +4.2%, 고저범위 100% 위치, VWAP 382,427 위",익일 청산 시각 10:00,4.18,0.93,1,699.5,0.167,1.55,1,360,3,5,2.5,1.5,True
000990#672-20260420150000,000990,DB하이텍,종가베팅,FullAuto,Paper,Backtest,2026-04-20 15:00:00,2026-04-20 15:00:00,2026-04-21 09:02:25,1082.4,5,125700,121700.00,122000,2.944,-21402,-3.405,-1.16,0.875,-3.182,0,-0.246,StopLoss,"종가베팅: 등락 +17.7%, 고저범위 87% 위치, VWAP 121,973 위","손절 (122,000)",17.70,3.06,0.871,255.3,0.477,0.74,1,360,3,5,2.5,1.5,True
007660#674-20260420150400,007660,이수페타시스,종가베팅,FullAuto,Paper,Backtest,2026-04-20 15:04:00,2026-04-20 15:04:00,2026-04-21 09:04:30,1080.5,5,133150,129000,129200,2.967,-22235,-3.340,-1.13,1.314,-3.117,0,-0.155,StopLoss,"종가베팅: 등락 +10.0%, 고저범위 76% 위치, VWAP 132,200 위","손절 (129,200)",9.95,0.72,0.758,330.7,0.172,0.68,2,364,3,5,2.5,1.5,True
036930#675-20260421090520,036930,주성엔지니어링,ORB,FullAuto,Paper,Backtest,2026-04-21 09:05:20,2026-04-21 09:05:20,2026-04-21 09:06:22,1,13,102500,104092.31,101000,1.463,17594,1.320,0.90,2.439,0,0,-0.200,Trailing,"ORB5 고가 102,400 돌파 (범위 9.6%)","1차 분할 익절 +2.0% / 트레일링 (103,700)",12.02,3.82,1,229.5,2.569,1.41,1,5,1.5,4.0,1.5,1.2,False
006360#676-20260421090730,006360,GS건설,ORB,FullAuto,Paper,Backtest,2026-04-21 09:07:30,2026-04-21 09:07:30,2026-04-21 09:12:05,4.6,32,40150,40850.00,39550,1.494,19399,1.510,1.01,2.740,-0.374,0,-0.061,Trailing,"ORB5 고가 40,100 돌파 (범위 2.8%)","1차 분할 익절 +2.0% / 트레일링 (40,750)",5.52,1.05,1,220.1,1.171,1.47,1,8,1.5,4.0,1.5,1.2,False
373220#684-20260421150000,373220,LG에너지솔루션,종가베팅,FullAuto,Paper,Backtest,2026-04-21 15:00:00,2026-04-21 15:00:00,2026-04-22 09:01:27,1081.5,1,473500,485500,459500,2.957,10886,2.299,0.78,4.118,-0.528,0,0,Trailing,"종가베팅: 등락 +9.6%, 고저범위 94% 위치, VWAP 465,149 위","트레일링 (485,500)",9.61,1.80,0.940,450.1,0.211,1.20,1,360,3,5,2.5,1.5,True
222080#688-20260422090527,222080,SFA넥셀,ORB,FullAuto,Paper,Backtest,2026-04-22 09:05:27,2026-04-22 09:05:27,2026-04-22 09:06:22,0.9,77,17870,17540,17610,1.455,-28519,-2.073,-1.42,0.448,-1.847,0,-0.398,StopLoss,"ORB5 고가 17,840 돌파 (범위 5.9%)","손절 (17,610)",9.56,2.38,1,164.8,2.910,1.72,1,5,1.5,4.0,1.5,1.2,False
007660#686-20260422091130,007660,이수페타시스,ORB,FullAuto,Paper,Backtest,2026-04-22 09:11:30,2026-04-22 09:11:30,2026-04-22 09:18:25,6.9,9,139800,142344.44,137800,1.431,19960,1.586,1.11,2.933,-0.358,0,-0.109,Trailing,"ORB5 고가 139,700 돌파 (범위 3.7%)","1차 분할 익절 +2.0% / 트레일링 (142,100)",4.48,1.17,1,195.7,0.755,2.18,1,12,1.5,4.0,1.5,1.2,False
086520#685-20260421150000,086520,에코프로,종가베팅,FullAuto,Paper,Backtest,2026-04-21 15:00:00,2026-04-21 15:00:00,2026-04-22 10:00:00,1140,4,163100,163800,158300,2.943,1297,0.199,0.07,2.207,-1.778,0,-0.031,NextDayDeadline,"종가베팅: 등락 +4.2%, 고저범위 78% 위치, VWAP 161,206 위",1차 분할 익절 +2% / 익일 청산 시각 10:00,4.22,1.17,0.779,315.0,0.210,1.04,1,360,3,5,2.5,1.5,True
006910#697-20260423090507,006910,보성파워텍,ORB,FullAuto,Paper,Backtest,2026-04-23 09:05:07,2026-04-23 09:05:07,2026-04-23 09:05:22,0.2,122,11250,11080.0,11090,1.422,-23850,-1.738,-1.22,0.711,-1.511,0,-0.090,StopLoss,"ORB5 고가 11,240 돌파 (범위 7.6%)","손절 (11,090)",12.16,3.64,1,187.0,2.696,1.62,1,5,1.5,4.0,1.5,1.2,False
006340#696-20260423090927,006340,대원전선,ORB,FullAuto,Paper,Backtest,2026-04-23 09:09:27,2026-04-23 09:09:27,2026-04-23 09:11:07,1.7,173,7440,7564.74,7330,1.478,18576,1.443,0.98,2.419,-1.344,0,-0.065,Trailing,"ORB5 고가 7,350 돌파 (범위 9.4%)","1차 분할 익절 +2.0% / 트레일링 (7,520)",15.53,5.61,1,279.7,2.957,4.86,1,9,1.5,4.0,1.5,1.2,False
336370#695-20260423090722,336370,솔루스첨단소재,ORB,FullAuto,Paper,Backtest,2026-04-23 09:07:22,2026-04-23 09:07:22,2026-04-23 09:11:20,4,86,15680,15390.00,15450,1.467,-27987,-2.075,-1.41,1.212,-1.849,0,-0.388,StopLoss,"ORB5 고가 15,660 돌파 (범위 8.5%)","손절 (15,450)",18.25,2.36,1,170.3,2.232,1.60,1,7,1.5,4.0,1.5,1.2,False
082740#693-20260422150000,082740,한화엔진,종가베팅,FullAuto,Paper,Backtest,2026-04-22 15:00:00,2026-04-22 15:00:00,2026-04-23 09:36:30,1116.5,9,67500,65500,65500,2.963,-19358,-3.187,-1.08,0.741,-2.963,0,0,StopLoss,"종가베팅: 등락 +13.1%, 고저범위 89% 위치, VWAP 64,310 위","손절 (65,500)",13.07,4.96,0.887,401.2,0.487,0.54,1,360,3,5,2.5,1.5,True
066570#694-20260422150000,066570,LG전자,종가베팅,FullAuto,Paper,Backtest,2026-04-22 15:00:00,2026-04-22 15:00:00,2026-04-23 10:00:00,1140,5,132900,133680,129000,2.935,2367,0.356,0.12,2.333,-1.806,0,0,NextDayDeadline,"종가베팅: 등락 +4.2%, 고저범위 87% 위치, VWAP 131,084 위",1차 분할 익절 +2% / 익일 청산 시각 10:00,4.24,1.31,0.867,743.7,0.118,0.27,1,360,3,5,2.5,1.5,True
098460#706-20260424090510,098460,고영,ORB,FullAuto,Paper,Backtest,2026-04-24 09:05:10,2026-04-24 09:05:10,2026-04-24 09:05:22,0.2,34,37100,36550.0,36550,1.482,-21560,-1.709,-1.15,0.539,-1.482,0,0.0,StopLoss,"ORB5 고가 37,000 돌파 (범위 7.4%)","손절 (36,550)",13.98,2.76,1,217.1,2.156,0.87,1,5,1.5,4.0,1.5,1.2,False
010060#707-20260424090815,010060,OCI홀딩스,ORB,FullAuto,Paper,Backtest,2026-04-24 09:08:15,2026-04-24 09:08:15,2026-04-24 09:08:25,0.2,3,349000,343000.00,344000,1.433,-20369,-1.945,-1.36,0,-1.719,0,-0.291,StopLoss,"ORB5 고가 347,500 돌파 (범위 8.3%)","손절 (344,000)",12.58,3.16,1,107.1,2.913,2.92,1,8,1.5,4.0,1.5,1.2,False
034020#704-20260423151130,034020,두산에너빌리티,종가베팅,FullAuto,Paper,Backtest,2026-04-23 15:11:30,2026-04-23 15:11:30,2026-04-24 10:00:00,1128.5,5,122500,125200,118900,2.939,12065,1.970,0.67,2.449,-0.327,0,-0.080,NextDayDeadline,"종가베팅: 등락 +5.8%, 고저범위 76% 위치, VWAP 121,546 위",1차 분할 익절 +2% / 익일 청산 시각 10:00,5.79,0.78,0.759,659.2,0.192,0.77,1,372,3,5,2.5,1.5,True
000250#714-20260424150000,000250,삼천당제약,종가베팅,FullAuto,Paper,Backtest,2026-04-24 15:00:00,2026-04-24 15:00:00,2026-04-27 09:01:30,3961.5,1,410000,414500,398000,2.927,3548,0.865,0.30,2.805,-0.732,0,-0.120,Trailing,"종가베팅: 등락 +8.3%, 고저범위 81% 위치, VWAP 400,981 위","트레일링 (415,000)",8.33,2.12,0.811,279.3,0.615,1.07,1,360,3,5,2.5,1.5,True
046890#716-20260427090620,046890,서울반도체,ORB,FullAuto,Paper,Backtest,2026-04-27 09:06:20,2026-04-27 09:06:20,2026-04-27 09:06:42,0.4,98,13550,13835,13350,1.476,24819,1.869,1.27,3.247,0,0,-0.108,Trailing,"ORB5 고가 13,480 돌파 (범위 3.2%)","1차 분할 익절 +2.0% / 트레일링 (13,820)",20.98,1.85,1,210.8,1.900,5.40,1,6,1.5,4.0,1.5,1.2,False
098460#717-20260427090825,098460,고영,ORB,FullAuto,Paper,Backtest,2026-04-27 09:08:25,2026-04-27 09:08:25,2026-04-27 09:09:27,1,29,44450,43600,43800,1.462,-27560,-2.138,-1.46,0.787,-1.912,0,-0.457,StopLoss,"ORB5 고가 44,350 돌파 (범위 6.5%)","손절 (43,800)",5.08,2.84,1,228.5,2.325,1.54,1,8,1.5,4.0,1.5,1.2,False
373220#713-20260424150000,373220,LG에너지솔루션,종가베팅,FullAuto,Paper,Backtest,2026-04-24 15:00:00,2026-04-24 15:00:00,2026-04-27 09:11:30,3971.5,1,482000,468000,468000,2.905,-15078,-3.128,-1.08,0.207,-2.905,0,0,StopLoss,"종가베팅: 등락 +3.7%, 고저범위 82% 위치, VWAP 475,001 위","손절 (468,000)",3.66,1.47,0.818,683.9,0.319,0.58,1,360,3,5,2.5,1.5,True
108490#725-20260427150000,108490,로보티즈,종가베팅,FullAuto,Paper,Backtest,2026-04-27 15:00:00,2026-04-27 15:00:00,2026-04-28 09:02:27,1082.5,1,347000,336000.00,337000,2.882,-11774,-3.393,-1.18,0.288,-3.170,0,-0.297,StopLoss,"종가베팅: 등락 +19.2%, 고저범위 77% 위치, VWAP 339,120 위","손절 (337,000)",19.24,2.32,0.766,374.3,0.401,0.78,1,360,3,5,2.5,1.5,True
066570#727-20260428090625,066570,LG전자,ORB,FullAuto,Paper,Backtest,2026-04-28 09:06:25,2026-04-28 09:06:25,2026-04-28 09:08:27,2,8,147300,145000,145100,1.494,-21070,-1.788,-1.20,1.154,-1.561,0,-0.069,StopLoss,"ORB5 고가 146,700 돌파 (범위 4.3%)","손절 (145,100)",12.53,1.82,1,151.0,1.850,2.83,1,6,1.5,4.0,1.5,1.2,False
005490#726-20260428090625,005490,POSCO홀딩스,ORB,FullAuto,Paper,Backtest,2026-04-28 09:06:25,2026-04-28 09:06:25,2026-04-28 09:15:15,8.8,2,467500,460500,460500,1.497,-16120,-1.724,-1.15,1.176,-1.497,0,0,StopLoss,"ORB5 고가 467,000 돌파 (범위 6.0%)","손절 (460,500)",11.44,1.67,1,236.4,1.551,2.43,1,6,1.5,4.0,1.5,1.2,False
009830#729-20260428091825,009830,한화솔루션,ORB,FullAuto,Paper,Backtest,2026-04-28 09:18:25,2026-04-28 09:18:25,2026-04-28 09:25:27,7,25,50700,49900,50000,1.381,-22872,-1.804,-1.31,1.018,-1.578,0,-0.200,StopLoss,"ORB5 고가 50,650 돌파 (범위 4.5%)","손절 (50,000)",7.08,1.58,1,213.9,1.381,5.29,1,18,1.5,4.0,1.5,1.2,False
460860#724-20260427150000,460860,동국제강,종가베팅,FullAuto,Paper,Backtest,2026-04-27 15:00:00,2026-04-27 15:00:00,2026-04-28 10:00:00,1140,45,14870,15052.44,14430,2.959,6655,0.995,0.34,2.286,-2.623,0,-0.066,NextDayDeadline,"종가베팅: 등락 +17.9%, 고저범위 89% 위치, VWAP 14,167 위",1차 분할 익절 +2% / 익일 청산 시각 10:00,17.92,4.96,0.886,195.0,0.682,0.28,1,360,3,5,2.5,1.5,True
027360#735-20260428150530,027360,아주IB투자,종가베팅,FullAuto,Paper,Backtest,2026-04-28 15:05:30,2026-04-28 15:05:30,2026-04-29 09:03:00,1077.5,36,18650,15030,18100,2.949,-131583,-19.598,-6.65,0.804,-19.357,0,-16.961,StopLoss,"종가베팅: 등락 +3.8%, 고저범위 84% 위치, VWAP 18,053 위","손절 (18,100)",3.84,3.31,0.842,100,0.492,2.32,1,366,3,5,2.5,1.5,True
460860#737-20260429090527,460860,동국제강,ORB,FullAuto,Paper,Backtest,2026-04-29 09:05:27,2026-04-29 09:05:27,2026-04-29 09:07:20,1.9,75,17650,17350,17390,1.473,-25495,-1.926,-1.31,0.340,-1.700,0,-0.230,StopLoss,"ORB5 고가 17,610 돌파 (범위 2.9%)","손절 (17,390)",15.43,1.42,1,192.7,1.719,2.63,1,5,1.5,4.0,1.5,1.2,False
126340#738-20260429090527,126340,비나텍,ORB,FullAuto,Paper,Backtest,2026-04-29 09:05:27,2026-04-29 09:05:27,2026-04-29 09:07:22,1.9,8,158100,155600.0,155800,1.455,-22864,-1.808,-1.24,0.696,-1.581,0,-0.128,StopLoss,"ORB5 고가 158,000 돌파 (범위 5.0%)","손절 (155,800)",12.29,1.62,1,126.4,1.813,1.38,1,5,1.5,4.0,1.5,1.2,False
096770#736-20260429090525,096770,SK이노베이션,ORB,FullAuto,Paper,Backtest,2026-04-29 09:05:25,2026-04-29 09:05:25,2026-04-29 09:11:22,6,9,141800,139700.0,139700,1.481,-21793,-1.708,-1.15,0.705,-1.481,0,0.0,StopLoss,"ORB5 고가 141,700 돌파 (범위 5.2%)","손절 (139,700)",6.78,1.40,1,213.8,1.810,1.33,1,5,1.5,4.0,1.5,1.2,False
066570#740-20260430090512,066570,LG전자,ORB,FullAuto,Paper,Backtest,2026-04-30 09:05:12,2026-04-30 09:05:12,2026-04-30 09:15:30,10.3,8,146600,147500,144400,1.501,4488,0.383,0.26,1.910,-0.682,0,-0.068,Trailing,"ORB5 고가 146,500 돌파 (범위 4.9%)","트레일링 (147,600)",6.70,1.89,1,273.9,1.683,1.81,1,5,1.5,4.0,1.5,1.2,False
007660#741-20260430090925,007660,이수페타시스,ORB,FullAuto,Paper,Backtest,2026-04-30 09:09:25,2026-04-30 09:09:25,2026-04-30 09:18:27,9,8,155600,153300,153300,1.478,-21221,-1.705,-1.15,0.386,-1.478,0,0,StopLoss,"ORB5 고가 155,400 돌파 (범위 3.3%)","손절 (153,300)",5.63,0.93,1,237.6,0.927,2.54,1,9,1.5,4.0,1.5,1.2,False
025860#745-20260430150717,025860,남해화학,종가베팅,FullAuto,Paper,Backtest,2026-04-30 15:07:17,2026-04-30 15:07:17,2026-05-04 09:01:17,5394,59,11240,11805.93,10910,2.936,31796,4.795,1.63,9.164,0,0,-0.085,TakeProfit,"종가베팅: 등락 +19.1%, 고저범위 75% 위치, VWAP 10,943 위",1차 분할 익절 +2% / 목표 익절 +5%,19.07,2.72,0.754,226.9,0.674,4.16,1,367,3,5,2.5,1.5,True
199820#747-20260504090530,199820,제일일렉트릭,ORB,FullAuto,Paper,Backtest,2026-05-04 09:05:30,2026-05-04 09:05:30,2026-05-04 09:06:12,0.7,67,19630,19330,19340,1.477,-23081,-1.755,-1.19,0,-1.528,0,-0.052,StopLoss,"ORB5 고가 19,620 돌파 (범위 5.9%)","손절 (19,340)",13.73,2.94,1,116.6,3.464,1.28,1,6,1.5,4.0,1.5,1.2,False
025860#746-20260504090527,025860,남해화학,ORB,FullAuto,Paper,Backtest,2026-05-04 09:05:27,2026-05-04 09:05:27,2026-05-04 09:06:22,0.9,100,12720,12460.0,12530,1.494,-28868,-2.269,-1.52,0.786,-2.044,0,-0.559,StopLoss,"ORB5 고가 12,680 돌파 (범위 7.8%)","손절 (12,530)",8.35,4.39,1,182.5,4.062,1.75,1,5,1.5,4.0,1.5,1.2,False
050890#748-20260504090527,050890,쏠리드,ORB,FullAuto,Paper,Backtest,2026-05-04 09:05:27,2026-05-04 09:05:27,2026-05-04 09:08:22,2.9,69,18700,18680,18420,1.497,-4343,-0.337,-0.22,1.497,-0.802,0,-0.373,BreakEven,"ORB5 고가 18,660 돌파 (범위 6.3%)","본절 (18,750)",9.29,2.35,1,161.3,2.210,1.91,1,5,1.5,4.0,1.5,1.2,False
006340#749-20260504090725,006340,대원전선,ORB,FullAuto,Paper,Backtest,2026-05-04 09:07:25,2026-05-04 09:07:25,2026-05-04 09:08:45,1.3,77,17060,17414.94,16810,1.465,24254,1.846,1.26,3.576,0,0,-0.144,Trailing,"ORB5 고가 17,000 돌파 (범위 7.3%)","1차 분할 익절 +2.0% / 트레일링 (17,450)",13.36,3.82,1,241.3,2.169,3.59,1,7,1.5,4.0,1.5,1.2,False
402340#752-20260504092330,402340,SK스퀘어,ORB,FullAuto,Paper,Backtest,2026-05-04 09:23:30,2026-05-04 09:23:30,2026-05-04 09:40:22,16.9,1,932000,944000,919000,1.395,9832,1.055,0.76,2.575,-0.429,0,0,Trailing,"ORB5 고가 930,000 돌파 (범위 3.3%)","트레일링 (944,000)",9.13,1.45,1,263.8,0.529,3.58,1,24,1.5,4.0,1.5,1.2,False
010170#756-20260504150000,010170,대한광통신,종가베팅,FullAuto,Paper,Backtest,2026-05-04 15:00:00,2026-05-04 15:00:00,2026-05-06 09:01:25,2521.4,37,17930,18691.08,17400,2.956,26577,4.006,1.36,5.521,-1.673,0,-0.053,TakeProfit,"종가베팅: 등락 +18.3%, 고저범위 90% 위치, VWAP 17,300 위",1차 분할 익절 +2% / 목표 익절 +5%,18.28,3.59,0.897,208.9,0.494,0.65,1,360,3,5,2.5,1.5,True
051910#759-20260504150400,051910,LG화학,종가베팅,FullAuto,Paper,Backtest,2026-05-04 15:04:00,2026-05-04 15:04:00,2026-05-06 09:02:15,2518.2,1,431000,418000,418500,2.900,-13962,-3.239,-1.12,1.276,-3.016,0,-0.119,StopLoss,"종가베팅: 등락 +8.3%, 고저범위 85% 위치, VWAP 424,423 위","손절 (418,500)",8.29,1.55,0.852,507.3,0.249,1.34,1,364,3,5,2.5,1.5,True
028260#762-20260506090622,028260,삼성물산,ORB,FullAuto,Paper,Backtest,2026-05-06 09:06:22,2026-05-06 09:06:22,2026-05-06 09:07:25,1,3,351500,345500,346500,1.422,-20386,-1.933,-1.36,0.853,-1.707,0,-0.289,StopLoss,"ORB5 고가 350,500 돌파 (범위 4.8%)","손절 (346,500)",11.76,1.44,1,389.0,1.067,1.63,1,6,1.5,4.0,1.5,1.2,False
006910#767-20260506151000,006910,보성파워텍,종가베팅,FullAuto,Paper,Backtest,2026-05-06 15:10:00,2026-05-06 15:10:00,2026-05-07 09:02:25,1072.4,41,15990,16602.20,15520,2.939,23541,3.591,1.22,5.691,-0.876,0,-0.060,TakeProfit,"종가베팅: 등락 +11.4%, 고저범위 85% 위치, VWAP 15,502 위",1차 분할 익절 +2% / 목표 익절 +5%,11.43,3.15,0.848,164.6,0.277,0.75,1,370,3,5,2.5,1.5,True
034020#769-20260507090527,034020,두산에너빌리티,ORB,FullAuto,Paper,Backtest,2026-05-07 09:05:27,2026-05-07 09:05:27,2026-05-07 09:06:30,1,9,138900,136700,136900,1.440,-22631,-1.810,-1.26,0.216,-1.584,0,-0.146,StopLoss,"ORB5 고가 138,600 돌파 (범위 6.4%)","손절 (136,900)",8.52,2.22,1,234.2,1.440,1.27,1,5,1.5,4.0,1.5,1.2,False
086520#766-20260506150000,086520,에코프로,종가베팅,FullAuto,Paper,Backtest,2026-05-06 15:00:00,2026-05-06 15:00:00,2026-05-07 10:00:00,1140,4,162000,162450,157200,2.963,309,0.048,0.02,2.346,-2.284,0,-0.062,NextDayDeadline,"종가베팅: 등락 +4.4%, 고저범위 100% 위치, VWAP 158,874 위",1차 분할 익절 +2% / 익일 청산 시각 10:00,4.38,1.97,1,813.4,0.172,1.52,1,360,3,5,2.5,1.5,True
028260#775-20260507150000,028260,삼성물산,종가베팅,FullAuto,Paper,Backtest,2026-05-07 15:00:00,2026-05-07 15:00:00,2026-05-08 09:02:25,1082.4,1,398500,402000.00,387000,2.886,2577,0.647,0.22,2.635,-2.509,0,-0.124,Trailing,"종가베팅: 등락 +3.6%, 고저범위 95% 위치, VWAP 382,886 위","트레일링 (402,500)",3.65,3.95,0.954,447.9,0.458,0.63,1,360,3,5,2.5,1.5,True
459510#778-20260508090520,459510,나우로보틱스,ORB,FullAuto,Paper,Backtest,2026-05-08 09:05:20,2026-05-08 09:05:20,2026-05-08 09:06:10,0.8,36,36400,36500.00,35900,1.374,579,0.044,0.03,1.648,0,0,-0.137,Trailing,"ORB5 고가 36,300 돌파 (범위 4.6%)","트레일링 (36,550)",5.20,1.71,1,300.0,1.877,3.30,1,5,1.5,4.0,1.5,1.2,False
010140#774-20260507150000,010140,삼성중공업,종가베팅,FullAuto,Paper,Backtest,2026-05-07 15:00:00,2026-05-07 15:00:00,2026-05-08 09:06:30,1086.5,19,33450,32450,32450,2.990,-20420,-3.213,-1.07,0.897,-2.990,0,0,StopLoss,"종가베팅: 등락 +3.4%, 고저범위 94% 위치, VWAP 32,792 위","손절 (32,450)",3.40,2.01,0.939,926.2,0.299,0.90,1,360,3,5,2.5,1.5,True
125490#776-20260508090520,125490,한라캐스트,ORB,FullAuto,Paper,Backtest,2026-05-08 09:05:20,2026-05-08 09:05:20,2026-05-08 09:09:30,4.2,41,17680,18229.02,17210,2.658,20797,2.869,1.08,4.072,-0.226,0,-0.055,TakeProfit,"ORB5 고가 17,670 돌파 (범위 2.6%)",1차 분할 익절 +2.0% / 목표 익절 +4.0%,5.05,1.19,1,239.0,1.339,1.27,1,5,1.5,4.0,1.5,1.2,False
001440#777-20260508091125,001440,대한전선,ORB,FullAuto,Paper,Backtest,2026-05-08 09:11:25,2026-05-08 09:11:25,2026-05-08 09:16:27,5,18,69000,70400,68000,1.449,22290,1.795,1.24,3.333,0,0,-0.071,Trailing,"ORB5 고가 68,900 돌파 (범위 9.9%)","1차 분할 익절 +2.0% / 트레일링 (70,400)",7.64,2.44,1,266.0,1.610,1.55,1,11,1.5,4.0,1.5,1.2,False
028260#785-20260508150000,028260,삼성물산,종가베팅,FullAuto,Paper,Backtest,2026-05-08 15:00:00,2026-05-08 15:00:00,2026-05-11 09:01:00,3961,1,419000,481000,406500,2.983,60904,14.536,4.87,14.916,-0.358,0,-0.104,TakeProfit,"종가베팅: 등락 +5.0%, 고저범위 97% 위치, VWAP 408,443 위",목표 익절 +5%,5.01,2.58,0.968,616.5,0.315,1.14,1,360,3,5,2.5,1.5,True
336260#786-20260508150000,336260,두산퓨얼셀,종가베팅,FullAuto,Paper,Backtest,2026-05-08 15:00:00,2026-05-08 15:00:00,2026-05-11 09:02:27,3962.5,7,86400,89685.71,83900,2.894,21563,3.565,1.23,5.208,-0.810,0,-0.111,TakeProfit,"종가베팅: 등락 +15.1%, 고저범위 86% 위치, VWAP 82,436 위",1차 분할 익절 +2% / 목표 익절 +5%,15.07,4.69,0.862,237.2,0.728,1.11,1,360,3,5,2.5,1.5,True
042660#788-20260511090612,042660,한화오션,ORB,FullAuto,Paper,Backtest,2026-05-11 09:06:12,2026-05-11 09:06:12,2026-05-11 09:08:15,2,9,135800,133800,133800,1.473,-20771,-1.699,-1.15,0.074,-1.473,0,0,StopLoss,"ORB5 고가 135,700 돌파 (범위 3.9%)","손절 (133,800)",7.52,1.01,1,187.2,1.123,0.87,1,6,1.5,4.0,1.5,1.2,False
036930#789-20260511090722,036930,주성엔지니어링,ORB,FullAuto,Paper,Backtest,2026-05-11 09:07:22,2026-05-11 09:07:22,2026-05-11 09:08:30,1.1,8,153000,157950,150800,1.438,36704,2.999,2.09,4.183,0,0,-0.063,TakeProfit,"ORB5 고가 152,800 돌파 (범위 6.0%)",1차 분할 익절 +2.0% / 목표 익절 +4.0%,10.15,3.18,1,179.1,2.353,1.52,1,7,1.5,4.0,1.5,1.2,False
066570#797-20260512090925,066570,LG전자,ORB,FullAuto,Paper,Backtest,2026-05-12 09:09:25,2026-05-12 09:09:25,2026-05-12 09:17:25,8,7,171200,175000.00,168700,1.460,23789,1.985,1.36,3.972,-0.234,0,-0.187,Trailing,"ORB5 고가 171,000 돌파 (범위 6.6%)","1차 분할 익절 +2.0% / 트레일링 (175,800)",9.53,1.89,1,223.9,1.323,2.50,1,9,1.5,4.0,1.5,1.2,False
017670#799-20260512092425,017670,SK텔레콤,ORB,FullAuto,Paper,Backtest,2026-05-12 09:24:25,2026-05-12 09:24:25,2026-05-12 09:42:30,18.1,12,105100,106600,103600,1.427,15063,1.194,0.84,2.284,-1.332,0,-0.141,Trailing,"ORB5 고가 105,000 돌파 (범위 4.6%)","1차 분할 익절 +2.0% / 트레일링 (106,200)",6.92,1.38,1,318.0,0.496,3.67,1,24,1.5,4.0,1.5,1.2,False
034220#804-20260513090625,034220,LG디스플레이,ORB,FullAuto,Paper,Backtest,2026-05-13 09:06:25,2026-05-13 09:06:25,2026-05-13 09:07:30,1.1,97,13780,13530,13580,1.451,-27270,-2.040,-1.41,0.726,-1.814,0,-0.368,StopLoss,"ORB5 고가 13,750 돌파 (범위 6.7%)","손절 (13,580)",7.99,1.81,1,203.5,1.851,2.03,1,6,1.5,4.0,1.5,1.2,False
034220#812-20260514090727,034220,LG디스플레이,ORB,FullAuto,Paper,Backtest,2026-05-14 09:07:27,2026-05-14 09:07:27,2026-05-14 09:11:30,4,88,14880,15095,14660,1.478,15869,1.212,0.82,2.151,-1.277,0,-0.066,Trailing,"ORB5 고가 14,850 돌파 (범위 4.9%)","1차 분할 익절 +2.0% / 트레일링 (15,010)",5.01,2.11,1,217.9,1.344,1.52,1,7,1.5,4.0,1.5,1.2,False
000990#810-20260513150000,000990,DB하이텍,종가베팅,FullAuto,Paper,Backtest,2026-05-13 15:00:00,2026-05-13 15:00:00,2026-05-14 10:00:00,1140,3,183200,184866.67,177800,2.948,3728,0.678,0.23,2.238,-2.566,0,-0.018,NextDayDeadline,"종가베팅: 등락 +10.6%, 고저범위 99% 위치, VWAP 175,480 위",1차 분할 익절 +2% / 익일 청산 시각 10:00,10.63,4.34,0.991,225.4,0.293,0.82,1,360,3,5,2.5,1.5,True
034220#816-20260514150000,034220,LG디스플레이,종가베팅,FullAuto,Paper,Backtest,2026-05-14 15:00:00,2026-05-14 15:00:00,2026-05-15 09:01:27,1081.5,43,15350,16017.67,14890,2.997,27133,4.111,1.37,5.147,-0.456,0,-0.062,TakeProfit,"종가베팅: 등락 +8.3%, 고저범위 79% 위치, VWAP 15,131 위",1차 분할 익절 +2% / 목표 익절 +5%,8.33,1.45,0.788,258.9,0.181,0.24,1,360,3,5,2.5,1.5,True
064400#819-20260515090507,064400,LG씨엔에스,ORB,FullAuto,Paper,Backtest,2026-05-15 09:05:07,2026-05-15 09:05:07,2026-05-15 09:05:25,0.3,13,99100,97600,97700,1.413,-22420,-1.740,-1.23,0.303,-1.514,0,-0.102,StopLoss,"ORB5 고가 99,000 돌파 (범위 7.7%)","손절 (97,700)",15.10,3.71,1,232.2,2.792,0.85,1,5,1.5,4.0,1.5,1.2,False
090360#818-20260515090527,090360,로보스타,ORB,FullAuto,Paper,Backtest,2026-05-15 09:05:27,2026-05-15 09:05:27,2026-05-15 09:06:25,1,13,95300,93700,93900,1.469,-23603,-1.905,-1.30,1.049,-1.679,0,-0.213,StopLoss,"ORB5 고가 95,200 돌파 (범위 9.2%)","손절 (93,900)",15.66,2.99,1,161.0,2.518,1.26,1,5,1.5,4.0,1.5,1.2,False
047810#817-20260514150000,047810,한국항공우주,종가베팅,FullAuto,Paper,Backtest,2026-05-14 15:00:00,2026-05-14 15:00:00,2026-05-15 10:00:00,1140,3,170400,170066.67,165300,2.993,-2172,-0.425,-0.14,2.171,-1.702,0,-0.059,NextDayDeadline,"종가베팅: 등락 +4.1%, 고저범위 75% 위치, VWAP 166,212 위",1차 분할 익절 +2% / 익일 청산 시각 10:00,4.09,2.52,0.752,307.0,0.298,0.84,1,360,3,5,2.5,1.5,True
036930#826-20260518090722,036930,주성엔지니어링,ORB,FullAuto,Paper,Backtest,2026-05-18 09:07:22,2026-05-18 09:07:22,2026-05-18 09:08:22,1,8,162000,164550.0,159600,1.481,17377,1.341,0.91,2.407,0,0,-0.091,Trailing,"ORB5 고가 161,400 돌파 (범위 7.5%)","1차 분할 익절 +2.0% / 트레일링 (163,900)",15.55,3.40,1,201.2,3.802,2.70,1,7,1.5,4.0,1.5,1.2,False
001740#827-20260518092327,001740,SK네트웍스,ORB,FullAuto,Paper,Backtest,2026-05-18 09:23:27,2026-05-18 09:23:27,2026-05-18 09:25:17,1.8,135,9420,9380,9280,1.486,-8311,-0.654,-0.44,1.486,-0.425,0,-0.741,BreakEven,"ORB5 고가 9,400 돌파 (범위 9.4%)","본절 (9,450)",8.03,5.88,1,153.6,2.214,7.29,1,23,1.5,4.0,1.5,1.2,False
347700#832-20260518150000,347700,스피어,종가베팅,FullAuto,Paper,Backtest,2026-05-18 15:00:00,2026-05-18 15:00:00,2026-05-19 09:01:22,1081.4,14,47300,49050.0,45900,2.960,22928,3.462,1.17,4.863,-0.740,0,-0.307,Trailing,"종가베팅: 등락 +12.5%, 고저범위 93% 위치, VWAP 45,367 위","1차 분할 익절 +2% / 트레일링 (48,850)",12.50,4.15,0.932,356.0,0.488,0.52,1,360,3,5,2.5,1.5,True
036930#836-20260519090530,036930,주성엔지니어링,ORB,FullAuto,Paper,Backtest,2026-05-19 09:05:30,2026-05-19 09:05:30,2026-05-19 09:06:17,0.8,6,199300,196300,196400,1.455,-20710,-1.732,-1.19,0,-1.505,0,-0.051,StopLoss,"ORB5 고가 198,700 돌파 (범위 7.3%)","손절 (196,400)",9.39,3.44,1,114.7,3.981,1.35,1,6,1.5,4.0,1.5,1.2,False
440110#834-20260519090505,440110,파두,ORB,FullAuto,Paper,Backtest,2026-05-19 09:05:05,2026-05-19 09:05:05,2026-05-19 09:07:12,2.1,12,104200,102700.00,102700,1.440,-20835,-1.666,-1.16,0.960,-1.440,0,0.000,StopLoss,"ORB5 고가 104,000 돌파 (범위 5.3%)","손절 (102,700)",5.36,1.61,1,89.7,1.887,0.84,1,5,1.5,4.0,1.5,1.2,False
000990#833-20260518150000,000990,DB하이텍,종가베팅,FullAuto,Paper,Backtest,2026-05-18 15:00:00,2026-05-18 15:00:00,2026-05-19 09:09:27,1089.5,3,171900,166700,166800,2.967,-16752,-3.248,-1.09,1.338,-3.025,0,-0.060,StopLoss,"종가베팅: 등락 +4.4%, 고저범위 84% 위치, VWAP 167,796 위","손절 (166,800)",4.44,2.39,0.843,247.5,0.370,0.87,1,360,3,5,2.5,1.5,True
356680#835-20260519093222,356680,엑스게이트,ORB,FullAuto,Paper,Backtest,2026-05-19 09:32:22,2026-05-19 09:32:22,2026-05-19 09:35:15,2.9,78,17310,17560,17060,1.444,16355,1.211,0.84,2.253,0,0,-0.057,Trailing,"ORB5 고가 17,270 돌파 (범위 7.5%)","1차 분할 익절 +2.0% / 트레일링 (17,480)",11.97,3.16,1,155.9,1.213,16.33,1,32,1.5,4.0,1.5,1.2,False
015760#840-20260519150000,015760,한국전력,종가베팅,FullAuto,Paper,Backtest,2026-05-19 15:00:00,2026-05-19 15:00:00,2026-05-20 09:01:30,1081.5,16,39400,38200,38250,2.919,-20607,-3.269,-1.12,0.127,-3.046,0,-0.131,StopLoss,"종가베팅: 등락 +4.5%, 고저범위 87% 위치, VWAP 39,064 위","손절 (38,250)",4.51,0.86,0.868,511.8,0.335,2.10,1,360,3,5,2.5,1.5,True
036930#842-20260520092322,036930,주성엔지니어링,ORB,FullAuto,Paper,Backtest,2026-05-20 09:23:22,2026-05-20 09:23:22,2026-05-20 09:28:30,5.1,7,192000,198085.71,189200,1.458,39420,2.933,2.01,4.115,-0.990,0,-0.050,TakeProfit,"ORB5 고가 191,500 돌파 (범위 8.3%)",1차 분할 익절 +2.0% / 목표 익절 +4.0%,8.54,2.94,1,168.2,1.414,5.35,1,23,1.5,4.0,1.5,1.2,False
253840#849-20260520150017,253840,수젠텍,종가베팅,FullAuto,Paper,Backtest,2026-05-20 15:00:17,2026-05-20 15:00:17,2026-05-21 09:01:00,1080.7,84,7730,7360,7500,2.975,-32505,-5.006,-1.68,0.259,-4.657,0,-1.867,StopLoss,"종가베팅: 등락 +16.4%, 고저범위 76% 위치, VWAP 7,695 위","손절 (7,500)",16.44,0.32,0.761,209.8,0.666,1.22,1,360,3,5,2.5,1.5,True
082740#847-20260520150000,082740,한화엔진,종가베팅,FullAuto,Paper,Backtest,2026-05-20 15:00:00,2026-05-20 15:00:00,2026-05-21 09:02:17,1082.3,9,69800,73022.22,67800,2.865,27496,4.377,1.53,5.014,-1.433,0,-0.137,TakeProfit,"종가베팅: 등락 +7.1%, 고저범위 96% 위치, VWAP 66,968 위",1차 분할 익절 +2% / 목표 익절 +5%,7.06,4.23,0.958,453.4,0.409,0.57,1,360,3,5,2.5,1.5,True
009150#852-20260521090517,009150,삼성전기,ORB,FullAuto,Paper,Backtest,2026-05-21 09:05:17,2026-05-21 09:05:17,2026-05-21 09:09:30,4.2,1,1163000,1209000,1146000,1.462,43227,3.717,2.54,4.041,0,0,-0.083,TakeProfit,"ORB5 고가 1,162,000 돌파 (범위 5.2%)",목표 익절 +4.0%,7.39,1.42,1,196.5,1.146,2.23,1,5,1.5,4.0,1.5,1.2,False
017900#851-20260521091222,017900,광전자,ORB,FullAuto,Paper,Backtest,2026-05-21 09:12:22,2026-05-21 09:12:22,2026-05-21 09:13:22,1,96,13970,14135,13770,1.432,12724,0.949,0.66,2.004,0,0,-0.177,Trailing,"ORB5 고가 13,900 돌파 (범위 5.1%)","1차 분할 익절 +2.0% / 트레일링 (14,070)",12.21,3.81,1,120.5,2.484,4.09,1,12,1.5,4.0,1.5,1.2,False
066570#850-20260521090615,066570,LG전자,ORB,FullAuto,Paper,Backtest,2026-05-21 09:06:15,2026-05-21 09:06:15,2026-05-21 09:25:30,19.2,3,195900,196500,190900,2.552,445,0.076,0.03,1.531,-2.246,0,0,Trailing,"ORB5 고가 195,800 돌파 (범위 2.5%)","트레일링 (196,500)",6.24,1.01,1,197.6,1.008,1.52,1,6,1.5,4.0,1.5,1.2,False
034020#858-20260521150000,034020,두산에너빌리티,종가베팅,FullAuto,Paper,Backtest,2026-05-21 15:00:00,2026-05-21 15:00:00,2026-05-22 09:01:00,1081,6,109000,117000,105800,2.936,46393,7.094,2.42,7.339,-0.642,0,0,TakeProfit,"종가베팅: 등락 +5.1%, 고저범위 81% 위치, VWAP 108,339 위",목표 익절 +5%,5.11,0.61,0.815,699.4,0.164,0.54,1,360,3,5,2.5,1.5,True
222800#857-20260521150000,222800,심텍,종가베팅,FullAuto,Paper,Backtest,2026-05-21 15:00:00,2026-05-21 15:00:00,2026-05-22 09:01:22,1081.4,5,125500,121600.0,121800,2.948,-20901,-3.331,-1.13,0.797,-3.108,0,-0.164,StopLoss,"종가베팅: 등락 +19.0%, 고저범위 80% 위치, VWAP 123,066 위","손절 (121,800)",18.96,1.98,0.804,255.5,0.495,0.91,1,360,3,5,2.5,1.5,True
440110#859-20260522090515,440110,파두,ORB,FullAuto,Paper,Backtest,2026-05-22 09:05:15,2026-05-22 09:05:15,2026-05-22 09:06:12,1,10,122400,120600,120600,1.471,-20775,-1.697,-1.15,0,-1.471,0,0,StopLoss,"ORB5 고가 122,300 돌파 (범위 5.1%)","손절 (120,600)",4.88,2.08,1,127.8,2.424,1.44,1,5,1.5,4.0,1.5,1.2,False
068270#861-20260522091222,068270,셀트리온,ORB,FullAuto,Paper,Backtest,2026-05-22 09:12:22,2026-05-22 09:12:22,2026-05-22 09:32:22,20,7,190600,190200,187800,1.469,-5861,-0.439,-0.30,0.521,-1.029,0,-0.053,TimeStop,"ORB5 고가 190,545 돌파 (범위 3.5%)",타임스탑 20분,5.30,1.04,1,204.6,0.688,4.58,1,12,1.5,4.0,1.5,1.2,False
440110#865-20260522150000,440110,파두,종가베팅,FullAuto,Paper,Backtest,2026-05-22 15:00:00,2026-05-22 15:00:00,2026-05-26 09:01:12,5401.2,5,127400,123300,123600,2.983,-21920,-3.441,-1.15,1.177,-3.218,0,-0.243,StopLoss,"종가베팅: 등락 +9.1%, 고저범위 84% 위치, VWAP 123,624 위","손절 (123,600)",9.08,2.97,0.838,360.5,0.410,0.78,1,360,3,5,2.5,1.5,True
011790#871-20260526090520,011790,SKC,ORB,FullAuto,Paper,Backtest,2026-05-26 09:05:20,2026-05-26 09:05:20,2026-05-26 09:11:27,6.1,8,154000,156800,151700,1.494,19521,1.584,1.06,2.987,-0.714,0,-0.032,Trailing,"ORB5 고가 153,700 돌파 (범위 3.3%)","1차 분할 익절 +2.0% / 트레일링 (156,600)",7.62,1.58,1,655.2,1.364,2.51,1,5,1.5,4.0,1.5,1.2,False
078600#868-20260522151417,078600,대주전자재료,종가베팅,FullAuto,Paper,Backtest,2026-05-22 15:14:17,2026-05-22 15:14:17,2026-05-26 09:15:27,5401.2,4,156600,160900.00,151900,3.001,15726,2.511,0.84,4.853,-2.618,0,-0.062,Trailing,"종가베팅: 등락 +17.6%, 고저범위 78% 위치, VWAP 155,173 위","1차 분할 익절 +2% / 트레일링 (161,700)",17.57,0.92,0.780,233.0,0.349,2.61,1,374,3,5,2.5,1.5,True
353200#878-20260526150000,353200,대덕전자,종가베팅,FullAuto,Paper,Backtest,2026-05-26 15:00:00,2026-05-26 15:00:00,2026-05-27 09:01:00,1081,3,171500,180100,166400,2.974,24562,4.774,1.61,5.073,-1.458,0,-0.055,TakeProfit,"종가베팅: 등락 +13.3%, 고저범위 80% 위치, VWAP 167,351 위",목표 익절 +5%,13.28,2.42,0.804,263.8,0.329,0.71,1,360,3,5,2.5,1.5,True
440110#880-20260527090530,440110,파두,ORB,FullAuto,Paper,Backtest,2026-05-27 09:05:30,2026-05-27 09:05:30,2026-05-27 09:06:25,0.9,10,125600,123800,123800,1.433,-20849,-1.660,-1.16,0,-1.433,0,0,StopLoss,"ORB5 고가 125,300 돌파 (범위 6.2%)","손절 (123,800)",7.53,2.81,1,151.4,3.211,1.28,1,6,1.5,4.0,1.5,1.2,False
402340#881-20260527091625,402340,SK스퀘어,ORB,FullAuto,Paper,Backtest,2026-05-27 09:16:25,2026-05-27 09:16:25,2026-05-27 09:17:30,1.1,1,1331000,1310000,1312000,1.427,-24015,-1.804,-1.26,0.451,-1.578,0,-0.152,StopLoss,"ORB5 고가 1,329,000 돌파 (범위 6.7%)","손절 (1,312,000)",11.19,2.02,1,273.1,1.352,3.78,1,16,1.5,4.0,1.5,1.2,False
064400#887-20260527150000,064400,LG씨엔에스,종가베팅,FullAuto,Paper,Backtest,2026-05-27 15:00:00,2026-05-27 15:00:00,2026-05-27 15:06:15,6.2,7,94300,91400,91500,2.969,-21773,-3.298,-1.11,0.106,-3.075,0,-0.109,StopLoss,"종가베팅: 등락 +13.6%, 고저범위 99% 위치, VWAP 85,944 위","손절 (91,500)",13.63,9.61,0.993,244.7,1.274,3.27,1,360,3,5,2.5,1.5,True
009420#888-20260527150000,009420,한올바이오파마,종가베팅,FullAuto,Paper,Backtest,2026-05-27 15:00:00,2026-05-27 15:00:00,2026-05-28 09:01:00,1081,9,70900,67700,68800,2.962,-30204,-4.733,-1.60,0.141,-4.513,0,-1.599,StopLoss,"종가베팅: 등락 +18.0%, 고저범위 84% 위치, VWAP 68,795 위","손절 (68,800)",18.00,2.91,0.839,271.0,0.404,0.79,1,360,3,5,2.5,1.5,True
454910#892-20260528090525,454910,두산로보틱스,ORB,FullAuto,Paper,Backtest,2026-05-28 09:05:25,2026-05-28 09:05:25,2026-05-28 09:06:25,1,12,108900,109200,107300,1.469,588,0.045,0.03,1.469,0,0,0,BreakEven,"ORB5 고가 108,800 돌파 (범위 5.2%)","본절 (109,200)",5.73,2.12,1,399.6,1.714,2.07,1,5,1.5,4.0,1.5,1.2,False
034220#891-20260528090625,034220,LG디스플레이,ORB,FullAuto,Paper,Backtest,2026-05-28 09:06:25,2026-05-28 09:06:25,2026-05-28 09:11:25,5,85,15650,15878.82,15420,1.470,16352,1.229,0.84,2.236,-0.256,0,-0.095,Trailing,"ORB5 고가 15,630 돌파 (범위 9.9%)","1차 분할 익절 +2.0% / 트레일링 (15,800)",10.76,3.07,1,171.0,2.492,1.86,1,6,1.5,4.0,1.5,1.2,False
006660#890-20260528091525,006660,삼성공조,ORB,FullAuto,Paper,Backtest,2026-05-28 09:15:25,2026-05-28 09:15:25,2026-05-28 09:16:30,1.1,78,17170,17695,16920,1.456,37785,2.821,1.94,4.193,-0.058,0,-0.056,TakeProfit,"ORB5 고가 17,060 돌파 (범위 9.0%)",1차 분할 익절 +2.0% / 목표 익절 +4.0%,10.63,4.89,1,145.0,2.885,3.55,1,15,1.5,4.0,1.5,1.2,False
373220#901-20260528150000,373220,LG에너지솔루션,종가베팅,FullAuto,Paper,Backtest,2026-05-28 15:00:00,2026-05-28 15:00:00,2026-05-29 09:02:10,1082.2,1,439000,445000.00,426000,2.961,4979,1.134,0.38,2.961,-0.569,0,0.000,Trailing,"종가베팅: 등락 +13.3%, 고저범위 76% 위치, VWAP 431,015 위","트레일링 (445,000)",13.29,1.85,0.765,284.9,0.285,1.92,1,360,3,5,2.5,1.5,True
064400#902-20260529090507,064400,LG씨엔에스,ORB,FullAuto,Paper,Backtest,2026-05-29 09:05:07,2026-05-29 09:05:07,2026-05-29 09:06:15,1.1,12,100900,99400,99400,1.487,-20744,-1.713,-1.15,0.297,-1.487,0,0,StopLoss,"ORB5 고가 100,800 돌파 (범위 6.4%)","손절 (99,400)",15.18,3.40,1,195.7,2.940,1.50,1,5,1.5,4.0,1.5,1.2,False
005380#903-20260529091422,005380,현대차,ORB,FullAuto,Paper,Backtest,2026-05-29 09:14:22,2026-05-29 09:14:22,2026-05-29 09:20:30,6.1,1,721000,711000,711000,1.387,-11636,-1.614,-1.16,0.277,-1.387,0,0,StopLoss,"ORB5 고가 720,000 돌파 (범위 2.7%)","손절 (711,000)",6.66,0.81,1,363.7,0.809,3.64,1,14,1.5,4.0,1.5,1.2,False
003550#905-20260529091130,003550,LG,ORB,FullAuto,Paper,Backtest,2026-05-29 09:11:30,2026-05-29 09:11:30,2026-05-29 09:21:30,10,10,126000,124200,124200,1.429,-20859,-1.655,-1.16,1.032,-1.429,0,0,StopLoss,"ORB5 고가 125,600 돌파 (범위 3.8%)","손절 (124,200)",6.87,1.74,1,181.2,1.420,2.39,1,12,1.5,4.0,1.5,1.2,False
034220#912-20260529150000,034220,LG디스플레이,종가베팅,FullAuto,Paper,Backtest,2026-05-29 15:00:00,2026-05-29 15:00:00,2026-06-01 09:01:00,3961,41,16170,17260,15690,2.968,43070,6.497,2.19,6.741,-1.608,0,0,TakeProfit,"종가베팅: 등락 +12.1%, 고저범위 77% 위치, VWAP 15,884 위",목표 익절 +5%,12.07,1.74,0.768,193.5,0.438,1.70,1,360,3,5,2.5,1.5,True
011790#914-20260601090520,011790,SKC,ORB,FullAuto,Paper,Backtest,2026-06-01 09:05:20,2026-06-01 09:05:20,2026-06-01 09:06:22,1,8,160600,161400,158200,1.494,3433,0.267,0.18,1.930,0,0,-0.186,Trailing,"ORB5 고가 160,300 돌파 (범위 7.2%)","트레일링 (161,700)",14.06,2.39,1,684.2,1.432,1.80,1,5,1.5,4.0,1.5,1.2,False
051910#913-20260529150217,051910,LG화학,종가베팅,FullAuto,Paper,Backtest,2026-05-29 15:02:17,2026-05-29 15:02:17,2026-06-01 09:52:15,4010,1,364000,371000,353500,2.885,6149,1.689,0.59,3.571,-1.511,0,0,Trailing,"종가베팅: 등락 +6.3%, 고저범위 75% 위치, VWAP 355,062 위","트레일링 (371,000)",6.28,2.52,0.754,506.8,0.206,2.22,1,362,3,5,2.5,1.5,True
005930#921-20260601150000,005930,삼성전자,종가베팅,FullAuto,Paper,Backtest,2026-06-01 15:00:00,2026-06-01 15:00:00,2026-06-02 09:02:05,1082.1,1,350000,361000.00,339500,3.00,10172,2.906,0.97,4.714,0,0,0.000,Trailing,"종가베팅: 등락 +9.9%, 고저범위 98% 위치, VWAP 340,080 위","트레일링 (361,000)",9.89,2.92,0.984,1023.2,0.235,5.07,1,360,3,5,2.5,1.5,True
278470#920-20260601150000,278470,에이피알,종가베팅,FullAuto,Paper,Backtest,2026-06-01 15:00:00,2026-06-01 15:00:00,2026-06-02 09:02:30,1082.5,1,426500,412500,414000,2.931,-14949,-3.505,-1.20,0.703,-3.283,0,-0.362,StopLoss,"종가베팅: 등락 +8.1%, 고저범위 92% 위치, VWAP 417,777 위","손절 (414,000)",8.11,2.09,0.917,589.0,0.301,0.29,1,360,3,5,2.5,1.5,True
034220#922-20260602090507,034220,LG디스플레이,ORB,FullAuto,Paper,Backtest,2026-06-02 09:05:07,2026-06-02 09:05:07,2026-06-02 09:05:27,0.3,78,16980,16710,16730,1.472,-24059,-1.817,-1.23,0.294,-1.590,0,-0.120,StopLoss,"ORB5 고가 16,970 돌파 (범위 6.1%)","손절 (16,730)",7.47,2.52,1,120.0,2.473,1.10,1,5,1.5,4.0,1.5,1.2,False
373220#923-20260602090517,373220,LG에너지솔루션,ORB,FullAuto,Paper,Backtest,2026-06-02 09:05:17,2026-06-02 09:05:17,2026-06-02 09:06:30,1.2,2,484500,492500,477500,1.445,13739,1.418,0.98,2.683,0,0,-0.101,Trailing,"ORB5 고가 484,000 돌파 (범위 8.2%)","1차 분할 익절 +2.0% / 트레일링 (491,500)",6.48,2.30,1,326.2,2.098,2.11,1,5,1.5,4.0,1.5,1.2,False
028260#929-20260602150000,028260,삼성물산,종가베팅,FullAuto,Paper,Backtest,2026-06-02 15:00:00,2026-06-02 15:00:00,2026-06-04 09:01:10,2521.2,1,478500,492500,464500,2.926,12871,2.690,0.92,4.911,-0.836,0,-0.304,Trailing,"종가베팅: 등락 +4.0%, 고저범위 81% 위치, VWAP 460,588 위","트레일링 (494,000)",4.03,3.78,0.813,395.8,0.478,0.80,1,360,3,5,2.5,1.5,True
032830#931-20260602150000,032830,삼성생명,종가베팅,FullAuto,Paper,Backtest,2026-06-02 15:00:00,2026-06-02 15:00:00,2026-06-04 09:01:10,2521.2,1,447000,433500,434000,2.908,-14499,-3.244,-1.12,10.738,-3.020,0,-0.115,StopLoss,"종가베팅: 등락 +8.8%, 고저범위 89% 위치, VWAP 430,428 위","손절 (434,000)",8.77,3.73,0.894,320.4,0.392,1.97,1,360,3,5,2.5,1.5,True
011790#932-20260604090525,011790,SKC,ORB,FullAuto,Paper,Backtest,2026-06-04 09:05:25,2026-06-04 09:05:25,2026-06-04 09:07:20,1.9,8,156400,158350,154100,1.471,12692,1.014,0.69,2.046,0,0,-0.158,Trailing,"ORB5 고가 156,000 돌파 (범위 7.0%)","1차 분할 익절 +2.0% / 트레일링 (157,600)",11.32,3.30,1,99.8,3.517,2.86,1,5,1.5,4.0,1.5,1.2,False
403870#933-20260604090727,403870,HPSP,ORB,FullAuto,Paper,Backtest,2026-06-04 09:07:27,2026-06-04 09:07:27,2026-06-04 09:15:30,8,29,46200,45550,45550,1.407,-21889,-1.634,-1.16,1.082,-1.407,0,0,StopLoss,"ORB5 고가 46,150 돌파 (범위 5.5%)","손절 (45,550)",4.64,2.15,1,173.6,1.948,1.31,1,7,1.5,4.0,1.5,1.2,False
489790#944-20260604151017,489790,한화비전,종가베팅,FullAuto,Paper,Backtest,2026-06-04 15:10:17,2026-06-04 15:10:17,2026-06-05 09:01:00,1070.7,8,79500,74400,77200,2.893,-42174,-6.631,-2.29,0,-6.415,0,-3.627,StopLoss,"종가베팅: 등락 +18.7%, 고저범위 85% 위치, VWAP 77,097 위","손절 (77,200)",18.66,3.12,0.848,207.0,0.611,0.90,1,370,3,5,2.5,1.5,True
347850#939-20260604150000,347850,디앤디파마텍,종가베팅,FullAuto,Paper,Backtest,2026-06-04 15:00:00,2026-06-04 15:00:00,2026-06-05 09:02:20,1082.3,7,92600,95114.29,89900,2.916,16075,2.480,0.85,4.536,-0.324,0,-0.464,Trailing,"종가베팅: 등락 +10.1%, 고저범위 79% 위치, VWAP 90,282 위","1차 분할 익절 +2% / 트레일링 (95,300)",10.11,2.57,0.786,520.2,0.301,0.63,1,360,3,5,2.5,1.5,True
055550#947-20260605091027,055550,신한지주,ORB,FullAuto,Paper,Backtest,2026-06-05 09:10:27,2026-06-05 09:10:27,2026-06-05 09:13:27,3,12,106700,108750,105100,1.500,21604,1.687,1.13,2.905,0,0,-0.092,Trailing,"ORB5 고가 106,500 돌파 (범위 3.9%)","1차 분할 익절 +2.0% / 트레일링 (108,400)",6.59,1.78,1,308.7,0.750,1.72,1,10,1.5,4.0,1.5,1.2,False
105560#945-20260605090927,105560,KB금융,ORB,FullAuto,Paper,Backtest,2026-06-05 09:09:27,2026-06-05 09:09:27,2026-06-05 09:14:20,4.9,7,172400,173400,169900,1.450,4210,0.349,0.24,1.914,-0.058,0,-0.058,Trailing,"ORB5 고가 172,200 돌파 (범위 3.0%)","트레일링 (173,500)",4.48,1.40,1,178.0,1.119,1.82,1,9,1.5,4.0,1.5,1.2,False
178320#952-20260605150117,178320,서진시스템,종가베팅,FullAuto,Paper,Backtest,2026-06-05 15:01:17,2026-06-05 15:01:17,2026-06-08 09:01:00,3959.7,9,71400,64200,69300,2.941,-66137,-10.292,-3.50,0.700,-9.944,0,-7.359,StopLoss,"종가베팅: 등락 +3.2%, 고저범위 87% 위치, VWAP 67,526 위","손절 (69,300)",3.18,5.74,0.871,300,0.510,1.07,1,361,3,5,2.5,1.5,True
024060#961-20260608150817,024060,흥구석유,종가베팅,FullAuto,Paper,Backtest,2026-06-08 15:08:17,2026-06-08 15:08:17,2026-06-08 15:10:30,2.2,52,12750,12320,12370,2.980,-23836,-3.595,-1.21,0.706,-3.373,0,-0.404,StopLoss,"종가베팅: 등락 +6.6%, 고저범위 79% 위치, VWAP 12,285 위","손절 (12,370)",6.61,3.70,0.792,143.9,1.245,12.79,1,368,3,5,2.5,1.5,True
032640#960-20260608150817,032640,LG유플러스,종가베팅,FullAuto,Paper,Backtest,2026-06-08 15:08:17,2026-06-08 15:08:17,2026-06-09 09:03:30,1075.2,42,15880,15400,15410,2.960,-21650,-3.246,-1.10,1.385,-3.023,0,-0.065,StopLoss,"종가베팅: 등락 +4.8%, 고저범위 80% 위치, VWAP 15,524 위","손절 (15,410)",4.75,2.23,0.798,373.8,0.320,2.21,1,368,3,5,2.5,1.5,True
028260#970-20260609150000,028260,삼성물산,종가베팅,FullAuto,Paper,Backtest,2026-06-09 15:00:00,2026-06-09 15:00:00,2026-06-10 09:01:00,1081,1,432000,402500,419500,2.894,-30429,-7.044,-2.43,0.347,-6.713,0,-4.052,StopLoss,"종가베팅: 등락 +5.9%, 고저범위 86% 위치, VWAP 415,114 위","손절 (419,500)",5.88,4.07,0.855,295.8,0.389,0.83,1,360,3,5,2.5,1.5,True
000270#971-20260609150617,000270,기아,종가베팅,FullAuto,Paper,Backtest,2026-06-09 15:06:17,2026-06-09 15:06:17,2026-06-10 09:01:30,1075.2,4,165800,160500,160900,2.955,-22679,-3.420,-1.16,0.060,-3.197,0,-0.249,StopLoss,"종가베팅: 등락 +9.2%, 고저범위 88% 위치, VWAP 162,900 위","손절 (160,900)",9.15,1.78,0.883,307.3,0.146,1.76,1,366,3,5,2.5,1.5,True
093370#972-20260610090630,093370,후성,ORB,FullAuto,Paper,Backtest,2026-06-10 09:06:30,2026-06-10 09:06:30,2026-06-10 09:08:27,2,87,15000,14750.00,14780,1.467,-24703,-1.893,-1.29,1.267,-1.667,0,-0.203,StopLoss,"ORB5 고가 14,970 돌파 (범위 5.9%)","손절 (14,780)",10.95,2.04,1,194.4,2.183,1.74,1,6,1.5,4.0,1.5,1.2,False
319660#974-20260610090620,319660,피에스케이,ORB,FullAuto,Paper,Backtest,2026-06-10 09:06:20,2026-06-10 09:06:20,2026-06-10 09:09:25,3.1,8,147900,150100,145700,1.487,14844,1.255,0.84,2.434,-1.217,0,-0.100,Trailing,"ORB5 고가 147,700 돌파 (범위 8.0%)","1차 분할 익절 +2.0% / 트레일링 (149,600)",6.17,2.82,1,336.2,2.705,2.39,1,6,1.5,4.0,1.5,1.2,False
047810#981-20260610150125,047810,한국항공우주,종가베팅,FullAuto,Paper,Backtest,2026-06-10 15:01:25,2026-06-10 15:01:25,2026-06-11 09:01:25,1080,4,136400,139850,132400,2.933,12519,2.295,0.78,3.739,-0.513,0,-0.036,Trailing,"종가베팅: 등락 +6.4%, 고저범위 79% 위치, VWAP 135,133 위","1차 분할 익절 +2% / 트레일링 (139,300)",6.40,0.94,0.794,397.5,0.314,1.79,1,361,3,5,2.5,1.5,True
093370#980-20260610150000,093370,후성,종가베팅,FullAuto,Paper,Backtest,2026-06-10 15:00:00,2026-06-10 15:00:00,2026-06-11 09:01:27,1081.5,41,16110,15580,15630,2.980,-23201,-3.513,-1.18,0.559,-3.290,0,-0.320,StopLoss,"종가베팅: 등락 +19.1%, 고저범위 80% 위치, VWAP 15,677 위","손절 (15,630)",19.08,2.70,0.801,185.8,0.590,0.54,1,360,3,5,2.5,1.5,True
319400#987-20260611150000,319400,현대무벡스,종가베팅,FullAuto,Paper,Backtest,2026-06-11 15:00:00,2026-06-11 15:00:00,2026-06-12 09:02:22,1082.4,16,41150,41750.0,39950,2.916,8067,1.225,0.42,2.673,-1.337,0,-0.180,Trailing,"종가베팅: 등락 +16.1%, 고저범위 99% 위치, VWAP 38,195 위","1차 분할 익절 +2% / 트레일링 (41,600)",16.10,7.60,0.994,359.7,0.526,1.94,1,360,3,5,2.5,1.5,True
001740#989-20260612090510,001740,SK네트웍스,ORB,FullAuto,Paper,Backtest,2026-06-12 09:05:10,2026-06-12 09:05:10,2026-06-12 09:05:30,0.3,100,12850,12630,12660,1.479,-24907,-1.938,-1.31,0.311,-1.712,0,-0.237,StopLoss,"ORB5 고가 12,830 돌파 (범위 8.6%)","손절 (12,660)",10.11,4.10,1,98.1,2.620,0.95,1,5,1.5,4.0,1.5,1.2,False
240810#990-20260612100027,240810,원익IPS,ORB,FullAuto,Paper,Backtest,2026-06-12 10:00:27,2026-06-12 10:00:27,2026-06-12 10:04:27,4,8,163300,166300,160900,1.470,20947,1.603,1.09,3.123,-0.674,0,-0.150,Trailing,"ORB5 고가 163,100 돌파 (범위 5.2%)","1차 분할 익절 +2.0% / 트레일링 (166,300)",15.82,4.42,1,142.9,0.989,2.60,1,60,1.5,4.0,1.5,1.2,False
093370#994-20260615090520,093370,후성,ORB,FullAuto,Paper,Backtest,2026-06-15 09:05:20,2026-06-15 09:05:20,2026-06-15 09:06:15,0.9,64,20100,20475,19840,1.294,20992,1.632,1.26,2.985,0,0,-0.122,Trailing,"ORB5 고가 19,990 돌파 (범위 5.5%)","1차 분할 익절 +2.0% / 트레일링 (20,450)",5.73,2.66,1,144.7,1.692,1.81,1,5,1.5,4.0,1.5,1.2,False
089030#995-20260615090630,089030,테크윙,ORB,FullAuto,Paper,Backtest,2026-06-15 09:06:30,2026-06-15 09:06:30,2026-06-15 09:08:00,1.5,18,71000,71400,70000,1.408,4247,0.332,0.24,1.831,-0.423,0,0,Trailing,"ORB5 고가 70,700 돌파 (범위 6.2%)","트레일링 (71,400)",8.73,2.94,1,140.5,2.746,1.33,1,6,1.5,4.0,1.5,1.2,False
042700#997-20260615091227,042700,한미반도체,ORB,FullAuto,Paper,Backtest,2026-06-15 09:12:27,2026-06-15 09:12:27,2026-06-15 09:14:30,2,3,367000,361500,361500,1.499,-18996,-1.725,-1.15,0.409,-1.499,0,0,StopLoss,"ORB5 고가 366,000 돌파 (범위 4.3%)","손절 (361,500)",7.62,2.22,1,420.2,1.226,2.54,1,12,1.5,4.0,1.5,1.2,False
042660#1003-20260615150000,042660,한화오션,종가베팅,FullAuto,Paper,Backtest,2026-06-15 15:00:00,2026-06-15 15:00:00,2026-06-16 09:03:22,1083.4,5,122500,124380.0,118900,2.939,7974,1.302,0.44,2.776,-0.327,0,-0.080,Trailing,"종가베팅: 등락 +8.2%, 고저범위 86% 위치, VWAP 120,179 위","1차 분할 익절 +2% / 트레일링 (124,000)",8.22,1.93,0.859,584.3,0.227,1.47,1,360,3,5,2.5,1.5,True
079550#1008-20260616090627,079550,LIG디펜스앤에어로스페이스,ORB,FullAuto,Paper,Backtest,2026-06-16 09:06:27,2026-06-16 09:06:27,2026-06-16 09:09:30,3,1,988000,972000,974000,1.417,-18237,-1.846,-1.30,0.405,-1.619,0,-0.205,StopLoss,"ORB5 고가 987,000 돌파 (범위 5.4%)","손절 (974,000)",16.10,2.22,1,185.1,1.999,1.83,1,6,1.5,4.0,1.5,1.2,False
105560#1009-20260616090720,105560,KB금융,ORB,FullAuto,Paper,Backtest,2026-06-16 09:07:20,2026-06-16 09:07:20,2026-06-16 09:34:30,27.2,7,178100,180400,175500,1.460,13201,1.059,0.73,2.134,-0.898,0,-0.087,Trailing,"ORB5 고가 177,800 돌파 (범위 5.0%)","1차 분할 익절 +2.0% / 트레일링 (179,700)",4.89,1.67,1,253.9,1.044,2.14,1,7,1.5,4.0,1.5,1.2,False
204320#1016-20260616150000,204320,HL만도,종가베팅,FullAuto,Paper,Backtest,2026-06-16 15:00:00,2026-06-16 15:00:00,2026-06-17 09:03:22,1083.4,8,76200,77800,74000,2.887,11374,1.866,0.65,3.806,-2.625,0,-0.192,Trailing,"종가베팅: 등락 +7.9%, 고저범위 82% 위치, VWAP 74,211 위","1차 분할 익절 +2% / 트레일링 (77,900)",7.93,2.68,0.821,267.7,0.361,2.31,1,360,3,5,2.5,1.5,True
403870#1018-20260617091127,403870,HPSP,ORB,FullAuto,Paper,Backtest,2026-06-17 09:11:27,2026-06-17 09:11:27,2026-06-17 09:12:27,1,18,69900,68700.00,68900,1.431,-24446,-1.943,-1.36,0.429,-1.717,0,-0.290,StopLoss,"ORB5 고가 69,800 돌파 (범위 6.7%)","손절 (68,900)",5.43,1.85,1,226.9,1.749,2.03,1,11,1.5,4.0,1.5,1.2,False
240810#1019-20260617090507,240810,원익IPS,ORB,FullAuto,Paper,Backtest,2026-06-17 09:05:07,2026-06-17 09:05:07,2026-06-17 09:13:00,7.9,7,169400,176442.86,166900,1.476,46470,3.919,2.66,5.726,-1.240,0,-0.025,TakeProfit,"ORB5 고가 169,000 돌파 (범위 6.2%)",1차 분할 익절 +2.0% / 목표 익절 +4.0%,8.52,2.07,1,114.1,2.145,1.31,1,5,1.5,4.0,1.5,1.2,False
006340#1029-20260618090520,006340,대원전선,ORB,FullAuto,Paper,Backtest,2026-06-18 09:05:20,2026-06-18 09:05:20,2026-06-18 09:08:27,3.1,95,13950,13730,13750,1.434,-23901,-1.804,-1.26,1.147,-1.577,0,-0.145,StopLoss,"ORB5 고가 13,940 돌파 (범위 9.1%)","손절 (13,750)",13.14,3.31,1,164.6,2.652,1.99,1,5,1.5,4.0,1.5,1.2,False
005930#1036-20260618150000,005930,삼성전자,종가베팅,FullAuto,Paper,Backtest,2026-06-18 15:00:00,2026-06-18 15:00:00,2026-06-19 09:01:30,1081.5,1,358750,369500,348000,2.997,9903,2.760,0.92,4.669,-0.627,0,0,Trailing,"종가베팅: 등락 +4.4%, 고저범위 95% 위치, VWAP 351,555 위","트레일링 (369,500)",4.45,1.90,0.948,522.9,0.219,0.48,2,360,3,5,2.5,1.5,True
032830#1037-20260618150000,032830,삼성생명,종가베팅,FullAuto,Paper,Backtest,2026-06-18 15:00:00,2026-06-18 15:00:00,2026-06-19 09:06:27,1086.5,1,470000,493000,456000,2.979,21871,4.653,1.56,5.00,-0.851,0,-0.101,TakeProfit,"종가베팅: 등락 +6.0%, 고저범위 98% 위치, VWAP 460,502 위",목표 익절 +5%,5.98,1.95,0.981,344.9,0.342,1.41,1,360,3,5,2.5,1.5,True
001820#1043-20260622090627,001820,삼화콘덴서,ORB,FullAuto,Paper,Backtest,2026-06-22 09:06:27,2026-06-22 09:06:27,2026-06-22 09:08:27,2,7,181400,178200,178700,1.488,-25271,-1.990,-1.34,0.276,-1.764,0,-0.280,StopLoss,"ORB5 고가 181,300 돌파 (범위 6.9%)","손절 (178,700)",5.77,2.10,1,240.3,2.357,1.79,1,6,1.5,4.0,1.5,1.2,False
080220#1048-20260622150000,080220,제주반도체,종가베팅,FullAuto,Paper,Backtest,2026-06-22 15:00:00,2026-06-22 15:00:00,2026-06-23 09:01:30,1081.5,5,132400,128500,128500,2.946,-20980,-3.169,-1.08,1.964,-2.946,0,0,StopLoss,"종가베팅: 등락 +15.8%, 고저범위 79% 위치, VWAP 129,391 위","손절 (128,500)",15.84,2.33,0.795,191.8,0.297,1.26,1,360,3,5,2.5,1.5,True
000990#1049-20260622150000,000990,DB하이텍,종가베팅,FullAuto,Paper,Backtest,2026-06-22 15:00:00,2026-06-22 15:00:00,2026-06-23 09:02:15,1082.2,3,171400,166000,166300,2.975,-17347,-3.374,-1.13,1.692,-3.151,0,-0.180,StopLoss,"종가베팅: 등락 +11.7%, 고저범위 98% 위치, VWAP 164,975 위","손절 (166,300)",11.66,3.89,0.980,262.3,0.363,1.06,1,360,3,5,2.5,1.5,True
026940#1055-20260624090622,026940,부국철강,ORB,FullAuto,Paper,Backtest,2026-06-24 09:06:22,2026-06-24 09:06:22,2026-06-24 09:06:30,0.1,308,4225,4390,4165,1.420,47721,3.667,2.58,4.852,0,0,-0.114,TakeProfit,"ORB5 고가 4,200 돌파 (범위 7.1%)",1차 분할 익절 +2.0% / 목표 익절 +4.0%,12.52,3.92,1,132.2,6.272,3.79,1,6,1.5,4.0,1.5,1.2,False
080220#1056-20260624091430,080220,제주반도체,ORB,FullAuto,Paper,Backtest,2026-06-24 09:14:30,2026-06-24 09:14:30,2026-06-24 09:20:30,6,10,120000,118200,118200,1.500,-20721,-1.727,-1.15,1.167,-1.500,0,0,StopLoss,"ORB5 고가 119,800 돌파 (범위 4.6%)","손절 (118,200)",8.30,2.05,1,211.2,1.931,2.45,1,14,1.5,4.0,1.5,1.2,False
034730#1062-20260625090527,034730,SK,ORB,FullAuto,Paper,Backtest,2026-06-25 09:05:27,2026-06-25 09:05:27,2026-06-25 09:09:25,4,1,841000,826000,829000,1.427,-16901,-2.010,-1.41,1.308,-1.784,0,-0.362,StopLoss,"ORB5 고가 840,000 돌파 (범위 9.4%)","손절 (829,000)",17.62,3.10,1,172.0,2.537,1.20,1,5,1.5,4.0,1.5,1.2,False
141080#1060-20260624150000,141080,리가켐바이오,종가베팅,FullAuto,Paper,Backtest,2026-06-24 15:00:00,2026-06-24 15:00:00,2026-06-25 09:11:45,1091.8,4,153400,157350,148800,2.999,14356,2.340,0.78,4.302,-2.151,0,-0.032,Trailing,"종가베팅: 등락 +12.6%, 고저범위 92% 위치, VWAP 149,151 위","1차 분할 익절 +2% / 트레일링 (157,600)",12.64,2.78,0.917,295.6,0.368,1.04,1,360,3,5,2.5,1.5,True
037710#1063-20260625093627,037710,광주신세계,ORB,FullAuto,Paper,Backtest,2026-06-25 09:36:27,2026-06-25 09:36:27,2026-06-25 09:38:22,1.9,26,48650,49225,47950,1.439,12012,0.950,0.66,2.055,-0.308,0,-0.254,Trailing,"ORB5 고가 48,500 돌파 (범위 6.8%)","1차 분할 익절 +2.0% / 트레일링 (49,050)",9.33,5.85,1,167.4,1.571,6.05,1,36,1.5,4.0,1.5,1.2,False
037710#1072-20260626090625,037710,광주신세계,ORB,FullAuto,Paper,Backtest,2026-06-26 09:06:25,2026-06-26 09:06:25,2026-06-26 09:07:27,1,28,46400,45650,45750,1.401,-23941,-1.843,-1.32,0.647,-1.616,0,-0.219,StopLoss,"ORB5 고가 46,350 돌파 (범위 5.8%)","손절 (45,750)",9.56,1.89,1,149.7,2.128,2.30,1,6,1.5,4.0,1.5,1.2,False
005930#1071-20260625150920,005930,삼성전자,종가베팅,FullAuto,Paper,Backtest,2026-06-25 15:09:20,2026-06-25 15:09:20,2026-06-26 09:20:25,1091.1,1,360000,349500.00,349500,2.917,-11305,-3.140,-1.08,0.417,-2.917,0,0.000,StopLoss,"종가베팅: 등락 +6.0%, 고저범위 76% 위치, VWAP 358,212 위","손절 (349,500)",6.04,0.50,0.762,452.2,0.288,2.84,1,369,3,5,2.5,1.5,True
475150#1080-20260629090505,475150,SK이터닉스,ORB,FullAuto,Paper,Backtest,2026-06-29 09:05:05,2026-06-29 09:05:05,2026-06-29 09:05:30,0.4,26,48300,47550,47600,1.449,-22345,-1.779,-1.23,0.932,-1.553,0,-0.105,StopLoss,"ORB5 고가 48,200 돌파 (범위 8.1%)","손절 (47,600)",11.81,4.41,1,208.8,2.795,1.07,1,5,1.5,4.0,1.5,1.2,False
141080#1081-20260629090505,141080,리가켐바이오,ORB,FullAuto,Paper,Backtest,2026-06-29 09:05:05,2026-06-29 09:05:05,2026-06-29 09:09:27,4.4,8,157900,162700,155600,1.457,35416,2.804,1.92,4.117,-0.823,0,-0.061,TakeProfit,"ORB5 고가 157,700 돌파 (범위 4.6%)",1차 분할 익절 +2.0% / 목표 익절 +4.0%,10.27,1.88,1,109.2,2.090,1.11,1,5,1.5,4.0,1.5,1.2,False
214450#1082-20260629095130,214450,파마리서치,ORB,FullAuto,Paper,Backtest,2026-06-29 09:51:30,2026-06-29 09:51:30,2026-06-29 10:11:30,20,3,353000,351000,348000,1.416,-8421,-0.795,-0.56,0.283,-1.275,0,-0.142,TimeStop,"ORB5 고가 352,500 돌파 (범위 5.5%)",타임스탑 20분,9.29,1.81,1,290.5,0.642,8.40,1,52,1.5,4.0,1.5,1.2,False
373220#1088-20260629151400,373220,LG에너지솔루션,종가베팅,FullAuto,Paper,Backtest,2026-06-29 15:14:00,2026-06-29 15:14:00,2026-06-30 09:01:20,1067.3,1,396500,385000,385000,2.900,-12386,-3.124,-1.08,0.126,-2.900,0,0,StopLoss,"종가베팅: 등락 +19.3%, 고저범위 98% 위치, VWAP 379,205 위","손절 (385,000)",19.28,4.43,0.976,362.4,0.442,0.66,1,374,3,5,2.5,1.5,True
240810#1089-20260630090730,240810,원익IPS,ORB,FullAuto,Paper,Backtest,2026-06-30 09:07:30,2026-06-30 09:07:30,2026-06-30 09:08:27,1,7,174300,171700,171700,1.492,-20966,-1.718,-1.15,0,-1.492,0,0,StopLoss,"ORB5 고가 174,200 돌파 (범위 6.2%)","손절 (171,700)",9.62,2.08,1,166.5,2.123,1.84,1,8,1.5,4.0,1.5,1.2,False
214450#1094-20260630150000,214450,파마리서치,종가베팅,FullAuto,Paper,Backtest,2026-06-30 15:00:00,2026-06-30 15:00:00,2026-07-01 09:06:30,1086.5,1,366500,355500,355500,3.001,-11818,-3.225,-1.07,0,-3.001,0,0,StopLoss,"종가베팅: 등락 +3.5%, 고저범위 91% 위치, VWAP 363,052 위","손절 (355,500)",3.54,0.81,0.913,469.5,0.410,0.60,1,360,3,5,2.5,1.5,True
037710#1102-20260702090520,037710,광주신세계,ORB,FullAuto,Paper,Backtest,2026-07-02 09:05:20,2026-07-02 09:05:20,2026-07-02 09:06:27,1.1,26,49950,50700,49250,1.401,16473,1.268,0.91,2.503,0,0,-0.098,Trailing,"ORB5 고가 49,700 돌파 (범위 9.8%)","1차 분할 익절 +2.0% / 트레일링 (50,500)",14.17,2.93,1,307.1,2.135,2.53,1,5,1.5,4.0,1.5,1.2,False
003230#1104-20260702090930,003230,삼양식품,ORB,FullAuto,Paper,Backtest,2026-07-02 09:09:30,2026-07-02 09:09:30,2026-07-02 09:13:22,3.9,1,1218000,1197000,1200000,1.478,-23755,-1.950,-1.32,0,-1.724,0,-0.250,StopLoss,"ORB5 고가 1,217,000 돌파 (범위 4.7%)","손절 (1,200,000)",4.82,1.25,1,331.2,1.138,1.23,1,10,1.5,4.0,1.5,1.2,False
403870#1109-20260703090507,403870,HPSP,ORB,FullAuto,Paper,Backtest,2026-07-03 09:05:07,2026-07-03 09:05:07,2026-07-03 09:06:22,1.2,28,46250,45600.0,45600,1.405,-21138,-1.632,-1.16,0.432,-1.405,0,0.0,StopLoss,"ORB5 고가 46,200 돌파 (범위 5.4%)","손절 (45,600)",5.84,1.92,1,162.0,1.874,1.20,1,5,1.5,4.0,1.5,1.2,False
095500#1112-20260703100830,095500,미래나노텍,ORB,FullAuto,Paper,Backtest,2026-07-03 10:08:30,2026-07-03 10:08:30,2026-07-03 10:09:02,0.5,166,7940,7830.00,7830,1.385,-21250,-1.612,-1.16,0,-1.385,0,0.000,StopLoss,"ORB5 고가 7,900 돌파 (범위 3.7%)","손절 (7,830)",10.89,4.36,1,233.4,1.035,6.94,1,68,1.5,4.0,1.5,1.2,False
016360#1114-20260703150000,016360,삼성증권,종가베팅,FullAuto,Paper,Backtest,2026-07-03 15:00:00,2026-07-03 15:00:00,2026-07-06 09:13:17,3973.3,5,118900,123440,115400,2.944,21287,3.581,1.22,5.046,-0.757,0,-0.048,TakeProfit,"종가베팅: 등락 +9.3%, 고저범위 94% 위치, VWAP 114,957 위",1차 분할 익절 +2% / 목표 익절 +5%,9.29,3.34,0.938,232.9,0.373,1.34,1,360,3,5,2.5,1.5,True
006340#1115-20260706091712,006340,대원전선,ORB,FullAuto,Paper,Backtest,2026-07-06 09:17:12,2026-07-06 09:17:12,2026-07-06 09:18:22,1.2,94,13940,13730,13740,1.435,-22710,-1.733,-1.21,0.143,-1.506,0,-0.073,StopLoss,"ORB5 고가 13,930 돌파 (범위 6.3%)","손절 (13,740)",6.82,2.60,1,143.8,1.983,1.40,1,17,1.5,4.0,1.5,1.2,False
055550#1113-20260703150000,055550,신한지주,종가베팅,FullAuto,Paper,Backtest,2026-07-03 15:00:00,2026-07-03 15:00:00,2026-07-06 09:28:15,3988.2,6,107500,109200,104300,2.977,8698,1.349,0.45,2.791,-0.930,0,-0.046,Trailing,"종가베팅: 등락 +4.1%, 고저범위 90% 위치, VWAP 106,306 위","1차 분할 익절 +2% / 트레일링 (108,800)",4.07,1.12,0.898,364.3,0.173,0.41,1,360,3,5,2.5,1.5,True
037710#1121-20260706150000,037710,광주신세계,종가베팅,FullAuto,Paper,Backtest,2026-07-06 15:00:00,2026-07-06 15:00:00,2026-07-07 09:01:22,1081.4,14,45700,47125,44350,2.954,18439,2.882,0.98,10.503,-0.219,0,-0.318,Trailing,"종가베팅: 등락 +17.9%, 고저범위 83% 위치, VWAP 43,639 위","1차 분할 익절 +2% / 트레일링 (47,100)",17.94,4.72,0.826,167.8,1.618,0.46,1,360,3,5,2.5,1.5,True
000270#1120-20260706150000,000270,기아,종가베팅,FullAuto,Paper,Backtest,2026-07-06 15:00:00,2026-07-06 15:00:00,2026-07-07 09:04:30,1084.5,4,160900,156000,156100,2.983,-21037,-3.269,-1.10,0,-3.045,0,-0.064,StopLoss,"종가베팅: 등락 +6.1%, 고저범위 86% 위치, VWAP 158,806 위","손절 (156,100)",6.14,1.26,0.860,494.1,0.249,0.30,1,360,3,5,2.5,1.5,True
036930#1123-20260707090525,036930,주성엔지니어링,ORB,FullAuto,Paper,Backtest,2026-07-07 09:05:25,2026-07-07 09:05:25,2026-07-07 09:09:30,4.1,6,194500,191200,191600,1.491,-22441,-1.923,-1.29,1.131,-1.697,0,-0.209,StopLoss,"ORB5 고가 194,000 돌파 (범위 9.2%)","손절 (191,600)",7.04,3.26,1,81.9,2.091,1.83,1,5,1.5,4.0,1.5,1.2,False
037070#1122-20260707091727,037070,파세코,ORB,FullAuto,Paper,Backtest,2026-07-07 09:17:27,2026-07-07 09:17:27,2026-07-07 09:19:27,2,133,9650,9480,9510,1.451,-25512,-1.988,-1.37,1.244,-1.762,0,-0.315,StopLoss,"ORB5 고가 9,590 돌파 (범위 7.6%)","손절 (9,510)",8.79,4.37,1,124.1,2.983,4.99,1,17,1.5,4.0,1.5,1.2,False
096770#1130-20260707150000,096770,SK이노베이션,종가베팅,FullAuto,Paper,Backtest,2026-07-07 15:00:00,2026-07-07 15:00:00,2026-07-08 09:11:25,1091.4,6,103400,100300,100300,2.998,-19986,-3.221,-1.07,0.774,-2.998,0,0,StopLoss,"종가베팅: 등락 +6.9%, 고저범위 92% 위치, VWAP 100,398 위","손절 (100,300)",6.94,2.89,0.920,260.2,0.588,0.90,1,360,3,5,2.5,1.5,True
439090#1136-20260708150917,439090,마녀공장,종가베팅,FullAuto,Paper,Backtest,2026-07-08 15:09:17,2026-07-08 15:09:17,2026-07-09 09:01:00,1071.7,37,17610,16540,17090,2.953,-41001,-6.293,-2.13,0.795,-6.076,0,-3.218,StopLoss,"종가베팅: 등락 +5.6%, 고저범위 76% 위치, VWAP 16,902 위","손절 (17,090)",5.64,4.19,0.756,170.3,0.621,3.02,1,369,3,5,2.5,1.5,True
010950#1135-20260708150000,010950,S-Oil,종가베팅,FullAuto,Paper,Backtest,2026-07-08 15:00:00,2026-07-08 15:00:00,2026-07-09 09:01:25,1081.4,4,132700,128700.00,128800,2.939,-17185,-3.238,-1.10,0.377,-3.014,0,-0.078,StopLoss,"종가베팅: 등락 +5.6%, 고저범위 81% 위치, VWAP 131,507 위","손절 (128,800)",5.57,0.91,0.811,417.8,0.355,1.35,1,360,3,5,2.5,1.5,True
002990#1139-20260709090725,002990,금호건설,ORB,FullAuto,Paper,Backtest,2026-07-09 09:07:25,2026-07-09 09:07:25,2026-07-09 09:10:22,3,75,16770,16830,16520,1.491,1599,0.127,0.09,1.729,0,0,-0.119,Trailing,"ORB5 고가 16,700 돌파 (범위 7.7%)","트레일링 (16,850)",19.79,3.71,1,181.6,3.518,1.76,1,7,1.5,4.0,1.5,1.2,False
036930#1138-20260709092427,036930,주성엔지니어링,ORB,FullAuto,Paper,Backtest,2026-07-09 09:24:27,2026-07-09 09:24:27,2026-07-09 09:26:30,2,7,167800,170185.71,165300,1.490,13966,1.189,0.80,2.443,0,0,-0.126,Trailing,"ORB5 고가 167,600 돌파 (범위 3.4%)","1차 분할 익절 +2.0% / 트레일링 (169,800)",4.88,1.95,1,156.8,0.932,2.58,1,24,1.5,4.0,1.5,1.2,False
105560#1143-20260709150000,105560,KB금융,종가베팅,FullAuto,Paper,Backtest,2026-07-09 15:00:00,2026-07-09 15:00:00,2026-07-10 09:01:22,1081.4,3,175000,178166.67,169800,2.971,8275,1.576,0.53,2.857,-2.629,0,0,Trailing,"종가베팅: 등락 +3.1%, 고저범위 80% 위치, VWAP 172,996 위","1차 분할 익절 +2% / 트레일링 (177,300)",3.12,1.16,0.8,348.4,0.345,0.84,1,360,3,5,2.5,1.5,True
240810#1146-20260710094327,240810,원익IPS,ORB,FullAuto,Paper,Backtest,2026-07-10 09:43:27,2026-07-10 09:43:27,2026-07-10 09:49:27,6,11,112000,114027.27,110400,1.429,19421,1.576,1.10,3.036,0,0,-0.135,Trailing,"ORB5 고가 111,800 돌파 (범위 3.5%)","1차 분할 익절 +2.0% / 트레일링 (114,000)",6.77,1.88,1,181.4,0.708,7.17,1,43,1.5,4.0,1.5,1.2,False
036930#1148-20260710095625,036930,주성엔지니어링,ORB,FullAuto,Paper,Backtest,2026-07-10 09:56:25,2026-07-10 09:56:25,2026-07-10 10:04:25,8,6,188900,191400,186100,1.482,12363,1.091,0.74,2.065,-0.159,0,-0.105,Trailing,"ORB5 고가 188,700 돌파 (범위 4.2%)","1차 분할 익절 +2.0% / 트레일링 (190,400)",5.89,3.42,1,337.7,0.679,3.23,1,56,1.5,4.0,1.5,1.2,False
087010#1151-20260713090520,087010,펩트론,ORB,FullAuto,Paper,Backtest,2026-07-13 09:05:20,2026-07-13 09:05:20,2026-07-13 09:06:22,1,10,118900,120400.0,117200,1.430,12235,1.029,0.72,2.187,0,0,-0.208,Trailing,"ORB5 고가 118,700 돌파 (범위 8.9%)","1차 분할 익절 +2.0% / 트레일링 (120,000)",6.54,2.89,1,374.2,2.187,1.56,1,5,1.5,4.0,1.5,1.2,False
066570#1152-20260713090522,066570,LG전자,ORB,FullAuto,Paper,Backtest,2026-07-13 09:05:22,2026-07-13 09:05:22,2026-07-13 09:08:27,3.1,6,196300,198850,193400,1.477,12560,1.066,0.72,2.140,0,0,-0.200,Trailing,"ORB5 고가 196,200 돌파 (범위 6.4%)","1차 분할 익절 +2.0% / 트레일링 (198,000)",7.44,2.39,1,347.9,1.681,1.44,1,5,1.5,4.0,1.5,1.2,False
006400#1149-20260710150000,006400,삼성SDI,종가베팅,FullAuto,Paper,Backtest,2026-07-10 15:00:00,2026-07-10 15:00:00,2026-07-13 09:11:27,3971.5,1,441000,463500,428000,2.948,21438,4.861,1.65,5.215,-2.041,0,-0.108,TakeProfit,"종가베팅: 등락 +9.4%, 고저범위 96% 위치, VWAP 430,093 위",목표 익절 +5%,9.43,2.54,0.959,609.5,0.324,1.41,1,360,3,5,2.5,1.5,True
024060#1153-20260713091027,024060,흥구석유,ORB,FullAuto,Paper,Backtest,2026-07-13 09:10:27,2026-07-13 09:10:27,2026-07-13 09:11:27,1,109,11950,11760,11780,1.423,-23660,-1.816,-1.28,0.335,-1.590,0,-0.170,StopLoss,"ORB5 고가 11,920 돌파 (범위 4.6%)","손절 (11,780)",10.24,2.86,1,129.7,2.061,1.71,1,10,1.5,4.0,1.5,1.2,False
086520#1150-20260710150000,086520,에코프로,종가베팅,FullAuto,Paper,Backtest,2026-07-10 15:00:00,2026-07-10 15:00:00,2026-07-13 09:19:30,3979.5,7,86400,87871.43,83900,2.894,8891,1.470,0.51,3.241,-1.852,0,-0.114,Trailing,"종가베팅: 등락 +9.0%, 고저범위 89% 위치, VWAP 84,551 위","1차 분할 익절 +2% / 트레일링 (87,800)",8.95,2.19,0.889,569.3,0.438,2.29,1,360,3,5,2.5,1.5,True
161890#1159-20260713150000,161890,한국콜마,종가베팅,FullAuto,Paper,Backtest,2026-07-13 15:00:00,2026-07-13 15:00:00,2026-07-14 09:01:00,1081,5,116900,111800,113400,2.994,-26788,-4.583,-1.53,0.171,-4.363,0,-1.411,StopLoss,"종가베팅: 등락 +9.6%, 고저범위 88% 위치, VWAP 114,676 위","손절 (113,400)",9.57,1.85,0.882,213.1,0.514,0.67,1,360,3,5,2.5,1.5,True
089970#1166-20260714150000,089970,브이엠,종가베팅,FullAuto,Paper,Backtest,2026-07-14 15:00:00,2026-07-14 15:00:00,2026-07-15 09:01:00,1081,5,111600,117400,108300,2.957,27655,4.956,1.68,5.197,-0.538,0,0,TakeProfit,"종가베팅: 등락 +13.1%, 고저범위 99% 위치, VWAP 103,351 위",목표 익절 +5%,13.07,7.98,0.988,286.1,0.762,0.69,1,360,3,5,2.5,1.5,True
376900#1167-20260714150022,376900,로킷헬스케어,종가베팅,FullAuto,Paper,Backtest,2026-07-14 15:00:22,2026-07-14 15:00:22,2026-07-15 09:02:22,1082,14,44900,46925,43600,2.895,26845,4.271,1.48,5.122,-2.227,0,-0.106,TakeProfit,"종가베팅: 등락 +6.4%, 고저범위 75% 위치, VWAP 43,308 위",1차 분할 익절 +2% / 목표 익절 +5%,6.40,3.68,0.75,262.3,1.157,0.55,1,360,3,5,2.5,1.5,True
403870#1169-20260715091530,403870,HPSP,ORB,FullAuto,Paper,Backtest,2026-07-15 09:15:30,2026-07-15 09:15:30,2026-07-15 09:20:20,4.8,16,44450,44750,43300,2.587,3155,0.444,0.17,1.912,-0.112,0,0,Trailing,"ORB5 고가 44,400 돌파 (범위 2.4%)","트레일링 (44,750)",5.83,1.74,1,294.7,0.874,2.29,1,16,1.5,4.0,1.5,1.2,False
036930#1168-20260715092327,036930,주성엔지니어링,ORB,FullAuto,Paper,Backtest,2026-07-15 09:23:27,2026-07-15 09:23:27,2026-07-15 09:24:27,1,5,206500,203500,203500,1.453,-17341,-1.680,-1.16,0.484,-1.453,0,0,StopLoss,"ORB5 고가 205,500 돌파 (범위 3.4%)","손절 (203,500)",7.22,2.45,1,358.6,0.802,5.08,1,23,1.5,4.0,1.5,1.2,False
240810#1171-20260715092325,240810,원익IPS,ORB,FullAuto,Paper,Backtest,2026-07-15 09:23:25,2026-07-15 09:23:25,2026-07-15 09:28:22,5,9,138300,139000.0,136300,1.446,3425,0.275,0.19,1.880,-0.434,0,-0.144,Trailing,"ORB5 고가 137,700 돌파 (범위 5.5%)","트레일링 (139,200)",8.81,3.89,1,281.1,1.074,6.06,1,23,1.5,4.0,1.5,1.2,False
240810#1175-20260715150000,240810,원익IPS,종가베팅,FullAuto,Paper,Backtest,2026-07-15 15:00:00,2026-07-15 15:00:00,2026-07-16 09:01:00,1081,4,142100,136500,137900,2.956,-23658,-4.162,-1.41,0.985,-3.871,0,-1.015,StopLoss,"종가베팅: 등락 +11.8%, 고저범위 84% 위치, VWAP 138,920 위","손절 (137,900)",11.80,2.29,0.837,228.4,0.337,0.34,1,360,3,5,2.5,1.5,True
476060#1183-20260716150000,476060,온코닉테라퓨틱스,종가베팅,FullAuto,Paper,Backtest,2026-07-16 15:00:00,2026-07-16 15:00:00,2026-07-16 15:06:25,6.4,45,14560,14100,14130,2.953,-22162,-3.382,-1.15,0.893,-3.159,0,-0.212,StopLoss,"종가베팅: 등락 +5.7%, 고저범위 81% 위치, VWAP 13,952 위","손절 (14,130)",5.66,4.29,0.812,136.2,1.448,0.25,1,360,3,5,2.5,1.5,True
009540#1185-20260716151017,009540,HD한국조선해양,종가베팅,FullAuto,Paper,Backtest,2026-07-16 15:10:17,2026-07-16 15:10:17,2026-07-20 09:01:22,5391.1,1,351000,354000.0,340500,2.991,2187,0.623,0.21,2.991,0,0,-0.562,Trailing,"종가베팅: 등락 +5.2%, 고저범위 78% 위치, VWAP 346,123 위","트레일링 (356,000)",5.25,1.41,0.780,428.4,0.366,3.35,1,370,3,5,2.5,1.5,True
024060#1189-20260720103430,024060,흥구석유,ORB,FullAuto,Paper,Backtest,2026-07-20 10:34:30,2026-07-20 10:34:30,2026-07-20 10:37:27,3,93,13750,13550,13550,1.455,-21500,-1.681,-1.16,0,-1.455,0,0,StopLoss,"ORB5 고가 13,740 돌파 (범위 4.2%)","손절 (13,550)",14.49,3.97,1,164.2,0.774,8.59,1,94,1.5,4.0,1.5,1.2,False
440110#1197-20260721150000,440110,파두,종가베팅,FullAuto,Paper,Backtest,2026-07-21 15:00:00,2026-07-21 15:00:00,2026-07-22 09:01:25,1081.4,8,78000,79750.00,75700,2.949,12538,2.009,0.68,3.205,-1.154,0,-0.063,Trailing,"종가베팅: 등락 +8.8%, 고저범위 96% 위치, VWAP 74,684 위","1차 분할 익절 +2% / 트레일링 (79,200)",8.80,4.31,0.961,470.5,0.573,1.05,1,360,3,5,2.5,1.5,True
006340#1200-20260721150000,006340,대원전선,종가베팅,FullAuto,Paper,Backtest,2026-07-21 15:00:00,2026-07-21 15:00:00,2026-07-22 09:02:25,1082.4,54,11880,12390,11530,2.946,26008,4.054,1.38,5.640,-0.253,0,-0.040,TakeProfit,"종가베팅: 등락 +8.6%, 고저범위 82% 위치, VWAP 11,749 위",1차 분할 익절 +2% / 목표 익절 +5%,8.59,1.11,0.815,197.6,0.271,0.48,1,360,3,5,2.5,1.5,True
240810#1201-20260722090522,240810,원익IPS,ORB,FullAuto,Paper,Backtest,2026-07-22 09:05:22,2026-07-22 09:05:22,2026-07-22 09:10:22,5,9,127900,130900,126000,1.486,24297,2.111,1.42,3.909,0,0,-0.034,Trailing,"ORB5 고가 127,400 돌파 (범위 4.9%)","1차 분할 익절 +2.0% / 트레일링 (131,300)",10.16,2.49,1,282.2,1.876,2.34,1,5,1.5,4.0,1.5,1.2,False
006340#1203-20260722094425,006340,대원전선,ORB,FullAuto,Paper,Backtest,2026-07-22 09:44:25,2026-07-22 09:44:25,2026-07-22 09:46:27,2,98,12890,12670,12700,1.474,-24418,-1.933,-1.31,0.776,-1.707,0,-0.236,StopLoss,"ORB5 고가 12,880 돌파 (범위 6.0%)","손절 (12,700)",8.87,2.44,1,173.3,0.715,3.95,1,44,1.5,4.0,1.5,1.2,False
475150#1210-20260723090522,475150,SK이터닉스,ORB,FullAuto,Paper,Backtest,2026-07-23 09:05:22,2026-07-23 09:05:22,2026-07-23 09:06:15,0.9,17,68100,68300,67100,1.468,731,0.063,0.04,1.468,0,0,0,BreakEven,"ORB5 고가 67,700 돌파 (범위 6.6%)","본절 (68,300)",9.84,3.51,1,200.0,3.182,1.38,1,5,1.5,4.0,1.5,1.2,False
006340#1209-20260723094315,006340,대원전선,ORB,FullAuto,Paper,Backtest,2026-07-23 09:43:15,2026-07-23 09:43:15,2026-07-23 09:44:22,1.1,94,13350,13120.0,13150,1.498,-24458,-1.949,-1.30,0,-1.723,0,-0.228,StopLoss,"ORB5 고가 13,330 돌파 (범위 6.2%)","손절 (13,150)",9.79,2.89,1,157.7,0.899,5.59,1,43,1.5,4.0,1.5,1.2,False
006340#1214-20260723150000,006340,대원전선,종가베팅,FullAuto,Paper,Backtest,2026-07-23 15:00:00,2026-07-23 15:00:00,2026-07-24 09:01:20,1081.3,45,14070,13650.00,13650,2.985,-20314,-3.208,-1.07,1.990,-2.985,0,0.000,StopLoss,"종가베팅: 등락 +15.7%, 고저범위 96% 위치, VWAP 13,336 위","손절 (13,650)",15.71,5.50,0.956,214.9,0.660,0.76,1,360,3,5,2.5,1.5,True
460930#1218-20260724090527,460930,현대힘스,ORB,FullAuto,Paper,Backtest,2026-07-24 09:05:27,2026-07-24 09:05:27,2026-07-24 09:06:27,1,85,14910,14680,14690,1.476,-22422,-1.769,-1.20,0.201,-1.543,0,-0.068,StopLoss,"ORB5 고가 14,900 돌파 (범위 3.3%)","손절 (14,690)",7.97,1.31,1,233.3,1.498,2.83,1,5,1.5,4.0,1.5,1.2,False
329180#1215-20260723150000,329180,HD현대중공업,종가베팅,FullAuto,Paper,Backtest,2026-07-23 15:00:00,2026-07-23 15:00:00,2026-07-24 10:00:00,1140,1,498000,504000,483500,2.912,4843,0.972,0.33,1.406,-2.008,0,-0.198,NextDayDeadline,"종가베팅: 등락 +7.8%, 고저범위 97% 위치, VWAP 486,175 위",익일 청산 시각 10:00,7.79,2.43,0.971,425.3,0.294,0.56,1,360,3,5,2.5,1.5,True
460930#1222-20260724150000,460930,현대힘스,종가베팅,FullAuto,Paper,Backtest,2026-07-24 15:00:00,2026-07-24 15:00:00,2026-07-27 09:02:27,3962.5,40,16110,15610,15630,2.980,-21437,-3.327,-1.12,2.421,-3.104,0,-0.128,StopLoss,"종가베팅: 등락 +16.7%, 고저범위 78% 위치, VWAP 15,767 위","손절 (15,630)",16.65,2.17,0.779,185.8,0.918,0.39,1,360,3,5,2.5,1.5,True
108860#1226-20260727090730,108860,셀바스AI,ORB,FullAuto,Paper,Backtest,2026-07-27 09:07:30,2026-07-27 09:07:30,2026-07-27 09:08:05,0.6,150,8510,8390,8390,1.410,-20896,-1.637,-1.16,0,-1.410,0,0,StopLoss,"ORB5 고가 8,480 돌파 (범위 7.6%)","손절 (8,390)",23.15,3.12,1,258.8,3.220,2.18,1,8,1.5,4.0,1.5,1.2,False
036930#1225-20260727091730,036930,주성엔지니어링,ORB,FullAuto,Paper,Backtest,2026-07-27 09:17:30,2026-07-27 09:17:30,2026-07-27 09:19:27,2,8,151300,149000.00,149100,1.454,-21143,-1.747,-1.20,0,-1.520,0,-0.067,StopLoss,"ORB5 고가 150,800 돌파 (범위 4.0%)","손절 (149,100)",7.30,2.76,1,185.6,1.430,6.62,1,18,1.5,4.0,1.5,1.2,False
138040#1223-20260724150000,138040,메리츠금융지주,종가베팅,FullAuto,Paper,Backtest,2026-07-24 15:00:00,2026-07-24 15:00:00,2026-07-27 09:48:25,4008.4,5,122700,125680.00,119100,2.934,13460,2.194,0.75,4.319,-0.570,0,-0.032,Trailing,"종가베팅: 등락 +5.1%, 고저범위 95% 위치, VWAP 121,306 위","1차 분할 익절 +2% / 트레일링 (126,000)",5.15,1.07,0.951,487.9,0.221,1.13,1,360,3,5,2.5,1.5,True
036930#1232-20260727150000,036930,주성엔지니어링,종가베팅,FullAuto,Paper,Backtest,2026-07-27 15:00:00,2026-07-27 15:00:00,2026-07-28 09:01:00,1081,4,151100,137600,146600,2.978,-55272,-9.145,-3.07,0,-8.934,0,-6.139,StopLoss,"종가베팅: 등락 +7.1%, 고저범위 80% 위치, VWAP 148,209 위","손절 (146,600)",7.09,1.88,0.8,390.7,0.317,0.71,1,360,3,5,2.5,1.5,True
240810#1229-20260727150000,240810,원익IPS,종가베팅,FullAuto,Paper,Backtest,2026-07-27 15:00:00,2026-07-27 15:00:00,2026-07-28 09:03:00,1083,6,105100,95200,102000,2.950,-60721,-9.629,-3.26,0.571,-9.420,0,-6.667,StopLoss,"종가베팅: 등락 +4.5%, 고저범위 89% 위치, VWAP 102,802 위","손절 (102,000)",4.48,2.14,0.895,328.9,0.361,0.90,1,360,3,5,2.5,1.5,True
332570#1238-20260728150317,332570,PS일렉트로닉스,종가베팅,FullAuto,Paper,Backtest,2026-07-28 15:03:17,2026-07-28 15:03:17,2026-07-28 15:19:30,16.2,81,7680,7450,7450,2.995,-20019,-3.218,-1.07,0.521,-2.995,0,0,StopLoss,"종가베팅: 등락 +5.8%, 고저범위 82% 위치, VWAP 7,516 위","손절 (7,450)",5.79,2.04,0.815,484.7,0.503,4.36,1,363,3,5,2.5,1.5,True
214450#1239-20260728150517,214450,파마리서치,종가베팅,FullAuto,Paper,Backtest,2026-07-28 15:05:17,2026-07-28 15:05:17,2026-07-29 09:01:00,1075.7,1,384500,371000,373000,2.991,-14354,-3.733,-1.25,0,-3.511,0,-0.536,StopLoss,"종가베팅: 등락 +3.2%, 고저범위 100% 위치, VWAP 373,068 위","손절 (373,000)",3.22,3.06,1,300,0.715,1.22,1,365,3,5,2.5,1.5,True
058610#1245-20260729150000,058610,에스피지,종가베팅,FullAuto,Paper,Backtest,2026-07-29 15:00:00,2026-07-29 15:00:00,2026-07-30 09:01:00,1081,8,79400,85300,77100,2.897,45639,7.185,2.48,7.557,-1.008,0,-0.117,TakeProfit,"종가베팅: 등락 +18.7%, 고저범위 78% 위치, VWAP 76,788 위",목표 익절 +5%,18.68,3.40,0.781,289.3,0.891,1.14,1,360,3,5,2.5,1.5,True
475150#1246-20260730091030,475150,SK이터닉스,ORB,FullAuto,Paper,Backtest,2026-07-30 09:10:30,2026-07-30 09:10:30,2026-07-30 09:15:30,5,25,47000,48446,46300,1.489,33373,2.840,1.91,4.255,-0.851,0,-0.103,TakeProfit,"ORB5 고가 46,800 돌파 (범위 8.1%)",1차 분할 익절 +2.0% / 목표 익절 +4.0%,8.17,3.43,1,264.3,2.420,1.47,1,10,1.5,4.0,1.5,1.2,False
475150#1253-20260731090627,475150,SK이터닉스,ORB,FullAuto,Paper,Backtest,2026-07-31 09:06:27,2026-07-31 09:06:27,2026-07-31 09:07:22,0.9,25,48050,47350.0,47350,1.457,-20224,-1.684,-1.16,0.520,-1.457,0,0.0,StopLoss,"ORB5 고가 47,950 돌파 (범위 7.4%)","손절 (47,350)",14.95,3.68,1,220.3,2.992,1.56,1,6,1.5,4.0,1.5,1.2,False
086520#1259-20260731150000,086520,에코프로,종가베팅,FullAuto,Paper,Backtest,2026-07-31 15:00:00,2026-07-31 15:00:00,2026-08-03 09:01:00,3961,8,79900,77100,77600,2.879,-23820,-3.727,-1.29,0.125,-3.504,0,-0.644,StopLoss,"종가베팅: 등락 +12.5%, 고저범위 88% 위치, VWAP 78,229 위","손절 (77,600)",12.54,2.14,0.877,1213.5,0.259,2.96,1,360,3,5,2.5,1.5,True
034020#1260-20260731150000,034020,두산에너빌리티,종가베팅,FullAuto,Paper,Backtest,2026-07-31 15:00:00,2026-07-31 15:00:00,2026-08-03 09:13:27,3973.5,9,67300,65300,65300,2.972,-19353,-3.195,-1.08,0.743,-2.972,0,0,StopLoss,"종가베팅: 등락 +10.9%, 고저범위 95% 위치, VWAP 65,836 위","손절 (65,300)",10.87,2.22,0.949,1034.7,0.265,0.73,1,360,3,5,2.5,1.5,True
108860#1264-20260803094530,108860,셀바스AI,ORB,FullAuto,Paper,Backtest,2026-08-03 09:45:30,2026-08-03 09:45:30,2026-08-03 09:45:42,0.2,128,9400,9250.00,9260,1.489,-21925,-1.822,-1.22,0,-1.596,0,-0.108,StopLoss,"ORB5 고가 9,350 돌파 (범위 7.1%)","손절 (9,260)",8.17,4.79,1,328.0,0.790,17.05,1,46,1.5,4.0,1.5,1.2,False
108860#1267-20260803150000,108860,셀바스AI,종가베팅,FullAuto,Paper,Backtest,2026-08-03 15:00:00,2026-08-03 15:00:00,2026-08-04 09:01:00,1081,64,9750,11440,9460,2.974,106494,17.066,5.74,17.436,-1.333,0,-0.087,TakeProfit,"종가베팅: 등락 +12.2%, 고저범위 96% 위치, VWAP 9,267 위",목표 익절 +5%,12.20,5.21,0.957,213.5,0.872,3.02,1,360,3,5,2.5,1.5,True
006340#1268-20260804090522,006340,대원전선,ORB,FullAuto,Paper,Backtest,2026-08-04 09:05:22,2026-08-04 09:05:22,2026-08-04 09:07:22,2,83,14870,14620.0,14650,1.479,-23543,-1.908,-1.29,1.412,-1.681,0,-0.205,StopLoss,"ORB5 고가 14,820 돌파 (범위 6.2%)","손절 (14,650)",13.42,2.58,1,216.7,2.376,2.81,1,5,1.5,4.0,1.5,1.2,False
108860#1271-20260804090930,108860,셀바스AI,ORB,FullAuto,Paper,Backtest,2026-08-04 09:09:30,2026-08-04 09:09:30,2026-08-04 09:11:00,1.5,106,11700,11770,11530,1.453,4552,0.367,0.25,1.880,-0.342,0,0,Trailing,"ORB5 고가 11,650 돌파 (범위 6.4%)","트레일링 (11,770)",20.62,2.80,1,152.8,2.186,3.27,1,10,1.5,4.0,1.5,1.2,False
214450#1266-20260803150000,214450,파마리서치,종가베팅,FullAuto,Paper,Backtest,2026-08-03 15:00:00,2026-08-03 15:00:00,2026-08-04 09:11:30,1091.5,1,372000,380500,361000,2.957,7627,2.050,0.69,4.032,-1.210,0,-0.131,Trailing,"종가베팅: 등락 +9.6%, 고저범위 76% 위치, VWAP 367,504 위","트레일링 (381,000)",9.57,1.22,0.763,330.1,0.518,0.93,1,360,3,5,2.5,1.5,True
006340#1277-20260805090512,006340,대원전선,ORB,FullAuto,Paper,Backtest,2026-08-05 09:05:12,2026-08-05 09:05:12,2026-08-05 09:05:27,0.2,80,15390,15140,15160,1.494,-22787,-1.851,-1.24,0.195,-1.624,0,-0.132,StopLoss,"ORB5 고가 15,380 돌파 (범위 7.3%)","손절 (15,160)",11.60,3.19,1,110.7,2.946,1.58,1,5,1.5,4.0,1.5,1.2,False
304100#1279-20260805090727,304100,솔트룩스,ORB,FullAuto,Paper,Backtest,2026-08-05 09:07:27,2026-08-05 09:07:27,2026-08-05 09:08:25,1,64,19890,19580.00,19600,1.458,-22723,-1.785,-1.22,0.201,-1.559,0,-0.102,StopLoss,"ORB5 고가 19,870 돌파 (범위 5.2%)","손절 (19,600)",17.00,2.45,1,173.1,2.252,2.51,1,7,1.5,4.0,1.5,1.2,False
036930#1286-20260805150000,036930,주성엔지니어링,종가베팅,FullAuto,Paper,Backtest,2026-08-05 15:00:00,2026-08-05 15:00:00,2026-08-06 09:01:07,1081.1,4,144000,139300.0,139700,2.986,-20083,-3.487,-1.17,0,-3.264,0,-0.286,StopLoss,"종가베팅: 등락 +5.8%, 고저범위 80% 위치, VWAP 140,773 위","손절 (139,700)",5.81,2.22,0.802,514.1,0.228,0.44,1,360,3,5,2.5,1.5,True
439960#1284-20260805150000,439960,코스모로보틱스,종가베팅,FullAuto,Paper,Backtest,2026-08-05 15:00:00,2026-08-05 15:00:00,2026-08-06 09:01:17,1081.3,34,18890,19855,18330,2.965,31265,4.868,1.64,5.400,-0.476,0,-0.050,TakeProfit,"종가베팅: 등락 +5.1%, 고저범위 89% 위치, VWAP 18,311 위",1차 분할 익절 +2% / 목표 익절 +5%,5.06,3.16,0.888,206.9,0.775,2.46,1,360,3,5,2.5,1.5,True
476060#1290-20260806094727,476060,온코닉테라퓨틱스,ORB,FullAuto,Paper,Backtest,2026-08-06 09:47:27,2026-08-06 09:47:27,2026-08-06 09:48:22,0.9,92,13900,13700.0,13700,1.439,-21300,-1.666,-1.16,0.288,-1.439,0,0.0,StopLoss,"ORB5 고가 13,860 돌파 (범위 3.3%)","손절 (13,700)",8.09,1.67,1,186.0,0.360,14.23,1,47,1.5,4.0,1.5,1.2,False
086520#1291-20260806150017,086520,에코프로,종가베팅,FullAuto,Paper,Backtest,2026-08-06 15:00:17,2026-08-06 15:00:17,2026-08-07 09:01:30,1081.2,7,84900,88500,82400,2.945,23782,4.002,1.36,5.418,-1.885,0,-0.113,TakeProfit,"종가베팅: 등락 +3.7%, 고저범위 85% 위치, VWAP 83,245 위",1차 분할 익절 +2% / 목표 익절 +5%,3.66,1.99,0.855,839.7,0.395,0.67,1,360,3,5,2.5,1.5,True
322000#1295-20260807090510,322000,HD현대에너지솔루션,ORB,FullAuto,Paper,Backtest,2026-08-07 09:05:10,2026-08-07 09:05:10,2026-08-07 09:05:25,0.2,8,148000,145600,145800,1.486,-21880,-1.848,-1.24,0.338,-1.622,0,-0.137,StopLoss,"ORB5 고가 147,800 돌파 (범위 6.4%)","손절 (145,800)",10.45,2.69,1,137.9,3.221,1.19,1,5,1.5,4.0,1.5,1.2,False
073240#1293-20260807090530,073240,금호타이어,ORB,FullAuto,Paper,Backtest,2026-08-07 09:05:30,2026-08-07 09:05:30,2026-08-07 09:07:10,1.7,148,8300,8180.00,8180,1.446,-20546,-1.673,-1.16,0.602,-1.446,0,0.000,StopLoss,"ORB5 고가 8,280 돌파 (범위 7.3%)","손절 (8,180)",4.80,2.20,1,170.9,2.329,1.35,1,6,1.5,4.0,1.5,1.2,False
214450#1292-20260806150317,214450,파마리서치,종가베팅,FullAuto,Paper,Backtest,2026-08-06 15:03:17,2026-08-06 15:03:17,2026-08-07 09:29:15,1106,1,396500,400000,385000,2.900,2581,0.651,0.22,2.522,-1.261,0,0,Trailing,"종가베팅: 등락 +4.2%, 고저범위 81% 위치, VWAP 392,392 위","트레일링 (400,000)",4.20,1.05,0.814,403.5,0.486,1.29,1,363,3,5,2.5,1.5,True
096770#1297-20260807093727,096770,SK이노베이션,ORB,FullAuto,Paper,Backtest,2026-08-07 09:37:27,2026-08-07 09:37:27,2026-08-07 09:51:15,13.8,10,113800,114600,112100,1.494,5367,0.472,0.32,1.933,-0.703,0,0,Trailing,"ORB5 고가 113,700 돌파 (범위 3.7%)","트레일링 (114,600)",4.88,1.15,1,472.8,0.490,6.64,1,37,1.5,4.0,1.5,1.2,False
096770#1302-20260807151400,096770,SK이노베이션,종가베팅,FullAuto,Paper,Backtest,2026-08-07 15:14:00,2026-08-07 15:14:00,2026-08-10 09:01:30,3947.5,5,119900,116300,116400,2.919,-19339,-3.226,-1.11,0.250,-3.003,0,-0.086,StopLoss,"종가베팅: 등락 +10.5%, 고저범위 97% 위치, VWAP 115,001 위","손절 (116,400)",10.51,4.26,0.972,386.9,0.387,1.15,1,374,3,5,2.5,1.5,True
036930#1304-20260810090625,036930,주성엔지니어링,ORB,FullAuto,Paper,Backtest,2026-08-10 09:06:25,2026-08-10 09:06:25,2026-08-10 09:11:07,4.7,9,136200,138988.89,134200,1.468,22229,1.813,1.23,3.304,0,0,-0.072,Trailing,"ORB5 고가 136,000 돌파 (범위 6.4%)","1차 분할 익절 +2.0% / 트레일링 (139,000)",6.57,2.26,1,206.4,1.909,1.88,1,6,1.5,4.0,1.5,1.2,False
036930#1311-20260810150000,036930,주성엔지니어링,종가베팅,FullAuto,Paper,Backtest,2026-08-10 15:00:00,2026-08-10 15:00:00,2026-08-11 09:01:27,1081.5,4,144700,140200,140400,2.972,-19291,-3.333,-1.12,0.415,-3.110,0,-0.142,StopLoss,"종가베팅: 등락 +13.1%, 고저범위 95% 위치, VWAP 141,013 위","손절 (140,400)",13.15,2.54,0.949,261.7,0.156,0.97,1,360,3,5,2.5,1.5,True
241710#1312-20260811091415,241710,코스메카코리아,ORB,FullAuto,Paper,Backtest,2026-08-11 09:14:15,2026-08-11 09:14:15,2026-08-11 09:14:22,0.1,11,109500,107300,107900,1.461,-26917,-2.235,-1.53,0,-2.009,0,-0.556,StopLoss,"ORB5 고가 109,400 돌파 (범위 6.8%)","손절 (107,900)",9.61,2.85,1,124.6,2.610,2.64,1,14,1.5,4.0,1.5,1.2,False
042660#1310-20260810150000,042660,한화오션,종가베팅,FullAuto,Paper,Backtest,2026-08-10 15:00:00,2026-08-10 15:00:00,2026-08-11 10:00:00,1140,6,93900,91800,91100,2.982,-13867,-2.461,-0.83,0.532,-2.875,0,-0.109,NextDayDeadline,"종가베팅: 등락 +4.4%, 고저범위 95% 위치, VWAP 92,369 위",익일 청산 시각 10:00,4.45,1.66,0.949,510.3,0.160,1.15,1,360,3,5,2.5,1.5,True
006340#1322-20260812090530,006340,대원전선,ORB,FullAuto,Paper,Backtest,2026-08-12 09:05:30,2026-08-12 09:05:30,2026-08-12 09:08:27,3,79,15490,15250,15260,1.485,-21732,-1.776,-1.20,0,-1.549,0,-0.066,StopLoss,"ORB5 고가 15,480 돌파 (범위 3.1%)","손절 (15,260)",6.68,1.73,1,380.6,1.420,1.50,1,6,1.5,4.0,1.5,1.2,False
402340#1323-20260812090510,402340,SK스퀘어,ORB,FullAuto,Paper,Backtest,2026-08-12 09:05:10,2026-08-12 09:05:10,2026-08-12 09:14:07,9,1,998000,984000,984000,1.403,-16264,-1.630,-1.16,0.100,-1.403,0,0,StopLoss,"ORB5 고가 997,000 돌파 (범위 3.6%)","손절 (984,000)",4.50,1.48,1,262.2,1.269,0.96,1,5,1.5,4.0,1.5,1.2,False
439090#1320-20260811150000,439090,마녀공장,종가베팅,FullAuto,Paper,Backtest,2026-08-11 15:00:00,2026-08-11 15:00:00,2026-08-12 09:30:30,1110.5,33,19060,19357.27,18490,2.991,8345,1.327,0.44,2.676,-0.682,0,-0.025,Trailing,"종가베팅: 등락 +9.2%, 고저범위 92% 위치, VWAP 18,570 위","1차 분할 익절 +2% / 트레일링 (19,270)",9.23,2.58,0.924,191.6,0.540,0.56,1,360,3,5,2.5,1.5,True
036930#1319-20260811150000,036930,주성엔지니어링,종가베팅,FullAuto,Paper,Backtest,2026-08-11 15:00:00,2026-08-11 15:00:00,2026-08-12 09:45:30,1125.5,3,162500,166733.33,157700,2.954,11555,2.370,0.80,4.492,-2.215,0,-0.020,Trailing,"종가베팅: 등락 +12.2%, 고저범위 81% 위치, VWAP 158,306 위","1차 분할 익절 +2% / 트레일링 (167,200)",12.22,2.65,0.811,207.2,0.308,1.65,1,360,3,5,2.5,1.5,True
006340#1329-20260812150000,006340,대원전선,종가베팅,FullAuto,Paper,Backtest,2026-08-12 15:00:00,2026-08-12 15:00:00,2026-08-13 09:01:00,1081,39,15980,15410,15510,2.941,-23614,-3.789,-1.29,0.313,-3.504,0,-0.645,StopLoss,"종가베팅: 등락 +10.1%, 고저범위 91% 위치, VWAP 15,626 위","손절 (15,510)",10.06,2.26,0.906,236.1,0.331,1.22,1,360,3,5,2.5,1.5,True
028260#1328-20260812150000,028260,삼성물산,종가베팅,FullAuto,Paper,Backtest,2026-08-12 15:00:00,2026-08-12 15:00:00,2026-08-13 09:01:27,1081.5,1,359500,369000,349000,2.921,8654,2.407,0.82,4.451,-0.974,0,-0.135,Trailing,"종가베팅: 등락 +3.9%, 고저범위 86% 위치, VWAP 356,965 위","트레일링 (369,500)",3.90,0.71,0.862,650.4,0.308,0.62,1,360,3,5,2.5,1.5,True
001820#1332-20260813090520,001820,삼화콘덴서,ORB,FullAuto,Paper,Backtest,2026-08-13 09:05:20,2026-08-13 09:05:20,2026-08-13 09:06:27,1.1,12,96300,97550,94900,1.454,12313,1.066,0.73,2.077,0,0,-0.154,Trailing,"ORB5 고가 96,200 돌파 (범위 5.1%)","1차 분할 익절 +2.0% / 트레일링 (97,100)",9.43,2.06,1,210.2,1.973,1.95,1,5,1.5,4.0,1.5,1.2,False
073240#1331-20260813090520,073240,금호타이어,ORB,FullAuto,Paper,Backtest,2026-08-13 09:05:20,2026-08-13 09:05:20,2026-08-13 09:08:22,3,159,7800,7830,7690,1.410,1909,0.154,0.11,1.667,-0.256,0,0,Trailing,"ORB5 고가 7,790 돌파 (범위 5.6%)","트레일링 (7,830)",5.83,2.12,1,306.8,2.051,1.94,1,5,1.5,4.0,1.5,1.2,False
257720#1339-20260814090725,257720,실리콘투,ORB,FullAuto,Paper,Backtest,2026-08-14 09:07:25,2026-08-14 09:07:25,2026-08-14 09:14:27,7,29,43150,43793.10,42550,1.390,15733,1.257,0.90,2.317,-0.695,0,-0.055,Trailing,"ORB5 고가 43,100 돌파 (범위 3.7%)","1차 분할 익절 +2.0% / 트레일링 (43,600)",6.02,1.30,1,314.0,1.182,1.58,1,7,1.5,4.0,1.5,1.2,False
047810#1337-20260813150000,047810,한국항공우주,종가베팅,FullAuto,Paper,Backtest,2026-08-13 15:00:00,2026-08-13 15:00:00,2026-08-14 10:00:00,1140,4,150500,147000,146000,2.990,-15354,-2.550,-0.85,0.465,-2.525,0,-0.068,NextDayDeadline,"종가베팅: 등락 +5.5%, 고저범위 95% 위치, VWAP 144,267 위",익일 청산 시각 10:00,5.54,4.25,0.952,519.4,0.328,1.00,1,360,3,5,2.5,1.5,True
017670#1346-20260814150000,017670,SK텔레콤,종가베팅,FullAuto,Paper,Backtest,2026-08-14 15:00:00,2026-08-14 15:00:00,2026-08-18 09:04:10,5404.2,6,100600,102600,97600,2.982,10588,1.754,0.59,3.678,-0.596,0,-0.097,Trailing,"종가베팅: 등락 +10.1%, 고저범위 98% 위치, VWAP 98,589 위","1차 분할 익절 +2% / 트레일링 (102,700)",10.07,2.04,0.977,339.2,0.348,1.22,1,360,3,5,2.5,1.5,True
403870#1350-20260818090527,403870,HPSP,ORB,FullAuto,Paper,Backtest,2026-08-18 09:05:27,2026-08-18 09:05:27,2026-08-18 09:07:27,2,29,42300,42839.66,41700,1.418,12798,1.043,0.74,2.128,-0.236,0,-0.177,Trailing,"ORB5 고가 42,200 돌파 (범위 3.6%)","1차 분할 익절 +2.0% / 트레일링 (42,650)",4.70,1.33,1,325.8,1.694,1.73,1,5,1.5,4.0,1.5,1.2,False
067310#1349-20260818090627,067310,하나마이크론,ORB,FullAuto,Paper,Backtest,2026-08-18 09:06:27,2026-08-18 09:06:27,2026-08-18 09:08:22,1.9,29,43150,42450,42550,1.390,-23133,-1.849,-1.33,0.463,-1.622,0,-0.235,StopLoss,"ORB5 고가 43,000 돌파 (범위 8.2%)","손절 (42,550)",17.90,3.25,1,152.6,2.897,1.46,1,6,1.5,4.0,1.5,1.2,False
002990#1348-20260818091220,002990,금호건설,ORB,FullAuto,Paper,Backtest,2026-08-18 09:12:20,2026-08-18 09:12:20,2026-08-18 09:12:40,0.3,83,14980,15193.86,14760,1.469,14854,1.195,0.81,2.136,0,0,-0.066,Trailing,"ORB5 고가 14,930 돌파 (범위 6.7%)","1차 분할 익절 +2.0% / 트레일링 (15,110)",11.79,2.87,1,178.6,2.677,4.41,1,12,1.5,4.0,1.5,1.2,False
000270#1347-20260814150000,000270,기아,종가베팅,FullAuto,Paper,Backtest,2026-08-14 15:00:00,2026-08-14 15:00:00,2026-08-18 10:00:00,5460,4,142400,141150,138200,2.949,-6298,-1.106,-0.37,0,-1.194,0,-0.071,NextDayDeadline,"종가베팅: 등락 +3.8%, 고저범위 100% 위치, VWAP 141,093 위",익일 청산 시각 10:00,3.79,0.86,1,670.3,0.120,0.46,1,360,3,5,2.5,1.5,True
006660#1355-20260819091425,006660,삼성공조,ORB,FullAuto,Paper,Backtest,2026-08-19 09:14:25,2026-08-19 09:14:25,2026-08-19 09:15:22,1,76,16070,16335.0,15830,1.493,17291,1.416,0.95,2.489,0,0,-0.061,Trailing,"ORB5 고가 16,050 돌파 (범위 4.2%)","1차 분할 익절 +2.0% / 트레일링 (16,270)",6.35,2.73,1,133.9,2.240,4.56,1,14,1.5,4.0,1.5,1.2,False
001210#1370-20260821090827,001210,금호전기,ORB,FullAuto,Paper,Backtest,2026-08-21 09:08:27,2026-08-21 09:08:27,2026-08-21 09:10:30,2,147,8440,8690.61,8320,1.422,33910,2.733,1.92,4.147,-0.948,0,-0.115,TakeProfit,"ORB5 고가 8,400 돌파 (범위 7.6%)",1차 분할 익절 +2.0% / 목표 익절 +4.0%,13.14,3.52,1,148.9,3.791,1.70,1,8,1.5,4.0,1.5,1.2,False
161890#1369-20260820150000,161890,한국콜마,종가베팅,FullAuto,Paper,Backtest,2026-08-20 15:00:00,2026-08-20 15:00:00,2026-08-21 09:11:25,1091.4,4,137600,133500,133500,2.980,-17630,-3.203,-1.08,1.090,-2.980,0,0,StopLoss,"종가베팅: 등락 +8.6%, 고저범위 97% 위치, VWAP 133,724 위","손절 (133,500)",8.60,2.90,0.973,491.9,0.280,0.87,1,360,3,5,2.5,1.5,True
214450#1368-20260820150000,214450,파마리서치,종가베팅,FullAuto,Paper,Backtest,2026-08-20 15:00:00,2026-08-20 15:00:00,2026-08-21 09:34:15,1114.2,1,414000,402000,402000,2.899,-12926,-3.122,-1.08,0.483,-2.899,0,0,StopLoss,"종가베팅: 등락 +6.2%, 고저범위 87% 위치, VWAP 408,465 위","손절 (402,000)",6.15,1.36,0.872,568.7,0.250,0.81,1,360,3,5,2.5,1.5,True
002990#1378-20260824090520,002990,금호건설,ORB,FullAuto,Paper,Backtest,2026-08-24 09:05:20,2026-08-24 09:05:20,2026-08-24 09:06:27,1.1,79,15600,15944.68,15370,1.474,24340,1.975,1.34,3.590,0,0,-0.158,Trailing,"ORB5 고가 15,560 돌파 (범위 5.0%)","1차 분할 익절 +2.0% / 트레일링 (15,960)",5.76,1.65,1,154.9,1.838,2.98,1,5,1.5,4.0,1.5,1.2,False
124500#1377-20260824092130,124500,아이티센글로벌,ORB,FullAuto,Paper,Backtest,2026-08-24 09:21:30,2026-08-24 09:21:30,2026-08-24 09:23:22,1.9,31,38500,37950.0,37950,1.429,-19757,-1.655,-1.16,0,-1.429,0,0.0,StopLoss,"ORB5 고가 38,400 돌파 (범위 9.1%)","손절 (37,950)",15.27,3.65,1,202.1,1.568,3.70,1,22,1.5,4.0,1.5,1.2,False
055550#1375-20260821150000,055550,신한지주,종가베팅,FullAuto,Paper,Backtest,2026-08-21 15:00:00,2026-08-21 15:00:00,2026-08-24 10:00:00,4020,5,104200,102500,101100,2.975,-9679,-1.858,-0.62,0.192,-1.919,0,-0.097,NextDayDeadline,"종가베팅: 등락 +3.5%, 고저범위 88% 위치, VWAP 103,336 위",익일 청산 시각 10:00,3.48,0.84,0.881,343.7,0.199,1.01,1,360,3,5,2.5,1.5,True
086790#1376-20260821150000,086790,하나금융지주,종가베팅,FullAuto,Paper,Backtest,2026-08-21 15:00:00,2026-08-21 15:00:00,2026-08-24 10:00:00,4020,4,129100,126800,125300,2.943,-10367,-2.008,-0.68,0.387,-1.782,0,-0.079,NextDayDeadline,"종가베팅: 등락 +4.2%, 고저범위 90% 위치, VWAP 127,632 위",익일 청산 시각 10:00,4.20,1.15,0.897,890.8,0.155,0.98,1,360,3,5,2.5,1.5,True
237690#1384-20260824150000,237690,에스티팜,종가베팅,FullAuto,Paper,Backtest,2026-08-24 15:00:00,2026-08-24 15:00:00,2026-08-25 09:01:00,1081,5,112000,105900,108700,2.946,-31722,-5.665,-1.92,0.446,-5.357,0,-2.576,StopLoss,"종가베팅: 등락 +11.8%, 고저범위 100% 위치, VWAP 106,242 위","손절 (108,700)",11.79,5.33,1,407.3,0.549,0.53,1,360,3,5,2.5,1.5,True
010170#1383-20260824150000,010170,대한광통신,종가베팅,FullAuto,Paper,Backtest,2026-08-24 15:00:00,2026-08-24 15:00:00,2026-08-25 09:11:27,1091.5,47,13020,12620.00,12630,2.995,-20165,-3.295,-1.10,1.152,-3.072,0,-0.079,StopLoss,"종가베팅: 등락 +7.4%, 고저범위 84% 위치, VWAP 12,811 위","손절 (12,630)",7.43,1.63,0.840,334.9,0.390,0.57,1,360,3,5,2.5,1.5,True
034020#1392-20260825150000,034020,두산에너빌리티,종가베팅,FullAuto,Paper,Backtest,2026-08-25 15:00:00,2026-08-25 15:00:00,2026-08-26 09:01:30,1081.5,7,81200,82328.57,78800,2.956,6578,1.157,0.39,2.709,-1.108,0,-0.139,Trailing,"종가베팅: 등락 +7.3%, 고저범위 98% 위치, VWAP 77,296 위","1차 분할 익절 +2% / 트레일링 (82,100)",7.27,5.05,0.977,580.3,0.356,1.17,1,360,3,5,2.5,1.5,True
078930#1393-20260825150000,078930,GS,종가베팅,FullAuto,Paper,Backtest,2026-08-25 15:00:00,2026-08-25 15:00:00,2026-08-26 09:04:22,1084.4,5,121900,118300.0,118300,2.953,-19362,-3.177,-1.08,0.164,-2.953,0,0.0,StopLoss,"종가베팅: 등락 +6.2%, 고저범위 84% 위치, VWAP 119,721 위","손절 (118,300)",6.19,1.74,0.839,386.3,0.264,1.16,1,360,3,5,2.5,1.5,True
037440#1396-20260826091225,037440,희림,ORB,FullAuto,Paper,Backtest,2026-08-26 09:12:25,2026-08-26 09:12:25,2026-08-26 09:12:42,0.3,272,4495,4515,4430,1.446,2617,0.214,0.15,1.669,0,0,0,Trailing,"ORB5 고가 4,490 돌파 (범위 8.8%)","트레일링 (4,515)",12.66,3.62,1,191.7,2.703,7.91,1,12,1.5,4.0,1.5,1.2,False
062040#1405-20260827090722,062040,산일전기,ORB,FullAuto,Paper,Backtest,2026-08-27 09:07:22,2026-08-27 09:07:22,2026-08-27 09:11:30,4.1,6,191700,188800,188900,1.461,-20006,-1.739,-1.19,1.095,-1.513,0,-0.053,StopLoss,"ORB5 고가 191,200 돌파 (범위 2.9%)","손절 (188,900)",7.09,1.39,1,118.9,1.607,3.72,1,7,1.5,4.0,1.5,1.2,False
010170#1403-20260827091225,010170,대한광통신,ORB,FullAuto,Paper,Backtest,2026-08-27 09:12:25,2026-08-27 09:12:25,2026-08-27 09:14:05,1.7,82,14700,14800.00,14480,1.497,5411,0.449,0.30,1.973,0,0,-0.068,Trailing,"ORB5 고가 14,670 돌파 (범위 4.8%)","트레일링 (14,810)",8.89,1.83,1,200.0,1.646,3.02,1,12,1.5,4.0,1.5,1.2,False
267260#1404-20260827091727,267260,HD현대일렉트릭,ORB,FullAuto,Paper,Backtest,2026-08-27 09:17:27,2026-08-27 09:17:27,2026-08-27 09:19:30,2,1,799000,788000,788000,1.377,-12813,-1.604,-1.16,0.125,-1.377,0,0,StopLoss,"ORB5 고가 798,000 돌파 (범위 3.6%)","손절 (788,000)",9.60,1.29,1,278.0,0.814,3.07,1,17,1.5,4.0,1.5,1.2,False
028050#1401-20260826150000,028050,삼성E&A,종가베팅,FullAuto,Paper,Backtest,2026-08-26 15:00:00,2026-08-26 15:00:00,2026-08-27 09:32:30,1112.5,12,48400,50125,46950,2.996,19323,3.327,1.11,5.372,-1.550,0,-0.149,TakeProfit,"종가베팅: 등락 +5.6%, 고저범위 92% 위치, VWAP 47,568 위",1차 분할 익절 +2% / 목표 익절 +5%,5.56,1.75,0.92,767.7,0.229,2.93,1,360,3,5,2.5,1.5,True
034020#1402-20260826150000,034020,두산에너빌리티,종가베팅,FullAuto,Paper,Backtest,2026-08-26 15:00:00,2026-08-26 15:00:00,2026-08-27 10:00:00,1140,7,85800,85000,83300,2.914,-6969,-1.160,-0.40,1.865,-2.797,0,-0.118,NextDayDeadline,"종가베팅: 등락 +6.5%, 고저범위 84% 위치, VWAP 84,603 위",익일 청산 시각 10:00,6.45,1.41,0.839,545.4,0.241,0.79,1,360,3,5,2.5,1.5,True
019170#1413-20260828090720,019170,신풍제약,ORB,FullAuto,Paper,Backtest,2026-08-28 09:07:20,2026-08-28 09:07:20,2026-08-28 09:08:25,1.1,118,10500,10835,10350,1.429,36600,2.954,2.07,4.286,0,0,-0.092,TakeProfit,"ORB5 고가 10,450 돌파 (범위 8.9%)",1차 분할 익절 +2.0% / 목표 익절 +4.0%,18.64,2.46,1,135.6,2.400,3.89,1,7,1.5,4.0,1.5,1.2,False
222800#1416-20260828091130,222800,심텍,ORB,FullAuto,Paper,Backtest,2026-08-28 09:11:30,2026-08-28 09:11:30,2026-08-28 09:18:30,7,9,134600,132600,132600,1.486,-20746,-1.713,-1.15,0.446,-1.486,0,0,StopLoss,"ORB5 고가 134,300 돌파 (범위 6.5%)","손절 (132,600)",5.40,2.19,1,200.0,1.626,1.71,1,12,1.5,4.0,1.5,1.2,False
086520#1411-20260827150000,086520,에코프로,종가베팅,FullAuto,Paper,Backtest,2026-08-27 15:00:00,2026-08-27 15:00:00,2026-08-28 09:28:30,1108.5,6,92000,89300,89300,2.935,-17433,-3.158,-1.08,0,-2.935,0,0,StopLoss,"종가베팅: 등락 +6.7%, 고저범위 94% 위치, VWAP 90,156 위","손절 (89,300)",6.74,1.93,0.938,515.9,0.249,0.77,1,360,3,5,2.5,1.5,True
161890#1421-20260828150000,161890,한국콜마,종가베팅,FullAuto,Paper,Backtest,2026-08-28 15:00:00,2026-08-28 15:00:00,2026-08-31 09:02:25,3962.4,3,160100,163333.33,155300,2.998,8577,1.786,0.60,3.623,-0.187,0,-0.061,Trailing,"종가베팅: 등락 +9.6%, 고저범위 91% 위치, VWAP 156,169 위","1차 분할 익절 +2% / 트레일링 (163,400)",9.59,2.45,0.911,433.2,0.246,1.27,1,360,3,5,2.5,1.5,True
019170#1424-20260831090527,019170,신풍제약,ORB,FullAuto,Paper,Backtest,2026-08-31 09:05:27,2026-08-31 09:05:27,2026-08-31 09:07:22,1.9,105,11880,11850.0,11710,1.431,-6011,-0.482,-0.34,1.431,-0.337,0,-0.504,BreakEven,"ORB5 고가 11,840 돌파 (범위 8.4%)","본절 (11,910)",19.40,3.56,1,150.1,3.423,2.66,1,5,1.5,4.0,1.5,1.2,False
161000#1425-20260831090627,161000,애경케미칼,ORB,FullAuto,Paper,Backtest,2026-08-31 09:06:27,2026-08-31 09:06:27,2026-08-31 09:07:27,1,105,11460,11280,11290,1.483,-21625,-1.797,-1.21,0.349,-1.571,0,-0.089,StopLoss,"ORB5 고가 11,450 돌파 (범위 6.7%)","손절 (11,290)",11.91,2.40,1,139.5,2.552,1.53,1,6,1.5,4.0,1.5,1.2,False
096770#1428-20260831091427,096770,SK이노베이션,ORB,FullAuto,Paper,Backtest,2026-08-31 09:14:27,2026-08-31 09:14:27,2026-08-31 09:30:30,16,10,120700,123250,118900,1.491,22671,1.878,1.26,3.563,-0.249,0,-0.081,Trailing,"ORB5 고가 120,500 돌파 (범위 3.3%)","1차 분할 익절 +2.0% / 트레일링 (123,500)",4.23,1.59,1,205.9,1.070,2.59,1,14,1.5,4.0,1.5,1.2,False
278470#1423-20260828150000,278470,에이피알,종가베팅,FullAuto,Paper,Backtest,2026-08-28 15:00:00,2026-08-28 15:00:00,2026-08-31 10:00:00,4020,1,459500,454000,446000,2.938,-6544,-1.424,-0.48,1.415,-2.829,0,-0.110,NextDayDeadline,"종가베팅: 등락 +6.2%, 고저범위 87% 위치, VWAP 451,501 위",익일 청산 시각 10:00,6.24,1.77,0.873,1096.0,0.295,0.54,1,360,3,5,2.5,1.5,True
066970#1432-20260831150000,066970,엘앤에프,종가베팅,FullAuto,Paper,Backtest,2026-08-31 15:00:00,2026-08-31 15:00:00,2026-09-01 09:01:20,1081.3,4,145800,141300,141500,2.949,-19301,-3.309,-1.12,0.823,-3.086,0,-0.141,StopLoss,"종가베팅: 등락 +7.6%, 고저범위 84% 위치, VWAP 143,661 위","손절 (141,500)",7.61,1.42,0.842,377.1,0.267,0.63,1,360,3,5,2.5,1.5,True
096770#1433-20260831150000,096770,SK이노베이션,종가베팅,FullAuto,Paper,Backtest,2026-08-31 15:00:00,2026-08-31 15:00:00,2026-09-01 09:02:30,1082.5,5,125600,129020,121900,2.946,15621,2.487,0.84,4.697,-0.478,0,-0.031,Trailing,"종가베팅: 등락 +8.4%, 고저범위 82% 위치, VWAP 123,766 위","1차 분할 익절 +2% / 트레일링 (129,500)",8.38,1.40,0.822,289.3,0.296,0.69,1,360,3,5,2.5,1.5,True
001210#1435-20260901090702,001210,금호전기,ORB,FullAuto,Paper,Backtest,2026-09-01 09:07:02,2026-09-01 09:07:02,2026-09-01 09:07:27,0.4,90,13930,13700.00,13730,1.436,-23538,-1.877,-1.31,1.220,-1.651,0,-0.218,StopLoss,"ORB5 고가 13,900 돌파 (범위 8.6%)","손절 (13,730)",11.62,3.54,1,112.2,3.417,0.79,1,7,1.5,4.0,1.5,1.2,False
198440#1436-20260901091422,198440,강동씨앤엘,ORB,FullAuto,Paper,Backtest,2026-09-01 09:14:22,2026-09-01 09:14:22,2026-09-01 09:14:30,0.1,542,2095,2172.5,2065,1.432,39305,3.462,2.42,4.773,0,0,-0.230,TakeProfit,"ORB5 고가 2,070 돌파 (범위 5.7%)",1차 분할 익절 +2.0% / 목표 익절 +4.0%,20.68,6.34,1,135.0,3.045,4.42,1,14,1.5,4.0,1.5,1.2,False
096770#1434-20260901090520,096770,SK이노베이션,ORB,FullAuto,Paper,Backtest,2026-09-01 09:05:20,2026-09-01 09:05:20,2026-09-01 09:17:30,12.2,9,133000,137200,131100,1.429,34969,2.921,2.04,4.135,-0.226,0,-0.073,TakeProfit,"ORB5 고가 132,800 돌파 (범위 5.6%)",1차 분할 익절 +2.0% / 목표 익절 +4.0%,5.72,2.20,1,204.6,1.504,1.98,1,5,1.5,4.0,1.5,1.2,False
028260#1444-20260901150000,028260,삼성물산,종가베팅,FullAuto,Paper,Backtest,2026-09-01 15:00:00,2026-09-01 15:00:00,2026-09-02 09:01:05,1081.1,1,391000,379500,379500,2.941,-12373,-3.164,-1.08,0.128,-2.941,0,0,StopLoss,"종가베팅: 등락 +3.7%, 고저범위 95% 위치, VWAP 383,864 위","손절 (379,500)",3.72,1.73,0.955,496.0,0.210,1.87,1,360,3,5,2.5,1.5,True
067290#1448-20260902090525,067290,JW신약,ORB,FullAuto,Paper,Backtest,2026-09-02 09:05:25,2026-09-02 09:05:25,2026-09-02 09:06:22,1,347,3450,3395.0,3400,1.449,-21796,-1.821,-1.26,0.580,-1.594,0,-0.147,StopLoss,"ORB5 고가 3,445 돌파 (범위 3.5%)","손절 (3,400)",15.38,1.43,1,168.6,3.333,1.27,1,5,1.5,4.0,1.5,1.2,False
024060#1446-20260902090622,024060,흥구석유,ORB,FullAuto,Paper,Backtest,2026-09-02 09:06:22,2026-09-02 09:06:22,2026-09-02 09:07:07,0.8,106,11830,11860,11660,1.437,290,0.023,0.02,1.437,0,0,0,BreakEven,"ORB5 고가 11,820 돌파 (범위 7.6%)","본절 (11,860)",15.87,2.52,1,160.5,1.839,1.93,1,6,1.5,4.0,1.5,1.2,False
096770#1445-20260901151300,096770,SK이노베이션,종가베팅,FullAuto,Paper,Backtest,2026-09-01 15:13:00,2026-09-01 15:13:00,2026-09-02 09:15:30,1082.5,4,135600,131500,131600,2.950,-17611,-3.247,-1.10,0.516,-3.024,0,-0.076,StopLoss,"종가베팅: 등락 +7.7%, 고저범위 76% 위치, VWAP 134,872 위","손절 (131,600)",7.71,0.47,0.764,249.5,0.158,0.82,1,373,3,5,2.5,1.5,True
004310#1458-20260903090630,004310,현대약품,ORB,FullAuto,Paper,Backtest,2026-09-03 09:06:30,2026-09-03 09:06:30,2026-09-03 09:07:22,0.9,145,8270,8130.0,8150,1.451,-23012,-1.919,-1.32,0,-1.693,0,-0.245,StopLoss,"ORB5 고가 8,240 돌파 (범위 6.5%)","손절 (8,150)",9.25,2.60,1,151.9,2.600,1.54,1,6,1.5,4.0,1.5,1.2,False
441270#1457-20260903091330,441270,파인엠텍,ORB,FullAuto,Paper,Backtest,2026-09-03 09:13:30,2026-09-03 09:13:30,2026-09-03 09:14:27,1,135,8870,8730,8740,1.466,-21612,-1.805,-1.23,0.225,-1.578,0,-0.114,StopLoss,"ORB5 고가 8,840 돌파 (범위 7.3%)","손절 (8,740)",13.43,3.28,1,178.7,2.286,2.43,1,14,1.5,4.0,1.5,1.2,False
039030#1455-20260902150000,039030,이오테크닉스,종가베팅,FullAuto,Paper,Backtest,2026-09-02 15:00:00,2026-09-02 15:00:00,2026-09-03 09:22:22,1102.4,1,407500,418500.0,395500,2.945,10040,2.464,0.84,4.294,-0.859,0,0.0,Trailing,"종가베팅: 등락 +5.0%, 고저범위 78% 위치, VWAP 403,142 위","트레일링 (418,500)",5.03,0.96,0.785,476.0,0.281,0.61,1,360,3,5,2.5,1.5,True
079650#1459-20260903092425,079650,서산,ORB,FullAuto,Paper,Backtest,2026-09-03 09:24:25,2026-09-03 09:24:25,2026-09-03 09:25:17,0.9,158,7370,7390,7260,1.493,476,0.041,0.03,1.764,0,0,-0.270,Trailing,"ORB5 고가 7,350 돌파 (범위 8.2%)","트레일링 (7,410)",8.54,4.65,1,164.1,1.948,3.64,1,24,1.5,4.0,1.5,1.2,False
005490#1465-20260903150000,005490,POSCO홀딩스,종가베팅,FullAuto,Paper,Backtest,2026-09-03 15:00:00,2026-09-03 15:00:00,2026-09-04 10:00:00,1140,1,343500,338000,333500,2.911,-6277,-1.827,-0.63,0.437,-1.892,0,-0.148,NextDayDeadline,"종가베팅: 등락 +5.7%, 고저범위 82% 위치, VWAP 340,143 위",익일 청산 시각 10:00,5.70,0.84,0.816,862.8,0.333,0.50,1,360,3,5,2.5,1.5,True
336260#1470-20260904150217,336260,두산퓨얼셀,종가베팅,FullAuto,Paper,Backtest,2026-09-04 15:02:17,2026-09-04 15:02:17,2026-09-07 09:01:20,3959,14,44050.00,46075,42750,2.951,26874,4.358,1.48,5.789,-1.135,0,-0.108,TakeProfit,"종가베팅: 등락 +13.1%, 고저범위 84% 위치, VWAP 42,278 위",1차 분할 익절 +2% / 목표 익절 +5%,13.11,4.07,0.841,316.7,0.471,2.54,1,362,3,5,2.5,1.5,True
240810#1471-20260904150817,240810,원익IPS,종가베팅,FullAuto,Paper,Backtest,2026-09-04 15:08:17,2026-09-04 15:08:17,2026-09-07 09:01:30,3953.2,5,114800,118560,111400,2.962,17443,3.039,1.03,4.268,-0.087,0,-0.051,Trailing,"종가베팅: 등락 +9.3%, 고저범위 81% 위치, VWAP 112,661 위","1차 분할 익절 +2% / 트레일링 (117,900)",9.33,1.90,0.805,415.1,0.249,2.68,1,368,3,5,2.5,1.5,True
036930#1475-20260907094727,036930,주성엔지니어링,ORB,FullAuto,Paper,Backtest,2026-09-07 09:47:27,2026-09-07 09:47:27,2026-09-07 09:55:30,8,6,189400,186600,186600,1.478,-19376,-1.705,-1.15,0.211,-1.478,0,0,StopLoss,"ORB5 고가 189,300 돌파 (범위 3.2%)","손절 (186,600)",6.23,2.01,1,457.7,0.419,5.72,1,47,1.5,4.0,1.5,1.2,False
047040#1481-20260907150900,047040,대우건설,종가베팅,FullAuto,Paper,Backtest,2026-09-07 15:09:00,2026-09-07 15:09:00,2026-09-08 09:01:27,1072.5,33,18370,18671.21,17820,2.994,8527,1.407,0.47,2.831,-0.490,0,-0.138,Trailing,"종가베팅: 등락 +9.0%, 고저범위 90% 위치, VWAP 17,695 위","1차 분할 익절 +2% / 트레일링 (18,600)",8.96,3.76,0.903,315.3,0.451,0.71,1,369,3,5,2.5,1.5,True
000720#1479-20260907150000,000720,현대건설,종가베팅,FullAuto,Paper,Backtest,2026-09-07 15:00:00,2026-09-07 15:00:00,2026-09-08 09:04:30,1084.5,4,126800,129750,123000,2.997,10609,2.092,0.70,4.101,-0.079,0,0,Trailing,"종가베팅: 등락 +5.4%, 고저범위 90% 위치, VWAP 123,805 위","1차 분할 익절 +2% / 트레일링 (130,000)",5.40,2.42,0.902,343.7,0.448,0.37,1,360,3,5,2.5,1.5,True
052690#1482-20260908090527,052690,한전기술,ORB,FullAuto,Paper,Backtest,2026-09-08 09:05:27,2026-09-08 09:05:27,2026-09-08 09:10:22,4.9,9,132600,136966.67,130700,1.433,36473,3.056,2.13,4.374,-0.075,0,-0.073,TakeProfit,"ORB5 고가 132,500 돌파 (범위 3.4%)",1차 분할 익절 +2.0% / 목표 익절 +4.0%,4.33,1.12,1,195.6,1.634,1.65,1,5,1.5,4.0,1.5,1.2,False
036930#1483-20260908090625,036930,주성엔지니어링,ORB,FullAuto,Paper,Backtest,2026-09-08 09:06:25,2026-09-08 09:06:25,2026-09-08 09:11:10,4.8,6,196500,197400,193600,1.476,2679,0.227,0.15,1.679,0,0,0,Trailing,"ORB5 고가 196,400 돌파 (범위 4.0%)","트레일링 (197,400)",4.97,1.26,1,163.8,1.425,2.18,1,6,1.5,4.0,1.5,1.2,False
010170#1493-20260909090610,010170,대한광통신,ORB,FullAuto,Paper,Backtest,2026-09-09 09:06:10,2026-09-09 09:06:10,2026-09-09 09:07:25,1.2,82,15090,14860.00,14870,1.458,-21664,-1.751,-1.20,0.331,-1.524,0,-0.067,StopLoss,"ORB5 고가 15,080 돌파 (범위 6.1%)","손절 (14,870)",10.15,1.93,1,193.8,1.325,0.81,1,6,1.5,4.0,1.5,1.2,False
327260#1492-20260909091422,327260,RF머트리얼즈,ORB,FullAuto,Paper,Backtest,2026-09-09 09:14:22,2026-09-09 09:14:22,2026-09-09 09:15:25,1,31,39450,39500,38900,1.394,-1265,-0.103,-0.07,1.394,0,0,-0.126,BreakEven,"ORB5 고가 39,300 돌파 (범위 7.7%)","본절 (39,550)",14.35,3.28,1,215.1,2.334,2.63,1,14,1.5,4.0,1.5,1.2,False
024060#1500-20260910090520,024060,흥구석유,ORB,FullAuto,Paper,Backtest,2026-09-10 09:05:20,2026-09-10 09:05:20,2026-09-10 09:06:25,1.1,90,13410,13640.00,13210,1.491,17883,1.482,0.99,2.461,0,0,-0.110,Trailing,"ORB5 고가 13,340 돌파 (범위 4.9%)","1차 분할 익절 +2.0% / 트레일링 (13,570)",10.92,2.31,1,212.3,1.989,2.47,1,5,1.5,4.0,1.5,1.2,False
128940#1498-20260909150000,128940,한미약품,종가베팅,FullAuto,Paper,Backtest,2026-09-09 15:00:00,2026-09-09 15:00:00,2026-09-10 09:08:25,1088.4,1,493000,478500,478500,2.941,-15601,-3.165,-1.08,0.507,-2.941,0,0,StopLoss,"종가베팅: 등락 +5.5%, 고저범위 95% 위치, VWAP 480,990 위","손절 (478,500)",5.45,2.50,0.955,530.7,0.239,0.33,1,360,3,5,2.5,1.5,True
032940#1499-20260910092222,032940,원익,ORB,FullAuto,Paper,Backtest,2026-09-10 09:22:22,2026-09-10 09:22:22,2026-09-10 09:24:27,2.1,111,11190,11344.32,11030,1.430,14239,1.146,0.80,2.145,0,0,-0.133,Trailing,"ORB5 고가 11,160 돌파 (범위 9.4%)","1차 분할 익절 +2.0% / 트레일링 (11,290)",9.71,4.49,1,161.0,2.145,7.50,1,22,1.5,4.0,1.5,1.2,False
373220#1496-20260909150000,373220,LG에너지솔루션,종가베팅,FullAuto,Paper,Backtest,2026-09-09 15:00:00,2026-09-09 15:00:00,2026-09-10 10:00:00,1140,1,370000,367500,359000,2.973,-3345,-0.904,-0.30,1.081,-1.757,0,0,NextDayDeadline,"종가베팅: 등락 +5.4%, 고저범위 94% 위치, VWAP 360,776 위",익일 청산 시각 10:00,5.41,2.56,0.939,1045.1,0.328,0.67,1,360,3,5,2.5,1.5,True
440110#1503-20260910150000,440110,파두,종가베팅,FullAuto,Paper,Backtest,2026-09-10 15:00:00,2026-09-10 15:00:00,2026-09-11 09:01:00,1081,7,79500,76000,77200,2.893,-25726,-4.623,-1.60,1.635,-4.403,0,-1.554,StopLoss,"종가베팅: 등락 +6.9%, 고저범위 95% 위치, VWAP 74,802 위","손절 (77,200)",6.85,6.28,0.953,428.9,1.051,0.53,1,360,3,5,2.5,1.5,True
000990#1504-20260910150000,000990,DB하이텍,종가베팅,FullAuto,Paper,Backtest,2026-09-10 15:00:00,2026-09-10 15:00:00,2026-09-11 09:01:00,1081,5,118000,111800,114500,2.966,-32289,-5.473,-1.85,0.763,-5.254,0,-2.358,StopLoss,"종가베팅: 등락 +6.4%, 고저범위 81% 위치, VWAP 115,345 위","손절 (114,500)",6.40,2.30,0.806,430.0,0.345,1.08,1,360,3,5,2.5,1.5,True
064550#1506-20260911090830,064550,바이오니아,ORB,FullAuto,Paper,Backtest,2026-09-11 09:08:30,2026-09-11 09:08:30,2026-09-11 09:09:25,0.9,111,10710,10550.00,10550,1.494,-20455,-1.721,-1.15,0,-1.494,0,0.000,StopLoss,"ORB5 고가 10,700 돌파 (범위 6.9%)","손절 (10,550)",16.03,2.26,1,215.9,1.852,1.60,1,8,1.5,4.0,1.5,1.2,False
356680#1507-20260911094825,356680,엑스게이트,ORB,FullAuto,Paper,Backtest,2026-09-11 09:48:25,2026-09-11 09:48:25,2026-09-11 09:49:12,0.8,90,13960,13720,13760,1.433,-24442,-1.945,-1.36,0.788,-1.719,0,-0.291,StopLoss,"ORB5 고가 13,900 돌파 (범위 9.5%)","손절 (13,760)",12.94,4.25,1,155.9,1.254,4.60,1,48,1.5,4.0,1.5,1.2,False
488280#1511-20260911150000,488280,에스투더블유,종가베팅,FullAuto,Paper,Backtest,2026-09-11 15:00:00,2026-09-11 15:00:00,2026-09-14 09:01:00,3961,42,14990,16870,14550,2.935,77343,12.285,4.19,12.542,-2.602,0,0,TakeProfit,"종가베팅: 등락 +14.9%, 고저범위 87% 위치, VWAP 14,192 위",목표 익절 +5%,14.87,5.63,0.865,204.7,1.020,0.41,1,360,3,5,2.5,1.5,True
052690#1510-20260911150000,052690,한전기술,종가베팅,FullAuto,Paper,Backtest,2026-09-11 15:00:00,2026-09-11 15:00:00,2026-09-14 09:01:22,3961.4,4,152400,147500.0,147900,2.953,-20959,-3.438,-1.16,0.328,-3.215,0,-0.270,StopLoss,"종가베팅: 등락 +4.6%, 고저범위 82% 위치, VWAP 149,520 위","손절 (147,900)",4.60,1.93,0.825,304.3,0.375,0.60,1,360,3,5,2.5,1.5,True
356680#1513-20260914090515,356680,엑스게이트,ORB,FullAuto,Paper,Backtest,2026-09-14 09:05:15,2026-09-14 09:05:15,2026-09-14 09:05:22,0.1,69,17800,17500.0,17540,1.461,-23480,-1.912,-1.31,0,-1.685,0,-0.228,StopLoss,"ORB5 고가 17,760 돌파 (범위 9.4%)","손절 (17,540)",10.83,2.91,1,78.6,2.921,1.74,1,5,1.5,4.0,1.5,1.2,False
093370#1518-20260914150000,093370,후성,종가베팅,FullAuto,Paper,Backtest,2026-09-14 15:00:00,2026-09-14 15:00:00,2026-09-15 09:02:30,1082.5,43,14140,13710,13720,2.970,-19848,-3.264,-1.10,0.354,-3.041,0,-0.073,StopLoss,"종가베팅: 등락 +6.2%, 고저범위 94% 위치, VWAP 13,829 위","손절 (13,720)",6.16,2.18,0.944,411.2,0.384,0.69,1,360,3,5,2.5,1.5,True
001820#1521-20260915090520,001820,삼화콘덴서,ORB,FullAuto,Paper,Backtest,2026-09-15 09:05:20,2026-09-15 09:05:20,2026-09-15 09:06:25,1.1,8,146800,144500,144600,1.499,-21061,-1.793,-1.20,1.022,-1.567,0,-0.069,StopLoss,"ORB5 고가 146,700 돌파 (범위 6.8%)","손절 (144,600)",6.69,2.28,1,414.7,2.112,3.55,1,5,1.5,4.0,1.5,1.2,False
096770#1523-20260915090930,096770,SK이노베이션,ORB,FullAuto,Paper,Backtest,2026-09-15 09:09:30,2026-09-15 09:09:30,2026-09-15 09:11:30,2,8,144100,141800,142000,1.457,-21010,-1.823,-1.25,0,-1.596,0,-0.141,StopLoss,"ORB5 고가 144,000 돌파 (범위 3.7%)","손절 (142,000)",7.62,1.22,1,190.0,1.269,1.47,1,10,1.5,4.0,1.5,1.2,False
014950#1520-20260915091130,014950,삼익제약,ORB,FullAuto,Paper,Backtest,2026-09-15 09:11:30,2026-09-15 09:11:30,2026-09-15 09:15:27,4,111,10790,11120.90,10630,1.483,33899,2.830,1.91,4.078,-0.185,0,-0.090,TakeProfit,"ORB5 고가 10,700 돌파 (범위 9.2%)",1차 분할 익절 +2.0% / 목표 익절 +4.0%,13.82,4.77,1,160.8,2.441,3.42,1,12,1.5,4.0,1.5,1.2,False
316140#1519-20260914150002,316140,우리금융지주,종가베팅,FullAuto,Paper,Backtest,2026-09-14 15:00:02,2026-09-14 15:00:02,2026-09-15 10:00:00,1140,16,36700,36050,35600,2.997,-11727,-1.997,-0.67,0.409,-2.589,0,-0.139,NextDayDeadline,"종가베팅: 등락 +5.0%, 고저범위 89% 위치, VWAP 36,170 위",익일 청산 시각 10:00,5.01,1.47,0.889,468.9,0.195,0.84,1,360,3,5,2.5,1.5,True
062970#1530-20260916090627,062970,한국첨단소재,ORB,FullAuto,Paper,Backtest,2026-09-16 09:06:27,2026-09-16 09:06:27,2026-09-16 09:07:15,0.8,313,3745,3675,3690,1.469,-24557,-2.095,-1.43,1.202,-1.869,0,-0.407,StopLoss,"ORB5 고가 3,705 돌파 (범위 7.1%)","손절 (3,690)",11.46,4.28,1,116.6,4.539,1.83,1,6,1.5,4.0,1.5,1.2,False
069540#1532-20260916090525,069540,빛과전자,ORB,FullAuto,Paper,Backtest,2026-09-16 09:05:25,2026-09-16 09:05:25,2026-09-16 09:07:30,2.1,268,4510,4445,4445,1.441,-20161,-1.668,-1.16,0.443,-1.441,0,0,StopLoss,"ORB5 고가 4,500 돌파 (범위 9.8%)","손절 (4,445)",9.07,3.54,1,235.9,2.882,1.29,1,5,1.5,4.0,1.5,1.2,False
373220#1529-20260915150000,373220,LG에너지솔루션,종가베팅,FullAuto,Paper,Backtest,2026-09-15 15:00:00,2026-09-15 15:00:00,2026-09-16 10:00:00,1140,1,368500,374000,357500,2.985,4641,1.259,0.42,2.035,-1.900,0,0,NextDayDeadline,"종가베팅: 등락 +5.0%, 고저범위 88% 위치, VWAP 362,056 위",익일 청산 시각 10:00,4.99,1.78,0.875,433.2,0.407,0.99,1,360,3,5,2.5,1.5,True
086520#1528-20260915150000,086520,에코프로,종가베팅,FullAuto,Paper,Backtest,2026-09-15 15:00:00,2026-09-15 15:00:00,2026-09-16 10:00:00,1140,7,84600,83150,82100,2.955,-11489,-1.940,-0.66,0.355,-2.009,0,0,NextDayDeadline,"종가베팅: 등락 +5.4%, 고저범위 87% 위치, VWAP 83,212 위",익일 청산 시각 10:00,5.35,1.67,0.870,629.9,0.397,0.84,1,360,3,5,2.5,1.5,True
000990#1538-20260916150000,000990,DB하이텍,종가베팅,FullAuto,Paper,Backtest,2026-09-16 15:00:00,2026-09-16 15:00:00,2026-09-17 09:01:00,1081,4,124300,130900,120600,2.977,25201,5.069,1.70,5.310,-0.322,0,0,TakeProfit,"종가베팅: 등락 +3.8%, 고저범위 98% 위치, VWAP 120,618 위",목표 익절 +5%,3.76,3.05,0.978,489.5,0.328,0.72,1,360,3,5,2.5,1.5,True
067310#1542-20260917090522,067310,하나마이크론,ORB,FullAuto,Paper,Backtest,2026-09-17 09:05:22,2026-09-17 09:05:22,2026-09-17 09:10:12,4.8,31,38400,37850,37850,1.432,-19750,-1.659,-1.16,1.172,-1.432,0,0,StopLoss,"ORB5 고가 38,300 돌파 (범위 7.7%)","손절 (37,850)",8.02,2.84,1,226.5,2.691,2.38,1,5,1.5,4.0,1.5,1.2,False
005690#1549-20260918090510,005690,파미셀,ORB,FullAuto,Paper,Backtest,2026-09-18 09:05:10,2026-09-18 09:05:10,2026-09-18 09:05:22,0.2,93,12810,12620.0,12620,1.483,-20371,-1.710,-1.15,0.390,-1.483,0,0.0,StopLoss,"ORB5 고가 12,800 돌파 (범위 5.8%)","손절 (12,620)",9.77,2.17,1,102.2,2.836,0.84,1,5,1.5,4.0,1.5,1.2,False
010170#1551-20260918090702,010170,대한광통신,ORB,FullAuto,Paper,Backtest,2026-09-18 09:07:02,2026-09-18 09:07:02,2026-09-18 09:10:12,3.2,69,17430,17170,17170,1.492,-20666,-1.718,-1.15,0.803,-1.492,0,0,StopLoss,"ORB5 고가 17,410 돌파 (범위 7.7%)","손절 (17,170)",7.26,2.43,1,138.4,2.192,1.25,1,7,1.5,4.0,1.5,1.2,False
032820#1558-20260921090515,032820,우리기술,ORB,FullAuto,Paper,Backtest,2026-09-21 09:05:15,2026-09-21 09:05:15,2026-09-21 09:05:30,0.2,81,14790,14550,14570,1.487,-22152,-1.849,-1.24,0,-1.623,0,-0.137,StopLoss,"ORB5 고가 14,780 돌파 (범위 6.6%)","손절 (14,570)",5.87,2.59,1,140.1,3.133,1.51,1,5,1.5,4.0,1.5,1.2,False
001820#1557-20260921090627,001820,삼화콘덴서,ORB,FullAuto,Paper,Backtest,2026-09-21 09:06:27,2026-09-21 09:06:27,2026-09-21 09:08:22,1.9,7,154600,152300.0,152300,1.488,-18553,-1.714,-1.15,0.453,-1.488,0,0.0,StopLoss,"ORB5 고가 154,500 돌파 (범위 5.2%)","손절 (152,300)",7.44,2.23,1,172.0,1.714,1.96,1,6,1.5,4.0,1.5,1.2,False
028260#1563-20260921150000,028260,삼성물산,종가베팅,FullAuto,Paper,Backtest,2026-09-21 15:00:00,2026-09-21 15:00:00,2026-09-22 09:03:22,1083.4,1,368500,379500,357500,2.985,10130,2.749,0.92,4.613,-0.543,0,0,Trailing,"종가베팅: 등락 +4.2%, 고저범위 94% 위치, VWAP 364,776 위","트레일링 (379,500)",4.25,0.88,0.939,438.5,0.252,1.17,1,360,3,5,2.5,1.5,True
001820#1564-20260922090525,001820,삼화콘덴서,ORB,FullAuto,Paper,Backtest,2026-09-22 09:05:25,2026-09-22 09:05:25,2026-09-22 09:06:30,1.1,7,157100,154700,154800,1.464,-19291,-1.754,-1.20,0.382,-1.528,0,-0.065,StopLoss,"ORB5 고가 156,800 돌파 (범위 4.5%)","손절 (154,800)",7.38,2.60,1,280.6,1.655,1.77,1,5,1.5,4.0,1.5,1.2,False
222800#1566-20260922090520,222800,심텍,ORB,FullAuto,Paper,Backtest,2026-09-22 09:05:20,2026-09-22 09:05:20,2026-09-22 09:12:30,7.2,8,147300,150450,145100,1.494,22438,1.904,1.27,3.530,-0.679,0,-0.033,Trailing,"ORB5 고가 147,200 돌파 (범위 6.4%)","1차 분할 익절 +2.0% / 트레일링 (150,600)",11.93,2.48,1,282.5,1.946,1.85,1,5,1.5,4.0,1.5,1.2,False
353200#1565-20260922090627,353200,대덕전자,ORB,FullAuto,Paper,Backtest,2026-09-22 09:06:27,2026-09-22 09:06:27,2026-09-22 09:13:27,7,10,116800,117300,115100,1.455,2304,0.197,0.14,1.712,-0.257,0,0,Trailing,"ORB5 고가 116,500 돌파 (범위 6.1%)","트레일링 (117,300)",13.51,2.25,1,165.9,1.670,1.39,1,6,1.5,4.0,1.5,1.2,False
000990#1562-20260921150000,000990,DB하이텍,종가베팅,FullAuto,Paper,Backtest,2026-09-21 15:00:00,2026-09-21 15:00:00,2026-09-22 10:00:00,1140,4,131800,133300,127900,2.959,4777,0.906,0.31,2.049,-1.290,0,-0.038,NextDayDeadline,"종가베팅: 등락 +4.6%, 고저범위 93% 위치, VWAP 127,882 위",1차 분할 익절 +2% / 익일 청산 시각 10:00,4.60,3.06,0.93,330.3,0.406,0.48,1,360,3,5,2.5,1.5,True
058470#1571-20260922150000,058470,리노공업,종가베팅,FullAuto,Paper,Backtest,2026-09-22 15:00:00,2026-09-22 15:00:00,2026-09-23 09:04:27,1084.5,8,76300,76000,74100,2.883,-3795,-0.622,-0.22,2.228,-2.883,0,-0.064,StopLoss,"종가베팅: 등락 +8.2%, 고저범위 89% 위치, VWAP 74,216 위","1차 분할 익절 +2% / 손절 (74,100)",8.24,2.67,0.894,293.0,0.375,1.13,1,360,3,5,2.5,1.5,True
093370#1573-20260923090525,093370,후성,ORB,FullAuto,Paper,Backtest,2026-09-23 09:05:25,2026-09-23 09:05:25,2026-09-23 09:08:25,3,80,14740,14945,14520,1.493,13654,1.158,0.78,2.103,-0.746,0,-0.067,Trailing,"ORB5 고가 14,730 돌파 (범위 7.1%)","1차 분할 익절 +2.0% / 트레일링 (14,860)",8.54,2.23,1,208.3,1.877,1.71,1,5,1.5,4.0,1.5,1.2,False
356680#1572-20260923090530,356680,엑스게이트,ORB,FullAuto,Paper,Backtest,2026-09-23 09:05:30,2026-09-23 09:05:30,2026-09-23 09:09:27,4,64,18900,19175.00,18620,1.481,14783,1.222,0.82,2.275,-0.794,0,-0.052,Trailing,"ORB5 고가 18,830 돌파 (범위 7.6%)","1차 분할 익절 +2.0% / 트레일링 (19,090)",12.90,3.09,1,135.8,2.646,1.33,1,6,1.5,4.0,1.5,1.2,False
240810#1575-20260923091730,240810,원익IPS,ORB,FullAuto,Paper,Backtest,2026-09-23 09:17:30,2026-09-23 09:17:30,2026-09-23 09:20:12,2.7,8,140000,140500,137900,1.500,1416,0.126,0.08,1.643,-0.143,0,0,Trailing,"ORB5 고가 139,700 돌파 (범위 5.7%)","트레일링 (140,500)",7.28,2.74,1,280.6,1.196,5.45,1,18,1.5,4.0,1.5,1.2,False
