매수시각,매도시각,종목코드,종목명,전략,수량,매수평균,매도평균,순손익,수익률%,R,진입근거,청산사유
2026-01-02 10:24,2026-01-02 10:25,123690,한국화장품,VWAP눌림,133,11070,11239.32,19087,1.296,1.03,"VWAP 11,003 재돌파, 직전봉 고가 11,060 돌파","트레일링 (11,200)"
2026-01-02 10:23,2026-01-02 10:38,352820,하이브,VWAP눌림,4,347000,342000,-23149,-1.668,-1.45,"VWAP 343,099 재돌파, 직전봉 고가 346,000 돌파","손절 (343,000)"
2026-01-02 10:51,2026-01-02 11:18,123690,한국화장품,VWAP눌림,86,11080,11385,23985,2.517,1.27,"VWAP 11,029 재돌파, 직전봉 고가 10,950 돌파","트레일링 (11,320)"
2026-01-02 11:33,2026-01-02 11:33,123690,한국화장품,VWAP눌림,179,11150,11180,769,0.039,0.11,"VWAP 11,122 재돌파, 직전봉 고가 11,140 돌파","본절 (11,180)"
2026-01-02 11:46,2026-01-02 12:05,352820,하이브,VWAP눌림,5,345000,343000,-13945,-0.808,-1.39,"VWAP 343,273 재돌파, 직전봉 고가 344,000 돌파","손절 (343,000)"
2026-01-02 12:03,2026-01-02 12:24,274090,켄코아에어로스페이스,VWAP눌림,90,19450,19220,-24680,-1.410,-1.31,"VWAP 19,308 재돌파, 직전봉 고가 19,410 돌파","손절 (19,240)"
2026-01-02 12:11,2026-01-02 12:25,352820,하이브,VWAP눌림,5,344250,342500,-12689,-0.737,-1.45,"VWAP 343,361 재돌파, 직전봉 고가 344,000 돌파","손절 (342,500)"
2026-01-02 13:37,2026-01-02 13:41,274090,켄코아에어로스페이스,VWAP눌림,76,19310,19060,-22334,-1.522,-1.18,"VWAP 19,271 재돌파, 직전봉 고가 19,200 돌파","손절 (19,060)"
2026-01-02 15:00,2026-01-05 09:01,005930,삼성전자,종가베팅,5,128150,134600,30708,4.793,1.60,"종가베팅: 등락 +6.4%, 고저범위 99% 위치, VWAP 124,519 위",목표 익절 +5%
2026-01-02 15:00,2026-01-05 09:01,402340,SK스퀘어,종가베팅,1,390500,411000,19559,5.009,1.70,"종가베팅: 등락 +5.8%, 고저범위 98% 위치, VWAP 380,400 위",목표 익절 +5%
2026-01-05 09:05,2026-01-05 09:08,042700,한미반도체,ORB,8,158900,156500,-22081,-1.737,-1.20,"ORB5 고가 158,400 돌파 (범위 3.4%)","손절 (156,600)"
2026-01-05 09:05,2026-01-05 09:18,034020,두산에너빌리티,ORB,15,80300,80500,224,0.019,0.01,"ORB5 고가 80,000 돌파 (범위 5.1%)","본절 (80,500)"
2026-01-05 09:19,2026-01-05 09:25,042700,한미반도체,ORB,8,159600,160500,4249,0.333,0.23,"ORB5 고가 158,400 돌파 (범위 3.4%)","트레일링 (160,600)"
2026-01-05 09:35,2026-01-05 09:38,042700,한미반도체,ORB,8,158800,156500,-21281,-1.675,-1.16,"ORB5 고가 158,400 돌파 (범위 3.4%)","손절 (156,500)"
2026-01-05 10:55,2026-01-05 10:55,464080,에스오에스랩,VWAP눌림,124,16110,16140,-881,-0.044,-0.18,"VWAP 16,085 재돌파, 직전봉 고가 16,090 돌파","본절 (16,150)"
2026-01-05 11:34,2026-01-05 11:40,190510,나무가,VWAP눌림,94,19590,19370,-24870,-1.351,-1.32,"VWAP 19,505 재돌파, 직전봉 고가 19,520 돌파","손절 (19,390)"
2026-01-05 11:36,2026-01-05 11:45,464080,에스오에스랩,VWAP눌림,122,16310,16150,-24053,-1.209,-1.31,"VWAP 16,133 재돌파, 직전봉 고가 16,250 돌파","손절 (16,160)"
2026-01-05 12:33,2026-01-05 12:38,190510,나무가,VWAP눌림,64,19690,19340,-25249,-2.004,-1.32,"VWAP 19,492 재돌파, 직전봉 고가 19,455 돌파","손절 (19,390)"
2026-01-05 15:00,2026-01-06 09:03,010120,LS ELECTRIC,종가베팅,6,101500,97000,-28342,-4.654,-1.57,"종가베팅: 등락 +3.2%, 고저범위 88% 위치, VWAP 100,358 위","손절 (98,500)"
2026-01-06 09:06,2026-01-06 09:08,307950,현대오토에버,ORB,3,354500,357833.33,7534,0.708,0.50,"ORB5 고가 350,000 돌파 (범위 7.2%)","트레일링 (357,500)"
2026-01-06 09:16,2026-01-06 09:18,012330,현대모비스,ORB,2,386000,378000,-17740,-2.298,-1.18,"ORB5 고가 385,000 돌파 (범위 1.6%)","손절 (378,500)"
2026-01-06 09:23,2026-01-06 09:24,307950,현대오토에버,ORB,3,352000,347000,-17396,-1.647,-1.16,"ORB5 고가 350,000 돌파 (범위 7.2%)","손절 (347,000)"
2026-01-06 10:53,2026-01-06 11:04,403870,HPSP,VWAP눌림,39,36700,37393.59,23702,1.656,1.35,"VWAP 36,200 재돌파, 직전봉 고가 36,400 돌파","트레일링 (37,200)"
2026-01-06 11:28,2026-01-06 11:42,403870,HPSP,VWAP눌림,54,36650,36700,-1856,-0.094,-0.17,"VWAP 36,438 재돌파, 직전봉 고가 36,550 돌파","본절 (36,750)"
2026-01-06 12:26,2026-01-06 14:45,403870,HPSP,VWAP눌림,54,36700,37825,56065,2.829,5.19,"VWAP 36,464 재돌파, 직전봉 고가 36,600 돌파",목표 익절 +4.0%
2026-01-06 15:00,2026-01-07 09:01,042700,한미반도체,종가베팅,3,180600,194200,39467,7.284,2.44,"종가베팅: 등락 +3.8%, 고저범위 96% 위치, VWAP 175,493 위",목표 익절 +5%
2026-01-06 15:00,2026-01-07 09:01,403870,HPSP,종가베팅,16,38350,36250,-34939,-5.694,-1.90,"종가베팅: 등락 +9.4%, 고저범위 88% 위치, VWAP 37,006 위","손절 (37,200)"
2026-01-07 09:06,2026-01-07 09:08,234030,싸이닉솔루션,ORB,124,10150,9880,-36301,-2.884,-1.95,"ORB5 고가 9,890 돌파 (범위 7.3%)","손절 (10,000)"
2026-01-07 12:52,2026-01-07 12:54,012330,현대모비스,VWAP눌림,4,394500,391000,-17598,-1.115,-1.26,"VWAP 390,994 재돌파, 직전봉 고가 393,500 돌파","손절 (391,000)"
2026-01-07 13:05,2026-01-07 13:09,000270,기아,VWAP눌림,15,127500,126300,-22359,-1.169,-1.66,"VWAP 127,017 재돌파, 직전봉 고가 127,200 돌파","손절 (126,600)"
2026-01-07 13:05,2026-01-07 13:25,012330,현대모비스,VWAP눌림,4,391500,389000,-13579,-0.867,-0.97,"VWAP 390,979 재돌파, 직전봉 고가 390,500 돌파",타임스탑 20분
2026-01-07 14:01,2026-01-07 14:04,012330,현대모비스,VWAP눌림,5,393000,390500,-16991,-0.865,-1.36,"VWAP 390,969 재돌파, 직전봉 고가 392,000 돌파","손절 (390,500)"
2026-01-08 09:05,2026-01-08 09:07,376900,로킷헬스케어,ORB,17,71600,70200,-26547,-2.181,-1.56,"ORB5 고가 68,800 돌파 (범위 4.2%)","손절 (70,600)"
2026-01-07 15:00,2026-01-08 09:14,249420,일동제약,종가베팅,15,42950,42680,-5521,-0.857,-0.29,"종가베팅: 등락 +10.4%, 고저범위 97% 위치, VWAP 41,389 위","손절 (41,700)"
2026-01-07 15:00,2026-01-08 10:00,226950,올릭스,종가베팅,4,158200,157500,-4248,-0.671,-0.23,"종가베팅: 등락 +7.1%, 고저범위 92% 위치, VWAP 155,492 위",익일 청산 시각 10:00
2026-01-08 10:16,2026-01-08 10:22,042700,한미반도체,VWAP눌림,10,196200,196500,-1518,-0.077,-0.13,"VWAP 194,663 재돌파, 직전봉 고가 195,900 돌파","본절 (196,700)"
2026-01-08 15:00,2026-01-09 09:01,036930,주성엔지니어링,종가베팅,17,35050,33850,-21725,-3.646,-1.22,"종가베팅: 등락 +13.1%, 고저범위 84% 위치, VWAP 34,636 위","손절 (34,000)"
2026-01-09 09:06,2026-01-09 09:07,103140,풍산,ORB,10,123000,120700,-25779,-2.096,-1.43,"ORB5 고가 122,500 돌파 (범위 2.7%)","손절 (121,200)"
2026-01-09 09:05,2026-01-09 09:10,234030,싸이닉솔루션,ORB,114,11030,11205,17018,1.353,0.93,"ORB5 고가 10,970 돌파 (범위 8.6%)","트레일링 (11,140)"
2026-01-08 15:00,2026-01-09 09:51,347850,디앤디파마텍,종가베팅,5,108200,104700,-18706,-3.458,-1.17,"종가베팅: 등락 +9.3%, 고저범위 91% 위치, VWAP 104,011 위","손절 (105,000)"
2026-01-09 13:53,2026-01-09 14:04,000880,한화,VWAP눌림,18,109726,108885,-19646,-0.995,-2.07,"VWAP 109,628 재돌파, 직전봉 고가 109,606 돌파","손절 (109,200)"
2026-01-09 14:12,2026-01-09 14:18,000880,한화,VWAP눌림,18,109846,109125,-17496,-0.885,-1.78,"VWAP 109,625 재돌파, 직전봉 고가 109,726 돌파","손절 (109,300)"
2026-01-09 14:27,2026-01-09 14:35,000880,한화,VWAP눌림,18,109706,109005,-17132,-0.868,-1.57,"VWAP 109,621 재돌파, 직전봉 고가 109,366 돌파","손절 (109,100)"
2026-01-09 15:05,2026-01-12 09:04,000270,기아,종가베팅,4,133300,135550,7759,1.455,0.48,"종가베팅: 등락 +6.9%, 고저범위 95% 위치, VWAP 129,402 위","트레일링 (135,400)"
2026-01-12 09:06,2026-01-12 09:08,034020,두산에너빌리티,ORB,13,90300,88900,-20860,-1.777,-1.23,"ORB5 고가 89,600 돌파 (범위 3.0%)","손절 (89,000)"
2026-01-12 09:25,2026-01-12 09:26,010120,LS ELECTRIC,ORB,12,101200,99600,-21951,-1.808,-1.22,"ORB5 고가 101,000 돌파 (범위 2.9%)","손절 (99,700)"
2026-01-09 15:05,2026-01-12 09:45,082740,한화엔진,종가베팅,13,49600,50715.38,12988,2.014,0.69,"종가베팅: 등락 +8.7%, 고저범위 93% 위치, VWAP 48,485 위","트레일링 (51,000)"
2026-01-12 09:50,2026-01-12 13:12,010120,LS ELECTRIC,ORB,12,101200,99700,-20753,-1.709,-1.15,"ORB5 고가 101,000 돌파 (범위 2.9%)","손절 (99,700)"
2026-01-12 15:00,2026-01-13 10:00,000720,현대건설,종가베팅,7,89900,88500,-11225,-1.784,-0.62,"종가베팅: 등락 +18.0%, 고저범위 81% 위치, VWAP 87,349 위",익일 청산 시각 10:00
2026-01-12 15:04,2026-01-13 10:00,373220,LG에너지솔루션,종가베팅,1,377000,392250,14352,3.807,1.30,"종가베팅: 등락 +3.7%, 고저범위 85% 위치, VWAP 375,118 위",익일 청산 시각 10:00
2026-01-13 15:00,2026-01-14 09:04,042660,한화오션,종가베팅,4,149400,145000,-18936,-3.169,-1.08,"종가베팅: 등락 +3.8%, 고저범위 93% 위치, VWAP 147,699 위","손절 (145,000)"
2026-01-14 09:05,2026-01-14 09:06,066570,LG전자,ORB,12,97200,95000,-29025,-2.488,-1.73,"ORB5 고가 96,500 돌파 (범위 5.5%)","손절 (95,800)"
2026-01-14 09:06,2026-01-14 09:07,042700,한미반도체,ORB,6,185900,181500,-28908,-2.592,-1.78,"ORB5 고가 185,300 돌파 (범위 4.7%)","손절 (183,200)"
2026-01-13 15:00,2026-01-14 09:09,030530,원익홀딩스,종가베팅,14,43000,41600,-20941,-3.479,-1.20,"종가베팅: 등락 +9.6%, 고저범위 95% 위치, VWAP 41,807 위","손절 (41,750)"
2026-01-14 10:53,2026-01-14 11:00,052690,한전기술,VWAP눌림,10,116700,114500,-24636,-2.111,-1.45,"VWAP 115,746 재돌파, 직전봉 고가 116,100 돌파","손절 (115,000)"
2026-01-14 12:07,2026-01-14 12:17,052690,한전기술,VWAP눌림,17,116600,115600,-21521,-1.086,-1.41,"VWAP 115,905 재돌파, 직전봉 고가 116,300 돌파","손절 (115,700)"
2026-01-14 15:00,2026-01-15 09:01,388210,씨엠티엑스,종가베팅,5,114800,111000,-20279,-3.533,-1.19,"종가베팅: 등락 +13.7%, 고저범위 85% 위치, VWAP 111,612 위","손절 (111,400)"
2026-01-15 09:06,2026-01-15 09:08,000880,한화,ORB,7,159066,156065,-23521,-2.112,-1.42,"ORB5 고가 157,746 돌파 (범위 2.3%)","손절 (156,700)"
2026-01-15 09:29,2026-01-15 09:31,000880,한화,ORB,4,158106,160396.5,7691,1.216,0.48,"ORB5 고가 157,746 돌파 (범위 2.3%)","트레일링 (159,500)"
2026-01-15 09:07,2026-01-15 10:17,007660,이수페타시스,ORB,9,121600,119700,-19579,-1.789,-1.21,"ORB5 고가 121,400 돌파 (범위 3.5%)","손절 (119,800)"
2026-01-15 10:05,2026-01-15 10:25,000880,한화,ORB,4,158226,159567,3899,0.616,0.24,"ORB5 고가 157,746 돌파 (범위 2.3%)",타임스탑 20분
2026-01-15 11:02,2026-01-15 11:06,009520,포스코엠텍,VWAP눌림,110,18100,18080,-6773,-0.340,-0.44,"VWAP 18,036 재돌파, 직전봉 고가 18,030 돌파","트레일링 (18,170)"
2026-01-15 11:22,2026-01-15 11:27,009520,포스코엠텍,VWAP눌림,110,18070,17930,-19937,-1.003,-1.29,"VWAP 18,038 재돌파, 직전봉 고가 18,030 돌파","손절 (17,930)"
2026-01-15 11:43,2026-01-15 11:53,009520,포스코엠텍,VWAP눌림,110,18040,18330,27272,1.374,2.25,"VWAP 18,036 재돌파, 직전봉 고가 17,980 돌파","트레일링 (18,270)"
2026-01-15 15:00,2026-01-16 09:05,000720,현대건설,종가베팅,6,98900,100300,7020,1.183,0.40,"종가베팅: 등락 +5.1%, 고저범위 98% 위치, VWAP 96,503 위","트레일링 (100,500)"
2026-01-16 09:36,2026-01-16 09:41,022100,포스코DX,ORB,29,42550,41900,-21647,-1.754,-1.24,"ORB5 고가 42,350 돌파 (범위 3.8%)","손절 (41,950)"
2026-01-16 09:54,2026-01-16 09:58,022100,포스코DX,ORB,29,42400,41800,-20189,-1.642,-1.16,"ORB5 고가 42,350 돌파 (범위 3.8%)","손절 (41,800)"
2026-01-15 15:00,2026-01-16 10:00,005930,삼성전자,종가베팅,4,143800,147025,11551,2.008,0.67,"종가베팅: 등락 +3.1%, 고저범위 96% 위치, VWAP 141,223 위",익일 청산 시각 10:00
2026-01-16 12:43,2026-01-16 12:48,014950,삼익제약,VWAP눌림,36,18040,18340,9287,1.430,0.52,"VWAP 17,969 재돌파, 직전봉 고가 17,590 돌파","트레일링 (18,270)"
2026-01-16 13:17,2026-01-16 13:27,032820,우리기술,VWAP눌림,269,4590,4505,-25654,-2.078,-1.47,"VWAP 4,519 재돌파, 직전봉 고가 4,570 돌파","손절 (4,525)"
2026-01-16 13:34,2026-01-16 13:35,032820,우리기술,VWAP눌림,441,4525,4490,-19991,-1.002,-1.51,"VWAP 4,521 재돌파, 직전봉 고가 4,520 돌파","손절 (4,495)"
2026-01-16 13:47,2026-01-16 13:48,101330,모베이스,VWAP눌림,157,7960,7790,-29506,-2.361,-1.71,"VWAP 7,821 재돌파, 직전봉 고가 7,830 돌파","손절 (7,850)"
2026-01-16 13:59,2026-01-16 14:02,014950,삼익제약,VWAP눌림,75,19290,19728.53,29494,2.039,1.64,"VWAP 19,158 재돌파, 직전봉 고가 19,240 돌파","트레일링 (19,640)"
2026-01-16 14:02,2026-01-16 14:06,101330,모베이스,VWAP눌림,117,7910,7700,-26644,-2.879,-1.52,"VWAP 7,811 재돌파, 직전봉 고가 7,860 돌파","손절 (7,760)"
2026-01-16 14:28,2026-01-16 14:38,376900,로킷헬스케어,VWAP눌림,26,71600,70600,-30225,-1.624,-1.94,"VWAP 71,137 재돌파, 직전봉 고가 71,300 돌파","손절 (71,000)"
2026-01-16 15:00,2026-01-19 09:03,032820,우리기술,종가베팅,130,4745,5610,110791,17.961,6.09,"종가베팅: 등락 +17.6%, 고저범위 78% 위치, VWAP 4,593 위",목표 익절 +5%
2026-01-19 09:06,2026-01-19 09:07,454910,두산로보틱스,ORB,11,102400,100200,-26737,-2.374,-1.62,"ORB5 고가 100,300 돌파 (범위 7.2%)","손절 (100,900)"
2026-01-19 09:05,2026-01-19 09:34,005380,현대차,ORB,2,443000,436500,-15008,-1.694,-1.15,"ORB5 고가 439,000 돌파 (범위 4.6%)","손절 (436,500)"
2026-01-19 15:00,2026-01-20 09:03,454910,두산로보틱스,종가베팅,5,107100,123100,78597,14.677,4.91,"종가베팅: 등락 +18.5%, 고저범위 78% 위치, VWAP 106,262 위",목표 익절 +5%
2026-01-20 09:05,2026-01-20 09:07,457190,이수스페셜티케미컬,ORB,14,84500,82900,-25072,-2.119,-1.49,"ORB5 고가 84,000 돌파 (범위 6.3%)","손절 (83,300)"
2026-01-19 15:00,2026-01-20 09:15,352820,하이브,종가베팅,1,366500,372500,5146,1.404,0.47,"종가베팅: 등락 +8.9%, 고저범위 100% 위치, VWAP 354,875 위","트레일링 (372,500)"
2026-01-20 09:44,2026-01-20 09:49,457190,이수스페셜티케미컬,ORB,14,84300,83100,-19477,-1.650,-1.16,"ORB5 고가 84,000 돌파 (범위 6.3%)","손절 (83,100)"
2026-01-20 10:30,2026-01-20 10:53,052690,한전기술,VWAP눌림,14,139100,143350,54895,2.819,3.27,"VWAP 138,403 재돌파, 직전봉 고가 138,700 돌파",목표 익절 +4.0%
2026-01-20 15:04,2026-01-21 09:01,015760,한국전력,종가베팅,8,66900,64900,-17195,-3.213,-1.07,"종가베팅: 등락 +19.0%, 고저범위 97% 위치, VWAP 62,811 위","손절 (64,900)"
2026-01-20 15:00,2026-01-21 09:09,005490,POSCO홀딩스,종가베팅,1,359000,347500,-12300,-3.426,-1.17,"종가베팅: 등락 +3.9%, 고저범위 100% 위치, VWAP 352,388 위","손절 (348,500)"
2026-01-21 09:11,2026-01-21 09:12,032820,우리기술,ORB,126,9470,9150,-42975,-3.602,-2.44,"ORB5 고가 9,420 돌파 (범위 9.7%)","손절 (9,330)"
2026-01-21 09:11,2026-01-21 09:12,006910,보성파워텍,ORB,135,8990,8680,-44550,-3.671,-2.54,"ORB5 고가 8,850 돌파 (범위 6.6%)","손절 (8,860)"
2026-01-21 09:06,2026-01-21 09:13,257720,실리콘투,ORB,27,45500,46587.04,26464,2.154,1.51,"ORB5 고가 45,450 돌파 (범위 5.7%)","트레일링 (46,400)"
2026-01-21 10:04,2026-01-21 10:24,257720,실리콘투,ORB,27,45500,44950,-17643,-1.436,-1.01,"ORB5 고가 45,450 돌파 (범위 5.7%)",타임스탑 20분
2026-01-21 11:38,2026-01-21 11:39,056080,유진로봇,VWAP눌림,34,34950,35275,8296,0.698,0.49,"VWAP 34,641 재돌파, 직전봉 고가 34,600 돌파","트레일링 (35,250)"
2026-01-21 11:56,2026-01-21 12:31,257720,실리콘투,ORB,27,45500,46916.67,35346,2.877,2.01,"ORB5 고가 45,450 돌파 (범위 5.7%)",목표 익절 +4.0%
2026-01-21 11:51,2026-01-21 12:49,056080,유진로봇,VWAP눌림,22,35150,35750,11397,1.474,0.65,"VWAP 34,661 재돌파, 직전봉 고가 35,050 돌파","트레일링 (35,550)"
2026-01-21 13:01,2026-01-21 13:03,012330,현대모비스,VWAP눌림,4,472500,473500,-355,-0.019,-0.04,"VWAP 469,258 재돌파, 직전봉 고가 471,500 돌파","본절 (474,000)"
2026-01-21 14:07,2026-01-21 14:11,056080,유진로봇,VWAP눌림,34,35100,34600,-19707,-1.651,-1.16,"VWAP 34,808 재돌파, 직전봉 고가 34,950 돌파","손절 (34,600)"
2026-01-21 15:00,2026-01-22 09:09,005930,삼성전자,종가베팅,4,149200,155850,25173,4.218,1.43,"종가베팅: 등락 +4.6%, 고저범위 91% 위치, VWAP 147,477 위",목표 익절 +5%
2026-01-21 15:00,2026-01-22 09:25,066570,LG전자,종가베팅,5,109700,106400,-17725,-3.232,-1.11,"종가베팅: 등락 +7.8%, 고저범위 91% 위치, VWAP 105,515 위","손절 (106,500)"
2026-01-22 10:40,2026-01-22 10:44,114190,강원에너지,VWAP눌림,81,15290,15000,-26287,-2.123,-1.48,"VWAP 15,205 재돌파, 직전봉 고가 15,220 돌파","손절 (15,070)"
2026-01-22 10:50,2026-01-22 10:52,114190,강원에너지,VWAP눌림,125,15270,15484.16,22325,1.170,1.28,"VWAP 15,205 재돌파, 직전봉 고가 15,200 돌파","트레일링 (15,420)"
2026-01-22 12:52,2026-01-22 12:55,114190,강원에너지,VWAP눌림,126,15800,15800,-4577,-0.230,-0.28,"VWAP 15,760 재돌파, 직전봉 고가 15,760 돌파","본절 (15,840)"
2026-01-22 12:55,2026-01-22 12:57,457190,이수스페셜티케미컬,VWAP눌림,13,104800,103100,-25185,-1.849,-1.49,"VWAP 104,471 재돌파, 직전봉 고가 104,100 돌파","손절 (103,500)"
2026-01-22 13:02,2026-01-22 13:05,066970,엘앤에프,VWAP눌림,16,122000,121000,-20454,-1.048,-1.83,"VWAP 121,307 재돌파, 직전봉 고가 121,800 돌파","손절 (121,300)"
2026-01-22 13:22,2026-01-22 14:42,066970,엘앤에프,VWAP눌림,16,121300,125350,60200,3.102,4.18,"VWAP 121,297 재돌파, 직전봉 고가 120,900 돌파",목표 익절 +4.0%
2026-01-23 09:08,2026-01-23 09:09,064260,다날,ORB,156,7380,7250,-22883,-1.988,-1.33,"ORB5 고가 7,300 돌파 (범위 5.6%)","손절 (7,270)"
2026-01-23 09:10,2026-01-23 09:10,000250,삼천당제약,ORB,3,347000,332500,-45800,-4.400,-3.05,"ORB5 고가 346,000 돌파 (범위 7.5%)","손절 (342,000)"
2026-01-22 15:00,2026-01-23 09:10,066970,엘앤에프,종가베팅,4,126600,122600,-17128,-3.382,-1.13,"종가베팅: 등락 +13.0%, 고저범위 97% 위치, VWAP 122,057 위","손절 (122,800)"
2026-01-23 09:16,2026-01-23 09:18,064260,다날,ORB,156,7370,7230,-24436,-2.125,-1.42,"ORB5 고가 7,300 돌파 (범위 5.6%)","손절 (7,260)"
2026-01-22 15:00,2026-01-23 09:58,007660,이수페타시스,종가베팅,5,113600,116080,11069,1.949,0.65,"종가베팅: 등락 +5.1%, 고저범위 91% 위치, VWAP 110,173 위","트레일링 (116,700)"
2026-01-23 10:31,2026-01-23 10:32,000150,두산,VWAP눌림,2,942000,945000,1655,0.088,0.21,"VWAP 937,635 재돌파, 직전봉 고가 943,000 돌파","본절 (945,000)"
2026-01-23 11:12,2026-01-23 11:42,000150,두산,VWAP눌림,1,940000,931000,-11142,-1.185,-1.24,"VWAP 936,981 재돌파, 직전봉 고가 935,000 돌파","손절 (931,000)"
2026-01-23 12:43,2026-01-23 12:46,000150,두산,VWAP눌림,2,936500,938000,-1313,-0.070,-0.19,"VWAP 936,917 재돌파, 직전봉 고가 936,000 돌파","본절 (939,000)"
2026-01-23 14:02,2026-01-23 14:50,006800,미래에셋증권,VWAP눌림,41,33704,34474.17,28333,2.050,1.71,"VWAP 33,256 재돌파, 직전봉 고가 33,605 돌파",장마감 강제청산
2026-01-23 15:00,2026-01-26 09:02,007660,이수페타시스,종가베팅,5,119900,116100,-20337,-3.392,-1.16,"종가베팅: 등락 +5.9%, 고저범위 90% 위치, VWAP 117,816 위","손절 (116,400)"
2026-01-23 15:10,2026-01-26 09:04,141080,리가켐바이오,종가베팅,3,165500,170433.33,13630,2.745,0.93,"종가베팅: 등락 +11.7%, 고저범위 99% 위치, VWAP 158,679 위","트레일링 (170,700)"
2026-01-26 09:08,2026-01-26 09:10,032820,우리기술,ORB,155,7770,7640,-22875,-1.899,-1.34,"ORB5 고가 7,730 돌파 (범위 7.8%)","트레일링 (7,810)"
2026-01-26 09:11,2026-01-26 09:21,247540,에코프로비엠,ORB,6,182588,186622.5,21638,1.975,1.29,"ORB5 고가 180,521 돌파 (범위 3.0%)","트레일링 (186,000)"
2026-01-26 09:20,2026-01-26 09:21,032820,우리기술,ORB,155,7780,7630,-25972,-2.154,-1.52,"ORB5 고가 7,730 돌파 (범위 7.8%)","손절 (7,670)"
2026-01-26 10:20,2026-01-26 10:27,064260,다날,VWAP눌림,133,9680,9710,1022,0.079,0.06,"VWAP 9,634 재돌파, 직전봉 고가 9,640 돌파","트레일링 (9,740)"
2026-01-26 10:40,2026-01-26 10:42,064260,다날,VWAP눌림,169,9680,9580,-20625,-1.261,-1.22,"VWAP 9,644 재돌파, 직전봉 고가 9,620 돌파","손절 (9,580)"
2026-01-26 10:58,2026-01-26 11:04,064260,다날,VWAP눌림,88,9690,10090,33167,3.890,1.88,"VWAP 9,637 재돌파, 직전봉 고가 9,580 돌파",목표 익절 +4.0%
2026-01-26 11:49,2026-01-26 11:55,058470,리노공업,VWAP눌림,27,73500,73100,-15340,-0.773,-1.89,"VWAP 73,336 재돌파, 직전봉 고가 73,500 돌파","손절 (73,200)"
2026-01-26 12:04,2026-01-26 12:34,058470,리노공업,VWAP눌림,23,73900,74100,683,0.040,0.04,"VWAP 73,338 재돌파, 직전봉 고가 73,600 돌파","본절 (74,100)"
2026-01-26 15:00,2026-01-27 09:06,466100,클로봇,종가베팅,8,67441,68574.5,7809,1.447,0.48,"종가베팅: 등락 +5.6%, 고저범위 77% 위치, VWAP 66,721 위","트레일링 (68,500)"
2026-01-27 09:07,2026-01-27 09:08,388720,유일로보틱스,ORB,8,145600,143100,-22634,-1.943,-1.35,"ORB5 고가 145,000 돌파 (범위 6.4%)","손절 (143,500)"
2026-01-26 15:00,2026-01-27 09:09,347850,디앤디파마텍,종가베팅,6,96900,97050,-435,-0.075,-0.02,"종가베팅: 등락 +12.9%, 고저범위 95% 위치, VWAP 94,119 위","트레일링 (98,400)"
2026-01-27 13:00,2026-01-27 13:05,058470,리노공업,VWAP눌림,23,81200,80500,-20360,-1.090,-1.26,"VWAP 81,152 재돌파, 직전봉 고가 81,000 돌파","손절 (80,500)"
2026-01-27 13:26,2026-01-27 13:46,058470,리노공업,VWAP눌림,20,81500,80800,-17718,-1.087,-1.11,"VWAP 81,146 재돌파, 직전봉 고가 81,100 돌파",타임스탑 20분
2026-01-27 15:00,2026-01-28 09:05,042700,한미반도체,종가베팅,3,175700,180066.67,11862,2.250,0.76,"종가베팅: 등락 +3.4%, 고저범위 98% 위치, VWAP 171,123 위","트레일링 (179,300)"
2026-01-28 09:08,2026-01-28 09:09,373220,LG에너지솔루션,ORB,2,444000,437000,-16012,-1.803,-1.23,"ORB5 고가 440,500 돌파 (범위 4.5%)","손절 (437,500)"
2026-01-27 15:00,2026-01-28 09:25,005930,삼성전자,종가베팅,3,158650,161000,5943,1.249,0.42,"종가베팅: 등락 +4.1%, 고저범위 97% 위치, VWAP 154,463 위","트레일링 (160,200)"
2026-01-28 09:15,2026-01-28 09:30,028300,HLB,ORB,16,68800,67700,-20093,-1.825,-1.26,"ORB5 고가 68,500 돌파 (범위 3.9%)","손절 (67,800)"
2026-01-28 09:38,2026-01-28 09:58,028300,HLB,ORB,16,68600,67700,-16892,-1.539,-1.06,"ORB5 고가 68,500 돌파 (범위 3.9%)",타임스탑 20분
2026-01-28 15:00,2026-01-29 09:05,005490,POSCO홀딩스,종가베팅,1,379500,368500,-11848,-3.122,-1.08,"종가베팅: 등락 +5.3%, 고저범위 83% 위치, VWAP 370,441 위","손절 (368,500)"
2026-01-28 15:02,2026-01-29 09:33,196170,알테오젠,종가베팅,1,334655,323190,-12209,-3.648,-1.20,"종가베팅: 등락 +6.7%, 고저범위 76% 위치, VWAP 328,736 위","손절 (324,500)"
2026-01-29 10:18,2026-01-29 10:19,083650,비에이치아이,VWAP눌림,18,78000,77000,-21189,-1.509,-1.31,"VWAP 77,708 재돌파, 직전봉 고가 77,700 돌파","손절 (77,100)"
2026-01-29 10:14,2026-01-29 10:23,052690,한전기술,VWAP눌림,10,140300,138600,-20189,-1.439,-1.26,"VWAP 139,618 재돌파, 직전봉 고가 139,800 돌파","손절 (138,700)"
2026-01-29 11:29,2026-01-29 11:36,052690,한전기술,VWAP눌림,14,139500,138700,-15666,-0.802,-1.40,"VWAP 139,401 재돌파, 직전봉 고가 139,100 돌파","손절 (138,700)"
2026-01-29 11:17,2026-01-29 11:36,083650,비에이치아이,VWAP눌림,25,77700,77750,-3219,-0.166,-0.21,"VWAP 77,584 재돌파, 직전봉 고가 77,500 돌파","본절 (77,900)"
2026-01-29 12:49,2026-01-29 12:51,277810,레인보우로보틱스,VWAP눌림,2,741000,741000,-3408,-0.230,-0.57,"VWAP 737,249 재돌파, 직전봉 고가 740,000 돌파","본절 (743,000)"
2026-01-29 12:44,2026-01-29 12:52,052690,한전기술,VWAP눌림,14,139600,140000,1093,0.056,0.20,"VWAP 139,430 재돌파, 직전봉 고가 139,500 돌파","본절 (140,000)"
2026-01-29 15:00,2026-01-30 09:01,307950,현대오토에버,종가베팅,1,487500,472000,-16587,-3.402,-1.14,"종가베팅: 등락 +9.6%, 고저범위 85% 위치, VWAP 475,811 위","손절 (473,000)"
2026-01-29 15:00,2026-01-30 09:04,000270,기아,종가베팅,3,155950,151300,-14995,-3.205,-1.07,"종가베팅: 등락 +3.4%, 고저범위 92% 위치, VWAP 152,791 위","손절 (151,300)"
2026-01-30 09:05,2026-01-30 09:05,027360,아주IB투자,ORB,243,4900,4815,-23348,-1.961,-1.37,"ORB5 고가 4,830 돌파 (범위 5.9%)","손절 (4,830)"
2026-01-30 09:08,2026-01-30 09:20,017670,SK텔레콤,ORB,15,74800,73200,-26528,-2.364,-1.61,"ORB5 고가 74,200 돌파 (범위 5.4%)","손절 (73,700)"
2026-01-30 09:07,2026-01-30 09:27,103140,풍산,ORB,8,139200,139000,-4157,-0.373,-0.26,"ORB5 고가 139,100 돌파 (범위 3.0%)",타임스탑 20분
2026-01-30 10:34,2026-01-30 10:35,027360,아주IB투자,ORB,243,4835,4735,-26949,-2.294,-1.58,"ORB5 고가 4,830 돌파 (범위 5.9%)","손절 (4,765)"
2026-01-30 11:19,2026-01-30 11:22,080220,제주반도체,VWAP눌림,30,42050,41350,-23856,-1.891,-1.45,"VWAP 41,483 재돌파, 직전봉 고가 41,900 돌파","손절 (41,500)"
2026-01-30 15:00,2026-02-02 09:01,036540,SFA반도체,종가베팅,75,7890,7470,-32792,-5.542,-1.90,"종가베팅: 등락 +15.0%, 고저범위 82% 위치, VWAP 7,677 위","손절 (7,660)"
2026-01-30 15:00,2026-02-02 09:01,080220,제주반도체,종가베팅,13,43400,42100,-18160,-3.219,-1.07,"종가베팅: 등락 +17.6%, 고저범위 86% 위치, VWAP 41,757 위","손절 (42,100)"
2026-02-02 09:07,2026-02-02 09:07,128820,대성산업,ORB,138,8420,8280,-21950,-1.889,-1.33,"ORB5 고가 8,080 돌파 (범위 6.7%)","손절 (8,300)"
2026-02-02 09:06,2026-02-02 09:10,038500,삼표시멘트,ORB,119,9820,9994.29,18010,1.541,1.08,"ORB5 고가 9,430 돌파 (범위 9.7%)","트레일링 (9,960)"
2026-02-02 10:11,2026-02-02 10:12,128820,대성산업,ORB,138,8250,8130,-19141,-1.681,-1.16,"ORB5 고가 8,080 돌파 (범위 6.7%)","손절 (8,130)"
2026-02-02 10:20,2026-02-02 10:21,086520,에코프로,VWAP눌림,11,172500,171100,-19730,-1.040,-1.99,"VWAP 171,624 재돌파, 직전봉 고가 172,300 돌파","손절 (171,600)"
2026-02-02 10:54,2026-02-02 11:03,012210,삼미금속,VWAP눌림,78,15770,16015,16241,1.320,0.95,"VWAP 15,730 재돌파, 직전봉 고가 15,700 돌파","트레일링 (15,960)"
2026-02-02 11:27,2026-02-02 11:31,012210,삼미금속,VWAP눌림,112,15780,16010,21643,1.225,1.29,"VWAP 15,729 재돌파, 직전봉 고가 15,690 돌파","트레일링 (15,970)"
2026-02-02 11:54,2026-02-02 11:56,012210,삼미금속,VWAP눌림,112,15920,15760,-21981,-1.233,-1.31,"VWAP 15,741 재돌파, 직전봉 고가 15,860 돌파","손절 (15,770)"
2026-02-02 13:31,2026-02-02 13:35,380550,뉴로핏,VWAP눌림,32,32950,33000,-828,-0.079,-0.05,"VWAP 32,922 재돌파, 직전봉 고가 32,950 돌파","본절 (33,050)"
2026-02-02 13:41,2026-02-02 13:41,380550,뉴로핏,VWAP눌림,35,33050,32500,-21868,-1.890,-1.39,"VWAP 32,924 재돌파, 직전봉 고가 32,950 돌파","손절 (32,600)"
2026-02-02 15:01,2026-02-03 09:01,006220,제주은행,종가베팅,35,16850,16300,-20564,-3.487,-1.18,"종가베팅: 등락 +18.9%, 고저범위 81% 위치, VWAP 16,529 위","손절 (16,350)"
2026-02-03 09:24,2026-02-03 09:27,027360,아주IB투자,ORB,222,5040,5030,-4787,-0.428,-0.31,"ORB5 고가 4,970 돌파 (범위 3.4%)","트레일링 (5,070)"
2026-02-03 09:53,2026-02-03 09:57,253590,네오셈,ORB,71,16300,16668.17,23424,2.024,1.37,"ORB5 고가 16,290 돌파 (범위 3.2%)","트레일링 (16,600)"
2026-02-03 10:55,2026-02-03 10:58,064260,다날,VWAP눌림,136,9750,9610,-22047,-1.663,-1.35,"VWAP 9,713 재돌파, 직전봉 고가 9,720 돌파","손절 (9,630)"
2026-02-03 11:15,2026-02-03 11:24,064260,다날,VWAP눌림,197,9720,9620,-24061,-1.257,-1.53,"VWAP 9,710 재돌파, 직전봉 고가 9,700 돌파","손절 (9,640)"
2026-02-03 15:00,2026-02-04 09:01,000720,현대건설,종가베팅,5,107400,115200,37682,7.017,2.36,"종가베팅: 등락 +8.9%, 고저범위 84% 위치, VWAP 105,528 위",목표 익절 +5%
2026-02-04 09:08,2026-02-04 09:10,457190,이수스페셜티케미컬,ORB,9,115000,113000,-20341,-1.965,-1.33,"ORB5 고가 114,500 돌파 (범위 8.1%)","손절 (113,300)"
2026-02-03 15:00,2026-02-04 10:00,005490,POSCO홀딩스,종가베팅,1,358000,360000,1173,0.328,0.11,"종가베팅: 등락 +4.1%, 고저범위 93% 위치, VWAP 351,876 위",익일 청산 시각 10:00
2026-02-04 10:03,2026-02-04 10:31,032820,우리기술,ORB,117,9650,9510,-18940,-1.678,-1.16,"ORB5 고가 9,640 돌파 (범위 4.3%)","손절 (9,510)"
2026-02-05 09:06,2026-02-05 09:06,139480,이마트,ORB,11,105900,103700,-26826,-2.303,-1.63,"ORB5 고가 105,700 돌파 (범위 4.9%)","손절 (104,400)"
2026-02-04 15:00,2026-02-05 10:00,006400,삼성SDI,종가베팅,1,391500,392000,-400,-0.102,-0.03,"종가베팅: 등락 +4.0%, 고저범위 81% 위치, VWAP 390,059 위",익일 청산 시각 10:00
2026-02-05 09:47,2026-02-05 10:07,005490,POSCO홀딩스,ORB,2,375000,374000,-3720,-0.496,-0.34,"ORB5 고가 372,500 돌파 (범위 2.5%)",타임스탑 20분
2026-02-05 10:04,2026-02-05 10:11,139480,이마트,ORB,11,105800,107136.36,11994,1.031,0.73,"ORB5 고가 105,700 돌파 (범위 4.9%)","트레일링 (106,700)"
2026-02-05 10:58,2026-02-05 10:58,008830,대동기어,VWAP눌림,80,14445,14208,-21576,-1.867,-1.25,"VWAP 14,277 재돌파, 직전봉 고가 14,176 돌파","손절 (14,230)"
2026-02-05 11:04,2026-02-05 11:05,008830,대동기어,VWAP눌림,80,14445,14208,-21576,-1.867,-1.25,"VWAP 14,276 재돌파, 직전봉 고가 14,208 돌파","손절 (14,230)"
2026-02-05 11:05,2026-02-05 11:13,139480,이마트,ORB,11,106500,104500,-24646,-2.104,-1.49,"ORB5 고가 105,700 돌파 (범위 4.9%)","손절 (105,000)"
2026-02-05 11:45,2026-02-05 11:50,322000,HD현대에너지솔루션,VWAP눌림,27,72900,72300,-20691,-1.051,-1.53,"VWAP 72,399 재돌파, 직전봉 고가 72,800 돌파","손절 (72,400)"
2026-02-05 11:22,2026-02-05 11:55,033100,제룡전기,VWAP눌림,12,65700,64400,-17378,-2.204,-1.11,"VWAP 65,467 재돌파, 직전봉 고가 65,300 돌파","손절 (64,400)"
2026-02-05 12:47,2026-02-05 12:49,322000,HD현대에너지솔루션,VWAP눌림,22,72500,72400,-5862,-0.368,-0.38,"VWAP 72,385 재돌파, 직전봉 고가 72,300 돌파","본절 (72,700)"
2026-02-05 13:21,2026-02-05 13:35,322000,HD현대에너지솔루션,VWAP눌림,27,72300,73129.63,17866,0.915,1.32,"VWAP 72,455 재돌파, 직전봉 고가 72,300 돌파","트레일링 (72,900)"
2026-02-06 09:05,2026-02-06 09:09,008830,대동기어,ORB,69,16539,16394.70,-12557,-1.100,-0.73,"ORB5 고가 16,247 돌파 (범위 6.4%)","트레일링 (16,940)"
2026-02-06 09:17,2026-02-06 09:17,008830,대동기어,ORB,69,16636,16377,-20472,-1.783,-1.21,"ORB5 고가 16,247 돌파 (범위 6.4%)","손절 (16,390)"
2026-02-06 09:30,2026-02-06 09:30,008830,대동기어,ORB,69,16312,16053,-20420,-1.814,-1.22,"ORB5 고가 16,247 돌파 (범위 6.4%)","손절 (16,070)"
2026-02-06 14:06,2026-02-06 14:09,024060,흥구석유,VWAP눌림,79,14720,14700,-4250,-0.365,-0.26,"VWAP 14,535 재돌파, 직전봉 고가 14,690 돌파","트레일링 (14,770)"
2026-02-06 15:00,2026-02-09 09:01,489790,한화비전,종가베팅,8,67000,69500,18725,3.493,1.17,"종가베팅: 등락 +7.9%, 고저범위 79% 위치, VWAP 65,878 위","트레일링 (69,100)"
2026-02-09 09:20,2026-02-09 09:42,090430,아모레퍼시픽,ORB,7,156000,161614.29,36707,3.361,2.28,"ORB5 고가 155,600 돌파 (범위 8.1%)",목표 익절 +4.0%
2026-02-06 15:00,2026-02-09 10:00,017800,현대엘리베이터,종가베팅,5,101500,101900,829,0.163,0.06,"종가베팅: 등락 +4.9%, 고저범위 86% 위치, VWAP 99,015 위",익일 청산 시각 10:00
2026-02-09 10:43,2026-02-09 11:03,034020,두산에너빌리티,VWAP눌림,14,96300,95600,-12878,-0.955,-0.84,"VWAP 95,513 재돌파, 직전봉 고가 95,700 돌파",타임스탑 20분
2026-02-09 11:17,2026-02-09 11:36,034020,두산에너빌리티,VWAP눌림,20,95800,96000,-415,-0.022,-0.07,"VWAP 95,530 재돌파, 직전봉 고가 95,700 돌파","본절 (96,100)"
2026-02-09 12:11,2026-02-09 12:13,034020,두산에너빌리티,VWAP눌림,20,95700,95300,-12384,-0.647,-2.06,"VWAP 95,546 재돌파, 직전봉 고가 95,600 돌파","손절 (95,400)"
2026-02-09 13:40,2026-02-09 13:48,0015G0,그린광학,VWAP눌림,31,42100,42841.94,19951,1.529,1.29,"VWAP 41,882 재돌파, 직전봉 고가 41,950 돌파","트레일링 (42,600)"
2026-02-09 14:11,2026-02-09 14:13,0015G0,그린광학,VWAP눌림,43,42050,41700,-19175,-1.060,-1.27,"VWAP 41,900 재돌파, 직전봉 고가 41,950 돌파","손절 (41,700)"
2026-02-09 14:21,2026-02-09 14:23,0015G0,그린광학,VWAP눌림,43,42050,41700,-19175,-1.060,-1.27,"VWAP 41,898 재돌파, 직전봉 고가 41,950 돌파","손절 (41,700)"
2026-02-09 14:24,2026-02-09 14:29,080220,제주반도체,VWAP눌림,38,47150,46700,-21183,-1.182,-1.39,"VWAP 46,754 재돌파, 직전봉 고가 46,900 돌파","손절 (46,750)"
2026-02-10 09:05,2026-02-10 09:06,078600,대주전자재료,ORB,11,98100,96500,-20043,-1.857,-1.30,"ORB5 고가 98,000 돌파 (범위 4.0%)","손절 (96,700)"
2026-02-10 09:07,2026-02-10 09:07,267260,HD현대일렉트릭,ORB,1,980000,963000,-19217,-1.961,-1.37,"ORB5 고가 969,000 돌파 (범위 4.3%)","손절 (966,000)"
2026-02-10 09:20,2026-02-10 09:22,267260,HD현대일렉트릭,ORB,1,974000,960000,-16210,-1.664,-1.16,"ORB5 고가 969,000 돌파 (범위 4.3%)","손절 (960,000)"
2026-02-10 09:44,2026-02-10 09:52,267260,HD현대일렉트릭,ORB,1,973000,957000,-18202,-1.871,-1.30,"ORB5 고가 969,000 돌파 (범위 4.3%)","손절 (959,000)"
2026-02-09 15:00,2026-02-10 10:00,298380,에이비엘바이오,종가베팅,2,191000,189500,-3871,-1.013,-0.34,"종가베팅: 등락 +6.6%, 고저범위 91% 위치, VWAP 186,383 위",익일 청산 시각 10:00
2026-02-09 15:07,2026-02-10 10:00,352820,하이브,종가베팅,1,376500,383000,5621,1.493,0.51,"종가베팅: 등락 +5.0%, 고저범위 89% 위치, VWAP 372,498 위",익일 청산 시각 10:00
2026-02-10 10:33,2026-02-10 10:50,018880,한온시스템,VWAP눌림,138,4365,4385,1370,0.227,0.08,"VWAP 4,307 재돌파, 직전봉 고가 4,330 돌파","트레일링 (4,385)"
2026-02-10 10:52,2026-02-10 10:53,078600,대주전자재료,ORB,11,98400,96900,-18952,-1.751,-1.23,"ORB5 고가 98,000 돌파 (범위 4.0%)","손절 (97,000)"
2026-02-10 11:01,2026-02-10 11:02,018880,한온시스템,VWAP눌림,461,4330,4275,-29890,-1.497,-2.59,"VWAP 4,316 재돌파, 직전봉 고가 4,325 돌파","손절 (4,305)"
2026-02-10 11:08,2026-02-10 11:19,018880,한온시스템,VWAP눌림,432,4345,4295,-25869,-1.378,-1.71,"VWAP 4,316 재돌파, 직전봉 고가 4,340 돌파","손절 (4,310)"
2026-02-11 09:05,2026-02-11 09:08,032820,우리기술,ORB,94,11340,11080,-26838,-2.518,-1.68,"ORB5 고가 11,190 돌파 (범위 9.9%)","손절 (11,170)"
2026-02-11 09:24,2026-02-11 09:25,389140,포바이포,ORB,106,10300,9930,-41645,-3.814,-2.62,"ORB5 고가 10,190 돌파 (범위 8.9%)","손절 (10,150)"
2026-02-11 09:49,2026-02-11 10:09,066570,LG전자,ORB,10,110150,110700,2955,0.268,0.18,"ORB5 고가 110,000 돌파 (범위 4.1%)",타임스탑 20분
2026-02-11 11:41,2026-02-11 11:43,003720,삼영,VWAP눌림,170,7925,8055,18955,1.407,1.17,"VWAP 7,863 재돌파, 직전봉 고가 7,900 돌파","트레일링 (8,010)"
2026-02-11 13:32,2026-02-11 13:50,003720,삼영,VWAP눌림,100,8225,8360,11582,1.408,0.70,"VWAP 8,113 재돌파, 직전봉 고가 8,190 돌파","트레일링 (8,330)"
2026-02-11 15:00,2026-02-12 09:01,316140,우리금융지주,종가베팅,14,37950,39775,24277,4.569,1.58,"종가베팅: 등락 +6.0%, 고저범위 80% 위치, VWAP 37,339 위",목표 익절 +5%
2026-02-12 09:49,2026-02-12 09:52,032820,우리기술,ORB,80,13660,13750,4672,0.428,0.29,"ORB5 고가 13,600 돌파 (범위 8.4%)","트레일링 (13,750)"
2026-02-11 15:00,2026-02-12 10:00,000270,기아,종가베팅,3,161800,162700,1579,0.325,0.11,"종가베팅: 등락 +4.1%, 고저범위 97% 위치, VWAP 159,554 위",익일 청산 시각 10:00
2026-02-12 10:01,2026-02-12 10:05,032820,우리기술,ORB,80,13740,13780,667,0.061,0.04,"ORB5 고가 13,600 돌파 (범위 8.4%)","트레일링 (13,790)"
2026-02-12 11:37,2026-02-12 11:49,032820,우리기술,ORB,80,13690,13440,-22475,-2.052,-1.40,"ORB5 고가 13,600 돌파 (범위 8.4%)","손절 (13,490)"
2026-02-12 14:14,2026-02-12 14:20,047050,포스코인터내셔널,VWAP눌림,16,68900,67700,-21693,-1.968,-1.51,"VWAP 68,238 재돌파, 직전봉 고가 68,600 돌파","손절 (68,000)"
2026-02-13 09:07,2026-02-13 09:10,352820,하이브,ORB,2,405500,397500,-17830,-2.199,-1.49,"ORB5 고가 398,000 돌파 (범위 5.6%)","손절 (399,500)"
2026-02-13 09:11,2026-02-13 09:13,001510,SK증권,ORB,483,2082,2177,43476,4.323,2.81,"ORB5 고가 2,080 돌파 (범위 5.9%)",목표 익절 +4.0%
2026-02-12 15:00,2026-02-13 09:26,005930,삼성전자,종가베팅,3,178100,181533.33,9052,1.694,0.57,"종가베팅: 등락 +6.8%, 고저범위 84% 위치, VWAP 175,751 위","트레일링 (181,600)"
2026-02-13 09:21,2026-02-13 09:41,352820,하이브,ORB,2,398500,395000,-8817,-1.106,-0.80,"ORB5 고가 398,000 돌파 (범위 5.6%)",타임스탑 20분
2026-02-12 15:00,2026-02-13 09:50,051910,LG화학,종가베팅,1,337000,327000,-10753,-3.191,-1.08,"종가베팅: 등락 +4.2%, 고저범위 78% 위치, VWAP 334,336 위","손절 (327,000)"
2026-02-13 11:01,2026-02-13 11:01,001270,부국증권,VWAP눌림,23,85100,84800,-11385,-0.582,-1.65,"VWAP 85,077 재돌파, 직전봉 고가 85,000 돌파","손절 (84,800)"
2026-02-13 11:16,2026-02-13 11:33,001270,부국증권,VWAP눌림,16,85900,86100,33,0.002,0.00,"VWAP 85,136 재돌파, 직전봉 고가 85,200 돌파","본절 (86,100)"
2026-02-13 12:49,2026-02-13 12:49,001270,부국증권,VWAP눌림,21,85800,85100,-18812,-1.044,-1.28,"VWAP 85,426 재돌파, 직전봉 고가 85,600 돌파","손절 (85,100)"
2026-02-13 14:28,2026-02-13 14:36,034020,두산에너빌리티,VWAP눌림,20,98050,97600,-13490,-0.688,-1.50,"VWAP 97,734 재돌파, 직전봉 고가 98,000 돌파","손절 (97,600)"
2026-02-19 09:07,2026-02-19 09:08,003530,한화투자증권,ORB,129,8190,8010,-25598,-2.423,-1.65,"ORB5 고가 8,160 돌파 (범위 3.3%)","손절 (8,070)"
2026-02-19 09:06,2026-02-19 09:16,009150,삼성전기,ORB,3,348500,353333.33,12066,1.154,0.80,"ORB5 고가 345,500 돌파 (범위 7.6%)","트레일링 (352,500)"
2026-02-19 11:30,2026-02-19 11:39,187660,페니트리움바이오,VWAP눌림,235,8480,8500,108,0.005,0.01,"VWAP 8,469 재돌파, 직전봉 고가 8,461 돌파","본절 (8,500)"
2026-02-19 14:29,2026-02-19 14:32,187660,페니트리움바이오,VWAP눌림,76,8704,8597,-9635,-1.457,-0.59,"VWAP 8,588 재돌파, 직전봉 고가 8,665 돌파","트레일링 (8,730)"
2026-02-20 09:05,2026-02-20 09:10,034220,LG디스플레이,ORB,80,13520,14115,45011,4.162,2.81,"ORB5 고가 13,350 돌파 (범위 5.5%)",목표 익절 +4.0%
2026-02-20 09:10,2026-02-20 09:11,024060,흥구석유,ORB,60,18000,17640,-24036,-2.226,-1.48,"ORB5 고가 17,970 돌파 (범위 6.9%)","손절 (17,730)"
2026-02-20 09:17,2026-02-20 09:18,024060,흥구석유,ORB,60,18130,17800,-22259,-2.046,-1.37,"ORB5 고가 17,970 돌파 (범위 6.9%)","손절 (17,860)"
2026-02-19 15:00,2026-02-20 10:00,352820,하이브,종가베팅,1,404500,401000,-4422,-1.093,-0.37,"종가베팅: 등락 +3.6%, 고저범위 97% 위치, VWAP 400,859 위",익일 청산 시각 10:00
2026-02-19 15:00,2026-02-20 10:00,000270,기아,종가베팅,3,170000,170100,-872,-0.171,-0.06,"종가베팅: 등락 +3.3%, 고저범위 79% 위치, VWAP 168,813 위",익일 청산 시각 10:00
2026-02-20 10:44,2026-02-20 10:57,000880,한화,VWAP눌림,13,151143,149942,-20097,-1.023,-1.35,"VWAP 149,974 재돌파, 직전봉 고가 150,783 돌파","손절 (150,000)"
2026-02-20 14:11,2026-02-20 14:13,000880,한화,VWAP눌림,13,151503,150783,-13869,-0.704,-1.52,"VWAP 151,012 재돌파, 직전봉 고가 151,383 돌파","손절 (150,800)"
2026-02-20 15:00,2026-02-23 09:01,034730,SK,종가베팅,1,380000,387500,6610,1.739,0.60,"종가베팅: 등락 +6.9%, 고저범위 93% 위치, VWAP 375,448 위","트레일링 (388,500)"
2026-02-23 09:06,2026-02-23 09:08,006340,대원전선,ORB,223,4900,4795,-25876,-2.368,-1.66,"ORB5 고가 4,775 돌파 (범위 9.9%)","손절 (4,830)"
2026-02-20 15:09,2026-02-23 10:00,009540,HD한국조선해양,종가베팅,1,451500,454500,1956,0.433,0.14,"종가베팅: 등락 +7.3%, 고저범위 97% 위치, VWAP 440,102 위",익일 청산 시각 10:00
2026-02-23 15:00,2026-02-24 09:01,009540,HD한국조선해양,종가베팅,1,471500,457000,-15552,-3.298,-1.11,"종가베팅: 등락 +5.2%, 고저범위 91% 위치, VWAP 463,173 위","손절 (457,500)"
2026-02-24 09:05,2026-02-24 09:06,032820,우리기술,ORB,59,18650,17920,-45507,-4.136,-2.86,"ORB5 고가 18,540 돌파 (범위 7.5%)","손절 (18,380)"
2026-02-24 09:05,2026-02-24 09:06,066970,엘앤에프,ORB,8,123600,121200,-21432,-2.167,-1.49,"ORB5 고가 122,300 돌파 (범위 5.9%)","손절 (121,800)"
2026-02-23 15:01,2026-02-24 09:10,007660,이수페타시스,종가베팅,5,106400,108160,7561,1.421,0.49,"종가베팅: 등락 +5.3%, 고저범위 91% 위치, VWAP 104,124 위","트레일링 (107,700)"
2026-02-24 09:24,2026-02-24 09:44,006400,삼성SDI,ORB,2,419500,414500,-11907,-1.419,-0.99,"ORB5 고가 417,500 돌파 (범위 5.0%)",타임스탑 20분
2026-02-24 10:01,2026-02-24 10:02,008930,한미사이언스,ORB,22,49800,49000,-20081,-1.833,-1.30,"ORB5 고가 49,550 돌파 (범위 8.0%)","손절 (49,100)"
2026-02-24 09:50,2026-02-24 10:12,006400,삼성SDI,ORB,2,419000,421000,2065,0.246,0.17,"ORB5 고가 417,500 돌파 (범위 5.0%)","트레일링 (421,500)"
2026-02-24 10:13,2026-02-24 10:16,008930,한미사이언스,ORB,22,49700,49600,-4709,-0.431,-0.31,"ORB5 고가 49,550 돌파 (범위 8.0%)","본절 (49,850)"
2026-02-24 10:36,2026-02-24 10:45,008930,한미사이언스,ORB,22,49650,50700,20542,1.881,1.33,"ORB5 고가 49,550 돌파 (범위 8.0%)","트레일링 (50,800)"
2026-02-24 09:38,2026-02-24 11:20,066970,엘앤에프,ORB,8,122800,125550,19696,2.005,1.37,"ORB5 고가 122,300 돌파 (범위 5.9%)","트레일링 (125,900)"
2026-02-24 11:50,2026-02-24 11:59,373220,LG에너지솔루션,VWAP눌림,4,411750,413000,1202,0.073,0.24,"VWAP 410,724 재돌파, 직전봉 고가 411,500 돌파","본절 (413,000)"
2026-02-24 13:42,2026-02-24 13:47,373220,LG에너지솔루션,VWAP눌림,4,411250,412000,-789,-0.048,-0.16,"VWAP 410,919 재돌파, 직전봉 고가 411,000 돌파","본절 (412,500)"
2026-02-24 13:28,2026-02-24 13:48,006400,삼성SDI,ORB,2,419000,420500,1067,0.127,0.09,"ORB5 고가 417,500 돌파 (범위 5.0%)",타임스탑 20분
2026-02-24 14:12,2026-02-24 14:30,373220,LG에너지솔루션,VWAP눌림,4,411500,410500,-7776,-0.472,-1.94,"VWAP 410,938 재돌파, 직전봉 고가 411,500 돌파","손절 (410,500)"
2026-02-24 15:00,2026-02-25 09:02,047040,대우건설,종가베팅,66,8030,8230,11956,2.256,0.75,"종가베팅: 등락 +7.1%, 고저범위 82% 위치, VWAP 7,819 위","트레일링 (8,280)"
2026-02-25 09:08,2026-02-25 09:08,047040,대우건설,ORB,118,9060,8780,-35427,-3.314,-2.31,"ORB5 고가 8,950 돌파 (범위 9.1%)","손절 (8,930)"
2026-02-25 09:06,2026-02-25 09:10,000270,기아,ORB,5,186000,186100,-1639,-0.176,-0.12,"ORB5 고가 184,100 돌파 (범위 5.3%)","트레일링 (186,800)"
2026-02-25 09:11,2026-02-25 09:13,103590,일진전기,ORB,11,97500,95500,-24418,-2.277,-1.59,"ORB5 고가 96,700 돌파 (범위 6.1%)","손절 (96,100)"
2026-02-24 15:00,2026-02-25 10:00,051910,LG화학,종가베팅,1,352000,363500,10667,3.030,1.02,"종가베팅: 등락 +5.4%, 고저범위 100% 위치, VWAP 345,146 위",익일 청산 시각 10:00
2026-02-25 11:25,2026-02-25 11:29,047040,대우건설,ORB,118,9000,8810,-24813,-2.336,-1.62,"ORB5 고가 8,950 돌파 (범위 9.1%)","손절 (8,870)"
2026-02-25 12:41,2026-02-25 12:57,034220,LG디스플레이,VWAP눌림,127,14870,14710,-24619,-1.304,-1.62,"VWAP 14,825 재돌파, 직전봉 고가 14,820 돌파","손절 (14,750)"
2026-02-25 13:31,2026-02-25 13:51,034220,LG디스플레이,VWAP눌림,134,14850,14800,-11261,-0.566,-1.20,"VWAP 14,821 재돌파, 직전봉 고가 14,810 돌파",타임스탑 20분
2026-02-25 14:01,2026-02-25 14:21,034220,LG디스플레이,VWAP눌림,72,14850,14850,-2458,-0.230,-0.16,"VWAP 14,822 재돌파, 직전봉 고가 14,840 돌파",타임스탑 20분
2026-02-25 15:00,2026-02-26 09:01,226950,올릭스,종가베팅,3,165200,159600,-17902,-3.612,-1.22,"종가베팅: 등락 +13.7%, 고저범위 94% 위치, VWAP 158,719 위","손절 (160,300)"
2026-02-26 09:09,2026-02-26 09:12,066570,LG전자,ORB,7,146900,144500,-19128,-1.860,-1.24,"ORB5 고가 145,800 돌파 (범위 3.8%)","손절 (144,700)"
2026-02-26 09:18,2026-02-26 09:26,066570,LG전자,ORB,7,146400,144000,-19120,-1.866,-1.30,"ORB5 고가 145,800 돌파 (범위 3.8%)","손절 (144,300)"
2026-02-25 15:12,2026-02-26 10:00,000270,기아,종가베팅,2,196800,199650,4785,1.216,0.41,"종가베팅: 등락 +12.8%, 고저범위 88% 위치, VWAP 194,624 위",익일 청산 시각 10:00
2026-02-26 09:54,2026-02-26 10:06,066570,LG전자,ORB,7,145900,143700,-17714,-1.734,-1.21,"ORB5 고가 145,800 돌파 (범위 3.8%)","손절 (143,800)"
2026-02-26 10:10,2026-02-26 10:19,047040,대우건설,VWAP눌림,163,9310,9414.54,13516,0.891,0.92,"VWAP 9,217 재돌파, 직전봉 고가 9,260 돌파","트레일링 (9,380)"
2026-02-26 10:25,2026-02-26 10:25,003530,한화투자증권,VWAP눌림,90,9210,8940,-26153,-3.155,-1.71,"VWAP 9,080 재돌파, 직전봉 고가 9,140 돌파","손절 (9,040)"
2026-02-26 13:17,2026-02-26 13:34,047040,대우건설,VWAP눌림,136,9970,9860,-18045,-1.331,-1.21,"VWAP 9,851 재돌파, 직전봉 고가 9,950 돌파","손절 (9,860)"
2026-02-27 09:05,2026-02-27 09:06,052690,한전기술,ORB,5,192000,189200,-16177,-1.685,-1.16,"ORB5 고가 189,800 돌파 (범위 4.9%)","손절 (189,200)"
2026-02-27 09:09,2026-02-27 09:20,034020,두산에너빌리티,ORB,9,109800,108200,-16641,-1.684,-1.16,"ORB5 고가 109,300 돌파 (범위 3.6%)","손절 (108,200)"
2026-02-27 11:38,2026-02-27 11:40,051910,LG화학,VWAP눌림,4,415000,412000,-15792,-0.951,-1.32,"VWAP 411,854 재돌파, 직전봉 고가 414,000 돌파","손절 (412,000)"
2026-02-27 12:42,2026-02-27 13:03,051910,LG화학,VWAP눌림,4,415000,416000,174,0.010,0.02,"VWAP 412,097 재돌파, 직전봉 고가 413,500 돌파","본절 (416,000)"
2026-02-27 15:00,2026-03-03 09:01,051910,LG화학,종가베팅,1,418750,401500,-18175,-4.340,-1.43,"종가베팅: 등락 +7.4%, 고저범위 87% 위치, VWAP 413,209 위","손절 (406,000)"
2026-03-03 09:05,2026-03-03 09:06,322000,HD현대에너지솔루션,ORB,9,111100,107000,-39119,-3.912,-2.72,"ORB5 고가 110,000 돌파 (범위 4.7%)","손절 (109,500)"
2026-03-03 09:06,2026-03-03 09:08,010170,대한광통신,ORB,214,4890,4800,-21624,-2.066,-1.44,"ORB5 고가 4,755 돌파 (범위 9.9%)","손절 (4,820)"
2026-03-03 09:17,2026-03-03 09:19,010170,대한광통신,ORB,214,4930,4975,7184,0.681,0.48,"ORB5 고가 4,755 돌파 (범위 9.9%)","트레일링 (4,965)"
2026-03-03 09:45,2026-03-03 09:46,322000,HD현대에너지솔루션,ORB,9,110600,109000,-16658,-1.673,-1.16,"ORB5 고가 110,000 돌파 (범위 4.7%)","손절 (109,000)"
2026-03-03 10:12,2026-03-03 10:13,010170,대한광통신,ORB,214,4790,4705,-20507,-2.001,-1.37,"ORB5 고가 4,755 돌파 (범위 9.9%)","손절 (4,720)"
2026-03-03 10:17,2026-03-03 10:32,0015G0,그린광학,VWAP눌림,17,46850,47564.71,10294,1.292,0.71,"VWAP 46,590 재돌파, 직전봉 고가 46,700 돌파","트레일링 (47,600)"
2026-03-03 10:58,2026-03-03 11:02,058470,리노공업,VWAP눌림,13,118900,117300,-24308,-1.573,-1.70,"VWAP 118,378 재돌파, 직전봉 고가 118,800 돌파","손절 (117,800)"
2026-03-03 10:59,2026-03-03 11:03,450080,에코프로머티,VWAP눌림,17,73800,72800,-19848,-1.582,-1.46,"VWAP 73,101 재돌파, 직전봉 고가 73,500 돌파","손절 (73,000)"
2026-03-04 09:05,2026-03-04 09:05,103140,풍산,ORB,6,159200,156800,-16565,-1.734,-1.20,"ORB5 고가 158,300 돌파 (범위 4.8%)","손절 (156,900)"
2026-03-04 09:05,2026-03-04 09:08,128820,대성산업,ORB,87,11870,12470,49715,4.814,3.36,"ORB5 고가 11,600 돌파 (범위 6.7%)",목표 익절 +4.0%
2026-03-04 10:14,2026-03-04 10:17,058470,리노공업,VWAP눌림,11,114400,112800,-20455,-1.625,-1.43,"VWAP 113,836 재돌파, 직전봉 고가 114,000 돌파","손절 (113,100)"
2026-03-04 10:28,2026-03-04 10:30,128820,대성산업,ORB,87,11800,11500,-28404,-2.767,-1.92,"ORB5 고가 11,600 돌파 (범위 6.7%)","손절 (11,630)"
2026-03-04 10:40,2026-03-04 10:41,128820,대성산업,ORB,87,11690,11520,-17096,-1.681,-1.16,"ORB5 고가 11,600 돌파 (범위 6.7%)","손절 (11,520)"
2026-03-04 12:19,2026-03-04 12:21,010950,S-Oil,VWAP눌림,4,158700,159500,1736,0.273,0.14,"VWAP 156,443 재돌파, 직전봉 고가 157,400 돌파","트레일링 (160,600)"
2026-03-05 09:05,2026-03-05 09:07,066570,LG전자,ORB,5,120600,117700,-15855,-2.629,-1.13,"ORB5 고가 120,200 돌파 (범위 2.0%)","손절 (117,800)"
2026-03-05 09:18,2026-03-05 09:38,005930,삼성전자,ORB,3,195500,197666.67,5140,0.876,0.40,"ORB5 고가 195,300 돌파 (범위 2.1%)","트레일링 (197,300)"
2026-03-05 09:37,2026-03-05 09:38,058470,리노공업,ORB,8,116200,114000,-19699,-2.119,-1.45,"ORB5 고가 115,900 돌파 (범위 3.5%)","손절 (114,500)"
2026-03-05 09:31,2026-03-05 09:51,066570,LG전자,ORB,5,120500,119700,-5376,-0.892,-0.40,"ORB5 고가 120,200 돌파 (범위 2.0%)",타임스탑 20분
2026-03-05 09:46,2026-03-05 10:06,058470,리노공업,ORB,8,116800,116600,-3744,-0.401,-0.28,"ORB5 고가 115,900 돌파 (범위 3.5%)",타임스탑 20분
2026-03-05 10:22,2026-03-05 10:45,058470,리노공업,ORB,8,116000,114000,-18099,-1.950,-1.33,"ORB5 고가 115,900 돌파 (범위 3.5%)","손절 (114,300)"
2026-03-05 15:00,2026-03-05 15:10,086520,에코프로,종가베팅,3,167900,162200,-18220,-3.617,-1.21,"종가베팅: 등락 +16.4%, 고저범위 94% 위치, VWAP 159,746 위","손절 (162,900)"
2026-03-05 15:01,2026-03-06 09:01,010950,S-Oil,종가베팅,3,131500,141700,29628,7.510,2.53,"종가베팅: 등락 +11.0%, 고저범위 91% 위치, VWAP 126,380 위",목표 익절 +5%
2026-03-06 09:05,2026-03-06 09:09,322000,HD현대에너지솔루션,ORB,9,101900,99800,-20967,-2.286,-1.55,"ORB5 고가 99,100 돌파 (범위 7.3%)","손절 (100,400)"
2026-03-06 09:24,2026-03-06 09:25,032820,우리기술,ORB,55,18150,17740,-24796,-2.484,-1.67,"ORB5 고가 17,980 돌파 (범위 5.6%)","손절 (17,880)"
2026-03-06 09:42,2026-03-06 09:49,032820,우리기술,ORB,55,18220,18602.55,18694,1.865,1.26,"ORB5 고가 17,980 돌파 (범위 5.6%)","트레일링 (18,520)"
2026-03-06 15:00,2026-03-09 09:01,000720,현대건설,종가베팅,3,154600,147400,-22619,-4.877,-1.64,"종가베팅: 등락 +5.9%, 고저범위 82% 위치, VWAP 147,408 위","손절 (150,000)"
2026-03-09 09:05,2026-03-09 09:05,025860,남해화학,ORB,103,9540,9360,-20759,-2.113,-1.44,"ORB5 고가 9,500 돌파 (범위 9.2%)","손절 (9,400)"
2026-03-09 09:05,2026-03-09 09:06,047050,포스코인터내셔널,ORB,11,83500,80200,-38333,-4.173,-2.90,"ORB5 고가 82,800 돌파 (범위 5.7%)","손절 (82,300)"
2026-03-09 09:12,2026-03-09 09:12,322000,HD현대에너지솔루션,ORB,8,124100,118200,-49380,-4.974,-3.43,"ORB5 고가 124,000 돌파 (범위 8.7%)","손절 (122,300)"
2026-03-06 15:00,2026-03-09 09:54,034020,두산에너빌리티,종가베팅,5,97700,96760,-5809,-1.189,-0.40,"종가베팅: 등락 +6.0%, 고저범위 97% 위치, VWAP 93,753 위","손절 (94,800)"
2026-03-10 09:05,2026-03-10 09:06,032820,우리기술,ORB,54,18650,18240,-24407,-2.423,-1.67,"ORB5 고가 18,550 돌파 (범위 3.6%)","손절 (18,380)"
2026-03-10 09:06,2026-03-10 09:11,036930,주성엔지니어링,ORB,13,68000,68869.23,9245,1.046,0.71,"ORB5 고가 67,000 돌파 (범위 4.7%)","트레일링 (68,500)"
2026-03-10 09:16,2026-03-10 09:21,032820,우리기술,ORB,52,18700,19530,40835,4.199,2.80,"ORB5 고가 18,550 돌파 (범위 3.6%)",목표 익절 +4.0%
2026-03-10 09:18,2026-03-10 10:07,034020,두산에너빌리티,ORB,9,102800,103200,1466,0.158,0.11,"ORB5 고가 102,600 돌파 (범위 2.7%)","트레일링 (103,200)"
2026-03-10 14:05,2026-03-10 14:25,034020,두산에너빌리티,ORB,5,102700,102000,-4673,-0.910,-0.32,"ORB5 고가 102,600 돌파 (범위 2.7%)",타임스탑 20분
2026-03-11 09:05,2026-03-11 09:06,001510,SK증권,ORB,235,4105,4044,-16521,-1.713,-1.17,"ORB5 고가 4,074 돌파 (범위 7.8%)","손절 (4,045)"
2026-03-11 09:06,2026-03-11 09:06,089030,테크윙,ORB,13,72500,71400,-16436,-1.744,-1.26,"ORB5 고가 72,400 돌파 (범위 8.4%)","손절 (71,500)"
2026-03-11 09:05,2026-03-11 09:08,050890,쏠리드,ORB,102,9910,10080,14982,1.482,1.05,"ORB5 고가 9,700 돌파 (범위 4.8%)","트레일링 (10,080)"
2026-03-12 10:10,2026-03-12 10:13,047040,대우건설,VWAP눌림,117,10620,10500,-16867,-1.357,-1.20,"VWAP 10,561 재돌파, 직전봉 고가 10,570 돌파","손절 (10,500)"
2026-03-12 11:56,2026-03-12 12:13,010060,OCI홀딩스,VWAP눌림,11,161800,164918.18,30135,1.693,2.28,"VWAP 161,205 재돌파, 직전봉 고가 161,300 돌파","트레일링 (164,500)"
2026-03-12 14:12,2026-03-12 14:13,010060,OCI홀딩스,VWAP눌림,10,165500,164100,-17776,-1.074,-1.37,"VWAP 163,860 재돌파, 직전봉 고가 164,800 돌파","손절 (164,200)"
2026-03-12 14:14,2026-03-12 14:19,336260,두산퓨얼셀,VWAP눌림,38,46200,45800,-19204,-1.094,-1.44,"VWAP 45,765 재돌파, 직전봉 고가 46,100 돌파","손절 (45,850)"
2026-03-12 14:20,2026-03-12 14:25,010060,OCI홀딩스,VWAP눌림,6,165200,162800,-16647,-1.679,-1.21,"VWAP 163,863 재돌파, 직전봉 고가 164,100 돌파","손절 (162,900)"
2026-03-12 14:29,2026-03-12 14:37,336260,두산퓨얼셀,VWAP눌림,43,45950,45600,-19561,-0.990,-1.52,"VWAP 45,767 재돌파, 직전봉 고가 45,800 돌파","손절 (45,650)"
2026-03-12 15:07,2026-03-13 09:01,456160,지투지바이오,종가베팅,4,113200,109400,-16207,-3.579,-1.23,"종가베팅: 등락 +8.0%, 고저범위 79% 위치, VWAP 110,796 위","손절 (109,900)"
2026-03-12 15:07,2026-03-13 09:01,0009K0,에임드바이오,종가베팅,6,71600,68200,-21343,-4.968,-1.69,"종가베팅: 등락 +9.1%, 고저범위 97% 위치, VWAP 69,253 위","손절 (69,500)"
2026-03-13 09:05,2026-03-13 09:06,025860,남해화학,ORB,89,10800,10350,-42174,-4.388,-2.96,"ORB5 고가 10,300 돌파 (범위 6.2%)","손절 (10,640)"
2026-03-13 09:39,2026-03-13 09:44,005860,한일사료,ORB,216,4560,4625,11748,1.193,0.84,"ORB5 고가 4,545 돌파 (범위 9.9%)","트레일링 (4,625)"
2026-03-13 10:23,2026-03-13 10:24,0007C0,아크릴,VWAP눌림,30,45450,44800,-22593,-1.657,-1.67,"VWAP 45,316 재돌파, 직전봉 고가 45,300 돌파","손절 (45,000)"
2026-03-13 10:33,2026-03-13 10:34,0007C0,아크릴,VWAP눌림,37,45450,44700,-31557,-1.877,-2.44,"VWAP 45,312 재돌파, 직전봉 고가 45,350 돌파","손절 (45,100)"
2026-03-16 09:34,2026-03-16 09:34,008350,남선알미늄,ORB,553,1756,1720,-22097,-2.276,-1.54,"ORB5 고가 1,754 돌파 (범위 10.0%)","손절 (1,730)"
2026-03-16 09:57,2026-03-16 10:01,008350,남선알미늄,ORB,553,1756,1754,-3335,-0.343,-0.23,"ORB5 고가 1,754 돌파 (범위 10.0%)","트레일링 (1,765)"
2026-03-16 10:08,2026-03-16 10:08,008350,남선알미늄,ORB,553,1760,1730,-18791,-1.931,-1.31,"ORB5 고가 1,754 돌파 (범위 10.0%)","손절 (1,734)"
2026-03-16 10:34,2026-03-16 10:35,474610,RF시스템즈,VWAP눌림,99,10780,10620,-18259,-1.711,-1.32,"VWAP 10,725 재돌파, 직전봉 고가 10,710 돌파","손절 (10,640)"
2026-03-16 10:33,2026-03-16 10:40,079550,LIG디펜스앤에어로스페이스,VWAP눌림,2,740000,741500,-410,-0.028,-0.03,"VWAP 735,979 재돌파, 직전봉 고가 740,000 돌파","본절 (742,000)"
2026-03-16 11:53,2026-03-16 12:07,079550,LIG디펜스앤에어로스페이스,VWAP눌림,2,753000,747000,-15437,-1.025,-1.29,"VWAP 746,776 재돌파, 직전봉 고가 750,000 돌파","손절 (747,000)"
2026-03-16 12:55,2026-03-16 12:59,474610,RF시스템즈,VWAP눌림,71,11650,11400,-19613,-2.371,-1.38,"VWAP 11,455 재돌파, 직전봉 고가 11,580 돌파","손절 (11,450)"
2026-03-16 14:15,2026-03-16 14:15,041910,폴라리스AI파마,VWAP눌림,99,9340,9200,-15955,-1.725,-1.15,"VWAP 9,153 재돌파, 직전봉 고가 9,090 돌파","손절 (9,200)"
2026-03-17 09:05,2026-03-17 09:08,322000,HD현대에너지솔루션,ORB,7,131800,130800,-9106,-0.987,-0.68,"ORB5 고가 131,600 돌파 (범위 9.8%)","트레일링 (132,600)"
2026-03-17 09:14,2026-03-17 09:16,322000,HD현대에너지솔루션,ORB,7,133500,135000,8330,0.891,0.60,"ORB5 고가 131,600 돌파 (범위 9.8%)","트레일링 (134,600)"
2026-03-17 09:21,2026-03-17 09:24,006910,보성파워텍,ORB,73,12840,12600,-19636,-2.095,-1.42,"ORB5 고가 12,680 돌파 (범위 2.7%)","손절 (12,650)"
2026-03-17 11:00,2026-03-17 11:28,009830,한화솔루션,VWAP눌림,32,47679,47820,995,0.065,0.07,"VWAP 47,340 재돌파, 직전봉 고가 47,632 돌파","트레일링 (47,950)"
2026-03-17 11:30,2026-03-17 11:37,006910,보성파워텍,ORB,73,12920,12700,-18194,-1.929,-1.31,"ORB5 고가 12,680 돌파 (범위 2.7%)","손절 (12,730)"
2026-03-17 13:47,2026-03-17 13:53,009830,한화솔루션,VWAP눌림,42,47537,47160,-20391,-1.021,-1.44,"VWAP 47,492 재돌파, 직전봉 고가 47,443 돌파","손절 (47,200)"
2026-03-17 14:05,2026-03-17 14:23,009830,한화솔루션,VWAP눌림,42,47537,47160,-20391,-1.021,-1.69,"VWAP 47,486 재돌파, 직전봉 고가 47,443 돌파","손절 (47,250)"
2026-03-17 15:00,2026-03-18 09:01,009150,삼성전기,종가베팅,1,450500,451500,-37,-0.008,0.00,"종가베팅: 등락 +8.3%, 고저범위 89% 위치, VWAP 437,271 위","트레일링 (457,000)"
2026-03-17 15:00,2026-03-18 09:02,475150,SK이터닉스,종가베팅,11,41250,42554.55,13278,2.926,1.01,"종가베팅: 등락 +7.2%, 고저범위 83% 위치, VWAP 40,298 위","트레일링 (42,600)"
2026-03-18 09:05,2026-03-18 09:10,403870,HPSP,ORB,19,46850,48607.89,31283,3.514,2.35,"ORB5 고가 46,650 돌파 (범위 3.7%)",목표 익절 +4.0%
2026-03-18 09:18,2026-03-18 09:24,007660,이수페타시스,ORB,7,122500,120500,-15941,-1.859,-1.27,"ORB5 고가 121,500 돌파 (범위 3.3%)","손절 (120,700)"
2026-03-18 09:46,2026-03-18 10:06,007660,이수페타시스,ORB,7,122000,121800,-3360,-0.393,-0.27,"ORB5 고가 121,500 돌파 (범위 3.3%)",타임스탑 20분
2026-03-18 10:48,2026-03-18 10:48,322000,HD현대에너지솔루션,VWAP눌림,15,131800,132100,-56,-0.003,-0.01,"VWAP 131,742 재돌파, 직전봉 고가 131,800 돌파","본절 (132,200)"
2026-03-18 10:55,2026-03-18 10:58,322000,HD현대에너지솔루션,VWAP눌림,15,132500,132600,-3074,-0.155,-0.29,"VWAP 131,744 재돌파, 직전봉 고가 132,400 돌파","본절 (132,900)"
2026-03-18 11:32,2026-03-18 11:43,322000,HD현대에너지솔루션,VWAP눌림,8,133500,133900,738,0.069,0.05,"VWAP 131,762 재돌파, 직전봉 고가 132,200 돌파","본절 (133,900)"
2026-03-18 15:00,2026-03-19 09:01,055550,신한지주,종가베팅,5,95400,92200,-17062,-3.577,-1.22,"종가베팅: 등락 +4.3%, 고저범위 97% 위치, VWAP 94,123 위","손절 (92,600)"
2026-03-19 09:05,2026-03-19 09:09,140410,메지온,ORB,10,87000,90750,35420,4.071,2.72,"ORB5 고가 86,000 돌파 (범위 7.1%)",목표 익절 +4.0%
2026-03-19 09:10,2026-03-19 09:13,033160,엠케이전자,ORB,60,15970,15730,-16571,-1.729,-1.20,"ORB5 고가 15,700 돌파 (범위 6.4%)","손절 (15,740)"
2026-03-19 15:00,2026-03-20 09:01,010170,대한광통신,종가베팅,66,7290,7770,30507,6.341,2.20,"종가베팅: 등락 +3.7%, 고저범위 78% 위치, VWAP 7,234 위",목표 익절 +5%
2026-03-19 15:00,2026-03-20 09:04,356860,티엘비,종가베팅,12,38049,36857,-15322,-3.356,-1.11,"종가베팅: 등락 +6.7%, 고저범위 90% 위치, VWAP 36,523 위","손절 (36,900)"
2026-03-20 09:05,2026-03-20 09:06,036930,주성엔지니어링,ORB,13,70500,69400,-16376,-1.787,-1.26,"ORB5 고가 69,700 돌파 (범위 3.7%)","손절 (69,500)"
2026-03-20 09:08,2026-03-20 09:09,047040,대우건설,ORB,54,17890,17300,-34012,-3.521,-2.42,"ORB5 고가 17,430 돌파 (범위 3.5%)","손절 (17,630)"
2026-03-20 09:18,2026-03-20 09:20,036930,주성엔지니어링,ORB,13,70500,69500,-15079,-1.645,-1.16,"ORB5 고가 69,700 돌파 (범위 3.7%)","손절 (69,500)"
2026-03-20 10:03,2026-03-20 10:23,006910,보성파워텍,VWAP눌림,44,13100,12995,-5934,-1.029,-0.42,"VWAP 12,820 재돌파, 직전봉 고가 12,880 돌파",타임스탑 20분
2026-03-20 11:05,2026-03-20 11:06,006910,보성파워텍,VWAP눌림,112,13120,12950,-22377,-1.523,-1.66,"VWAP 13,015 재돌파, 직전봉 고가 13,080 돌파","손절 (13,000)"
2026-03-20 11:51,2026-03-20 11:59,006910,보성파워텍,VWAP눌림,153,13060,13090,-14,-0.001,0.00,"VWAP 13,011 재돌파, 직전봉 고가 13,030 돌파","본절 (13,100)"
2026-03-20 13:20,2026-03-20 13:24,034020,두산에너빌리티,VWAP눌림,18,110200,109700,-13542,-0.683,-1.50,"VWAP 109,588 재돌파, 직전봉 고가 110,100 돌파","손절 (109,700)"
2026-03-20 14:17,2026-03-20 14:37,034020,두산에너빌리티,VWAP눌림,16,109900,109900,-4042,-0.230,-0.32,"VWAP 109,605 재돌파, 직전봉 고가 109,400 돌파",타임스탑 20분
2026-03-20 15:09,2026-03-23 09:01,178320,서진시스템,종가베팅,9,48600,46500,-19864,-4.541,-1.52,"종가베팅: 등락 +6.9%, 고저범위 77% 위치, VWAP 47,707 위","손절 (47,150)"
2026-03-20 15:07,2026-03-23 09:01,047040,대우건설,종가베팅,25,18990,19579.2,13609,2.867,0.97,"종가베팅: 등락 +17.4%, 고저범위 83% 위치, VWAP 18,436 위","트레일링 (19,450)"
2026-03-23 09:21,2026-03-23 09:24,322000,HD현대에너지솔루션,ORB,6,142300,142700,433,0.051,0.03,"ORB5 고가 140,500 돌파 (범위 4.5%)","트레일링 (143,600)"
2026-03-23 09:33,2026-03-23 09:38,322000,HD현대에너지솔루션,ORB,6,141900,139100,-18721,-2.199,-1.49,"ORB5 고가 140,500 돌파 (범위 4.5%)","손절 (139,800)"
2026-03-23 09:44,2026-03-23 09:50,098070,한텍,ORB,19,49200,48400,-17316,-1.852,-1.30,"ORB5 고가 49,000 돌파 (범위 3.3%)","손절 (48,500)"
2026-03-23 10:02,2026-03-23 10:16,098070,한텍,ORB,19,49150,49863.16,11376,1.218,0.86,"ORB5 고가 49,000 돌파 (범위 3.3%)","트레일링 (49,650)"
2026-03-23 10:22,2026-03-23 10:28,322000,HD현대에너지솔루션,ORB,6,140900,138100,-18707,-2.213,-1.48,"ORB5 고가 140,500 돌파 (범위 4.5%)","손절 (138,800)"
2026-03-23 11:03,2026-03-23 11:09,261780,아리바이오랩,VWAP눌림,240,4450,4395,-15627,-1.463,-1.18,"VWAP 4,389 재돌파, 직전봉 고가 4,420 돌파","손절 (4,395)"
2026-03-23 11:53,2026-03-23 12:02,046120,오르비텍,VWAP눌림,102,14940,14790,-18771,-1.232,-1.42,"VWAP 14,809 재돌파, 직전봉 고가 14,910 돌파","손절 (14,810)"
2026-03-23 11:46,2026-03-23 12:06,261780,아리바이오랩,VWAP눌림,144,4400,4360,-7204,-1.137,-0.53,"VWAP 4,386 재돌파, 직전봉 고가 4,340 돌파",타임스탑 20분
2026-03-23 12:43,2026-03-23 12:51,046120,오르비텍,VWAP눌림,96,14940,14730,-23415,-1.633,-1.74,"VWAP 14,812 재돌파, 직전봉 고가 14,870 돌파","손절 (14,800)"
2026-03-24 09:05,2026-03-24 09:06,047040,대우건설,ORB,48,19300,19010,-16018,-1.729,-1.19,"ORB5 고가 19,060 돌파 (범위 5.0%)","손절 (19,020)"
2026-03-24 09:07,2026-03-24 09:11,036930,주성엔지니어링,ORB,11,78000,80963.64,30559,3.562,2.53,"ORB5 고가 77,000 돌파 (범위 3.5%)",목표 익절 +4.0%
2026-03-24 10:21,2026-03-24 10:25,368770,파이버프로,VWAP눌림,41,18990,19328.05,12043,1.547,0.89,"VWAP 18,698 재돌파, 직전봉 고가 18,840 돌파","트레일링 (19,250)"
2026-03-24 10:57,2026-03-24 11:07,368770,파이버프로,VWAP눌림,40,19440,19715,9191,1.182,0.68,"VWAP 19,228 재돌파, 직전봉 고가 19,380 돌파","트레일링 (19,620)"
2026-03-24 12:02,2026-03-24 12:04,368770,파이버프로,VWAP눌림,52,19370,19370,-2316,-0.230,-0.17,"VWAP 19,235 재돌파, 직전봉 고가 19,210 돌파","본절 (19,420)"
2026-03-25 09:05,2026-03-25 09:09,263750,펄어비스,ORB,18,46900,47600,10635,1.260,0.84,"ORB5 고가 46,400 돌파 (범위 4.4%)","트레일링 (47,550)"
2026-03-25 09:14,2026-03-25 09:16,348370,엔켐,ORB,25,35300,34700,-16997,-1.926,-1.36,"ORB5 고가 34,950 돌파 (범위 6.4%)","손절 (34,800)"
2026-03-25 09:23,2026-03-25 09:29,489790,한화비전,ORB,10,93000,94250,10336,1.111,0.80,"ORB5 고가 92,900 돌파 (범위 6.3%)","트레일링 (93,800)"
2026-03-25 09:44,2026-03-25 09:46,348370,엔켐,ORB,25,35800,37250,34115,3.812,2.73,"ORB5 고가 34,950 돌파 (범위 6.4%)",목표 익절 +4.0%
2026-03-24 15:00,2026-03-25 09:54,272210,한화시스템,종가베팅,3,127500,129466.67,5010,1.310,0.44,"종가베팅: 등락 +6.3%, 고저범위 93% 위치, VWAP 125,034 위","트레일링 (129,000)"
2026-03-25 15:00,2026-03-26 09:04,218410,RFHIC,종가베팅,5,87700,85100,-13979,-3.188,-1.08,"종가베팅: 등락 +14.5%, 고저범위 80% 위치, VWAP 86,253 위","손절 (85,100)"
2026-03-26 09:05,2026-03-26 09:09,038110,에코플라스틱,ORB,238,3905,4010,22802,2.453,1.74,"ORB5 고가 3,850 돌파 (범위 7.2%)","트레일링 (4,010)"
2026-03-25 15:00,2026-03-26 10:00,272210,한화시스템,종가베팅,3,135500,135500,-933,-0.230,-0.08,"종가베팅: 등락 +7.3%, 고저범위 95% 위치, VWAP 131,618 위",익일 청산 시각 10:00
2026-03-26 10:38,2026-03-26 10:38,001510,SK증권,VWAP눌림,318,4550,4505,-17606,-1.217,-1.38,"VWAP 4,502 재돌파, 직전봉 고가 4,539 돌파","손절 (4,510)"
2026-03-26 10:52,2026-03-26 10:56,060280,큐렉소,VWAP눌림,57,17880,17550,-21112,-2.072,-1.54,"VWAP 17,872 재돌파, 직전봉 고가 17,820 돌파","손절 (17,640)"
2026-03-26 11:04,2026-03-26 11:12,001510,SK증권,VWAP눌림,286,4515,4455,-20092,-1.556,-1.56,"VWAP 4,500 재돌파, 직전봉 고가 4,495 돌파","손절 (4,470)"
2026-03-26 15:00,2026-03-27 09:01,348370,엔켐,종가베팅,10,45550,42200,-34475,-7.569,-2.55,"종가베팅: 등락 +17.1%, 고저범위 82% 위치, VWAP 44,178 위","손절 (44,200)"
2026-03-26 15:01,2026-03-27 09:01,078600,대주전자재료,종가베팅,3,134000,129400,-14694,-3.655,-1.22,"종가베팅: 등락 +4.9%, 고저범위 77% 위치, VWAP 131,991 위","손절 (130,000)"
2026-03-27 09:05,2026-03-27 09:06,014160,대영포장,ORB,591,1587,1559,-18668,-1.990,-1.37,"ORB5 고가 1,550 돌파 (범위 5.2%)","손절 (1,564)"
2026-03-27 09:07,2026-03-27 09:08,038110,에코플라스틱,ORB,189,4765,4695,-15272,-1.696,-1.15,"ORB5 고가 4,685 돌파 (범위 8.1%)","손절 (4,695)"
2026-03-27 09:39,2026-03-27 09:40,014160,대영포장,ORB,591,1559,1533,-17451,-1.894,-1.28,"ORB5 고가 1,550 돌파 (범위 5.2%)","손절 (1,536)"
2026-03-27 10:44,2026-03-27 10:48,115440,우리넷,VWAP눌림,50,15070,14610,-24683,-3.276,-1.83,"VWAP 14,795 재돌파, 직전봉 고가 15,050 돌파","손절 (14,800)"
2026-03-30 09:05,2026-03-30 09:06,425040,티이엠씨,ORB,77,11440,11648.83,14023,1.592,1.07,"ORB5 고가 11,300 돌파 (범위 5.1%)","트레일링 (11,600)"
2026-03-30 09:07,2026-03-30 09:07,038110,에코플라스틱,ORB,186,4665,4510,-30762,-3.545,-2.36,"ORB5 고가 4,645 돌파 (범위 8.1%)","손절 (4,595)"
2026-03-30 09:18,2026-03-30 09:21,038110,에코플라스틱,ORB,199,4650,4560,-19998,-2.161,-1.55,"ORB5 고가 4,645 돌파 (범위 8.1%)","손절 (4,585)"
2026-03-30 09:28,2026-03-30 09:28,289080,SV인베스트먼트,ORB,186,4980,4900,-16976,-1.833,-1.30,"ORB5 고가 4,960 돌파 (범위 5.2%)","손절 (4,910)"
2026-03-30 15:03,2026-03-31 09:01,375500,DL이앤씨,종가베팅,6,69300,71750,13714,3.298,1.14,"종가베팅: 등락 +5.3%, 고저범위 89% 위치, VWAP 65,626 위","트레일링 (71,300)"
2026-03-31 09:17,2026-03-31 09:18,425040,티이엠씨,ORB,63,14050,13770,-19637,-2.218,-1.48,"ORB5 고가 14,040 돌파 (범위 6.4%)","손절 (13,840)"
2026-03-31 09:53,2026-03-31 09:53,425040,티이엠씨,ORB,63,14090,13800,-20271,-2.284,-1.53,"ORB5 고가 14,040 돌파 (범위 6.4%)","손절 (13,880)"
2026-03-31 12:42,2026-03-31 12:47,009830,한화솔루션,VWAP눌림,55,35511,35229,-19967,-1.022,-1.72,"VWAP 35,459 재돌파, 직전봉 고가 35,464 돌파","손절 (35,300)"
2026-03-31 13:26,2026-03-31 13:27,425040,티이엠씨,ORB,63,14080,13830,-17755,-2.002,-1.34,"ORB5 고가 14,040 돌파 (범위 6.4%)","손절 (13,870)"
2026-03-31 13:16,2026-03-31 13:37,028050,삼성E&A,VWAP눌림,34,35750,35850,599,0.049,0.05,"VWAP 35,584 재돌파, 직전봉 고가 35,650 돌파","본절 (35,850)"
2026-03-31 13:21,2026-03-31 13:42,009830,한화솔루션,VWAP눌림,39,35464,35511,-1350,-0.098,-0.11,"VWAP 35,452 재돌파, 직전봉 고가 35,370 돌파","본절 (35,550)"
2026-03-31 14:02,2026-03-31 14:15,009830,한화솔루션,VWAP눌림,30,35514,35040,-16638,-1.562,-1.34,"VWAP 35,456 재돌파, 직전봉 고가 35,323 돌파","손절 (35,100)"
2026-03-31 14:02,2026-03-31 14:15,028050,삼성E&A,VWAP눌림,30,35850,35300,-18937,-1.761,-1.58,"VWAP 35,601 재돌파, 직전봉 고가 35,650 돌파","손절 (35,450)"
2026-03-31 14:22,2026-03-31 14:50,028050,삼성E&A,VWAP눌림,34,35750,36250,14169,1.166,1.19,"VWAP 35,597 재돌파, 직전봉 고가 35,650 돌파",장마감 강제청산
2026-04-01 09:05,2026-04-01 09:08,047040,대우건설,ORB,50,17800,17800,-2046,-0.230,-0.16,"ORB5 고가 17,440 돌파 (범위 3.6%)","트레일링 (17,870)"
2026-04-01 09:07,2026-04-01 09:10,046970,우리로,ORB,97,9150,9369.07,19165,2.159,1.52,"ORB5 고가 9,060 돌파 (범위 8.5%)","트레일링 (9,350)"
2026-04-01 09:16,2026-04-01 09:19,001510,SK증권,ORB,210,4094,4004,-20835,-2.423,-1.55,"ORB5 고가 4,064 돌파 (범위 4.0%)","손절 (4,030)"
2026-04-01 09:39,2026-04-01 09:43,001510,SK증권,ORB,210,4074,4122,8093,0.946,0.60,"ORB5 고가 4,064 돌파 (범위 4.0%)","트레일링 (4,115)"
2026-04-01 10:01,2026-04-01 10:02,001510,SK증권,ORB,210,4084,4014,-16639,-1.940,-1.24,"ORB5 고가 4,064 돌파 (범위 4.0%)","손절 (4,020)"
2026-04-01 10:30,2026-04-01 10:36,050890,쏠리드,VWAP눌림,124,14710,14740,-482,-0.026,-0.04,"VWAP 14,679 재돌파, 직전봉 고가 14,690 돌파","본절 (14,750)"
2026-04-01 10:52,2026-04-01 10:55,050890,쏠리드,VWAP눌림,135,14760,14800,807,0.040,0.07,"VWAP 14,682 재돌파, 직전봉 고가 14,740 돌파","본절 (14,800)"
2026-04-01 11:06,2026-04-01 11:26,050890,쏠리드,VWAP눌림,59,14735,14695,-4354,-0.501,-0.33,"VWAP 14,684 재돌파, 직전봉 고가 14,730 돌파",타임스탑 20분
2026-04-01 12:27,2026-04-01 12:30,263750,펄어비스,VWAP눌림,15,72800,71900,-15981,-1.463,-1.33,"VWAP 72,281 재돌파, 직전봉 고가 72,500 돌파","손절 (72,000)"
2026-04-01 12:44,2026-04-01 12:54,263750,펄어비스,VWAP눌림,12,72400,72000,-6787,-0.781,-0.57,"VWAP 72,281 재돌파, 직전봉 고가 72,000 돌파","트레일링 (72,700)"
2026-04-01 13:53,2026-04-01 14:12,263750,펄어비스,VWAP눌림,19,73000,72400,-14565,-1.050,-1.28,"VWAP 72,339 재돌파, 직전봉 고가 72,800 돌파","손절 (72,400)"
2026-04-02 09:05,2026-04-02 09:09,066970,엘앤에프,ORB,5,160000,160900,2651,0.331,0.22,"ORB5 고가 159,500 돌파 (범위 7.6%)","트레일링 (161,000)"
2026-04-02 09:25,2026-04-02 09:28,010170,대한광통신,ORB,79,10690,10798.73,6631,0.785,0.52,"ORB5 고가 10,600 돌파 (범위 7.0%)","트레일링 (10,770)"
2026-04-01 15:03,2026-04-02 09:32,042660,한화오션,종가베팅,3,126800,130133.33,9105,2.394,0.80,"종가베팅: 등락 +5.3%, 고저범위 95% 위치, VWAP 125,249 위","트레일링 (130,100)"
2026-04-02 09:53,2026-04-02 10:03,010170,대한광통신,ORB,79,10660,10839.24,12196,1.448,0.96,"ORB5 고가 10,600 돌파 (범위 7.0%)","트레일링 (10,860)"
2026-04-02 10:10,2026-04-02 10:14,050890,쏠리드,VWAP눌림,75,15220,15428.53,12984,1.137,1.02,"VWAP 15,059 재돌파, 직전봉 고가 15,150 돌파","트레일링 (15,360)"
2026-04-02 10:36,2026-04-02 10:38,010170,대한광통신,ORB,84,10620,10370,-23005,-2.579,-1.83,"ORB5 고가 10,600 돌파 (범위 7.0%)","손절 (10,470)"
2026-04-02 10:39,2026-04-02 10:40,050890,쏠리드,VWAP눌림,132,15050,15040,-5884,-0.296,-0.74,"VWAP 15,049 재돌파, 직전봉 고가 15,040 돌파","본절 (15,090)"
2026-04-02 10:43,2026-04-02 10:47,322000,HD현대에너지솔루션,VWAP눌림,5,146500,143400,-17150,-2.341,-1.49,"VWAP 144,669 재돌파, 직전봉 고가 145,600 돌파","손절 (144,200)"
2026-04-02 10:52,2026-04-02 11:06,050890,쏠리드,VWAP눌림,64,15090,14890,-14991,-1.552,-1.17,"VWAP 15,046 재돌파, 직전봉 고가 15,040 돌파","손절 (14,890)"
2026-04-02 11:43,2026-04-02 11:48,322000,HD현대에너지솔루션,VWAP눌림,9,145400,145700,-314,-0.024,-0.02,"VWAP 145,021 재돌파, 직전봉 고가 144,900 돌파","본절 (145,800)"
2026-04-02 11:48,2026-04-02 11:52,008350,남선알미늄,VWAP눌림,755,1827,1817,-10704,-0.776,-0.83,"VWAP 1,811 재돌파, 직전봉 고가 1,821 돌파","본절 (1,832)"
2026-04-02 12:43,2026-04-02 12:49,008350,남선알미늄,VWAP눌림,543,1811,1832.47,9374,0.953,0.72,"VWAP 1,810 재돌파, 직전봉 고가 1,800 돌파","트레일링 (1,827)"
2026-04-02 13:05,2026-04-02 13:11,008350,남선알미늄,VWAP눌림,679,1823,1801,-17751,-1.434,-1.38,"VWAP 1,810 재돌파, 직전봉 고가 1,818 돌파","손절 (1,804)"
2026-04-02 12:57,2026-04-02 13:12,322000,HD현대에너지솔루션,VWAP눌림,7,147200,150814.29,22879,2.220,2.04,"VWAP 145,401 재돌파, 직전봉 고가 146,700 돌파","트레일링 (150,600)"
2026-04-02 14:05,2026-04-02 14:25,006400,삼성SDI,VWAP눌림,2,448500,444000,-11043,-1.231,-1.00,"VWAP 444,846 재돌파, 직전봉 고가 447,000 돌파",타임스탑 20분
2026-04-03 09:05,2026-04-03 09:07,050890,쏠리드,ORB,52,16720,16440,-16527,-1.901,-1.27,"ORB5 고가 16,400 돌파 (범위 5.9%)","손절 (16,470)"
2026-04-03 09:06,2026-04-03 09:10,028050,삼성E&A,ORB,22,38250,38775,9591,1.140,0.79,"ORB5 고가 38,000 돌파 (범위 4.0%)","트레일링 (38,550)"
2026-04-02 15:04,2026-04-03 09:22,047050,포스코인터내셔널,종가베팅,5,79800,81020,5172,1.296,0.45,"종가베팅: 등락 +4.9%, 고저범위 84% 위치, VWAP 78,316 위","트레일링 (80,700)"
2026-04-03 09:10,2026-04-03 09:30,047040,대우건설,ORB,25,17740,17730,-1268,-0.286,-0.10,"ORB5 고가 17,710 돌파 (범위 2.8%)",타임스탑 20분
2026-04-06 09:09,2026-04-06 09:10,010170,대한광통신,ORB,61,14060,13770,-19622,-2.288,-1.53,"ORB5 고가 14,000 돌파 (범위 9.4%)","손절 (13,850)"
2026-04-06 09:16,2026-04-06 09:17,028050,삼성E&A,ORB,19,45500,44700,-17154,-1.984,-1.39,"ORB5 고가 45,350 돌파 (범위 6.6%)","손절 (44,850)"
2026-04-03 15:00,2026-04-06 10:00,042660,한화오션,종가베팅,3,127500,126000,-5369,-1.404,-0.47,"종가베팅: 등락 +7.2%, 고저범위 78% 위치, VWAP 125,565 위",익일 청산 시각 10:00
2026-04-06 09:59,2026-04-06 10:03,375500,DL이앤씨,ORB,11,79100,79100,-2000,-0.230,-0.17,"ORB5 고가 79,000 돌파 (범위 3.8%)","본절 (79,300)"
2026-04-06 11:10,2026-04-06 11:31,028050,삼성E&A,ORB,19,45700,45050,-14319,-1.649,-1.16,"ORB5 고가 45,350 돌파 (범위 6.6%)","손절 (45,050)"
2026-04-06 13:47,2026-04-06 14:22,028050,삼성E&A,ORB,19,45500,45650,857,0.099,0.07,"ORB5 고가 45,350 돌파 (범위 6.6%)","본절 (45,650)"
2026-04-06 15:00,2026-04-07 09:01,005810,풍산홀딩스,종가베팅,9,47250,54100,60541,14.237,4.80,"종가베팅: 등락 +11.7%, 고저범위 100% 위치, VWAP 46,451 위",목표 익절 +5%
2026-04-06 15:00,2026-04-07 09:20,096770,SK이노베이션,종가베팅,3,121900,127100,14728,4.027,1.36,"종가베팅: 등락 +3.3%, 고저범위 84% 위치, VWAP 120,767 위",목표 익절 +5%
2026-04-07 09:47,2026-04-07 09:50,047040,대우건설,ORB,47,18330,18060,-14643,-1.700,-1.15,"ORB5 고가 18,300 돌파 (범위 3.4%)","손절 (18,060)"
2026-04-07 11:19,2026-04-07 11:22,046970,우리로,VWAP눌림,83,7610,7460,-13874,-2.197,-1.11,"VWAP 7,489 재돌파, 직전봉 고가 7,570 돌파","손절 (7,460)"
2026-04-07 11:30,2026-04-07 11:34,046970,우리로,VWAP눌림,103,7570,7440,-15152,-1.943,-1.23,"VWAP 7,490 재돌파, 직전봉 고가 7,520 돌파","손절 (7,450)"
2026-04-07 15:05,2026-04-08 09:02,0007C0,아크릴,종가베팅,11,37800,39022.73,12466,2.998,1.03,"종가베팅: 등락 +19.8%, 고저범위 75% 위치, VWAP 37,686 위","트레일링 (39,050)"
2026-04-08 09:13,2026-04-08 09:17,047040,대우건설,ORB,44,19750,20275,21054,2.423,1.65,"ORB5 고가 19,470 돌파 (범위 4.1%)","트레일링 (20,200)"
2026-04-08 09:14,2026-04-08 09:29,009150,삼성전기,ORB,1,503000,494500,-9638,-1.916,-1.38,"ORB5 고가 499,500 돌파 (범위 3.1%)","손절 (496,000)"
2026-04-08 09:53,2026-04-08 10:13,009150,삼성전기,ORB,1,500000,502000,846,0.169,0.12,"ORB5 고가 499,500 돌파 (범위 3.1%)",타임스탑 20분
2026-04-08 11:58,2026-04-08 12:22,000250,삼천당제약,VWAP눌림,3,476000,477500,1207,0.085,0.11,"VWAP 472,360 재돌파, 직전봉 고가 474,500 돌파","본절 (477,500)"
2026-04-08 14:16,2026-04-08 14:16,000250,삼천당제약,VWAP눌림,2,475000,469000,-14158,-1.490,-1.18,"VWAP 470,472 재돌파, 직전봉 고가 471,500 돌파","손절 (469,000)"
2026-04-08 14:24,2026-04-08 14:50,000250,삼천당제약,VWAP눌림,2,471000,469000,-6157,-0.654,-0.51,"VWAP 470,458 재돌파, 직전봉 고가 469,000 돌파",장마감 강제청산
2026-04-08 15:00,2026-04-09 09:01,007660,이수페타시스,종가베팅,3,119900,116200,-11902,-3.309,-1.13,"종가베팅: 등락 +15.1%, 고저범위 100% 위치, VWAP 116,904 위","손절 (116,400)"
2026-04-09 09:06,2026-04-09 09:06,065440,이루온,ORB,179,4665,4565,-19781,-2.369,-1.58,"ORB5 고가 4,610 돌파 (범위 8.6%)","손절 (4,595)"
2026-04-09 09:15,2026-04-09 09:17,065440,이루온,ORB,179,4770,5070,51621,6.046,4.12,"ORB5 고가 4,610 돌파 (범위 8.6%)",목표 익절 +4.0%
2026-04-08 15:00,2026-04-09 10:00,000270,기아,종가베팅,2,159700,161800,3460,1.083,0.37,"종가베팅: 등락 +6.3%, 고저범위 91% 위치, VWAP 157,939 위",익일 청산 시각 10:00
2026-04-09 10:19,2026-04-09 10:21,006110,삼아알미늄,VWAP눌림,17,49650,48850,-15510,-1.838,-1.30,"VWAP 48,872 재돌파, 직전봉 고가 49,300 돌파","손절 (48,950)"
2026-04-09 10:31,2026-04-09 10:32,006110,삼아알미늄,VWAP눌림,29,49200,48650,-19196,-1.345,-1.65,"VWAP 48,881 재돌파, 직전봉 고가 49,050 돌파","손절 (48,800)"
2026-04-10 09:06,2026-04-10 09:08,010820,퍼스텍,ORB,79,11120,11288.99,11304,1.287,0.89,"ORB5 고가 11,100 돌파 (범위 7.0%)","트레일링 (11,240)"
2026-04-10 09:07,2026-04-10 09:08,010170,대한광통신,ORB,56,15500,15270,-14848,-1.711,-1.15,"ORB5 고가 15,300 돌파 (범위 5.6%)","손절 (15,270)"
2026-04-10 09:11,2026-04-10 09:13,038500,삼표시멘트,ORB,48,18450,18635,6827,0.771,0.53,"ORB5 고가 18,320 돌파 (범위 3.4%)","트레일링 (18,640)"
2026-04-09 15:00,2026-04-10 09:34,047810,한국항공우주,종가베팅,2,199400,202500,5272,1.322,0.45,"종가베팅: 등락 +4.6%, 고저범위 95% 위치, VWAP 193,662 위","트레일링 (202,000)"
2026-04-09 15:01,2026-04-10 09:35,010950,S-Oil,종가베팅,3,119100,120666.67,3871,1.083,0.37,"종가베팅: 등락 +6.0%, 고저범위 91% 위치, VWAP 117,349 위","트레일링 (120,400)"
2026-04-10 09:35,2026-04-10 09:38,010820,퍼스텍,ORB,79,11120,11274.18,10136,1.154,0.80,"ORB5 고가 11,100 돌파 (범위 7.0%)","트레일링 (11,210)"
2026-04-10 10:04,2026-04-10 10:09,010820,퍼스텍,ORB,79,11140,11298.99,10512,1.194,0.83,"ORB5 고가 11,100 돌파 (범위 7.0%)","트레일링 (11,250)"
2026-04-10 10:49,2026-04-10 11:00,046970,우리로,VWAP눌림,149,8230,8140,-16199,-1.321,-1.36,"VWAP 8,143 재돌파, 직전봉 고가 8,210 돌파","손절 (8,150)"
2026-04-10 11:29,2026-04-10 11:34,046970,우리로,VWAP눌림,89,8160,8200,1884,0.259,0.15,"VWAP 8,138 재돌파, 직전봉 고가 8,060 돌파","트레일링 (8,200)"
2026-04-10 12:33,2026-04-10 13:35,046970,우리로,VWAP눌림,79,8190,8020,-14889,-2.301,-1.18,"VWAP 8,137 재돌파, 직전봉 고가 8,130 돌파","손절 (8,030)"
2026-04-10 15:00,2026-04-13 09:01,062040,산일전기,종가베팅,2,155000,150100,-10491,-3.384,-1.14,"종가베팅: 등락 +7.9%, 고저범위 76% 위치, VWAP 153,365 위","손절 (150,400)"
2026-04-13 09:05,2026-04-13 09:05,010120,LS ELECTRIC,ORB,4,194700,190000,-20550,-2.639,-1.77,"ORB5 고가 183,000 돌파 (범위 6.9%)","손절 (191,800)"
2026-04-10 15:00,2026-04-13 09:10,278470,에이피알,종가베팅,1,392750,395500,1842,0.469,0.16,"종가베팅: 등락 +8.5%, 고저범위 85% 위치, VWAP 387,966 위","트레일링 (398,000)"
2026-04-13 09:58,2026-04-13 09:59,010120,LS ELECTRIC,ORB,4,184200,180100,-18058,-2.451,-1.67,"ORB5 고가 183,000 돌파 (범위 6.9%)","손절 (181,500)"
2026-04-13 12:05,2026-04-13 12:06,025860,남해화학,VWAP눌림,134,8870,8780,-14767,-1.242,-1.22,"VWAP 8,844 재돌파, 직전봉 고가 8,870 돌파","손절 (8,780)"
2026-04-13 12:12,2026-04-13 12:15,025860,남해화학,VWAP눌림,74,8920,9240,22114,3.350,1.76,"VWAP 8,844 재돌파, 직전봉 고가 8,850 돌파",목표 익절 +4.0%
2026-04-13 15:00,2026-04-14 09:01,010820,퍼스텍,종가베팅,37,11850,11490,-14298,-3.261,-1.10,"종가베팅: 등락 +4.0%, 고저범위 93% 위치, VWAP 11,581 위","손절 (11,500)"
2026-04-13 15:00,2026-04-14 09:01,083450,GST,종가베팅,12,36100,38650,29540,6.819,2.34,"종가베팅: 등락 +13.5%, 고저범위 93% 위치, VWAP 35,250 위",목표 익절 +5%
2026-04-14 09:06,2026-04-14 09:09,046970,우리로,ORB,70,12175,12240,2583,0.303,0.20,"ORB5 고가 11,890 돌파 (범위 10.0%)","트레일링 (12,320)"
2026-04-14 09:07,2026-04-14 09:11,336260,두산퓨얼셀,ORB,20,41000,40150,-18849,-2.299,-1.57,"ORB5 고가 40,750 돌파 (범위 5.8%)","손절 (40,400)"
2026-04-14 09:15,2026-04-14 09:15,046970,우리로,ORB,74,11900,11570,-26392,-2.997,-2.10,"ORB5 고가 11,890 돌파 (범위 10.0%)","손절 (11,730)"
2026-04-14 11:58,2026-04-14 11:59,046970,우리로,ORB,74,11910,11680,-19009,-2.157,-1.51,"ORB5 고가 11,890 돌파 (범위 10.0%)","손절 (11,740)"
2026-04-14 12:04,2026-04-14 12:24,006800,미래에셋증권,VWAP눌림,26,72200,71800,-14694,-0.783,-1.41,"VWAP 71,691 재돌파, 직전봉 고가 72,000 돌파",타임스탑 20분
2026-04-14 13:17,2026-04-14 13:18,375500,DL이앤씨,VWAP눌림,19,101100,100700,-12000,-0.625,-1.58,"VWAP 100,634 재돌파, 직전봉 고가 100,900 돌파","손절 (100,700)"
2026-04-14 13:07,2026-04-14 13:40,006800,미래에셋증권,VWAP눌림,27,71850,72100,2275,0.117,0.34,"VWAP 71,701 재돌파, 직전봉 고가 71,800 돌파","본절 (72,100)"
2026-04-14 14:10,2026-04-14 14:30,006800,미래에셋증권,VWAP눌림,27,72000,71800,-9858,-0.507,-1.22,"VWAP 71,731 재돌파, 직전봉 고가 71,900 돌파",타임스탑 20분
2026-04-15 09:06,2026-04-15 09:07,027360,아주IB투자,ORB,69,12310,12050,-19853,-2.337,-1.60,"ORB5 고가 12,200 돌파 (범위 6.7%)","손절 (12,130)"
2026-04-15 09:12,2026-04-15 09:14,050890,쏠리드,ORB,49,17940,18312.65,16201,1.843,1.27,"ORB5 고가 17,930 돌파 (범위 4.2%)","트레일링 (18,230)"
2026-04-15 09:15,2026-04-15 09:15,027360,아주IB투자,ORB,69,12300,12100,-15721,-1.852,-1.27,"ORB5 고가 12,200 돌파 (범위 6.7%)","손절 (12,120)"
2026-04-15 09:24,2026-04-15 09:25,027360,아주IB투자,ORB,69,12330,12080,-19169,-2.253,-1.54,"ORB5 고가 12,200 돌파 (범위 6.7%)","손절 (12,150)"
2026-04-15 09:29,2026-04-15 09:40,018260,삼성에스디에스,ORB,5,173000,176640,16174,1.870,1.29,"ORB5 고가 172,600 돌파 (범위 6.2%)","트레일링 (176,500)"
2026-04-14 15:09,2026-04-15 09:44,336260,두산퓨얼셀,종가베팅,9,43400,44072.22,5142,1.316,0.44,"종가베팅: 등락 +17.3%, 고저범위 80% 위치, VWAP 42,841 위","트레일링 (43,850)"
2026-04-15 10:58,2026-04-15 10:58,100790,미래에셋벤처투자,VWAP눌림,49,40500,40300,-14342,-0.723,-1.46,"VWAP 40,232 재돌파, 직전봉 고가 40,400 돌파","손절 (40,300)"
2026-04-16 09:10,2026-04-16 09:13,158430,아톤,ORB,82,10550,10695,9878,1.142,0.80,"ORB5 고가 10,380 돌파 (범위 5.5%)","트레일링 (10,670)"
2026-04-16 09:11,2026-04-16 09:31,034020,두산에너빌리티,ORB,4,109200,110000,2189,0.501,0.20,"ORB5 고가 109,000 돌파 (범위 2.3%)",타임스탑 20분
2026-04-15 15:02,2026-04-16 10:00,078600,대주전자재료,종가베팅,3,135000,133500,-5421,-1.339,-0.45,"종가베팅: 등락 +14.8%, 고저범위 89% 위치, VWAP 131,371 위",익일 청산 시각 10:00
2026-04-15 15:03,2026-04-16 10:00,278470,에이피알,종가베팅,1,410500,405500,-5932,-1.445,-0.49,"종가베팅: 등락 +5.7%, 고저범위 89% 위치, VWAP 403,337 위",익일 청산 시각 10:00
2026-04-16 10:09,2026-04-16 10:29,000270,기아,VWAP눌림,11,157900,157600,-7287,-0.420,-0.66,"VWAP 157,079 재돌파, 직전봉 고가 157,400 돌파",타임스탑 20분
2026-04-16 12:32,2026-04-16 12:37,000270,기아,VWAP눌림,12,157800,157200,-11538,-0.609,-1.60,"VWAP 157,465 재돌파, 직전봉 고가 157,600 돌파","손절 (157,200)"
2026-04-16 15:00,2026-04-17 09:01,011790,SKC,종가베팅,3,119600,115300,-13695,-3.817,-1.30,"종가베팅: 등락 +19.9%, 고저범위 88% 위치, VWAP 116,184 위","손절 (116,100)"
2026-04-16 15:00,2026-04-17 09:01,042660,한화오션,종가베팅,3,131600,127400,-13480,-3.414,-1.15,"종가베팅: 등락 +4.4%, 고저범위 90% 위치, VWAP 130,126 위","손절 (127,700)"
2026-04-17 10:30,2026-04-17 10:33,100790,미래에셋벤처투자,VWAP눌림,17,45950,45050,-17062,-2.184,-1.43,"VWAP 45,209 재돌파, 직전봉 고가 45,500 돌파","손절 (45,250)"
2026-04-17 10:39,2026-04-17 10:45,100790,미래에셋벤처투자,VWAP눌림,20,45875,45500,-9593,-1.046,-0.77,"VWAP 45,219 재돌파, 직전봉 고가 45,750 돌파","본절 (46,000)"
2026-04-17 12:39,2026-04-17 12:39,034220,LG디스플레이,VWAP눌림,138,14390,14350,-10074,-0.507,-1.82,"VWAP 14,347 재돌파, 직전봉 고가 14,370 돌파","손절 (14,350)"
2026-04-17 13:12,2026-04-17 13:28,019170,신풍제약,VWAP눌림,87,13740,13540,-20110,-1.682,-1.65,"VWAP 13,603 재돌파, 직전봉 고가 13,720 돌파","손절 (13,600)"
2026-04-17 13:18,2026-04-17 13:38,034220,LG디스플레이,VWAP눌림,59,14410,14440,-187,-0.022,-0.02,"VWAP 14,349 재돌파, 직전봉 고가 14,400 돌파",타임스탑 20분
2026-04-17 14:10,2026-04-17 14:30,034220,LG디스플레이,VWAP눌림,138,14410,14370,-10081,-0.507,-1.04,"VWAP 14,354 재돌파, 직전봉 고가 14,380 돌파",타임스탑 20분
2026-04-17 15:00,2026-04-20 09:02,066970,엘앤에프,종가베팅,2,185600,176300,-19412,-5.230,-1.76,"종가베팅: 등락 +9.4%, 고저범위 98% 위치, VWAP 180,915 위","손절 (180,100)"
2026-04-17 15:00,2026-04-20 10:00,005490,POSCO홀딩스,종가베팅,1,386000,389500,2606,0.675,0.23,"종가베팅: 등락 +4.2%, 고저범위 100% 위치, VWAP 382,428 위",익일 청산 시각 10:00
2026-04-20 10:23,2026-04-20 10:43,007660,이수페타시스,VWAP눌림,14,129800,129000,-15354,-0.845,-1.37,"VWAP 128,848 재돌파, 직전봉 고가 129,600 돌파","손절 (129,000)"
2026-04-20 10:50,2026-04-20 10:55,050890,쏠리드,VWAP눌림,107,17620,17470,-20350,-1.079,-1.73,"VWAP 17,518 재돌파, 직전봉 고가 17,550 돌파","손절 (17,510)"
2026-04-20 10:53,2026-04-20 11:17,007660,이수페타시스,VWAP눌림,14,129600,133450,49614,2.734,4.43,"VWAP 128,893 재돌파, 직전봉 고가 129,000 돌파",목표 익절 +4.0%
2026-04-20 12:49,2026-04-20 12:52,403870,HPSP,VWAP눌림,43,46300,46100,-13159,-0.661,-1.53,"VWAP 46,024 재돌파, 직전봉 고가 46,250 돌파","손절 (46,100)"
2026-04-20 13:03,2026-04-20 13:22,403870,HPSP,VWAP눌림,32,46125,46100,-4192,-0.284,-0.35,"VWAP 46,027 재돌파, 직전봉 고가 46,000 돌파","본절 (46,250)"
2026-04-20 13:42,2026-04-20 14:02,403870,HPSP,VWAP눌림,28,46200,46250,-1578,-0.122,-0.14,"VWAP 46,049 재돌파, 직전봉 고가 46,000 돌파","본절 (46,350)"
2026-04-20 15:00,2026-04-21 09:02,000990,DB하이텍,종가베팅,3,125700,120900,-15235,-4.040,-1.37,"종가베팅: 등락 +17.7%, 고저범위 87% 위치, VWAP 121,971 위","손절 (122,000)"
2026-04-20 15:04,2026-04-21 09:04,007660,이수페타시스,종가베팅,3,133150,129000,-13341,-3.340,-1.13,"종가베팅: 등락 +10.0%, 고저범위 76% 위치, VWAP 132,216 위","손절 (129,200)"
2026-04-21 09:05,2026-04-21 09:06,036930,주성엔지니어링,ORB,8,105000,101700,-28275,-3.366,-2.36,"ORB5 고가 102,400 돌파 (범위 9.6%)","손절 (103,500)"
2026-04-22 09:05,2026-04-22 09:06,222080,SFA넥셀,ORB,47,17950,17180,-38051,-4.510,-3.11,"ORB5 고가 17,840 돌파 (범위 5.9%)","손절 (17,690)"
2026-04-22 09:11,2026-04-22 09:18,007660,이수페타시스,ORB,6,139800,142600,14839,1.769,1.24,"ORB5 고가 139,700 돌파 (범위 3.7%)","트레일링 (142,100)"
2026-04-22 10:51,2026-04-22 11:00,322000,HD현대에너지솔루션,VWAP눌림,7,184000,184300,-866,-0.067,-0.07,"VWAP 183,745 재돌파, 직전봉 고가 183,500 돌파","본절 (184,500)"
2026-04-22 11:06,2026-04-22 12:03,322000,HD현대에너지솔루션,VWAP눌림,3,186000,186600,515,0.092,0.05,"VWAP 183,802 재돌파, 직전봉 고가 183,600 돌파","트레일링 (186,800)"
2026-04-22 12:52,2026-04-22 12:55,322000,HD현대에너지솔루션,VWAP눌림,6,186100,186500,-172,-0.015,-0.01,"VWAP 184,238 재돌파, 직전봉 고가 185,800 돌파","본절 (186,600)"
2026-04-22 13:04,2026-04-22 13:14,027360,아주IB투자,VWAP눌림,91,14420,14260,-17545,-1.337,-1.48,"VWAP 14,320 재돌파, 직전봉 고가 14,370 돌파","손절 (14,290)"
2026-04-22 13:34,2026-04-22 13:39,027360,아주IB투자,VWAP눌림,138,14390,14300,-16959,-0.854,-1.54,"VWAP 14,321 재돌파, 직전봉 고가 14,340 돌파","손절 (14,310)"
2026-04-22 13:56,2026-04-22 14:03,027360,아주IB투자,VWAP눌림,116,14380,14420,795,0.048,0.07,"VWAP 14,320 재돌파, 직전봉 고가 14,320 돌파","본절 (14,420)"
2026-04-23 09:09,2026-04-23 09:09,006340,대원전선,ORB,105,7540,7430,-13345,-1.686,-1.16,"ORB5 고가 7,350 돌파 (범위 9.4%)","손절 (7,430)"
2026-04-23 09:06,2026-04-23 09:09,006910,보성파워텍,ORB,70,11540,11865,20847,2.581,1.75,"ORB5 고가 11,240 돌파 (범위 7.6%)","트레일링 (11,800)"
2026-04-23 09:07,2026-04-23 09:10,336370,솔루스첨단소재,ORB,52,15840,15490,-20053,-2.435,-1.68,"ORB5 고가 15,660 돌파 (범위 8.5%)","손절 (15,610)"
2026-04-23 09:38,2026-04-23 09:42,336370,솔루스첨단소재,ORB,52,15780,16710,46370,5.651,3.88,"ORB5 고가 15,660 돌파 (범위 8.5%)",목표 익절 +4.0%
2026-04-22 15:00,2026-04-23 10:00,066570,LG전자,종가베팅,3,132900,133433.33,684,0.172,0.06,"종가베팅: 등락 +4.2%, 고저범위 87% 위치, VWAP 131,084 위",익일 청산 시각 10:00
2026-04-24 09:08,2026-04-24 09:08,010060,OCI홀딩스,ORB,2,349000,340000,-19566,-2.803,-1.96,"ORB5 고가 347,500 돌파 (범위 8.3%)","손절 (344,000)"
2026-04-24 09:09,2026-04-24 09:10,098460,고영,ORB,21,37600,36800,-18578,-2.353,-1.61,"ORB5 고가 37,000 돌파 (범위 7.4%)","손절 (37,050)"
2026-04-24 09:22,2026-04-24 09:26,010060,OCI홀딩스,ORB,2,351000,356000,8367,1.192,0.84,"ORB5 고가 347,500 돌파 (범위 8.3%)","트레일링 (355,000)"
2026-04-24 09:35,2026-04-24 09:39,322000,HD현대에너지솔루션,ORB,4,190800,187800,-13728,-1.799,-1.23,"ORB5 고가 190,000 돌파 (범위 4.6%)","손절 (188,000)"
2026-04-24 09:42,2026-04-24 09:51,010060,OCI홀딩스,ORB,2,348000,353250,8878,1.276,0.89,"ORB5 고가 347,500 돌파 (범위 8.3%)","트레일링 (352,000)"
2026-04-23 15:11,2026-04-24 10:00,034020,두산에너빌리티,종가베팅,3,122500,125233.33,7341,1.998,0.68,"종가베팅: 등락 +5.8%, 고저범위 76% 위치, VWAP 121,547 위",익일 청산 시각 10:00
2026-04-24 11:07,2026-04-24 11:27,322000,HD현대에너지솔루션,ORB,4,190700,190700,-1753,-0.230,-0.16,"ORB5 고가 190,000 돌파 (범위 4.6%)",타임스탑 20분
2026-04-24 12:21,2026-04-24 12:24,006340,대원전선,VWAP눌림,159,8910,8830,-15949,-1.126,-1.43,"VWAP 8,863 재돌파, 직전봉 고가 8,900 돌파","손절 (8,840)"
2026-04-24 12:31,2026-04-24 12:41,006340,대원전선,VWAP눌림,141,8890,8800,-15545,-1.240,-1.38,"VWAP 8,863 재돌파, 직전봉 고가 8,870 돌파","손절 (8,810)"
2026-04-24 13:14,2026-04-24 13:31,006340,대원전선,VWAP눌림,182,8880,9040,25344,1.568,2.32,"VWAP 8,861 재돌파, 직전봉 고가 8,850 돌파","트레일링 (9,050)"
2026-04-24 13:21,2026-04-24 13:36,322000,HD현대에너지솔루션,ORB,4,190900,195400,16206,2.122,1.45,"ORB5 고가 190,000 돌파 (범위 4.6%)","트레일링 (195,000)"
2026-04-24 14:06,2026-04-24 14:32,036930,주성엔지니어링,VWAP눌림,6,127000,125000,-13726,-1.801,-1.20,"VWAP 126,469 재돌파, 직전봉 고가 126,600 돌파","손절 (125,100)"
2026-04-24 15:00,2026-04-27 09:01,000250,삼천당제약,종가베팅,1,410000,414500,3548,0.865,0.30,"종가베팅: 등락 +8.3%, 고저범위 81% 위치, VWAP 400,989 위","트레일링 (415,000)"
2026-04-27 09:06,2026-04-27 09:06,046890,서울반도체,ORB,60,13990,13760,-15699,-1.870,-1.31,"ORB5 고가 13,480 돌파 (범위 3.2%)","손절 (13,790)"
2026-04-27 09:08,2026-04-27 09:09,098460,고영,ORB,18,44800,43350,-27897,-3.459,-2.38,"ORB5 고가 44,350 돌파 (범위 6.5%)","손절 (44,150)"
2026-04-27 09:19,2026-04-27 09:20,098460,고영,ORB,18,44600,43650,-18908,-2.355,-1.62,"ORB5 고가 44,350 돌파 (범위 6.5%)","손절 (43,950)"
2026-04-24 15:07,2026-04-27 10:00,034020,두산에너빌리티,종가베팅,3,127300,128500,2716,0.711,0.24,"종가베팅: 등락 +4.6%, 고저범위 85% 위치, VWAP 125,561 위",익일 청산 시각 10:00
2026-04-27 10:55,2026-04-27 12:29,460860,동국제강,VWAP눌림,66,13570,13600,-83,-0.009,-0.01,"VWAP 13,422 재돌파, 직전봉 고가 13,480 돌파","트레일링 (13,650)"
2026-04-27 13:14,2026-04-27 13:34,222080,SFA넥셀,VWAP눌림,48,17200,17270,1456,0.176,0.12,"VWAP 17,130 재돌파, 직전봉 고가 17,190 돌파",타임스탑 20분
2026-04-27 14:02,2026-04-27 14:06,222080,SFA넥셀,VWAP눌림,116,17160,17010,-21939,-1.102,-3.78,"VWAP 17,138 재돌파, 직전봉 고가 17,150 돌파","손절 (17,110)"
2026-04-27 14:20,2026-04-27 14:36,222080,SFA넥셀,VWAP눌림,115,17190,17090,-16020,-0.810,-1.39,"VWAP 17,138 재돌파, 직전봉 고가 17,130 돌파","손절 (17,090)"
2026-04-27 15:00,2026-04-28 09:01,298380,에이비엘바이오,종가베팅,2,172400,144800,-55873,-16.204,-5.48,"종가베팅: 등락 +9.2%, 고저범위 87% 위치, VWAP 170,407 위","손절 (167,300)"
2026-04-28 09:06,2026-04-28 09:07,066570,LG전자,ORB,5,148400,146000,-13680,-1.844,-1.24,"ORB5 고가 146,700 돌파 (범위 4.3%)","손절 (146,200)"
2026-04-28 09:06,2026-04-28 09:13,005490,POSCO홀딩스,ORB,1,471000,462500,-9564,-2.031,-1.37,"ORB5 고가 467,000 돌파 (범위 6.0%)","손절 (464,000)"
2026-04-28 09:10,2026-04-28 09:15,006400,삼성SDI,ORB,1,675000,665000,-11530,-1.708,-1.15,"ORB5 고가 673,000 돌파 (범위 3.2%)","손절 (665,000)"
2026-04-27 15:00,2026-04-28 10:00,460860,동국제강,종가베팅,28,14870,15055,4214,1.012,0.34,"종가베팅: 등락 +17.9%, 고저범위 89% 위치, VWAP 14,171 위",익일 청산 시각 10:00
2026-04-29 09:06,2026-04-29 09:07,460860,동국제강,ORB,45,17640,17130,-24725,-3.115,-2.11,"ORB5 고가 17,610 돌파 (범위 2.9%)","손절 (17,380)"
2026-04-29 09:07,2026-04-29 09:07,126340,비나텍,ORB,5,159200,152000,-37753,-4.743,-3.28,"ORB5 고가 158,000 돌파 (범위 5.0%)","손절 (156,900)"
2026-04-29 09:05,2026-04-29 09:11,096770,SK이노베이션,ORB,5,142400,138700,-20097,-2.823,-1.91,"ORB5 고가 141,700 돌파 (범위 5.2%)","손절 (140,300)"
2026-04-29 09:18,2026-04-29 09:23,126340,비나텍,ORB,5,158400,160840,10354,1.307,0.90,"ORB5 고가 158,000 돌파 (범위 5.0%)","트레일링 (161,500)"
2026-04-29 09:30,2026-04-29 09:42,096770,SK이노베이션,ORB,5,142000,144660,11643,1.640,1.11,"ORB5 고가 141,700 돌파 (범위 5.2%)","트레일링 (144,300)"
2026-04-29 10:04,2026-04-29 10:24,096770,SK이노베이션,ORB,5,141900,141400,-4126,-0.582,-0.39,"ORB5 고가 141,700 돌파 (범위 5.2%)",타임스탑 20분
2026-04-29 15:00,2026-04-30 09:01,096770,SK이노베이션,종가베팅,2,148700,144200,-9663,-3.249,-1.10,"종가베팅: 등락 +12.0%, 고저범위 99% 위치, VWAP 142,577 위","손절 (144,300)"
2026-04-30 09:06,2026-04-30 09:29,066570,LG전자,ORB,5,148000,149280,4687,0.633,0.43,"ORB5 고가 146,500 돌파 (범위 4.9%)","트레일링 (149,800)"
2026-04-30 09:36,2026-04-30 09:38,025860,남해화학,ORB,76,10410,10170,-20018,-2.530,-1.76,"ORB5 고가 10,270 돌파 (범위 7.5%)","손절 (10,260)"
2026-04-29 15:05,2026-04-30 10:00,103590,일진전기,종가베팅,3,119800,118700,-4118,-1.146,-0.39,"종가베팅: 등락 +9.2%, 고저범위 84% 위치, VWAP 117,444 위",익일 청산 시각 10:00
2026-04-30 10:11,2026-04-30 10:19,024840,KBI메탈,VWAP눌림,203,4567,4659.95,16699,1.801,1.44,"VWAP 4,524 재돌파, 직전봉 고가 4,560 돌파","트레일링 (4,660)"
2026-04-30 15:08,2026-05-04 09:01,025860,남해화학,종가베팅,35,11285,12115.14,28088,7.111,2.40,"종가베팅: 등락 +19.4%, 고저범위 77% 위치, VWAP 10,947 위",목표 익절 +5%
2026-05-04 09:05,2026-05-04 09:06,199820,제일일렉트릭,ORB,40,19630,19270,-16173,-2.060,-1.39,"ORB5 고가 19,620 돌파 (범위 5.9%)","손절 (19,340)"
2026-05-04 09:05,2026-05-04 09:06,025860,남해화학,ORB,61,12820,12140,-43189,-5.523,-3.73,"ORB5 고가 12,680 돌파 (범위 7.8%)","손절 (12,630)"
2026-05-04 09:05,2026-05-04 09:08,050890,쏠리드,ORB,42,18760,18370,-18156,-2.304,-1.54,"ORB5 고가 18,660 돌파 (범위 6.3%)","손절 (18,480)"
2026-05-04 09:33,2026-05-04 09:36,050890,쏠리드,ORB,42,18670,19035,13497,1.721,1.15,"ORB5 고가 18,660 돌파 (범위 6.3%)","트레일링 (19,010)"
2026-05-04 10:17,2026-05-04 10:18,010170,대한광통신,VWAP눌림,116,17170,17200,-1107,-0.056,-0.11,"VWAP 17,065 재돌파, 직전봉 고가 17,130 돌파","본절 (17,210)"
2026-05-04 10:24,2026-05-04 10:31,050890,쏠리드,ORB,42,18750,18360,-18155,-2.305,-1.54,"ORB5 고가 18,660 돌파 (범위 6.3%)","손절 (18,470)"
2026-05-04 10:36,2026-05-04 10:38,018880,한온시스템,VWAP눌림,305,4795,4810,1202,0.082,0.11,"VWAP 4,777 재돌파, 직전봉 고가 4,775 돌파","본절 (4,810)"
2026-05-04 11:27,2026-05-04 11:28,018880,한온시스템,VWAP눌림,348,4820,4780,-17746,-1.058,-1.70,"VWAP 4,792 재돌파, 직전봉 고가 4,810 돌파","손절 (4,790)"
2026-05-04 11:32,2026-05-04 11:40,199820,제일일렉트릭,ORB,40,19820,20225,14343,1.809,1.24,"ORB5 고가 19,620 돌파 (범위 5.9%)","트레일링 (20,150)"
2026-05-04 11:37,2026-05-04 11:47,018880,한온시스템,VWAP눌림,271,4800,4755,-15160,-1.165,-1.40,"VWAP 4,792 재돌파, 직전봉 고가 4,785 돌파","손절 (4,760)"
2026-05-04 15:00,2026-05-06 09:01,010170,대한광통신,종가베팅,22,17930,18820,18634,4.724,1.60,"종가베팅: 등락 +18.3%, 고저범위 90% 위치, VWAP 17,304 위",목표 익절 +5%
2026-05-06 09:06,2026-05-06 09:06,066570,LG전자,ORB,5,154700,151700,-16746,-2.165,-1.46,"ORB5 고가 154,300 돌파 (범위 5.2%)","손절 (152,400)"
2026-05-06 09:06,2026-05-06 09:07,028260,삼성물산,ORB,2,354500,342500,-25578,-3.608,-2.56,"ORB5 고가 350,500 돌파 (범위 4.8%)","손절 (349,500)"
2026-05-06 09:05,2026-05-06 09:09,006340,대원전선,ORB,41,19080,20010.98,36291,4.639,3.16,"ORB5 고가 18,750 돌파 (범위 7.8%)",목표 익절 +4.0%
2026-05-06 09:14,2026-05-06 09:17,066570,LG전자,ORB,5,154500,152200,-13251,-1.715,-1.15,"ORB5 고가 154,300 돌파 (범위 5.2%)","손절 (152,200)"
2026-05-06 09:13,2026-05-06 09:17,028260,삼성물산,ORB,2,352000,346000,-13592,-1.931,-1.36,"ORB5 고가 350,500 돌파 (범위 4.8%)","손절 (347,000)"
2026-05-06 09:27,2026-05-06 09:30,066570,LG전자,ORB,5,154700,152400,-13254,-1.714,-1.15,"ORB5 고가 154,300 돌파 (범위 5.2%)","손절 (152,400)"
2026-05-06 09:23,2026-05-06 09:39,028260,삼성물산,ORB,2,351000,346000,-11592,-1.651,-1.16,"ORB5 고가 350,500 돌파 (범위 4.8%)","손절 (346,000)"
2026-05-06 10:37,2026-05-06 10:41,006910,보성파워텍,VWAP눌림,70,15310,15120,-15734,-1.468,-1.40,"VWAP 15,147 재돌파, 직전봉 고가 15,220 돌파","손절 (15,150)"
2026-05-06 12:48,2026-05-06 12:48,006910,보성파워텍,VWAP눌림,128,15520,15440,-14785,-0.744,-1.65,"VWAP 15,440 재돌파, 직전봉 고가 15,500 돌파","손절 (15,450)"
2026-05-06 13:27,2026-05-06 13:47,006910,보성파워텍,VWAP눌림,80,15460,15470,-2045,-0.165,-0.18,"VWAP 15,440 재돌파, 직전봉 고가 15,380 돌파","본절 (15,500)"
2026-05-06 15:10,2026-05-07 09:02,006910,보성파워텍,종가베팅,25,15990,16848.4,20498,5.128,1.74,"종가베팅: 등락 +11.4%, 고저범위 85% 위치, VWAP 15,505 위",목표 익절 +5%
2026-05-07 09:05,2026-05-07 09:06,034020,두산에너빌리티,ORB,5,139200,136700,-14073,-2.022,-1.41,"ORB5 고가 138,600 돌파 (범위 6.4%)","손절 (137,200)"
2026-05-07 09:32,2026-05-07 09:34,203650,드림시큐리티,ORB,182,4120,4200,12807,1.708,1.17,"ORB5 고가 4,090 돌파 (범위 9.8%)","트레일링 (4,195)"
2026-05-06 15:00,2026-05-07 10:00,086520,에코프로,종가베팅,2,162000,162600,455,0.140,0.05,"종가베팅: 등락 +4.4%, 고저범위 100% 위치, VWAP 158,876 위",익일 청산 시각 10:00
2026-05-07 09:58,2026-05-07 10:00,203650,드림시큐리티,ORB,182,4175,4085,-18090,-2.381,-1.66,"ORB5 고가 4,090 돌파 (범위 9.8%)","손절 (4,115)"
2026-05-07 15:00,2026-05-08 09:06,010140,삼성중공업,종가베팅,11,33450,32450,-11821,-3.213,-1.07,"종가베팅: 등락 +3.4%, 고저범위 94% 위치, VWAP 32,792 위","손절 (32,450)"
2026-05-08 09:13,2026-05-08 09:13,459510,나우로보틱스,ORB,19,36900,35500,-28155,-4.016,-2.69,"ORB5 고가 36,300 돌파 (범위 4.6%)","손절 (36,350)"
2026-05-08 12:05,2026-05-08 12:11,011210,현대위아,VWAP눌림,16,93100,93400,1365,0.092,0.14,"VWAP 92,389 재돌파, 직전봉 고가 93,000 돌파","본절 (93,400)"
2026-05-08 13:04,2026-05-08 13:24,011210,현대위아,VWAP눌림,9,93000,93000,-1924,-0.230,-0.18,"VWAP 92,464 재돌파, 직전봉 고가 92,500 돌파",타임스탑 20분
2026-05-08 13:45,2026-05-08 14:04,011210,현대위아,VWAP눌림,13,92600,92600,-2767,-0.230,-0.27,"VWAP 92,475 재돌파, 직전봉 고가 92,300 돌파","본절 (92,900)"
2026-05-08 14:22,2026-05-08 14:23,000270,기아,VWAP눌림,10,164900,163400,-18760,-1.138,-1.88,"VWAP 164,549 재돌파, 직전봉 고가 164,800 돌파","손절 (163,900)"
2026-05-08 15:00,2026-05-11 09:02,001440,대한전선,종가베팅,5,73100,74120,4252,1.163,0.40,"종가베팅: 등락 +13.9%, 고저범위 85% 위치, VWAP 70,233 위","트레일링 (74,700)"
2026-05-11 09:05,2026-05-11 09:06,010140,삼성중공업,ORB,21,34450,33950,-12139,-1.678,-1.16,"ORB5 고가 34,300 돌파 (범위 5.5%)","손절 (33,950)"
2026-05-11 09:06,2026-05-11 09:07,042660,한화오션,ORB,5,135900,133900,-11540,-1.698,-1.15,"ORB5 고가 135,700 돌파 (범위 3.9%)","손절 (133,900)"
2026-05-11 09:18,2026-05-11 09:26,010140,삼성중공업,ORB,21,34500,34600,431,0.059,0.04,"ORB5 고가 34,300 돌파 (범위 5.5%)","트레일링 (34,700)"
2026-05-11 09:48,2026-05-11 09:55,010140,삼성중공업,ORB,21,34450,33850,-14235,-1.968,-1.36,"ORB5 고가 34,300 돌파 (범위 5.5%)","손절 (33,950)"
2026-05-11 09:58,2026-05-11 10:01,336260,두산퓨얼셀,ORB,8,91900,93000,7092,0.965,0.68,"ORB5 고가 91,400 돌파 (범위 3.6%)","트레일링 (92,800)"
2026-05-11 10:15,2026-05-11 10:26,336260,두산퓨얼셀,ORB,8,91500,95200,27856,3.805,2.68,"ORB5 고가 91,400 돌파 (범위 3.6%)",목표 익절 +4.0%
2026-05-11 11:12,2026-05-11 11:17,000270,기아,VWAP눌림,11,173800,173100,-12079,-0.632,-1.57,"VWAP 172,779 재돌파, 직전봉 고가 173,400 돌파","손절 (173,100)"
2026-05-11 11:26,2026-05-11 11:46,000270,기아,VWAP눌림,4,173500,172600,-5187,-0.747,-0.50,"VWAP 172,798 재돌파, 직전봉 고가 173,400 돌파",타임스탑 20분
2026-05-11 11:55,2026-05-11 11:56,000270,기아,VWAP눌림,11,172800,173000,-2176,-0.114,-0.40,"VWAP 172,799 재돌파, 직전봉 고가 172,700 돌파","본절 (173,200)"
2026-05-12 09:09,2026-05-12 09:17,066570,LG전자,ORB,4,171900,174800,9997,1.454,1.00,"ORB5 고가 171,000 돌파 (범위 6.6%)","트레일링 (175,800)"
2026-05-12 11:46,2026-05-12 12:03,009150,삼성전기,VWAP눌림,1,958000,955000,-5196,-0.542,-0.65,"VWAP 952,694 재돌파, 직전봉 고가 956,000 돌파","본절 (961,000)"
2026-05-12 12:09,2026-05-12 12:09,079550,LIG디펜스앤에어로스페이스,VWAP눌림,2,884000,880000,-12049,-0.682,-1.51,"VWAP 882,992 재돌파, 직전봉 고가 882,000 돌파","손절 (880,000)"
2026-05-12 12:12,2026-05-12 12:32,009150,삼성전기,VWAP눌림,1,959000,958500,-2703,-0.282,-0.45,"VWAP 953,023 재돌파, 직전봉 고가 957,000 돌파",타임스탑 20분
2026-05-12 12:56,2026-05-12 12:58,009150,삼성전기,VWAP눌림,2,955000,951000,-12375,-0.648,-2.06,"VWAP 953,361 재돌파, 직전봉 고가 954,000 돌파","손절 (952,000)"
2026-05-13 09:06,2026-05-13 09:07,034220,LG디스플레이,ORB,55,13880,13530,-20963,-2.746,-1.91,"ORB5 고가 13,750 돌파 (범위 6.7%)","손절 (13,680)"
2026-05-13 09:47,2026-05-13 09:58,034220,LG디스플레이,ORB,55,13770,13892.18,4968,0.656,0.45,"ORB5 고가 13,750 돌파 (범위 6.7%)","트레일링 (13,910)"
2026-05-13 10:50,2026-05-13 11:00,000990,DB하이텍,VWAP눌림,5,175800,172800,-16988,-1.933,-1.62,"VWAP 174,030 재돌파, 직전봉 고가 175,200 돌파","손절 (173,700)"
2026-05-13 11:30,2026-05-13 11:42,000990,DB하이텍,VWAP눌림,7,174500,173000,-13286,-1.088,-1.36,"VWAP 174,010 재돌파, 직전봉 고가 174,200 돌파","손절 (173,100)"
2026-05-13 11:49,2026-05-13 11:50,000990,DB하이텍,VWAP눌림,7,174400,172600,-15380,-1.260,-1.46,"VWAP 174,017 재돌파, 직전봉 고가 174,000 돌파","손절 (172,900)"
2026-05-13 12:36,2026-05-13 12:43,011210,현대위아,VWAP눌림,20,96400,96700,1553,0.081,0.19,"VWAP 96,029 재돌파, 직전봉 고가 96,300 돌파","본절 (96,700)"
2026-05-13 13:31,2026-05-13 14:15,011210,현대위아,VWAP눌림,11,97500,97800,828,0.077,0.08,"VWAP 96,799 재돌파, 직전봉 고가 97,000 돌파","본절 (97,800)"
2026-05-14 09:07,2026-05-14 09:08,034220,LG디스플레이,ORB,50,14920,14690,-13190,-1.768,-1.20,"ORB5 고가 14,850 돌파 (범위 4.9%)","손절 (14,700)"
2026-05-14 09:31,2026-05-14 09:41,034220,LG디스플레이,ORB,50,15030,15500,21723,2.891,1.97,"ORB5 고가 14,850 돌파 (범위 4.9%)",목표 익절 +4.0%
2026-05-14 12:43,2026-05-14 12:44,064400,LG씨엔에스,VWAP눌림,23,83900,84100,153,0.008,0.02,"VWAP 83,409 재돌파, 직전봉 고가 83,800 돌파","본절 (84,100)"
2026-05-14 12:52,2026-05-14 12:55,064400,LG씨엔에스,VWAP눌림,19,83900,83900,-3666,-0.230,-0.39,"VWAP 83,414 재돌파, 직전봉 고가 83,800 돌파","본절 (84,100)"
2026-05-14 13:03,2026-05-14 13:53,064400,LG씨엔에스,VWAP눌림,19,84000,85547.37,25668,1.608,2.70,"VWAP 83,418 재돌파, 직전봉 고가 83,800 돌파","트레일링 (85,700)"
2026-05-14 15:00,2026-05-15 09:01,034220,LG디스플레이,종가베팅,24,15350,16045,15800,4.289,1.43,"종가베팅: 등락 +8.3%, 고저범위 79% 위치, VWAP 15,134 위",목표 익절 +5%
2026-05-15 09:05,2026-05-15 09:06,034220,LG디스플레이,ORB,44,16660,16120,-25393,-3.464,-2.31,"ORB5 고가 16,400 돌파 (범위 4.7%)","손절 (16,410)"
2026-05-15 09:05,2026-05-15 09:06,090360,로보스타,ORB,7,95700,92300,-25288,-3.775,-2.58,"ORB5 고가 95,200 돌파 (범위 9.2%)","손절 (94,300)"
2026-05-15 09:16,2026-05-15 09:21,034220,LG디스플레이,ORB,46,16520,16410,-6795,-0.894,-0.62,"ORB5 고가 16,400 돌파 (범위 4.7%)","트레일링 (16,590)"
2026-05-15 09:47,2026-05-15 09:49,090360,로보스타,ORB,7,95900,95500,-4337,-0.646,-0.44,"ORB5 고가 95,200 돌파 (범위 9.2%)","트레일링 (96,300)"
2026-05-14 15:00,2026-05-15 10:00,047810,한국항공우주,종가베팅,2,170400,171050,515,0.151,0.05,"종가베팅: 등락 +4.1%, 고저범위 75% 위치, VWAP 166,212 위",익일 청산 시각 10:00
2026-05-15 10:22,2026-05-15 10:23,090710,휴림로봇,VWAP눌림,77,14120,13980,-13256,-1.219,-1.23,"VWAP 14,042 재돌파, 직전봉 고가 14,100 돌파","손절 (13,980)"
2026-05-15 10:46,2026-05-15 10:49,090710,휴림로봇,VWAP눌림,52,14035,13800,-13871,-1.901,-1.24,"VWAP 14,024 재돌파, 직전봉 고가 13,970 돌파","손절 (13,820)"
2026-05-18 09:07,2026-05-18 09:08,036930,주성엔지니어링,ORB,4,165000,161500,-15487,-2.347,-1.61,"ORB5 고가 161,400 돌파 (범위 7.5%)","손절 (162,600)"
2026-05-18 09:12,2026-05-18 09:16,066430,아이로보틱스,ORB,191,3750,3905.21,27936,3.900,2.66,"ORB5 고가 3,675 돌파 (범위 8.1%)",목표 익절 +4.0%
2026-05-18 09:20,2026-05-18 09:20,036930,주성엔지니어링,ORB,4,162600,158100,-19455,-2.991,-2.03,"ORB5 고가 161,400 돌파 (범위 7.5%)","손절 (160,200)"
2026-05-18 09:22,2026-05-18 09:22,066430,아이로보틱스,ORB,191,3755,3650,-21660,-3.020,-2.06,"ORB5 고가 3,675 돌파 (범위 8.1%)","손절 (3,700)"
2026-05-18 09:23,2026-05-18 09:25,001740,SK네트웍스,ORB,76,9490,8900,-46401,-6.434,-4.36,"ORB5 고가 9,400 돌파 (범위 9.4%)","손절 (9,350)"
2026-05-18 09:34,2026-05-18 09:38,066430,아이로보틱스,ORB,191,3705,3650,-12109,-1.711,-1.15,"ORB5 고가 3,675 돌파 (범위 8.1%)","손절 (3,650)"
2026-05-19 09:05,2026-05-19 09:06,036930,주성엔지니어링,ORB,3,199300,189000,-32208,-5.387,-3.70,"ORB5 고가 198,700 돌파 (범위 7.3%)","손절 (196,400)"
2026-05-19 09:06,2026-05-19 09:07,440110,파두,ORB,7,104200,102600,-12852,-1.762,-1.22,"ORB5 고가 104,000 돌파 (범위 5.3%)","손절 (102,700)"
2026-05-19 09:32,2026-05-19 09:39,356680,엑스게이트,ORB,41,17660,17912.20,8655,1.195,0.81,"ORB5 고가 17,270 돌파 (범위 7.5%)","트레일링 (17,820)"
2026-05-19 12:00,2026-05-19 12:43,440110,파두,ORB,7,104200,105914.29,10300,1.412,0.98,"ORB5 고가 104,000 돌파 (범위 5.3%)","트레일링 (106,000)"
2026-05-19 15:00,2026-05-20 09:01,015760,한국전력,종가베팅,9,39400,38200,-11591,-3.269,-1.12,"종가베팅: 등락 +4.5%, 고저범위 87% 위치, VWAP 39,064 위","손절 (38,250)"
2026-05-20 09:18,2026-05-20 09:22,005950,이수화학,ORB,53,13590,13772.45,7994,1.110,0.75,"ORB5 고가 13,560 돌파 (범위 10.0%)","트레일링 (13,750)"
2026-05-20 09:23,2026-05-20 09:24,036930,주성엔지니어링,ORB,3,193500,190100,-11512,-1.983,-1.32,"ORB5 고가 191,500 돌파 (범위 8.3%)","손절 (190,600)"
2026-05-20 10:17,2026-05-20 10:28,005950,이수화학,ORB,53,13600,13190,-23340,-3.238,-2.20,"ORB5 고가 13,560 돌파 (범위 10.0%)","손절 (13,400)"
2026-05-20 10:51,2026-05-20 10:54,005950,이수화학,ORB,53,13600,13370,-13821,-1.917,-1.30,"ORB5 고가 13,560 돌파 (범위 10.0%)","손절 (13,400)"
2026-05-20 10:52,2026-05-20 10:55,001820,삼화콘덴서,VWAP눌림,7,72600,74114.29,9411,1.852,0.90,"VWAP 71,605 재돌파, 직전봉 고가 72,200 돌파","트레일링 (74,100)"
2026-05-20 11:39,2026-05-20 11:39,001820,삼화콘덴서,VWAP눌림,8,74000,72500,-13335,-2.253,-1.39,"VWAP 73,390 재돌파, 직전봉 고가 73,900 돌파","손절 (72,800)"
2026-05-20 11:45,2026-05-20 11:58,001820,삼화콘덴서,VWAP눌림,9,73500,74400,6563,0.992,0.66,"VWAP 73,386 재돌파, 직전봉 고가 73,200 돌파","트레일링 (74,100)"
2026-05-20 15:00,2026-05-21 09:02,082740,한화엔진,종가베팅,5,69800,74000,20156,5.775,2.02,"종가베팅: 등락 +7.1%, 고저범위 96% 위치, VWAP 66,968 위",목표 익절 +5%
2026-05-21 09:12,2026-05-21 09:13,017900,광전자,ORB,50,14250,13820,-23091,-3.241,-2.20,"ORB5 고가 13,900 돌파 (범위 5.1%)","손절 (14,040)"
2026-05-21 09:06,2026-05-21 09:25,066570,LG전자,ORB,2,195900,196500,298,0.076,0.03,"ORB5 고가 195,800 돌파 (범위 2.5%)","트레일링 (196,500)"
2026-05-21 09:44,2026-05-21 09:46,017900,광전자,ORB,50,14140,14470,14841,2.099,1.41,"ORB5 고가 13,900 돌파 (범위 5.1%)","트레일링 (14,420)"
2026-05-21 15:00,2026-05-22 09:01,222800,심텍,종가베팅,2,125500,120500,-10555,-4.205,-1.43,"종가베팅: 등락 +19.0%, 고저범위 80% 위치, VWAP 123,066 위","손절 (121,800)"
2026-05-22 09:06,2026-05-22 09:08,440110,파두,ORB,5,123000,120900,-11891,-1.933,-1.32,"ORB5 고가 122,300 돌파 (범위 5.1%)","손절 (121,200)"
2026-05-22 09:46,2026-05-22 10:06,440110,파두,ORB,5,123300,123100,-2415,-0.392,-0.27,"ORB5 고가 122,300 돌파 (범위 5.1%)",타임스탑 20분
2026-05-22 10:13,2026-05-22 10:23,036540,SFA반도체,VWAP눌림,93,9730,10130,35040,3.872,3.43,"VWAP 9,623 재돌파, 직전봉 고가 9,700 돌파",목표 익절 +4.0%
2026-05-22 10:15,2026-05-22 10:26,440110,파두,ORB,5,122800,121000,-10392,-1.693,-1.15,"ORB5 고가 122,300 돌파 (범위 5.1%)","손절 (121,000)"
2026-05-22 11:11,2026-05-22 11:13,036930,주성엔지니어링,VWAP눌림,6,197900,196000,-14106,-1.188,-1.57,"VWAP 197,673 재돌파, 직전봉 고가 197,500 돌파","손절 (196,400)"
2026-05-22 11:08,2026-05-22 11:27,036540,SFA반도체,VWAP눌림,74,10220,10575,24477,3.236,2.36,"VWAP 10,120 재돌파, 직전봉 고가 10,200 돌파",목표 익절 +4.0%
2026-05-22 11:19,2026-05-22 11:38,036930,주성엔지니어링,VWAP눌림,6,198500,201750,16720,1.404,1.64,"VWAP 197,669 재돌파, 직전봉 고가 197,900 돌파","트레일링 (201,000)"
2026-05-22 13:36,2026-05-22 13:56,068270,셀트리온,VWAP눌림,3,189787,189687,-1608,-0.282,-0.19,"VWAP 189,709 재돌파, 직전봉 고가 189,591 돌파",타임스탑 20분
2026-05-22 14:11,2026-05-22 14:35,036540,SFA반도체,VWAP눌림,101,10370,10400,616,0.059,0.06,"VWAP 10,334 재돌파, 직전봉 고가 10,310 돌파","본절 (10,400)"
2026-05-22 15:00,2026-05-26 09:01,440110,파두,종가베팅,2,127400,122200,-10962,-4.302,-1.44,"종가베팅: 등락 +9.1%, 고저범위 84% 위치, VWAP 123,643 위","손절 (123,600)"
2026-05-22 15:14,2026-05-26 09:03,078600,대주전자재료,종가베팅,2,156200,159050,4972,1.592,0.54,"종가베팅: 등락 +17.2%, 고저범위 76% 위치, VWAP 155,172 위","트레일링 (157,900)"
2026-05-26 09:06,2026-05-26 09:07,001740,SK네트웍스,ORB,74,9520,9210,-24510,-3.479,-2.37,"ORB5 고가 9,350 돌파 (범위 6.9%)","손절 (9,380)"
2026-05-26 09:05,2026-05-26 09:11,011790,SKC,ORB,4,155000,157300,7757,1.251,0.84,"ORB5 고가 153,700 돌파 (범위 3.3%)","트레일링 (156,600)"
2026-05-26 09:13,2026-05-26 09:19,001740,SK네트웍스,ORB,74,9550,9340,-17131,-2.424,-1.65,"ORB5 고가 9,350 돌파 (범위 6.9%)","손절 (9,410)"
2026-05-26 09:44,2026-05-26 09:45,011790,SKC,ORB,4,156000,153300,-12210,-1.957,-1.33,"ORB5 고가 153,700 돌파 (범위 3.3%)","손절 (153,700)"
2026-05-26 15:00,2026-05-27 09:01,353200,대덕전자,종가베팅,2,171500,180100,16375,4.774,1.61,"종가베팅: 등락 +13.3%, 고저범위 80% 위치, VWAP 167,351 위",목표 익절 +5%
2026-05-27 09:05,2026-05-27 09:06,440110,파두,ORB,5,125600,123100,-13917,-2.216,-1.55,"ORB5 고가 125,300 돌파 (범위 6.2%)","손절 (123,800)"
2026-05-27 09:12,2026-05-27 09:12,440110,파두,ORB,5,127400,124800,-14436,-2.266,-1.52,"ORB5 고가 125,300 돌파 (범위 6.2%)","손절 (125,500)"
2026-05-27 09:36,2026-05-27 09:44,440110,파두,ORB,5,125700,123400,-12920,-2.056,-1.44,"ORB5 고가 125,300 돌파 (범위 6.2%)","손절 (123,900)"
2026-05-27 10:32,2026-05-27 10:53,456010,아이씨티케이,VWAP눌림,14,37150,36350,-12371,-2.379,-1.26,"VWAP 36,761 재돌파, 직전봉 고가 36,850 돌파","손절 (36,450)"
2026-05-27 11:28,2026-05-27 11:40,456010,아이씨티케이,VWAP눌림,17,37350,36700,-12485,-1.966,-1.22,"VWAP 36,784 재돌파, 직전봉 고가 37,050 돌파","손절 (36,750)"
2026-05-27 12:32,2026-05-27 12:32,456010,아이씨티케이,VWAP눌림,31,36900,36500,-15003,-1.312,-1.61,"VWAP 36,778 재돌파, 직전봉 고가 36,750 돌파","손절 (36,600)"
2026-05-27 15:00,2026-05-27 15:06,064400,LG씨엔에스,종가베팅,3,94300,91400,-9331,-3.298,-1.11,"종가베팅: 등락 +13.6%, 고저범위 99% 위치, VWAP 85,966 위","손절 (91,500)"
2026-05-27 15:00,2026-05-28 09:01,009420,한올바이오파마,종가베팅,5,70900,67700,-16780,-4.733,-1.60,"종가베팅: 등락 +18.0%, 고저범위 84% 위치, VWAP 68,793 위","손절 (68,800)"
2026-05-28 09:06,2026-05-28 09:11,034220,LG디스플레이,ORB,45,15720,15670,-3871,-0.547,-0.37,"ORB5 고가 15,630 돌파 (범위 9.9%)","트레일링 (15,800)"
2026-05-28 09:15,2026-05-28 09:19,006660,삼성공조,ORB,40,17400,18115,26939,3.871,2.59,"ORB5 고가 17,060 돌파 (범위 9.0%)",목표 익절 +4.0%
2026-05-28 11:37,2026-05-28 11:43,001740,SK네트웍스,VWAP눌림,54,12440,12180,-15553,-2.315,-1.52,"VWAP 12,263 재돌파, 직전봉 고가 12,400 돌파","손절 (12,250)"
2026-05-28 12:06,2026-05-28 12:17,001740,SK네트웍스,VWAP눌림,57,12290,12070,-14123,-2.016,-1.38,"VWAP 12,257 재돌파, 직전봉 고가 12,240 돌파","손절 (12,110)"
2026-05-28 14:07,2026-05-28 14:10,001740,SK네트웍스,VWAP눌림,31,12260,11920,-11391,-2.997,-1.08,"VWAP 12,186 재돌파, 직전봉 고가 12,120 돌파","손절 (11,920)"
2026-05-29 09:06,2026-05-29 09:12,064400,LG씨엔에스,ORB,6,102400,106250,21639,3.522,2.40,"ORB5 고가 100,800 돌파 (범위 6.4%)",목표 익절 +4.0%
2026-05-28 15:13,2026-05-29 10:00,051910,LG화학,종가베팅,1,346500,347500,202,0.058,0.02,"종가베팅: 등락 +3.6%, 고저범위 89% 위치, VWAP 339,152 위",익일 청산 시각 10:00
2026-05-29 10:44,2026-05-29 10:49,034220,LG디스플레이,VWAP눌림,90,15570,15510,-8610,-0.614,-0.87,"VWAP 15,526 재돌파, 직전봉 고가 15,540 돌파","본절 (15,610)"
2026-05-29 11:13,2026-05-29 11:15,034220,LG디스플레이,VWAP눌림,64,15620,15410,-15708,-1.571,-1.53,"VWAP 15,547 재돌파, 직전봉 고가 15,570 돌파","손절 (15,460)"
2026-05-29 11:35,2026-05-29 11:46,034220,LG디스플레이,VWAP눌림,68,15540,15825,16910,1.600,1.66,"VWAP 15,539 재돌파, 직전봉 고가 15,470 돌파","트레일링 (15,800)"
2026-05-29 15:00,2026-06-01 09:01,034220,LG디스플레이,종가베팅,22,16170,17260,23112,6.497,2.19,"종가베팅: 등락 +12.1%, 고저범위 77% 위치, VWAP 15,886 위",목표 익절 +5%
2026-06-01 09:05,2026-06-01 09:06,011790,SKC,ORB,4,161800,159000,-12664,-1.957,-1.32,"ORB5 고가 160,300 돌파 (범위 7.2%)","손절 (159,400)"
2026-06-01 10:20,2026-06-01 10:26,003550,LG,VWAP눌림,5,174400,172000,-13979,-1.603,-1.47,"VWAP 174,213 재돌파, 직전봉 고가 174,000 돌파","손절 (172,500)"
2026-06-01 11:02,2026-06-01 11:28,003550,LG,VWAP눌림,3,174000,180233.33,17462,3.345,1.76,"VWAP 173,784 재돌파, 직전봉 고가 172,400 돌파",목표 익절 +4.0%
2026-06-01 13:56,2026-06-01 14:08,003550,LG,VWAP눌림,5,178000,176100,-11526,-1.295,-1.28,"VWAP 176,601 재돌파, 직전봉 고가 177,500 돌파","손절 (176,200)"
2026-06-01 14:22,2026-06-01 14:22,035720,카카오,VWAP눌림,19,44850,44250,-13334,-1.565,-1.40,"VWAP 44,595 재돌파, 직전봉 고가 44,650 돌파","손절 (44,350)"
2026-06-01 15:11,2026-06-02 09:03,007660,이수페타시스,종가베팅,2,139700,142550,5049,1.807,0.62,"종가베팅: 등락 +7.6%, 고저범위 84% 위치, VWAP 137,543 위","트레일링 (141,800)"
2026-06-02 09:05,2026-06-02 09:07,373220,LG에너지솔루션,ORB,1,494000,483000,-12112,-2.452,-1.73,"ORB5 고가 484,000 돌파 (범위 8.2%)","손절 (487,000)"
2026-06-02 09:13,2026-06-02 09:13,373220,LG에너지솔루션,ORB,1,486500,479500,-8102,-1.665,-1.16,"ORB5 고가 484,000 돌파 (범위 8.2%)","손절 (479,500)"
2026-06-02 09:32,2026-06-02 09:41,373220,LG에너지솔루션,ORB,1,485000,476000,-10095,-2.081,-1.44,"ORB5 고가 484,000 돌파 (범위 8.2%)","손절 (478,000)"
2026-06-02 09:40,2026-06-02 09:51,034220,LG디스플레이,ORB,41,17240,17553.66,11209,1.586,1.09,"ORB5 고가 16,970 돌파 (범위 6.1%)","트레일링 (17,530)"
2026-06-02 10:10,2026-06-02 10:12,034220,LG디스플레이,ORB,41,16980,16700,-13055,-1.875,-1.27,"ORB5 고가 16,970 돌파 (범위 6.1%)","손절 (16,730)"
2026-06-02 10:29,2026-06-02 10:37,043260,성호전자,ORB,15,44050,43100,-15738,-2.382,-1.61,"ORB5 고가 43,850 돌파 (범위 9.5%)","손절 (43,400)"
2026-06-02 10:31,2026-06-02 10:43,034220,LG디스플레이,ORB,41,17100,16830,-12658,-1.805,-1.23,"ORB5 고가 16,970 돌파 (범위 6.1%)","손절 (16,850)"
2026-06-02 11:20,2026-06-02 11:23,036930,주성엔지니어링,VWAP눌림,4,194100,197700,12585,1.621,1.50,"VWAP 193,765 재돌파, 직전봉 고가 192,900 돌파","트레일링 (197,600)"
2026-06-02 13:47,2026-06-02 14:06,036930,주성엔지니어링,VWAP눌림,5,195700,193700,-12228,-1.250,-1.22,"VWAP 194,772 재돌파, 직전봉 고가 194,200 돌파","손절 (193,700)"
2026-06-02 14:12,2026-06-02 14:39,036930,주성엔지니어링,VWAP눌림,7,195000,197457.14,14026,1.028,1.54,"VWAP 194,773 재돌파, 직전봉 고가 194,300 돌파","트레일링 (196,700)"
2026-06-04 09:05,2026-06-04 09:07,011790,SKC,ORB,4,157900,154300,-15820,-2.505,-1.72,"ORB5 고가 156,000 돌파 (범위 7.0%)","손절 (155,600)"
2026-06-04 09:07,2026-06-04 09:15,403870,HPSP,ORB,15,46300,45550,-12822,-1.846,-1.32,"ORB5 고가 46,150 돌파 (범위 5.5%)","손절 (45,650)"
2026-06-04 09:23,2026-06-04 09:50,403870,HPSP,ORB,15,46550,47410,11269,1.614,1.16,"ORB5 고가 46,150 돌파 (범위 5.5%)","트레일링 (47,400)"
2026-06-04 10:11,2026-06-04 10:13,011790,SKC,ORB,4,157300,154700,-11823,-1.879,-1.29,"ORB5 고가 156,000 돌파 (범위 7.0%)","손절 (155,000)"
2026-06-04 10:27,2026-06-04 10:28,000990,DB하이텍,VWAP눌림,9,179800,178500,-15395,-0.951,-1.71,"VWAP 178,465 재돌파, 직전봉 고가 179,400 돌파","손절 (178,800)"
2026-06-04 10:35,2026-06-04 10:44,000990,DB하이텍,VWAP눌림,7,179400,180000,1303,0.104,0.13,"VWAP 178,490 재돌파, 직전봉 고가 179,600 돌파","트레일링 (180,300)"
2026-06-04 11:01,2026-06-04 11:01,000990,DB하이텍,VWAP눌림,6,180100,177600,-17452,-1.615,-1.82,"VWAP 178,729 재돌파, 직전봉 고가 179,600 돌파","손절 (178,500)"
2026-06-04 11:51,2026-06-04 12:03,011790,SKC,ORB,4,156700,154100,-11818,-1.885,-1.28,"ORB5 고가 156,000 돌파 (범위 7.0%)","손절 (154,400)"
2026-06-04 15:10,2026-06-05 09:01,489790,한화비전,종가베팅,4,79200,74400,-19886,-6.277,-2.16,"종가베팅: 등락 +18.1%, 고저범위 82% 위치, VWAP 77,096 위","손절 (76,900)"
2026-06-04 15:00,2026-06-05 09:02,347850,디앤디파마텍,종가베팅,3,92600,92133.33,-2033,-0.732,-0.25,"종가베팅: 등락 +10.1%, 고저범위 79% 위치, VWAP 90,282 위","트레일링 (95,300)"
2026-06-05 09:10,2026-06-05 09:13,055550,신한지주,ORB,6,107000,108800,9302,1.449,0.97,"ORB5 고가 106,500 돌파 (범위 3.9%)","트레일링 (108,400)"
2026-06-05 09:09,2026-06-05 09:14,105560,KB금융,ORB,4,173000,170000,-13565,-1.960,-1.36,"ORB5 고가 172,200 돌파 (범위 3.0%)","트레일링 (173,500)"
2026-06-05 09:29,2026-06-05 09:30,105560,KB금융,ORB,4,172300,169800,-11562,-1.678,-1.16,"ORB5 고가 172,200 돌파 (범위 3.0%)","손절 (169,800)"
2026-06-05 09:28,2026-06-05 09:30,055550,신한지주,ORB,6,107000,105200,-12252,-1.908,-1.28,"ORB5 고가 106,500 돌파 (범위 3.9%)","손절 (105,400)"
2026-06-05 09:36,2026-06-05 09:56,055550,신한지주,ORB,6,106900,105600,-9258,-1.443,-0.96,"ORB5 고가 106,500 돌파 (범위 3.9%)",타임스탑 20분
2026-06-05 14:12,2026-06-05 14:13,011070,LG이노텍,VWAP눌림,1,1178000,1170000,-10691,-0.908,-1.78,"VWAP 1,170,218 재돌파, 직전봉 고가 1,176,000 돌파","손절 (1,172,000)"
2026-06-05 15:01,2026-06-08 09:01,178320,서진시스템,종가베팅,4,71800,64200,-30994,-10.792,-3.69,"종가베팅: 등락 +3.8%, 고저범위 91% 위치, VWAP 67,528 위","손절 (69,700)"
2026-06-08 10:52,2026-06-08 10:55,006220,제주은행,VWAP눌림,52,12020,11810,-12333,-1.973,-1.25,"VWAP 11,883 재돌파, 직전봉 고가 12,010 돌파","손절 (11,830)"
2026-06-08 11:00,2026-06-08 11:04,085620,미래에셋생명,VWAP눌림,37,19620,19280,-14221,-1.959,-1.42,"VWAP 19,464 재돌파, 직전봉 고가 19,410 돌파","손절 (19,350)"
2026-06-08 11:07,2026-06-08 11:11,010690,화신,VWAP눌림,61,10310,10150,-11184,-1.778,-1.15,"VWAP 10,228 재돌파, 직전봉 고가 10,230 돌파","손절 (10,150)"
2026-06-08 11:50,2026-06-08 12:00,010690,화신,VWAP눌림,58,10260,10090,-11206,-1.883,-1.14,"VWAP 10,219 재돌파, 직전봉 고가 10,110 돌파","손절 (10,090)"
2026-06-09 09:06,2026-06-09 09:10,036930,주성엔지니어링,ORB,3,197700,200500,7019,1.183,0.81,"ORB5 고가 197,600 돌파 (범위 3.1%)","트레일링 (202,500)"
2026-06-09 09:38,2026-06-09 09:39,036930,주성엔지니어링,ORB,3,199300,196400,-10055,-1.682,-1.16,"ORB5 고가 197,600 돌파 (범위 3.1%)","손절 (196,400)"
2026-06-09 09:52,2026-06-09 09:58,036930,주성엔지니어링,ORB,3,199400,196000,-11553,-1.931,-1.33,"ORB5 고가 197,600 돌파 (범위 3.1%)","손절 (196,500)"
2026-06-09 10:22,2026-06-09 10:44,079550,LIG디펜스앤에어로스페이스,VWAP눌림,1,740000,744000,2290,0.309,0.38,"VWAP 738,502 재돌파, 직전봉 고가 739,000 돌파","트레일링 (744,000)"
2026-06-09 10:57,2026-06-09 10:58,079550,LIG디펜스앤에어로스페이스,VWAP눌림,2,745000,741000,-11409,-0.766,-1.43,"VWAP 740,720 재돌파, 직전봉 고가 745,000 돌파","손절 (741,000)"
2026-06-09 11:08,2026-06-09 11:36,079550,LIG디펜스앤에어로스페이스,VWAP눌림,1,743000,745000,288,0.039,0.05,"VWAP 740,792 재돌파, 직전봉 고가 741,000 돌파","본절 (745,000)"
2026-06-09 11:40,2026-06-09 11:54,319660,피에스케이,VWAP눌림,11,135900,136100,-1242,-0.083,-0.14,"VWAP 134,815 재돌파, 직전봉 고가 135,600 돌파","본절 (136,300)"
2026-06-09 12:26,2026-06-09 12:29,017670,SK텔레콤,VWAP눌림,14,109400,108700,-13300,-0.868,-1.58,"VWAP 108,582 재돌파, 직전봉 고가 109,300 돌파","손절 (108,800)"
2026-06-09 12:58,2026-06-09 13:06,017670,SK텔레콤,VWAP눌림,10,109300,108400,-11493,-1.052,-1.28,"VWAP 108,555 재돌파, 직전봉 고가 108,700 돌파","손절 (108,400)"
2026-06-09 13:14,2026-06-09 13:26,017670,SK텔레콤,VWAP눌림,18,109000,109600,6266,0.319,1.16,"VWAP 108,569 재돌파, 직전봉 고가 109,000 돌파","트레일링 (109,600)"
2026-06-09 13:27,2026-06-09 13:54,319660,피에스케이,VWAP눌림,6,134800,138300,19097,2.361,2.27,"VWAP 134,975 재돌파, 직전봉 고가 134,500 돌파","트레일링 (138,200)"
2026-06-09 15:06,2026-06-10 09:01,000270,기아,종가베팅,2,165900,160500,-11539,-3.478,-1.18,"종가베팅: 등락 +9.2%, 고저범위 89% 위치, VWAP 162,907 위","손절 (161,000)"
2026-06-10 09:06,2026-06-10 09:08,093370,후성,ORB,44,15000,14700,-14689,-2.226,-1.52,"ORB5 고가 14,970 돌파 (범위 5.9%)","손절 (14,780)"
2026-06-10 09:10,2026-06-10 09:11,319660,피에스케이,ORB,4,154600,150100,-19382,-3.134,-2.11,"ORB5 고가 147,700 돌파 (범위 8.0%)","손절 (152,300)"
2026-06-10 09:57,2026-06-10 10:00,093370,후성,ORB,44,15000,15185,6608,1.001,0.68,"ORB5 고가 14,970 돌파 (범위 5.9%)","트레일링 (15,140)"
2026-06-10 11:20,2026-06-10 11:23,267260,HD현대일렉트릭,VWAP눌림,1,996000,991000,-7279,-0.731,-1.46,"VWAP 992,647 재돌파, 직전봉 고가 995,000 돌파","손절 (991,000)"
2026-06-10 11:30,2026-06-10 11:50,267260,HD현대일렉트릭,VWAP눌림,1,994000,990000,-6277,-0.631,-0.70,"VWAP 992,631 재돌파, 직전봉 고가 990,000 돌파",타임스탑 20분
2026-06-10 12:07,2026-06-10 12:13,267260,HD현대일렉트릭,VWAP눌림,2,996000,999000,1407,0.071,0.23,"VWAP 992,596 재돌파, 직전봉 고가 995,000 돌파","본절 (999,000)"
2026-06-10 13:35,2026-06-10 13:36,100090,SK오션플랜트,VWAP눌림,44,17060,16840,-11384,-1.517,-1.18,"VWAP 17,002 재돌파, 직전봉 고가 16,990 돌파","손절 (16,840)"
2026-06-10 13:51,2026-06-10 13:52,100090,SK오션플랜트,VWAP눌림,30,17070,16720,-11654,-2.276,-1.18,"VWAP 16,995 재돌파, 직전봉 고가 16,930 돌파","손절 (16,740)"
2026-06-10 14:26,2026-06-10 14:26,100090,SK오션플랜트,VWAP눌림,39,17100,16810,-12819,-1.922,-1.31,"VWAP 16,949 재돌파, 직전봉 고가 16,890 돌파","손절 (16,850)"
2026-06-11 09:17,2026-06-11 09:18,240810,원익IPS,ORB,5,122800,121000,-10392,-1.693,-1.15,"ORB5 고가 121,700 돌파 (범위 4.8%)","손절 (121,000)"
2026-06-11 15:00,2026-06-12 09:02,319400,현대무벡스,종가베팅,8,41150,41550,2439,0.741,0.25,"종가베팅: 등락 +16.1%, 고저범위 99% 위치, VWAP 38,196 위","트레일링 (41,600)"
2026-06-12 09:06,2026-06-12 09:08,001740,SK네트웍스,ORB,50,13180,12860,-17480,-2.653,-1.84,"ORB5 고가 12,830 돌파 (범위 8.6%)","손절 (12,990)"
2026-06-12 10:00,2026-06-12 10:04,240810,원익IPS,ORB,4,163700,166800,10869,1.660,1.13,"ORB5 고가 163,100 돌파 (범위 5.2%)","트레일링 (166,300)"
2026-06-15 09:06,2026-06-15 09:08,089030,테크윙,ORB,9,71000,71400,2124,0.332,0.24,"ORB5 고가 70,700 돌파 (범위 6.2%)","트레일링 (71,400)"
2026-06-15 09:05,2026-06-15 09:09,093370,후성,ORB,28,20700,20200,-15301,-2.640,-1.82,"ORB5 고가 19,990 돌파 (범위 5.5%)","손절 (20,400)"
2026-06-15 09:41,2026-06-15 09:43,089030,테크윙,ORB,9,71500,70500,-10460,-1.625,-1.16,"ORB5 고가 70,700 돌파 (범위 6.2%)","손절 (70,500)"
2026-06-15 09:41,2026-06-15 09:43,093370,후성,ORB,32,20100,19780,-11695,-1.818,-1.41,"ORB5 고가 19,990 돌파 (범위 5.5%)","손절 (19,840)"
2026-06-15 09:52,2026-06-15 09:56,093370,후성,ORB,32,20150,19840,-11380,-1.765,-1.37,"ORB5 고가 19,990 돌파 (범위 5.5%)","손절 (19,890)"
2026-06-15 11:18,2026-06-15 11:22,089030,테크윙,ORB,9,71000,69900,-11347,-1.776,-1.26,"ORB5 고가 70,700 돌파 (범위 6.2%)","손절 (70,000)"
2026-06-15 12:08,2026-06-15 12:35,015760,한국전력,VWAP눌림,40,41500,41300,-11800,-0.711,-1.48,"VWAP 41,366 재돌파, 직전봉 고가 41,500 돌파","손절 (41,300)"
2026-06-15 13:20,2026-06-15 13:40,015760,한국전력,VWAP눌림,33,41550,41350,-9738,-0.710,-1.18,"VWAP 41,365 재돌파, 직전봉 고가 41,400 돌파",타임스탑 20분
2026-06-16 09:07,2026-06-16 09:13,105560,KB금융,ORB,3,179600,176600,-10218,-1.896,-1.31,"ORB5 고가 177,800 돌파 (범위 5.0%)","손절 (177,000)"
2026-06-16 09:19,2026-06-16 09:34,105560,KB금융,ORB,3,178400,179500,2063,0.385,0.26,"ORB5 고가 177,800 돌파 (범위 5.0%)","트레일링 (179,700)"
2026-06-16 12:02,2026-06-16 12:06,009540,HD한국조선해양,VWAP눌림,3,445000,442500,-10554,-0.791,-1.76,"VWAP 442,851 재돌파, 직전봉 고가 444,500 돌파","손절 (443,000)"
2026-06-16 12:12,2026-06-16 12:32,009540,HD한국조선해양,VWAP눌림,1,444000,445500,477,0.107,0.07,"VWAP 442,902 재돌파, 직전봉 고가 445,000 돌파",타임스탑 20분
2026-06-16 13:12,2026-06-16 13:27,009540,HD한국조선해양,VWAP눌림,3,444000,441500,-10546,-0.792,-1.41,"VWAP 443,136 재돌파, 직전봉 고가 443,000 돌파","손절 (441,500)"
2026-06-16 13:35,2026-06-16 13:42,204320,HL만도,VWAP눌림,9,74700,75100,2048,0.305,0.25,"VWAP 73,955 재돌파, 직전봉 고가 74,100 돌파","트레일링 (75,100)"
2026-06-16 14:21,2026-06-16 14:23,004310,현대약품,VWAP눌림,71,8400,8529.15,7781,1.305,0.84,"VWAP 8,302 재돌파, 직전봉 고가 8,380 돌파","트레일링 (8,590)"
2026-06-16 15:00,2026-06-17 09:03,204320,HL만도,종가베팅,4,76200,77750,5489,1.801,0.62,"종가베팅: 등락 +7.9%, 고저범위 82% 위치, VWAP 74,212 위","트레일링 (77,900)"
2026-06-17 09:11,2026-06-17 09:12,403870,HPSP,ORB,9,70200,68400,-17617,-2.788,-1.96,"ORB5 고가 69,800 돌파 (범위 6.7%)","손절 (69,200)"
2026-06-17 09:06,2026-06-17 09:13,240810,원익IPS,ORB,3,170400,177700,20680,4.045,2.76,"ORB5 고가 169,000 돌파 (범위 6.2%)",목표 익절 +4.0%
2026-06-17 09:08,2026-06-17 09:13,042660,한화오션,ORB,4,136700,134600,-9638,-1.763,-1.20,"ORB5 고가 135,600 돌파 (범위 5.0%)","손절 (134,700)"
2026-06-17 09:48,2026-06-17 10:07,042660,한화오션,ORB,4,136500,139500,10723,1.964,1.34,"ORB5 고가 135,600 돌파 (범위 5.0%)","트레일링 (140,100)"
2026-06-18 09:05,2026-06-18 09:08,006340,대원전선,ORB,45,14060,13650,-19864,-3.140,-2.10,"ORB5 고가 13,940 돌파 (범위 9.1%)","손절 (13,850)"
2026-06-18 12:16,2026-06-18 12:19,093370,후성,VWAP눌림,49,18415,18160,-14542,-1.612,-1.52,"VWAP 18,212 재돌파, 직전봉 고가 18,330 돌파","손절 (18,220)"
2026-06-18 12:49,2026-06-18 12:55,093370,후성,VWAP눌림,109,18290,18579.17,26870,1.348,3.52,"VWAP 18,217 재돌파, 직전봉 고가 18,260 돌파","트레일링 (18,510)"
2026-06-18 13:19,2026-06-18 13:30,093370,후성,VWAP눌림,82,18380,18250,-14103,-0.936,-1.56,"VWAP 18,242 재돌파, 직전봉 고가 18,330 돌파","손절 (18,270)"
2026-06-18 15:00,2026-06-18 15:10,093370,후성,종가베팅,16,19450,18790,-11252,-3.616,-1.21,"종가베팅: 등락 +10.6%, 고저범위 93% 위치, VWAP 18,489 위","손절 (18,870)"
2026-06-19 10:16,2026-06-19 10:20,046970,우리로,VWAP눌림,54,8350,8470,5433,1.205,0.59,"VWAP 8,240 재돌파, 직전봉 고가 8,300 돌파","트레일링 (8,450)"
2026-06-19 10:31,2026-06-19 10:33,010690,화신,VWAP눌림,34,13550,13550,-1059,-0.230,-0.11,"VWAP 13,468 재돌파, 직전봉 고가 13,370 돌파","트레일링 (13,640)"
2026-06-19 10:49,2026-06-19 10:50,010690,화신,VWAP눌림,89,13540,13787.87,19243,1.597,2.16,"VWAP 13,489 재돌파, 직전봉 고가 13,510 돌파","트레일링 (13,880)"
2026-06-19 11:05,2026-06-19 11:15,046970,우리로,VWAP눌림,76,8330,8200,-11313,-1.787,-1.24,"VWAP 8,269 재돌파, 직전봉 고가 8,250 돌파","손절 (8,210)"
2026-06-19 11:21,2026-06-19 11:27,046970,우리로,VWAP눌림,65,8320,8180,-10323,-1.909,-1.13,"VWAP 8,269 재돌파, 직전봉 고가 8,280 돌파","손절 (8,180)"
2026-06-19 12:31,2026-06-19 12:32,010690,화신,VWAP눌림,44,14080,13870,-10643,-1.718,-1.15,"VWAP 14,025 재돌파, 직전봉 고가 13,970 돌파","손절 (13,870)"
2026-06-22 09:06,2026-06-22 09:07,001820,삼화콘덴서,ORB,3,181900,179100,-9635,-1.766,-1.19,"ORB5 고가 181,300 돌파 (범위 6.9%)","손절 (179,200)"
2026-06-22 12:45,2026-06-22 12:51,004710,한솔테크닉스,VWAP눌림,41,15400,15150,-11679,-1.850,-1.24,"VWAP 15,154 재돌파, 직전봉 고가 15,280 돌파","손절 (15,170)"
2026-06-22 12:59,2026-06-22 13:00,004710,한솔테크닉스,VWAP눌림,54,15310,15130,-11600,-1.403,-1.26,"VWAP 15,158 재돌파, 직전봉 고가 15,230 돌파","손절 (15,140)"
2026-06-22 13:08,2026-06-22 13:15,004710,한솔테크닉스,VWAP눌림,47,15330,15686.81,15081,2.093,1.60,"VWAP 15,158 재돌파, 직전봉 고가 15,210 돌파","트레일링 (15,650)"
2026-06-22 13:18,2026-06-22 13:26,080220,제주반도체,VWAP눌림,6,130500,130700,-602,-0.077,-0.07,"VWAP 129,204 재돌파, 직전봉 고가 129,800 돌파","본절 (130,900)"
2026-06-22 13:47,2026-06-22 13:56,080220,제주반도체,VWAP눌림,8,130000,130200,-795,-0.076,-0.09,"VWAP 129,254 재돌파, 직전봉 고가 129,500 돌파","본절 (130,300)"
2026-06-22 14:07,2026-06-22 14:13,080220,제주반도체,VWAP눌림,14,130100,130400,3,0.000,0.00,"VWAP 129,276 재돌파, 직전봉 고가 130,000 돌파","본절 (130,400)"
2026-06-22 15:00,2026-06-23 09:01,080220,제주반도체,종가베팅,2,132400,128500,-8391,-3.169,-1.08,"종가베팅: 등락 +15.8%, 고저범위 79% 위치, VWAP 129,388 위","손절 (128,500)"
2026-06-22 15:00,2026-06-23 09:02,000990,DB하이텍,종가베팅,1,171400,166000,-5781,-3.373,-1.13,"종가베팅: 등락 +11.7%, 고저범위 98% 위치, VWAP 164,986 위","손절 (166,300)"
2026-06-23 09:07,2026-06-23 09:07,122640,예스티,ORB,15,40350,39700,-11120,-1.837,-1.24,"ORB5 고가 40,250 돌파 (범위 5.0%)","손절 (39,750)"
2026-06-23 09:14,2026-06-23 09:15,122640,예스티,ORB,15,40400,39500,-14863,-2.453,-1.65,"ORB5 고가 40,250 돌파 (범위 5.0%)","손절 (39,800)"
2026-06-23 10:27,2026-06-23 10:30,290650,엘앤씨바이오,VWAP눌림,12,92104,92395,944,0.085,0.11,"VWAP 91,263 재돌파, 직전봉 고가 92,008 돌파","본절 (92,400)"
2026-06-23 13:23,2026-06-23 13:25,356680,엑스게이트,VWAP눌림,41,18590,18280,-14434,-1.894,-1.53,"VWAP 18,466 재돌파, 직전봉 고가 18,470 돌파","손절 (18,360)"
2026-06-23 13:34,2026-06-23 13:46,356680,엑스게이트,VWAP눌림,31,18610,18680,840,0.146,0.09,"VWAP 18,466 재돌파, 직전봉 고가 18,490 돌파","트레일링 (18,740)"
2026-06-24 09:14,2026-06-24 09:20,080220,제주반도체,ORB,5,120000,118200,-10360,-1.727,-1.15,"ORB5 고가 119,800 돌파 (범위 4.6%)","손절 (118,200)"
2026-06-24 10:02,2026-06-24 10:02,026940,부국철강,ORB,149,4210,4140,-11849,-1.889,-1.33,"ORB5 고가 4,200 돌파 (범위 7.1%)","손절 (4,150)"
2026-06-24 10:12,2026-06-24 10:15,026940,부국철강,ORB,149,4300,4220,-13367,-2.086,-1.50,"ORB5 고가 4,200 돌파 (범위 7.1%)","손절 (4,240)"
2026-06-24 11:57,2026-06-24 11:58,026940,부국철강,ORB,149,4315,4225,-14859,-2.311,-1.66,"ORB5 고가 4,200 돌파 (범위 7.1%)","손절 (4,255)"
2026-06-24 14:26,2026-06-24 14:27,028260,삼성물산,VWAP눌림,3,497000,493000,-15402,-1.033,-2.05,"VWAP 495,033 재돌파, 직전봉 고가 496,500 돌파","손절 (494,500)"
2026-06-24 15:00,2026-06-25 09:11,141080,리가켐바이오,종가베팅,2,153400,157350,7179,2.340,0.78,"종가베팅: 등락 +12.6%, 고저범위 92% 위치, VWAP 149,151 위","트레일링 (157,600)"
2026-06-25 09:36,2026-06-25 09:38,037710,광주신세계,ORB,12,49000,48100,-12128,-2.063,-1.44,"ORB5 고가 48,500 돌파 (범위 6.8%)","손절 (48,300)"
2026-06-25 10:01,2026-06-25 10:01,037710,광주신세계,ORB,12,48600,47600,-13314,-2.283,-1.58,"ORB5 고가 48,500 돌파 (범위 6.8%)","손절 (47,900)"
2026-06-25 10:29,2026-06-25 10:34,037710,광주신세계,ORB,12,48600,47750,-11518,-1.975,-1.37,"ORB5 고가 48,500 돌파 (범위 6.8%)","손절 (47,900)"
2026-06-25 10:38,2026-06-25 10:42,475150,SK이터닉스,VWAP눌림,21,44850,45000,978,0.104,0.12,"VWAP 44,811 재돌파, 직전봉 고가 44,700 돌파","본절 (45,000)"
2026-06-25 13:21,2026-06-25 13:29,000990,DB하이텍,VWAP눌림,7,158100,157000,-10228,-0.924,-1.33,"VWAP 157,945 재돌파, 직전봉 고가 157,800 돌파","손절 (157,000)"
2026-06-25 13:41,2026-06-25 14:02,000990,DB하이텍,VWAP눌림,10,158300,158700,351,0.022,0.04,"VWAP 157,937 재돌파, 직전봉 고가 158,000 돌파","본절 (158,700)"
2026-06-26 09:06,2026-06-26 09:07,037710,광주신세계,ORB,12,46700,45400,-16854,-3.007,-2.01,"ORB5 고가 46,350 돌파 (범위 5.8%)","손절 (46,000)"
2026-06-26 09:33,2026-06-26 09:38,037710,광주신세계,ORB,12,47250,48275,10973,1.935,1.31,"ORB5 고가 46,350 돌파 (범위 5.8%)","트레일링 (48,100)"
2026-06-26 10:02,2026-06-26 10:05,037710,광주신세계,ORB,12,46900,47000,-96,-0.017,-0.01,"ORB5 고가 46,350 돌파 (범위 5.8%)","본절 (47,050)"
2026-06-26 10:05,2026-06-26 10:13,003200,일신방직,ORB,59,10250,10170,-6100,-1.009,-0.69,"ORB5 고가 10,220 돌파 (범위 4.6%)","본절 (10,280)"
2026-06-26 10:32,2026-06-26 10:45,003200,일신방직,ORB,59,10240,10394.07,7683,1.272,0.87,"ORB5 고가 10,220 돌파 (범위 4.6%)","트레일링 (10,360)"
2026-06-26 11:44,2026-06-26 11:57,319660,피에스케이,VWAP눌림,2,189000,185200,-8451,-2.236,-1.17,"VWAP 186,267 재돌파, 직전봉 고가 187,600 돌파","손절 (185,400)"
2026-06-26 13:15,2026-06-26 13:17,319660,피에스케이,VWAP눌림,7,186600,186900,-907,-0.069,-0.12,"VWAP 186,182 재돌파, 직전봉 고가 186,200 돌파","본절 (187,100)"
2026-06-26 13:32,2026-06-26 13:35,319660,피에스케이,VWAP눌림,6,186800,185400,-10958,-0.978,-1.30,"VWAP 186,202 재돌파, 직전봉 고가 186,400 돌파","손절 (185,400)"
2026-06-29 09:06,2026-06-29 09:07,475150,SK이터닉스,ORB,12,49050,48350,-9735,-1.654,-1.16,"ORB5 고가 48,200 돌파 (범위 8.1%)","손절 (48,350)"
2026-06-29 09:06,2026-06-29 09:10,141080,리가켐바이오,ORB,3,160900,162400,3383,0.701,0.47,"ORB5 고가 157,700 돌파 (범위 4.6%)","트레일링 (162,900)"
2026-06-30 09:07,2026-06-30 09:08,240810,원익IPS,ORB,3,174300,171100,-10780,-2.062,-1.38,"ORB5 고가 174,200 돌파 (범위 6.2%)","손절 (171,700)"
2026-06-30 15:02,2026-07-01 09:05,080220,제주반도체,종가베팅,2,104500,101400,-6666,-3.189,-1.08,"종가베팅: 등락 +7.8%, 고저범위 95% 위치, VWAP 100,561 위","손절 (101,400)"
2026-07-01 09:09,2026-07-01 09:11,006340,대원전선,ORB,55,11130,11552.91,21804,3.562,2.48,"ORB5 고가 11,030 돌파 (범위 4.0%)",목표 익절 +4.0%
2026-07-01 10:20,2026-07-01 10:28,222800,심텍,VWAP눌림,5,157000,159020,8275,1.054,0.97,"VWAP 155,571 재돌파, 직전봉 고가 157,000 돌파","트레일링 (158,500)"
2026-07-01 12:10,2026-07-01 12:11,222800,심텍,VWAP눌림,11,155700,154800,-13816,-0.807,-1.79,"VWAP 155,638 재돌파, 직전봉 고가 155,400 돌파","손절 (155,000)"
2026-07-01 12:20,2026-07-01 12:25,222800,심텍,VWAP눌림,12,155700,155100,-11481,-0.614,-1.59,"VWAP 155,637 재돌파, 직전봉 고가 155,500 돌파","손절 (155,100)"
2026-07-01 12:35,2026-07-01 12:42,001820,삼화콘덴서,VWAP눌림,9,155100,155400,-515,-0.037,-0.06,"VWAP 154,056 재돌파, 직전봉 고가 154,600 돌파","본절 (155,500)"
2026-07-01 13:06,2026-07-01 13:07,001820,삼화콘덴서,VWAP눌림,12,155000,154200,-13856,-0.745,-1.92,"VWAP 154,110 재돌파, 직전봉 고가 154,800 돌파","손절 (154,400)"
2026-07-02 09:05,2026-07-02 09:06,037710,광주신세계,ORB,11,51000,50300,-8972,-1.599,-1.17,"ORB5 고가 49,700 돌파 (범위 9.8%)","손절 (50,300)"
2026-07-02 10:21,2026-07-02 10:26,006340,대원전선,VWAP눌림,36,13770,13790,-420,-0.085,-0.05,"VWAP 13,633 재돌파, 직전봉 고가 13,740 돌파","트레일링 (13,810)"
2026-07-03 09:12,2026-07-03 09:16,403870,HPSP,ORB,13,46300,45550,-11112,-1.846,-1.32,"ORB5 고가 46,200 돌파 (범위 5.4%)","손절 (45,650)"
2026-07-03 09:37,2026-07-03 09:43,403870,HPSP,ORB,13,46250,45550,-10462,-1.740,-1.24,"ORB5 고가 46,200 돌파 (범위 5.4%)","손절 (45,600)"
2026-07-03 10:08,2026-07-03 10:09,095500,미래나노텍,ORB,78,7940,7780,-13876,-2.241,-1.62,"ORB5 고가 7,900 돌파 (범위 3.7%)","손절 (7,830)"
2026-07-03 10:09,2026-07-03 10:39,068270,셀트리온,VWAP눌림,5,183100,181600,-9589,-1.047,-1.28,"VWAP 182,429 재돌파, 직전봉 고가 182,900 돌파","손절 (181,600)"
2026-07-03 11:23,2026-07-03 11:24,095500,미래나노텍,ORB,72,8190,8070,-9977,-1.692,-1.15,"ORB5 고가 7,900 돌파 (범위 3.7%)","손절 (8,070)"
2026-07-03 10:20,2026-07-03 11:44,403870,HPSP,ORB,13,46350,45550,-11762,-1.952,-1.39,"ORB5 고가 46,200 돌파 (범위 5.4%)","손절 (45,700)"
2026-07-03 12:29,2026-07-03 12:37,068270,셀트리온,VWAP눌림,10,183300,182800,-9204,-0.502,-1.84,"VWAP 182,429 재돌파, 직전봉 고가 183,100 돌파","손절 (182,800)"
2026-07-06 09:17,2026-07-06 09:17,006340,대원전선,ORB,43,13960,13750,-10390,-1.731,-1.21,"ORB5 고가 13,930 돌파 (범위 6.3%)","손절 (13,760)"
2026-07-06 15:00,2026-07-07 09:01,037710,광주신세계,종가베팅,6,45700,46575,4611,1.682,0.57,"종가베팅: 등락 +17.9%, 고저범위 83% 위치, VWAP 43,639 위","트레일링 (47,100)"
2026-07-06 15:00,2026-07-07 09:04,000270,기아,종가베팅,1,160900,156000,-5259,-3.268,-1.10,"종가베팅: 등락 +6.1%, 고저범위 86% 위치, VWAP 158,806 위","손절 (156,100)"
2026-07-07 09:05,2026-07-07 09:09,036930,주성엔지니어링,ORB,3,195400,191200,-13920,-2.375,-1.6,"ORB5 고가 194,000 돌파 (범위 9.2%)","손절 (192,500)"
2026-07-07 09:17,2026-07-07 09:18,037070,파세코,ORB,61,9730,9540,-12929,-2.178,-1.51,"ORB5 고가 9,590 돌파 (범위 7.6%)","손절 (9,590)"
2026-07-07 09:16,2026-07-07 09:19,036930,주성엔지니어링,ORB,3,194500,191500,-10322,-1.769,-1.19,"ORB5 고가 194,000 돌파 (범위 9.2%)","손절 (191,600)"
2026-07-07 12:58,2026-07-07 13:09,010950,S-Oil,VWAP눌림,10,125000,124500,-7863,-0.629,-0.98,"VWAP 124,230 재돌파, 직전봉 고가 124,800 돌파","본절 (125,300)"
2026-07-07 14:26,2026-07-07 14:50,010950,S-Oil,VWAP눌림,6,125000,126400,6659,0.888,0.85,"VWAP 124,483 재돌파, 직전봉 고가 124,700 돌파",장마감 강제청산
2026-07-07 15:00,2026-07-08 09:11,096770,SK이노베이션,종가베팅,2,103400,100000,-7261,-3.511,-1.17,"종가베팅: 등락 +6.9%, 고저범위 92% 위치, VWAP 100,398 위","손절 (100,300)"
2026-07-08 09:15,2026-07-08 09:23,066570,LG전자,ORB,3,195500,202333.33,19109,3.258,2.20,"ORB5 고가 194,200 돌파 (범위 4.2%)",목표 익절 +4.0%
2026-07-08 11:18,2026-07-08 11:21,058730,다스코,VWAP눌림,121,4195,4257.27,6354,1.252,0.75,"VWAP 4,177 재돌파, 직전봉 고가 4,175 돌파","트레일링 (4,235)"
2026-07-08 11:58,2026-07-08 12:00,058730,다스코,VWAP눌림,114,4245,4150,-11918,-2.463,-1.39,"VWAP 4,212 재돌파, 직전봉 고가 4,220 돌파","손절 (4,170)"
2026-07-08 12:44,2026-07-08 12:44,058730,다스코,VWAP눌림,152,4215,4750,79672,12.436,9.53,"VWAP 4,207 재돌파, 직전봉 고가 4,205 돌파",목표 익절 +4.0%
2026-07-08 15:09,2026-07-09 09:01,439090,마녀공장,종가베팅,16,17680,16540,-18850,-6.664,-2.22,"종가베팅: 등락 +6.1%, 고저범위 79% 위치, VWAP 16,904 위","손절 (17,150)"
2026-07-08 15:00,2026-07-09 09:01,010950,S-Oil,종가베팅,2,132700,128000,-9989,-3.764,-1.28,"종가베팅: 등락 +5.6%, 고저범위 81% 위치, VWAP 131,509 위","손절 (128,800)"
2026-07-09 09:07,2026-07-09 09:10,002990,금호건설,ORB,35,17040,16590,-17087,-2.865,-1.95,"ORB5 고가 16,700 돌파 (범위 7.7%)","손절 (16,790)"
2026-07-09 13:50,2026-07-09 13:53,002990,금호건설,ORB,35,16800,16360,-16718,-2.843,-1.91,"ORB5 고가 16,700 돌파 (범위 7.7%)","손절 (16,550)"
2026-07-09 15:00,2026-07-10 09:01,105560,KB금융,종가베팅,1,175000,174500,-901,-0.515,-0.17,"종가베팅: 등락 +3.1%, 고저범위 80% 위치, VWAP 172,996 위","트레일링 (177,300)"
2026-07-10 09:43,2026-07-10 09:49,240810,원익IPS,ORB,5,112300,113920,6794,1.210,0.85,"ORB5 고가 111,800 돌파 (범위 3.5%)","트레일링 (114,000)"
2026-07-10 12:02,2026-07-10 12:09,037710,광주신세계,VWAP눌림,26,45600,45700,-131,-0.011,-0.02,"VWAP 45,267 재돌파, 직전봉 고가 45,500 돌파","본절 (45,750)"
2026-07-10 12:36,2026-07-10 12:40,037710,광주신세계,VWAP눌림,16,45600,45100,-9660,-1.324,-1.21,"VWAP 45,282 재돌파, 직전봉 고가 45,500 돌파","손절 (45,100)"
2026-07-10 12:46,2026-07-10 12:48,037710,광주신세계,VWAP눌림,30,45600,45750,1345,0.098,0.18,"VWAP 45,283 재돌파, 직전봉 고가 45,550 돌파","본절 (45,750)"
2026-07-13 09:05,2026-07-13 09:06,087010,펩트론,ORB,4,120500,117700,-12283,-2.548,-1.71,"ORB5 고가 118,700 돌파 (범위 8.9%)","손절 (118,700)"
2026-07-13 09:05,2026-07-13 09:08,066570,LG전자,ORB,3,196800,197100,-458,-0.078,-0.05,"ORB5 고가 196,200 돌파 (범위 6.4%)","트레일링 (198,000)"
2026-07-13 09:10,2026-07-13 09:11,024060,흥구석유,ORB,50,11990,11710,-15347,-2.560,-1.81,"ORB5 고가 11,920 돌파 (범위 4.6%)","손절 (11,820)"
2026-07-13 09:18,2026-07-13 09:18,024060,흥구석유,ORB,48,12060,11880,-9951,-1.719,-1.15,"ORB5 고가 11,920 돌파 (범위 4.6%)","손절 (11,880)"
2026-07-10 15:00,2026-07-13 09:19,086520,에코프로,종가베팅,3,86400,87833.33,3698,1.427,0.49,"종가베팅: 등락 +9.0%, 고저범위 89% 위치, VWAP 84,553 위","트레일링 (87,800)"
2026-07-13 09:18,2026-07-13 09:22,087010,펩트론,ORB,5,119600,117700,-10854,-1.815,-1.28,"ORB5 고가 118,700 돌파 (범위 8.9%)","손절 (117,900)"
2026-07-13 10:02,2026-07-13 10:10,024060,흥구석유,ORB,50,11990,12125,5360,0.894,0.63,"ORB5 고가 11,920 돌파 (범위 4.6%)","트레일링 (12,140)"
2026-07-13 11:13,2026-07-13 11:24,240810,원익IPS,VWAP눌림,4,133400,135500,7157,1.341,0.89,"VWAP 133,472 재돌파, 직전봉 고가 132,500 돌파","트레일링 (134,700)"
2026-07-13 12:21,2026-07-13 12:23,240810,원익IPS,VWAP눌림,7,133900,132800,-9838,-1.050,-1.28,"VWAP 133,642 재돌파, 직전봉 고가 133,300 돌파","손절 (132,800)"
2026-07-13 15:00,2026-07-14 09:01,161890,한국콜마,종가베팅,2,116900,111800,-10715,-4.583,-1.53,"종가베팅: 등락 +9.6%, 고저범위 88% 위치, VWAP 114,676 위","손절 (113,400)"
2026-07-14 09:07,2026-07-14 09:12,024060,흥구석유,ORB,43,13710,13703.72,-1624,-0.275,-0.19,"ORB5 고가 13,590 돌파 (범위 6.8%)","트레일링 (13,820)"
2026-07-14 09:24,2026-07-14 09:25,024060,흥구석유,ORB,43,13610,13110,-22798,-3.896,-2.65,"ORB5 고가 13,590 돌파 (범위 6.8%)","손절 (13,410)"
2026-07-14 09:51,2026-07-14 10:02,036930,주성엔지니어링,ORB,3,193300,193100,-1930,-0.333,-0.22,"ORB5 고가 193,200 돌파 (범위 5.6%)","트레일링 (194,000)"
2026-07-14 11:33,2026-07-14 11:40,003680,한성기업,VWAP눌림,53,11100,10800,-17217,-2.927,-2.03,"VWAP 11,074 재돌파, 직전봉 고가 10,930 돌파","손절 (10,940)"
2026-07-14 12:16,2026-07-14 12:17,003680,한성기업,VWAP눌림,37,11140,10900,-9807,-2.379,-1.15,"VWAP 11,067 재돌파, 직전봉 고가 11,040 돌파","손절 (10,910)"
2026-07-14 14:01,2026-07-14 14:01,003680,한성기업,VWAP눌림,53,11110,10760,-19863,-3.373,-2.34,"VWAP 11,041 재돌파, 직전봉 고가 10,950 돌파","손절 (10,950)"
2026-07-15 09:15,2026-07-15 09:20,403870,HPSP,ORB,7,44450,44450,-714,-0.229,-0.09,"ORB5 고가 44,400 돌파 (범위 2.4%)","트레일링 (44,750)"
2026-07-15 09:23,2026-07-15 09:24,036930,주성엔지니어링,ORB,2,207500,202500,-10932,-2.634,-1.82,"ORB5 고가 205,500 돌파 (범위 3.4%)","손절 (204,500)"
2026-07-15 09:59,2026-07-15 10:02,036930,주성엔지니어링,ORB,2,207000,203500,-7937,-1.917,-1.32,"ORB5 고가 205,500 돌파 (범위 3.4%)","손절 (204,000)"
2026-07-15 10:24,2026-07-15 10:44,036930,주성엔지니어링,ORB,2,208500,207500,-2954,-0.708,-0.49,"ORB5 고가 205,500 돌파 (범위 3.4%)",타임스탑 20분
2026-07-15 13:57,2026-07-15 14:01,402340,SK스퀘어,VWAP눌림,1,1395000,1399000,784,0.056,0.11,"VWAP 1,391,537 재돌파, 직전봉 고가 1,393,000 돌파","본절 (1,399,000)"
2026-07-15 14:10,2026-07-15 14:11,240810,원익IPS,VWAP눌림,7,140100,138850,-10985,-1.120,-1.43,"VWAP 138,906 재돌파, 직전봉 고가 139,900 돌파","손절 (139,000)"
2026-07-15 15:00,2026-07-16 09:01,240810,원익IPS,종가베팅,2,142100,136500,-11828,-4.162,-1.41,"종가베팅: 등락 +11.8%, 고저범위 84% 위치, VWAP 138,940 위","손절 (137,900)"
2026-07-16 09:10,2026-07-16 09:12,004310,현대약품,ORB,73,7380,7584.25,13642,2.532,1.70,"ORB5 고가 7,350 돌파 (범위 9.5%)","트레일링 (7,570)"
2026-07-16 10:02,2026-07-16 10:05,096770,SK이노베이션,ORB,4,123200,120900,-10312,-2.093,-1.43,"ORB5 고가 122,900 돌파 (범위 5.0%)","손절 (121,400)"
2026-07-16 11:25,2026-07-16 11:45,096770,SK이노베이션,ORB,4,123300,123600,65,0.013,0.01,"ORB5 고가 122,900 돌파 (범위 5.0%)",타임스탑 20분
2026-07-16 13:20,2026-07-16 13:33,413630,씨피시스템,VWAP눌림,161,3470,3577.36,15965,2.858,1.98,"VWAP 3,433 재돌파, 직전봉 고가 3,460 돌파","트레일링 (3,560)"
2026-07-16 12:57,2026-07-16 14:50,096770,SK이노베이션,ORB,4,123100,123000,-1530,-0.311,-0.21,"ORB5 고가 122,900 돌파 (범위 5.0%)",장마감 강제청산
2026-07-20 09:56,2026-07-20 09:58,002990,금호건설,ORB,52,10960,10720,-13762,-2.415,-1.65,"ORB5 고가 10,800 돌파 (범위 5.9%)","손절 (10,800)"
2026-07-20 10:21,2026-07-20 10:23,049080,기가레인,VWAP눌림,29,12790,12500,-9244,-2.492,-1.10,"VWAP 12,644 재돌파, 직전봉 고가 12,620 돌파","손절 (12,500)"
2026-07-20 10:31,2026-07-20 10:34,049080,기가레인,VWAP눌림,52,12660,12805,6012,0.913,0.72,"VWAP 12,643 재돌파, 직전봉 고가 12,610 돌파","트레일링 (12,780)"
2026-07-20 10:34,2026-07-20 10:37,024060,흥구석유,ORB,42,13750,13510,-11385,-1.971,-1.36,"ORB5 고가 13,740 돌파 (범위 4.2%)","손절 (13,550)"
2026-07-20 10:44,2026-07-20 10:45,024060,흥구석유,ORB,42,13800,13580,-10551,-1.820,-1.26,"ORB5 고가 13,740 돌파 (범위 4.2%)","손절 (13,600)"
2026-07-20 13:03,2026-07-20 13:12,049080,기가레인,VWAP눌림,42,13370,13030,-15540,-2.767,-1.85,"VWAP 13,132 재돌파, 직전봉 고가 13,150 돌파","손절 (13,170)"
2026-07-20 13:49,2026-07-20 13:56,440110,파두,VWAP눌림,14,73900,73400,-9364,-0.905,-1.34,"VWAP 73,539 재돌파, 직전봉 고가 73,800 돌파","손절 (73,400)"
2026-07-20 13:56,2026-07-20 13:59,002990,금호건설,ORB,52,10820,10850,264,0.047,0.03,"ORB5 고가 10,800 돌파 (범위 5.9%)","본절 (10,850)"
2026-07-21 09:10,2026-07-21 09:11,440110,파두,ORB,7,74000,72900,-8873,-1.713,-1.15,"ORB5 고가 73,600 돌파 (범위 4.2%)","손절 (72,900)"
2026-07-21 09:27,2026-07-21 09:27,440110,파두,ORB,7,74500,72700,-13771,-2.641,-1.79,"ORB5 고가 73,600 돌파 (범위 4.2%)","손절 (73,400)"
2026-07-21 09:37,2026-07-21 09:47,440110,파두,ORB,7,74000,72800,-9572,-1.848,-1.24,"ORB5 고가 73,600 돌파 (범위 4.2%)","손절 (72,900)"
2026-07-21 11:07,2026-07-21 11:11,004310,현대약품,VWAP눌림,87,7290,7200,-9270,-1.462,-1.18,"VWAP 7,197 재돌파, 직전봉 고가 7,250 돌파","손절 (7,200)"
2026-07-21 11:52,2026-07-21 12:02,004310,현대약품,VWAP눌림,87,7290,7200,-9270,-1.462,-1.18,"VWAP 7,203 재돌파, 직전봉 고가 7,220 돌파","손절 (7,200)"
2026-07-21 15:00,2026-07-22 09:01,440110,파두,종가베팅,3,78000,79066.67,2658,1.136,0.39,"종가베팅: 등락 +8.8%, 고저범위 96% 위치, VWAP 74,685 위","트레일링 (79,200)"
2026-07-21 15:03,2026-07-22 09:02,006340,대원전선,종가베팅,24,11920,12485,12876,4.501,1.53,"종가베팅: 등락 +9.0%, 고저범위 84% 위치, VWAP 11,750 위",목표 익절 +5%
2026-07-22 09:05,2026-07-22 09:10,240810,원익IPS,ORB,4,129200,131450,7795,1.508,1.03,"ORB5 고가 127,400 돌파 (범위 4.9%)","트레일링 (131,300)"
2026-07-22 09:44,2026-07-22 09:46,006340,대원전선,ORB,43,12950,12600,-16297,-2.927,-1.99,"ORB5 고가 12,880 돌파 (범위 6.0%)","손절 (12,760)"
2026-07-22 10:14,2026-07-22 10:31,006340,대원전선,ORB,43,12900,12610,-13718,-2.473,-1.68,"ORB5 고가 12,880 돌파 (범위 6.0%)","손절 (12,710)"
2026-07-22 10:57,2026-07-22 11:17,006340,대원전선,ORB,43,12930,12770,-8143,-1.465,-1.00,"ORB5 고가 12,880 돌파 (범위 6.0%)",타임스탑 20분
2026-07-23 09:43,2026-07-23 09:44,006340,대원전선,ORB,41,13350,13000,-15577,-2.846,-1.90,"ORB5 고가 13,330 돌파 (범위 6.2%)","손절 (13,150)"
2026-07-23 09:53,2026-07-23 09:54,006340,대원전선,ORB,41,13400,13160,-11081,-2.017,-1.35,"ORB5 고가 13,330 돌파 (범위 6.2%)","손절 (13,200)"
2026-07-23 10:04,2026-07-23 10:07,006340,대원전선,ORB,41,13370,13130,-11078,-2.021,-1.35,"ORB5 고가 13,330 돌파 (범위 6.2%)","손절 (13,170)"
2026-07-23 13:22,2026-07-23 13:37,096770,SK이노베이션,VWAP눌림,8,126900,127100,-737,-0.073,-0.10,"VWAP 126,087 재돌파, 직전봉 고가 126,800 돌파","본절 (127,200)"
2026-07-23 15:00,2026-07-24 09:01,006340,대원전선,종가베팅,20,14070,13490,-12221,-4.343,-1.45,"종가베팅: 등락 +15.7%, 고저범위 96% 위치, VWAP 13,339 위","손절 (13,650)"
2026-07-23 15:04,2026-07-24 09:21,096770,SK이노베이션,종가베팅,2,130000,132600,4595,1.767,0.59,"종가베팅: 등락 +8.1%, 고저범위 98% 위치, VWAP 127,044 위","트레일링 (132,600)"
2026-07-24 11:41,2026-07-24 11:53,460930,현대힘스,VWAP눌림,42,15830,15590,-11586,-1.743,-1.45,"VWAP 15,708 재돌파, 직전봉 고가 15,820 돌파","본절 (15,870)"
2026-07-24 12:01,2026-07-24 12:04,460930,현대힘스,VWAP눌림,85,15830,15730,-11575,-0.860,-1.51,"VWAP 15,715 재돌파, 직전봉 고가 15,810 돌파","손절 (15,740)"
2026-07-24 12:10,2026-07-24 12:11,460930,현대힘스,VWAP눌림,85,15830,15730,-11575,-0.860,-1.51,"VWAP 15,715 재돌파, 직전봉 고가 15,790 돌파","손절 (15,740)"
2026-07-24 15:00,2026-07-27 09:02,460930,현대힘스,종가베팅,17,16110,15560,-9959,-3.636,-1.22,"종가베팅: 등락 +16.7%, 고저범위 78% 위치, VWAP 15,767 위","손절 (15,630)"
2026-07-27 09:07,2026-07-27 09:08,108860,셀바스AI,ORB,64,8510,8330,-12746,-2.340,-1.66,"ORB5 고가 8,480 돌파 (범위 7.6%)","손절 (8,390)"
2026-07-27 09:17,2026-07-27 09:19,036930,주성엔지니어링,ORB,3,151300,148700,-8826,-1.944,-1.34,"ORB5 고가 150,800 돌파 (범위 4.0%)","손절 (149,100)"
2026-07-27 09:26,2026-07-27 09:37,036930,주성엔지니어링,ORB,3,150900,148600,-7924,-1.750,-1.20,"ORB5 고가 150,800 돌파 (범위 4.0%)","손절 (148,700)"
2026-07-24 15:00,2026-07-27 09:48,138040,메리츠금융지주,종가베팅,2,122700,125850,5726,2.333,0.80,"종가베팅: 등락 +5.1%, 고저범위 95% 위치, VWAP 121,305 위","트레일링 (126,000)"
2026-07-27 10:39,2026-07-27 10:43,207940,삼성바이오로직스,VWAP눌림,1,1552500,1544000,-12051,-0.776,-1.61,"VWAP 1,544,936 재돌파, 직전봉 고가 1,551,000 돌파","손절 (1,545,000)"
2026-07-27 10:59,2026-07-27 11:31,207940,삼성바이오로직스,VWAP눌림,1,1546000,1549000,-561,-0.036,-0.09,"VWAP 1,544,938 재돌파, 직전봉 고가 1,546,000 돌파","본절 (1,550,000)"
2026-07-27 12:37,2026-07-27 12:43,207940,삼성바이오로직스,VWAP눌림,1,1548000,1552000,432,0.028,0.09,"VWAP 1,546,551 재돌파, 직전봉 고가 1,546,000 돌파","본절 (1,552,000)"
2026-07-27 15:00,2026-07-28 09:01,036930,주성엔지니어링,종가베팅,1,151100,137600,-13817,-9.144,-3.07,"종가베팅: 등락 +7.1%, 고저범위 80% 위치, VWAP 148,189 위","손절 (146,600)"
2026-07-27 15:00,2026-07-28 09:03,240810,원익IPS,종가베팅,2,105100,95200,-20239,-9.628,-3.26,"종가베팅: 등락 +4.5%, 고저범위 89% 위치, VWAP 102,804 위","손절 (102,000)"
2026-07-28 10:38,2026-07-28 10:45,333430,일승,VWAP눌림,119,4345,4270,-10094,-1.952,-1.30,"VWAP 4,298 재돌파, 직전봉 고가 4,225 돌파","손절 (4,280)"
2026-07-28 10:51,2026-07-28 10:59,333430,일승,VWAP눌림,87,4335,4427.24,7144,1.894,0.91,"VWAP 4,300 재돌파, 직전봉 고가 4,300 돌파","트레일링 (4,425)"
2026-07-28 11:15,2026-07-28 11:19,333430,일승,VWAP눌림,111,4360,4375,550,0.114,0.07,"VWAP 4,307 재돌파, 직전봉 고가 4,320 돌파","트레일링 (4,385)"
2026-07-28 15:03,2026-07-29 09:02,332570,PS일렉트로닉스,종가베팅,36,7610,7765,4942,1.804,0.62,"종가베팅: 등락 +5.0%, 고저범위 75% 위치, VWAP 7,517 위","트레일링 (7,810)"
2026-07-29 11:29,2026-07-29 11:33,003230,삼양식품,VWAP눌림,1,1277000,1280000,57,0.004,0.01,"VWAP 1,274,074 재돌파, 직전봉 고가 1,276,000 돌파","본절 (1,280,000)"
2026-07-29 15:00,2026-07-30 09:01,058610,에스피지,종가베팅,3,79400,85300,17116,7.186,2.48,"종가베팅: 등락 +18.7%, 고저범위 78% 위치, VWAP 76,787 위",목표 익절 +5%
2026-07-30 09:11,2026-07-30 09:14,475150,SK이터닉스,ORB,11,47650,46950,-8887,-1.696,-1.15,"ORB5 고가 46,800 돌파 (범위 8.1%)","손절 (46,950)"
2026-07-30 09:19,2026-07-30 09:20,475150,SK이터닉스,ORB,11,47400,46550,-10528,-2.019,-1.37,"ORB5 고가 46,800 돌파 (범위 8.1%)","손절 (46,700)"
2026-07-30 13:46,2026-07-30 13:49,009540,HD한국조선해양,VWAP눌림,3,367500,368000,-1038,-0.094,-0.17,"VWAP 365,032 재돌파, 직전봉 고가 367,000 돌파","본절 (368,500)"
2026-07-30 14:05,2026-07-30 14:09,009540,HD한국조선해양,VWAP눌림,3,367500,368000,-1038,-0.094,-0.17,"VWAP 365,198 재돌파, 직전봉 고가 367,000 돌파","본절 (368,500)"
2026-07-31 09:06,2026-07-31 09:07,475150,SK이터닉스,ORB,11,48300,46600,-19880,-3.742,-2.58,"ORB5 고가 47,950 돌파 (범위 7.4%)","손절 (47,600)"
2026-07-31 09:12,2026-07-31 09:13,036930,주성엔지니어링,ORB,4,122600,120500,-9509,-1.939,-1.32,"ORB5 고가 121,400 돌파 (범위 6.1%)","손절 (120,800)"
2026-07-31 09:13,2026-07-31 09:15,475150,SK이터닉스,ORB,11,49100,47750,-16059,-2.973,-2.09,"ORB5 고가 47,950 돌파 (범위 7.4%)","손절 (48,400)"
2026-07-31 09:26,2026-07-31 09:33,475150,SK이터닉스,ORB,11,48550,47500,-12753,-2.388,-1.66,"ORB5 고가 47,950 돌파 (범위 7.4%)","손절 (47,850)"
2026-07-31 10:11,2026-07-31 10:34,002990,금호건설,VWAP눌림,43,10060,9850,-10004,-2.313,-1.29,"VWAP 10,011 재돌파, 직전봉 고가 10,000 돌파","손절 (9,880)"
2026-08-03 09:46,2026-08-03 09:50,058610,에스피지,ORB,5,104100,104400,300,0.058,0.04,"ORB5 고가 103,500 돌파 (범위 5.7%)","트레일링 (104,600)"
2026-08-03 10:14,2026-08-03 10:16,036930,주성엔지니어링,VWAP눌림,4,127600,125700,-8756,-1.716,-1.29,"VWAP 126,018 재돌파, 직전봉 고가 126,800 돌파","손절 (125,900)"
2026-08-03 10:02,2026-08-03 10:19,058610,에스피지,ORB,5,103600,106860,15076,2.910,2.01,"ORB5 고가 103,500 돌파 (범위 5.7%)",목표 익절 +4.0%
2026-08-03 10:22,2026-08-03 10:42,036930,주성엔지니어링,VWAP눌림,3,127400,127300,-1177,-0.308,-0.16,"VWAP 126,026 재돌파, 직전봉 고가 125,700 돌파",타임스탑 20분
2026-08-03 10:51,2026-08-03 11:01,036930,주성엔지니어링,VWAP눌림,9,127200,127500,62,0.005,0.01,"VWAP 126,122 재돌파, 직전봉 고가 126,800 돌파","본절 (127,500)"
2026-08-03 13:48,2026-08-03 14:08,108860,셀바스AI,VWAP눌림,67,9240,9170,-6102,-0.986,-0.83,"VWAP 9,127 재돌파, 직전봉 고가 9,200 돌파",타임스탑 20분
2026-08-03 14:02,2026-08-03 14:08,214450,파마리서치,VWAP눌림,1,371500,367500,-4845,-1.304,-1.21,"VWAP 367,125 재돌파, 직전봉 고가 370,000 돌파","손절 (367,500)"
2026-08-03 14:21,2026-08-03 14:27,214450,파마리서치,VWAP눌림,2,370000,371000,294,0.040,0.06,"VWAP 367,210 재돌파, 직전봉 고가 369,500 돌파","본절 (371,000)"
2026-08-03 14:23,2026-08-03 14:33,108860,셀바스AI,VWAP눌림,116,9200,9590,42690,4.000,6.13,"VWAP 9,129 재돌파, 직전봉 고가 9,190 돌파",목표 익절 +4.0%
2026-08-03 15:05,2026-08-04 09:01,475150,SK이터닉스,종가베팅,5,46950,49250,10937,4.659,1.56,"종가베팅: 등락 +3.3%, 고저범위 78% 위치, VWAP 46,057 위",목표 익절 +5%
2026-08-03 15:00,2026-08-04 09:01,108860,셀바스AI,종가베팅,27,9750,11440,44928,17.067,5.74,"종가베팅: 등락 +12.2%, 고저범위 96% 위치, VWAP 9,269 위",목표 익절 +5%
2026-08-04 09:05,2026-08-04 09:06,006340,대원전선,ORB,35,15080,14860,-8897,-1.686,-1.16,"ORB5 고가 14,820 돌파 (범위 6.2%)","손절 (14,860)"
2026-08-04 15:00,2026-08-05 09:01,036930,주성엔지니어링,종가베팅,2,136100,145800,18734,6.882,2.34,"종가베팅: 등락 +6.5%, 고저범위 98% 위치, VWAP 131,943 위",목표 익절 +5%
2026-08-05 09:07,2026-08-05 09:08,304100,솔트룩스,ORB,27,19930,19450,-14168,-2.633,-1.81,"ORB5 고가 19,870 돌파 (범위 5.2%)","손절 (19,640)"
2026-08-05 09:06,2026-08-05 09:10,006340,대원전선,ORB,34,15490,15210,-10709,-2.033,-1.37,"ORB5 고가 15,380 돌파 (범위 7.3%)","손절 (15,260)"
2026-08-05 09:39,2026-08-05 10:20,047040,대우건설,ORB,33,16210,15970,-9133,-1.707,-1.15,"ORB5 고가 16,100 돌파 (범위 6.9%)","손절 (15,970)"
2026-08-05 11:21,2026-08-05 11:41,047040,대우건설,ORB,33,16110,16020,-4185,-0.787,-0.53,"ORB5 고가 16,100 돌파 (범위 6.9%)",타임스탑 20분
2026-08-05 15:00,2026-08-06 09:01,036930,주성엔지니어링,종가베팅,1,144000,138000,-6317,-4.387,-1.47,"종가베팅: 등락 +5.8%, 고저범위 80% 위치, VWAP 140,775 위","손절 (139,700)"
2026-08-06 09:55,2026-08-06 09:56,476060,온코닉테라퓨틱스,ORB,37,14190,13890,-12282,-2.339,-1.58,"ORB5 고가 13,860 돌파 (범위 3.3%)","손절 (13,980)"
2026-08-06 11:00,2026-08-06 11:26,476060,온코닉테라퓨틱스,ORB,39,13880,14082.82,6650,1.228,0.85,"ORB5 고가 13,860 돌파 (범위 3.3%)","트레일링 (14,000)"
2026-08-06 12:37,2026-08-06 12:40,006360,GS건설,VWAP눌림,18,33200,32800,-8557,-1.432,-1.19,"VWAP 32,753 재돌파, 직전봉 고가 33,050 돌파","손절 (32,800)"
2026-08-06 13:57,2026-08-06 13:58,006360,GS건설,VWAP눌림,27,33150,32850,-10140,-1.133,-1.50,"VWAP 32,876 재돌파, 직전봉 고가 33,000 돌파","손절 (32,900)"
2026-08-06 14:05,2026-08-06 14:07,006360,GS건설,VWAP눌림,33,33100,33200,782,0.072,0.12,"VWAP 32,878 재돌파, 직전봉 고가 33,050 돌파","본절 (33,200)"
2026-08-06 15:00,2026-08-07 09:01,086520,에코프로,종가베팅,3,84800,88700,11093,4.360,1.48,"종가베팅: 등락 +3.5%, 고저범위 84% 위치, VWAP 83,245 위",목표 익절 +5%
2026-08-07 09:05,2026-08-07 09:07,073240,금호타이어,ORB,63,8300,8150,-10631,-2.033,-1.41,"ORB5 고가 8,280 돌파 (범위 7.3%)","손절 (8,180)"
2026-08-07 09:07,2026-08-07 09:07,322000,HD현대에너지솔루션,ORB,3,148200,145900,-7906,-1.778,-1.20,"ORB5 고가 147,800 돌파 (범위 6.4%)","손절 (146,000)"
2026-08-07 09:14,2026-08-07 09:14,322000,HD현대에너지솔루션,ORB,3,152800,150000,-9435,-2.058,-1.43,"ORB5 고가 147,800 돌파 (범위 6.4%)","손절 (150,600)"
2026-08-07 09:18,2026-08-07 09:21,073240,금호타이어,ORB,63,8380,8250,-9385,-1.778,-1.24,"ORB5 고가 8,280 돌파 (범위 7.3%)","본절 (8,400)"
2026-08-07 10:18,2026-08-07 10:24,017900,광전자,VWAP눌림,48,7980,8150,7264,1.896,0.95,"VWAP 7,960 재돌파, 직전봉 고가 7,950 돌파","트레일링 (8,150)"
2026-08-07 10:56,2026-08-07 10:58,017900,광전자,VWAP눌림,63,8020,7900,-8704,-1.723,-1.15,"VWAP 7,998 재돌파, 직전봉 고가 7,980 돌파","손절 (7,900)"
2026-08-07 11:06,2026-08-07 11:08,017900,광전자,VWAP눌림,68,8100,7930,-12800,-2.324,-1.71,"VWAP 7,998 재돌파, 직전봉 고가 8,050 돌파","손절 (7,990)"
2026-08-07 11:09,2026-08-07 11:10,066570,LG전자,VWAP눌림,10,182100,181200,-13168,-0.723,-1.88,"VWAP 181,470 재돌파, 직전봉 고가 181,800 돌파","손절 (181,400)"
2026-08-07 11:18,2026-08-07 11:22,066570,LG전자,VWAP눌림,6,182500,181300,-9702,-0.886,-1.35,"VWAP 181,482 재돌파, 직전봉 고가 182,000 돌파","손절 (181,300)"
2026-08-10 09:09,2026-08-10 09:10,017900,광전자,ORB,57,9130,9000,-8590,-1.651,-1.16,"ORB5 고가 8,900 돌파 (범위 9.9%)","손절 (9,000)"
2026-08-10 09:14,2026-08-10 09:24,010170,대한광통신,ORB,42,12520,12775,9480,1.803,1.25,"ORB5 고가 12,510 돌파 (범위 6.5%)","트레일링 (12,780)"
2026-08-10 09:18,2026-08-10 09:29,062040,산일전기,ORB,2,181000,184300,5755,1.590,1.07,"ORB5 고가 180,000 돌파 (범위 6.4%)","트레일링 (183,600)"
2026-08-10 09:46,2026-08-10 10:07,062040,산일전기,ORB,2,182300,178900,-7622,-2.091,-1.41,"ORB5 고가 180,000 돌파 (범위 6.4%)","손절 (179,600)"
2026-08-11 09:14,2026-08-11 09:14,241710,코스메카코리아,ORB,4,109500,105000,-18968,-4.331,-2.96,"ORB5 고가 109,400 돌파 (범위 6.8%)","손절 (107,900)"
2026-08-11 09:23,2026-08-11 09:26,241710,코스메카코리아,ORB,4,109500,109500,-1006,-0.230,-0.16,"ORB5 고가 109,400 돌파 (범위 6.8%)","트레일링 (110,200)"
2026-08-11 09:37,2026-08-11 09:52,241710,코스메카코리아,ORB,4,110500,108000,-10994,-2.487,-1.72,"ORB5 고가 109,400 돌파 (범위 6.8%)","손절 (108,900)"
2026-08-10 15:00,2026-08-11 10:00,042660,한화오션,종가베팅,2,93900,91800,-4622,-2.461,-0.83,"종가베팅: 등락 +4.4%, 고저범위 95% 위치, VWAP 92,369 위",익일 청산 시각 10:00
2026-08-11 11:04,2026-08-11 11:05,336260,두산퓨얼셀,VWAP눌림,16,36300,35600,-12511,-2.154,-1.74,"VWAP 35,965 재돌파, 직전봉 고가 36,100 돌파","손절 (35,850)"
2026-08-11 11:38,2026-08-11 11:38,336260,두산퓨얼셀,VWAP눌림,32,36000,35800,-9034,-0.784,-1.41,"VWAP 35,957 재돌파, 직전봉 고가 35,900 돌파","손절 (35,800)"
2026-08-11 12:14,2026-08-11 12:34,090460,비에이치,VWAP눌림,23,17700,17580,-3689,-0.906,-0.47,"VWAP 17,438 재돌파, 직전봉 고가 17,440 돌파",타임스탑 20분
2026-08-12 09:05,2026-08-12 09:08,006340,대원전선,ORB,33,15490,15220,-10065,-1.969,-1.33,"ORB5 고가 15,480 돌파 (범위 3.1%)","손절 (15,260)"
2026-08-12 09:14,2026-08-12 09:15,006340,대원전선,ORB,33,15690,15440,-9422,-1.820,-1.24,"ORB5 고가 15,480 돌파 (범위 3.1%)","손절 (15,460)"
2026-08-12 09:49,2026-08-12 10:35,006340,대원전선,ORB,33,15510,15777.58,7636,1.492,1.01,"ORB5 고가 15,480 돌파 (범위 3.1%)","트레일링 (15,730)"
2026-08-12 10:43,2026-08-12 10:50,257720,실리콘투,VWAP눌림,7,45450,47250,11843,3.722,1.78,"VWAP 44,740 재돌파, 직전봉 고가 45,250 돌파",목표 익절 +4.0%
2026-08-12 11:41,2026-08-12 11:51,257720,실리콘투,VWAP눌림,13,45700,45850,580,0.098,0.08,"VWAP 45,543 재돌파, 직전봉 고가 45,450 돌파","본절 (45,850)"
2026-08-12 12:36,2026-08-12 12:59,257720,실리콘투,VWAP눌림,31,45800,45950,1377,0.097,0.22,"VWAP 45,580 재돌파, 직전봉 고가 45,800 돌파","본절 (45,950)"
2026-08-12 15:00,2026-08-13 09:01,006340,대원전선,종가베팅,16,15980,15410,-9687,-3.789,-1.29,"종가베팅: 등락 +10.1%, 고저범위 91% 위치, VWAP 15,628 위","손절 (15,510)"
2026-08-13 09:05,2026-08-13 09:06,073240,금호타이어,ORB,66,7890,7780,-8441,-1.621,-1.16,"ORB5 고가 7,790 돌파 (범위 5.6%)","손절 (7,780)"
2026-08-13 09:05,2026-08-13 09:07,001820,삼화콘덴서,ORB,5,97400,95900,-8603,-1.767,-1.23,"ORB5 고가 96,200 돌파 (범위 5.1%)","손절 (96,000)"
2026-08-13 09:14,2026-08-13 09:20,001820,삼화콘덴서,ORB,5,98800,101160,10641,2.154,1.52,"ORB5 고가 96,200 돌파 (범위 5.1%)","트레일링 (100,800)"
2026-08-13 10:25,2026-08-13 10:48,036930,주성엔지니어링,VWAP눌림,6,178200,182050,20593,1.926,3.12,"VWAP 177,441 재돌파, 직전봉 고가 177,800 돌파","트레일링 (181,400)"
2026-08-13 13:46,2026-08-13 13:50,036930,주성엔지니어링,VWAP눌림,8,179300,178500,-9685,-0.675,-1.51,"VWAP 179,191 재돌파, 직전봉 고가 178,800 돌파","손절 (178,500)"
2026-08-13 14:03,2026-08-13 14:06,036930,주성엔지니어링,VWAP눌림,9,179400,178700,-9999,-0.619,-1.59,"VWAP 179,184 재돌파, 직전봉 고가 179,000 돌파","손절 (178,700)"
2026-08-14 09:07,2026-08-14 09:09,073240,금호타이어,ORB,56,8720,8580,-8945,-1.832,-1.23,"ORB5 고가 8,660 돌파 (범위 8.0%)","손절 (8,590)"
2026-08-14 09:09,2026-08-14 09:11,036930,주성엔지니어링,ORB,2,187300,184100,-7247,-1.935,-1.29,"ORB5 고가 186,400 돌파 (범위 2.9%)","손절 (184,500)"
2026-08-14 09:07,2026-08-14 09:14,257720,실리콘투,ORB,11,43300,43550,1650,0.346,0.23,"ORB5 고가 43,100 돌파 (범위 3.7%)","트레일링 (43,600)"
2026-08-13 15:00,2026-08-14 10:00,047810,한국항공우주,종가베팅,1,150500,147000,-3838,-2.550,-0.85,"종가베팅: 등락 +5.5%, 고저범위 95% 위치, VWAP 144,268 위",익일 청산 시각 10:00
2026-08-14 15:09,2026-08-18 09:04,017670,SK텔레콤,종가베팅,2,100500,102900,4329,2.154,0.72,"종가베팅: 등락 +10.0%, 고저범위 97% 위치, VWAP 98,636 위","트레일링 (102,700)"
2026-08-18 09:05,2026-08-18 09:07,403870,HPSP,ORB,12,42400,42400,-1169,-0.230,-0.16,"ORB5 고가 42,200 돌파 (범위 3.6%)","트레일링 (42,650)"
2026-08-18 09:06,2026-08-18 09:08,067310,하나마이크론,ORB,11,43350,41650,-19755,-4.143,-2.76,"ORB5 고가 43,000 돌파 (범위 8.2%)","손절 (42,700)"
2026-08-18 09:12,2026-08-18 09:12,002990,금호건설,ORB,34,15300,15000,-11374,-2.186,-1.52,"ORB5 고가 14,930 돌파 (범위 6.7%)","손절 (15,080)"
2026-08-18 09:18,2026-08-18 09:20,002990,금호건설,ORB,34,15140,14880,-10003,-1.943,-1.34,"ORB5 고가 14,930 돌파 (범위 6.7%)","손절 (14,920)"
2026-08-14 15:00,2026-08-18 10:00,000270,기아,종가베팅,1,142400,141150,-1574,-1.105,-0.37,"종가베팅: 등락 +3.8%, 고저범위 100% 위치, VWAP 141,093 위",익일 청산 시각 10:00
2026-08-19 09:14,2026-08-19 09:15,006660,삼성공조,ORB,31,16230,16050,-6724,-1.336,-0.90,"ORB5 고가 16,050 돌파 (범위 4.2%)","본절 (16,270)"
2026-08-19 09:25,2026-08-19 09:25,006660,삼성공조,ORB,31,16090,15700,-13210,-2.648,-1.78,"ORB5 고가 16,050 돌파 (범위 4.2%)","손절 (15,850)"
2026-08-19 14:22,2026-08-19 14:24,322000,HD현대에너지솔루션,VWAP눌림,11,132300,132600,-53,-0.004,-0.01,"VWAP 131,504 재돌파, 직전봉 고가 132,100 돌파","본절 (132,700)"
2026-08-20 15:10,2026-08-21 09:01,080220,제주반도체,종가베팅,3,77000,74300,-8612,-3.728,-1.25,"종가베팅: 등락 +4.5%, 고저범위 89% 위치, VWAP 75,811 위","손절 (74,700)"
2026-08-21 09:08,2026-08-21 09:09,001210,금호전기,ORB,59,8490,8360,-8804,-1.758,-1.24,"ORB5 고가 8,400 돌파 (범위 7.6%)","손절 (8,370)"
2026-08-20 15:00,2026-08-21 09:11,161890,한국콜마,종가베팅,1,137600,133000,-4905,-3.565,-1.20,"종가베팅: 등락 +8.6%, 고저범위 97% 위치, VWAP 133,725 위","손절 (133,500)"
2026-08-21 09:14,2026-08-21 09:16,002990,금호건설,ORB,31,16370,16040,-11374,-2.241,-1.53,"ORB5 고가 16,140 돌파 (범위 9.0%)","손절 (16,130)"
2026-08-21 10:15,2026-08-21 10:41,257720,실리콘투,VWAP눌림,14,47500,46950,-9211,-1.385,-1.32,"VWAP 46,915 재돌파, 직전봉 고가 47,400 돌파","손절 (47,000)"
2026-08-21 13:00,2026-08-21 13:01,257720,실리콘투,VWAP눌림,25,47050,46800,-8941,-0.760,-1.43,"VWAP 46,968 재돌파, 직전봉 고가 46,900 돌파","손절 (46,800)"
2026-08-21 13:40,2026-08-21 14:01,257720,실리콘투,VWAP눌림,17,47200,47350,701,0.087,0.10,"VWAP 46,962 재돌파, 직전봉 고가 46,950 돌파","본절 (47,350)"
2026-08-24 09:05,2026-08-24 09:10,002990,금호건설,ORB,32,15980,15830,-5964,-1.166,-0.81,"ORB5 고가 15,560 돌파 (범위 5.0%)","트레일링 (16,060)"
2026-08-24 09:21,2026-08-24 09:23,124500,아이티센글로벌,ORB,12,38500,37750,-10042,-2.174,-1.52,"ORB5 고가 38,400 돌파 (범위 9.1%)","손절 (37,950)"
2026-08-24 09:29,2026-08-24 09:32,124500,아이티센글로벌,ORB,12,39000,39050,-477,-0.102,-0.07,"ORB5 고가 38,400 돌파 (범위 9.1%)","본절 (39,100)"
2026-08-21 15:00,2026-08-24 10:00,055550,신한지주,종가베팅,2,104200,102500,-3871,-1.857,-0.62,"종가베팅: 등락 +3.5%, 고저범위 88% 위치, VWAP 103,336 위",익일 청산 시각 10:00
2026-08-21 15:00,2026-08-24 10:00,086790,하나금융지주,종가베팅,1,129100,126800,-2591,-2.007,-0.68,"종가베팅: 등락 +4.2%, 고저범위 90% 위치, VWAP 127,632 위",익일 청산 시각 10:00
2026-08-24 11:21,2026-08-24 11:41,257720,실리콘투,VWAP눌림,13,49700,49450,-4727,-0.732,-0.73,"VWAP 49,382 재돌파, 직전봉 고가 49,550 돌파",타임스탑 20분
2026-08-24 12:15,2026-08-24 12:19,257720,실리콘투,VWAP눌림,21,49450,49150,-8673,-0.835,-1.38,"VWAP 49,388 재돌파, 직전봉 고가 49,300 돌파","손절 (49,150)"
2026-08-24 13:22,2026-08-24 13:33,257720,실리콘투,VWAP눌림,19,49550,49200,-8800,-0.935,-1.32,"VWAP 49,351 재돌파, 직전봉 고가 49,450 돌파","손절 (49,200)"
2026-08-24 14:07,2026-08-24 14:27,124500,아이티센글로벌,ORB,12,38550,38450,-2260,-0.489,-0.34,"ORB5 고가 38,400 돌파 (범위 9.1%)",타임스탑 20분
2026-08-24 15:00,2026-08-25 09:03,247540,에코프로비엠,종가베팅,2,115262,111324,-8388,-3.639,-1.21,"종가베팅: 등락 +10.0%, 고저범위 99% 위치, VWAP 112,227 위","손절 (111,800)"
2026-08-25 09:09,2026-08-25 09:11,124500,아이티센글로벌,ORB,11,40600,39950,-8159,-1.827,-1.24,"ORB5 고가 39,600 돌파 (범위 3.4%)","손절 (40,000)"
2026-08-24 15:00,2026-08-25 09:11,010170,대한광통신,종가베팅,19,13020,12600,-8530,-3.448,-1.15,"종가베팅: 등락 +7.4%, 고저범위 84% 위치, VWAP 12,810 위","손절 (12,630)"
2026-08-25 10:15,2026-08-25 10:16,161890,한국콜마,VWAP눌림,5,147600,146100,-9180,-1.244,-1.41,"VWAP 146,241 재돌파, 직전봉 고가 147,500 돌파","손절 (146,300)"
2026-08-25 11:06,2026-08-25 11:18,124500,아이티센글로벌,ORB,12,39750,39200,-7681,-1.610,-1.16,"ORB5 고가 39,600 돌파 (범위 3.4%)","손절 (39,200)"
2026-08-25 13:00,2026-08-25 13:07,124500,아이티센글로벌,ORB,12,39750,39200,-7681,-1.610,-1.16,"ORB5 고가 39,600 돌파 (범위 3.4%)","손절 (39,200)"
2026-08-25 13:42,2026-08-25 13:43,041190,우리기술투자,VWAP눌림,151,6770,6730,-8377,-0.819,-1.39,"VWAP 6,734 재돌파, 직전봉 고가 6,760 돌파","손절 (6,730)"
2026-08-26 09:12,2026-08-26 09:12,037440,희림,ORB,106,4570,4500,-8517,-1.758,-1.24,"ORB5 고가 4,490 돌파 (범위 8.8%)","손절 (4,505)"
2026-08-26 09:28,2026-08-26 09:29,037440,희림,ORB,106,4540,4460,-9567,-1.988,-1.39,"ORB5 고가 4,490 돌파 (범위 8.8%)","손절 (4,475)"
2026-08-26 09:44,2026-08-26 09:45,037440,희림,ORB,106,4495,4425,-8499,-1.784,-1.23,"ORB5 고가 4,490 돌파 (범위 8.8%)","손절 (4,430)"
2026-08-26 10:34,2026-08-26 10:54,006360,GS건설,VWAP눌림,16,37450,37550,220,0.037,0.03,"VWAP 37,007 재돌파, 직전봉 고가 37,300 돌파",타임스탑 20분
2026-08-26 11:36,2026-08-26 11:40,006360,GS건설,VWAP눌림,24,37350,37050,-9245,-1.031,-1.54,"VWAP 37,096 재돌파, 직전봉 고가 37,300 돌파","손절 (37,100)"
2026-08-26 11:51,2026-08-26 11:53,006360,GS건설,VWAP눌림,37,37100,37200,537,0.039,0.10,"VWAP 37,098 재돌파, 직전봉 고가 37,100 돌파","본절 (37,200)"
2026-08-27 09:12,2026-08-27 09:16,010170,대한광통신,ORB,32,14780,14985,5461,1.155,0.78,"ORB5 고가 14,670 돌파 (범위 4.8%)","트레일링 (14,920)"
2026-08-26 15:00,2026-08-27 09:32,028050,삼성E&A,종가베팅,4,48400,50125,6443,3.328,1.11,"종가베팅: 등락 +5.6%, 고저범위 92% 위치, VWAP 47,568 위",목표 익절 +5%
2026-08-27 09:37,2026-08-27 09:47,010170,대한광통신,ORB,32,14680,14895,5787,1.232,0.82,"ORB5 고가 14,670 돌파 (범위 4.8%)","트레일링 (14,820)"
2026-08-26 15:00,2026-08-27 10:00,034020,두산에너빌리티,종가베팅,2,85800,85000,-1990,-1.160,-0.40,"종가베팅: 등락 +6.5%, 고저범위 84% 위치, VWAP 84,603 위",익일 청산 시각 10:00
2026-08-27 11:13,2026-08-27 11:19,062040,산일전기,VWAP눌림,7,193700,193600,-3816,-0.281,-0.61,"VWAP 193,428 재돌파, 직전봉 고가 193,400 돌파","본절 (194,200)"
2026-08-27 11:45,2026-08-27 11:49,062040,산일전기,VWAP눌림,5,194900,195300,-245,-0.025,-0.04,"VWAP 193,462 재돌파, 직전봉 고가 194,500 돌파","본절 (195,400)"
2026-08-27 10:06,2026-08-27 14:16,010170,대한광통신,ORB,32,14730,14800,1152,0.244,0.16,"ORB5 고가 14,670 돌파 (범위 4.8%)","트레일링 (14,820)"
2026-08-28 09:07,2026-08-28 09:08,032820,우리기술,ORB,35,13370,13060,-11902,-2.543,-1.70,"ORB5 고가 13,280 돌파 (범위 9.9%)","손절 (13,170)"
2026-08-28 09:07,2026-08-28 09:09,019170,신풍제약,ORB,43,10820,10850.70,250,0.054,0.04,"ORB5 고가 10,450 돌파 (범위 8.9%)","트레일링 (10,910)"
2026-08-28 09:11,2026-08-28 09:18,222800,심텍,ORB,3,134600,132600,-6914,-1.712,-1.15,"ORB5 고가 134,300 돌파 (범위 6.5%)","손절 (132,600)"
2026-08-27 15:00,2026-08-28 09:28,086520,에코프로,종가베팅,2,92000,89300,-5810,-3.158,-1.08,"종가베팅: 등락 +6.7%, 고저범위 94% 위치, VWAP 90,156 위","손절 (89,300)"
2026-08-28 09:21,2026-08-28 09:31,019170,신풍제약,ORB,46,10590,10210,-18562,-3.810,-2.69,"ORB5 고가 10,450 돌파 (범위 8.9%)","손절 (10,440)"
2026-08-28 15:00,2026-08-31 09:02,161890,한국콜마,종가베팅,1,160100,162400,1928,1.204,0.40,"종가베팅: 등락 +9.6%, 고저범위 91% 위치, VWAP 156,169 위","트레일링 (163,400)"
2026-08-31 09:05,2026-08-31 09:07,019170,신풍제약,ORB,40,11930,11650,-12272,-2.572,-1.80,"ORB5 고가 11,840 돌파 (범위 8.4%)","손절 (11,760)"
2026-08-31 09:06,2026-08-31 09:07,161000,애경케미칼,ORB,40,11500,11240,-11435,-2.486,-1.68,"ORB5 고가 11,450 돌파 (범위 6.7%)","손절 (11,330)"
2026-08-31 09:16,2026-08-31 09:17,161000,애경케미칼,ORB,40,11480,11260,-9835,-2.142,-1.45,"ORB5 고가 11,450 돌파 (범위 6.7%)","손절 (11,310)"
2026-08-31 09:52,2026-08-31 09:55,002990,금호건설,ORB,27,17900,17550,-10540,-2.181,-1.50,"ORB5 고가 17,720 돌파 (범위 6.7%)","손절 (17,640)"
2026-08-31 13:33,2026-08-31 13:35,002990,금호건설,ORB,27,17790,17480,-9455,-1.968,-1.35,"ORB5 고가 17,720 돌파 (범위 6.7%)","손절 (17,530)"
2026-08-31 15:00,2026-09-01 09:01,066970,엘앤에프,종가베팅,1,145800,138300,-7817,-5.361,-1.82,"종가베팅: 등락 +7.6%, 고저범위 84% 위치, VWAP 143,661 위","손절 (141,500)"
2026-08-31 15:00,2026-09-01 09:02,096770,SK이노베이션,종가베팅,1,125600,129500,3604,2.869,0.97,"종가베팅: 등락 +8.4%, 고저범위 82% 위치, VWAP 123,776 위","트레일링 (129,500)"
2026-09-01 09:07,2026-09-01 09:07,001210,금호전기,ORB,32,14100,13620,-16363,-3.627,-2.43,"ORB5 고가 13,900 돌파 (범위 8.6%)","손절 (13,890)"
2026-09-01 09:14,2026-09-01 09:17,198440,강동씨앤엘,ORB,206,2195,2192.5,-1549,-0.343,-0.25,"ORB5 고가 2,070 돌파 (범위 5.7%)","트레일링 (2,225)"
2026-09-01 09:05,2026-09-01 09:20,096770,SK이노베이션,ORB,3,134000,136733.33,7259,1.806,1.21,"ORB5 고가 132,800 돌파 (범위 5.6%)","트레일링 (136,800)"
2026-09-01 09:23,2026-09-01 09:32,001210,금호전기,ORB,34,13920,13700,-8550,-1.807,-1.26,"ORB5 고가 13,900 돌파 (범위 8.6%)","손절 (13,720)"
2026-09-01 10:59,2026-09-01 11:04,001210,금호전기,ORB,34,13940,13690,-9570,-2.019,-1.41,"ORB5 고가 13,900 돌파 (범위 8.6%)","손절 (13,740)"
2026-09-01 11:08,2026-09-01 11:11,064550,바이오니아,VWAP눌림,40,9880,9680,-8891,-2.250,-1.31,"VWAP 9,762 재돌파, 직전봉 고가 9,840 돌파","손절 (9,710)"
2026-09-01 11:24,2026-09-01 11:33,064550,바이오니아,VWAP눌림,65,9780,9909.08,6913,1.087,1.06,"VWAP 9,761 재돌파, 직전봉 고가 9,730 돌파","트레일링 (9,860)"
2026-09-02 09:06,2026-09-02 09:07,024060,흥구석유,ORB,37,12000,11800,-8404,-1.893,-1.26,"ORB5 고가 11,820 돌파 (범위 7.6%)","손절 (11,820)"
2026-09-02 09:11,2026-09-02 09:12,047770,코데즈컴바인,ORB,110,4120,4060,-7626,-1.683,-1.16,"ORB5 고가 4,050 돌파 (범위 4.2%)","손절 (4,060)"
2026-09-01 15:11,2026-09-02 09:15,096770,SK이노베이션,종가베팅,1,135600,131500,-4402,-3.246,-1.10,"종가베팅: 등락 +7.8%, 고저범위 77% 위치, VWAP 134,894 위","손절 (131,600)"
2026-09-02 09:30,2026-09-02 09:32,047770,코데즈컴바인,ORB,110,4120,4045,-9272,-2.046,-1.40,"ORB5 고가 4,050 돌파 (범위 4.2%)","손절 (4,060)"
2026-09-02 10:06,2026-09-02 10:10,001820,삼화콘덴서,VWAP눌림,5,118900,117700,-7354,-1.237,-1.23,"VWAP 118,265 재돌파, 직전봉 고가 118,400 돌파","손절 (117,700)"
2026-09-03 09:13,2026-09-03 09:14,441270,파인엠텍,ORB,50,8870,8690,-10000,-2.255,-1.54,"ORB5 고가 8,840 돌파 (범위 7.3%)","손절 (8,740)"
2026-09-03 09:24,2026-09-03 09:25,079650,서산,ORB,59,7500,7070,-26332,-5.951,-4.06,"ORB5 고가 7,350 돌파 (범위 8.2%)","손절 (7,390)"
2026-09-03 09:27,2026-09-03 09:37,441270,파인엠텍,ORB,50,8860,8970,4471,1.009,0.69,"ORB5 고가 8,840 돌파 (범위 7.3%)","트레일링 (8,970)"
2026-09-04 09:09,2026-09-04 09:26,096770,SK이노베이션,ORB,3,137500,135200,-7832,-1.899,-1.31,"ORB5 고가 136,450 돌파 (범위 4.4%)","손절 (135,500)"
2026-09-04 09:32,2026-09-04 09:52,096770,SK이노베이션,ORB,3,136700,136400,-1840,-0.449,-0.31,"ORB5 고가 136,450 돌파 (범위 4.4%)",타임스탑 20분
2026-09-03 15:14,2026-09-04 09:54,086790,하나금융지주,종가베팅,1,140000,135700,-4612,-3.294,-1.10,"종가베팅: 등락 +4.3%, 고저범위 84% 위치, VWAP 139,485 위","손절 (135,800)"
2026-09-04 09:40,2026-09-04 10:00,010950,S-Oil,ORB,2,162100,161700,-1542,-0.476,-0.32,"ORB5 고가 158,600 돌파 (범위 4.0%)",타임스탑 20분
2026-09-04 15:02,2026-09-07 09:01,336260,두산퓨얼셀,종가베팅,5,43800,47310,17012,7.768,2.62,"종가베팅: 등락 +12.5%, 고저범위 80% 위치, VWAP 42,282 위",목표 익절 +5%
2026-09-04 15:08,2026-09-07 09:01,240810,원익IPS,종가베팅,2,115100,118750,6758,2.936,0.99,"종가베팅: 등락 +9.6%, 고저범위 83% 위치, VWAP 112,663 위","트레일링 (117,900)"
2026-09-07 09:07,2026-09-07 09:11,336260,두산퓨얼셀,ORB,9,49500,48700,-8207,-1.842,-1.30,"ORB5 고가 49,400 돌파 (범위 8.2%)","손절 (48,800)"
2026-09-07 09:47,2026-09-07 09:54,036930,주성엔지니어링,ORB,2,189600,186700,-6658,-1.756,-1.19,"ORB5 고가 189,300 돌파 (범위 3.2%)","손절 (186,800)"
2026-09-07 14:29,2026-09-07 14:49,000990,DB하이텍,ORB,4,101000,100600,-2524,-0.625,-0.42,"ORB5 고가 99,800 돌파 (범위 7.3%)",타임스탑 20분
2026-09-07 15:09,2026-09-08 09:01,052690,한전기술,종가베팅,1,123400,131000,7301,5.917,1.97,"종가베팅: 등락 +14.4%, 고저범위 78% 위치, VWAP 119,728 위",목표 익절 +5%
2026-09-07 15:00,2026-09-08 09:01,047040,대우건설,종가베팅,12,18310,18640,3450,1.570,0.53,"종가베팅: 등락 +8.7%, 고저범위 93% 위치, VWAP 17,628 위","트레일링 (18,600)"
2026-09-08 09:05,2026-09-08 09:10,052690,한전기술,ORB,3,133000,139100,17347,4.348,3.04,"ORB5 고가 132,500 돌파 (범위 3.4%)",목표 익절 +4.0%
2026-09-08 09:07,2026-09-08 09:14,047040,대우건설,ORB,23,19880,19880,-1050,-0.230,-0.16,"ORB5 고가 19,800 돌파 (범위 7.1%)","트레일링 (19,950)"
2026-09-08 09:06,2026-09-08 09:31,036930,주성엔지니어링,ORB,2,197300,203750,11967,3.033,2.06,"ORB5 고가 196,400 돌파 (범위 4.0%)",목표 익절 +4.0%
2026-09-08 09:35,2026-09-08 10:17,047040,대우건설,ORB,23,19830,20145.65,6198,1.359,0.93,"ORB5 고가 19,800 돌파 (범위 7.1%)","트레일링 (20,050)"
2026-09-09 09:05,2026-09-09 09:09,032820,우리기술,ORB,35,13170,13497.71,10388,2.254,1.56,"ORB5 고가 12,920 돌파 (범위 8.1%)","트레일링 (13,420)"
2026-09-09 09:14,2026-09-09 09:15,327260,RF머트리얼즈,ORB,11,39800,39200,-7591,-1.734,-1.25,"ORB5 고가 39,300 돌파 (범위 7.7%)","손절 (39,250)"
2026-09-09 14:06,2026-09-09 14:12,119850,지엔씨에너지,VWAP눌림,17,48950,48600,-7849,-0.943,-1.32,"VWAP 48,553 재돌파, 직전봉 고가 48,900 돌파","손절 (48,600)"
2026-09-09 14:25,2026-09-09 14:45,119850,지엔씨에너지,VWAP눌림,11,48750,48700,-1781,-0.332,-0.29,"VWAP 48,556 재돌파, 직전봉 고가 48,550 돌파",타임스탑 20분
2026-09-10 09:05,2026-09-10 09:06,024060,흥구석유,ORB,33,13740,13480,-9603,-2.118,-1.46,"ORB5 고가 13,340 돌파 (범위 4.9%)","손절 (13,540)"
2026-09-10 09:22,2026-09-10 09:24,032940,원익,ORB,39,11430,11230,-8806,-1.975,-1.33,"ORB5 고가 11,160 돌파 (범위 9.4%)","손절 (11,260)"
2026-09-10 09:18,2026-09-10 09:26,096770,SK이노베이션,ORB,2,161200,163600,4050,1.256,0.84,"ORB5 고가 160,800 돌파 (범위 4.1%)","트레일링 (162,700)"
2026-09-09 15:04,2026-09-10 09:39,086520,에코프로,종가베팅,2,86900,84300,-5588,-3.215,-1.07,"종가베팅: 등락 +5.7%, 고저범위 97% 위치, VWAP 84,387 위","손절 (84,300)"
2026-09-10 09:42,2026-09-10 09:43,032940,원익,ORB,41,11300,10950,-15383,-3.320,-2.34,"ORB5 고가 11,160 돌파 (범위 9.4%)","손절 (11,140)"
2026-09-10 10:45,2026-09-10 10:45,032940,원익,ORB,41,11190,10940,-11282,-2.459,-1.72,"ORB5 고가 11,160 돌파 (범위 9.4%)","손절 (11,030)"
2026-09-10 11:41,2026-09-10 11:44,092790,넥스틸,VWAP눌림,25,15175,14860,-8729,-2.301,-1.27,"VWAP 15,051 재돌파, 직전봉 고가 15,100 돌파","손절 (14,900)"
2026-09-11 09:08,2026-09-11 09:09,064550,바이오니아,ORB,41,10710,10500,-9600,-2.186,-1.46,"ORB5 고가 10,700 돌파 (범위 6.9%)","손절 (10,550)"
2026-09-11 09:48,2026-09-11 09:49,356680,엑스게이트,ORB,31,14070,13660,-13684,-3.137,-2.10,"ORB5 고가 13,900 돌파 (범위 9.5%)","손절 (13,860)"
2026-09-11 13:57,2026-09-11 13:58,001820,삼화콘덴서,VWAP눌림,9,137700,137100,-8237,-0.665,-1.53,"VWAP 136,991 재돌파, 직전봉 고가 137,400 돌파","손절 (137,100)"
2026-09-11 15:01,2026-09-14 09:01,488280,에스투더블유,종가베팅,15,15020,16870,27174,12.061,4.03,"종가베팅: 등락 +15.0%, 고저범위 88% 위치, VWAP 14,197 위",목표 익절 +5%
2026-09-11 15:00,2026-09-14 09:01,052690,한전기술,종가베팅,1,152400,146000,-6735,-4.419,-1.50,"종가베팅: 등락 +4.6%, 고저범위 82% 위치, VWAP 149,522 위","손절 (147,900)"
2026-09-14 09:10,2026-09-14 09:12,356680,엑스게이트,ORB,25,17820,18048.8,4686,1.052,0.72,"ORB5 고가 17,760 돌파 (범위 9.4%)","트레일링 (18,080)"
2026-09-14 09:39,2026-09-14 09:53,052710,아모텍,ORB,27,16020,16231.11,4697,1.086,0.72,"ORB5 고가 15,900 돌파 (범위 6.6%)","트레일링 (16,150)"
2026-09-14 10:12,2026-09-14 10:16,052710,아모텍,ORB,27,16050,15800,-7731,-1.784,-1.19,"ORB5 고가 15,900 돌파 (범위 6.6%)","손절 (15,810)"
2026-09-14 10:25,2026-09-14 11:37,052710,아모텍,ORB,28,15990,15520,-14161,-3.163,-2.20,"ORB5 고가 15,900 돌파 (범위 6.6%)","손절 (15,760)"
2026-09-14 14:07,2026-09-14 14:08,014950,삼익제약,VWAP눌림,31,9100,9418.39,9204,3.263,1.41,"VWAP 9,048 재돌파, 직전봉 고가 9,090 돌파",목표 익절 +4.0%
2026-09-14 15:00,2026-09-15 09:02,093370,후성,종가베팅,16,14140,13710,-7383,-3.263,-1.10,"종가베팅: 등락 +6.2%, 고저범위 94% 위치, VWAP 13,829 위","손절 (13,720)"
2026-09-15 09:05,2026-09-15 09:06,001820,삼화콘덴서,ORB,3,148300,142500,-18385,-4.132,-2.79,"ORB5 고가 146,700 돌파 (범위 6.8%)","손절 (146,100)"
2026-09-15 09:11,2026-09-15 09:15,014950,삼익제약,ORB,40,10790,11270,18168,4.209,2.84,"ORB5 고가 10,700 돌파 (범위 9.2%)",목표 익절 +4.0%
2026-09-15 09:25,2026-09-15 09:29,001820,삼화콘덴서,ORB,3,147000,144200,-9395,-2.130,-1.42,"ORB5 고가 146,700 돌파 (범위 6.8%)","손절 (144,800)"
2026-09-14 15:00,2026-09-15 10:00,316140,우리금융지주,종가베팅,6,36750,36050,-4697,-2.130,-0.71,"종가베팅: 등락 +5.2%, 고저범위 91% 위치, VWAP 36,172 위",익일 청산 시각 10:00
2026-09-15 10:41,2026-09-15 10:43,017900,광전자,VWAP눌림,43,10990,11118.14,4414,0.934,0.68,"VWAP 10,820 재돌파, 직전봉 고가 10,940 돌파","트레일링 (11,070)"
2026-09-15 10:51,2026-09-15 10:52,017900,광전자,VWAP눌림,40,10950,10770,-8190,-1.870,-1.28,"VWAP 10,836 재돌파, 직전봉 고가 10,900 돌파","손절 (10,790)"
2026-09-16 09:06,2026-09-16 09:07,062970,한국첨단소재,ORB,114,3790,3675,-14073,-3.257,-2.24,"ORB5 고가 3,705 돌파 (범위 7.1%)","손절 (3,735)"
2026-09-16 09:10,2026-09-16 09:11,072950,빛샘전자,ORB,40,11320,11590,9739,2.151,1.52,"ORB5 고가 11,190 돌파 (범위 4.2%)","트레일링 (11,550)"
2026-09-15 15:09,2026-09-16 09:53,047040,대우건설,종가베팅,11,19190,18610,-6850,-3.245,-1.09,"종가베팅: 등락 +4.6%, 고저범위 88% 위치, VWAP 18,887 위","손절 (18,620)"
2026-09-15 15:00,2026-09-16 10:00,086520,에코프로,종가베팅,2,84600,83150,-3281,-1.939,-0.66,"종가베팅: 등락 +5.4%, 고저범위 87% 위치, VWAP 83,213 위",익일 청산 시각 10:00
2026-09-16 10:40,2026-09-16 10:43,069540,빛과전자,VWAP눌림,114,4645,4585,-8042,-1.519,-1.28,"VWAP 4,587 재돌파, 직전봉 고가 4,620 돌파","손절 (4,590)"
2026-09-16 10:49,2026-09-16 10:53,069540,빛과전자,VWAP눌림,137,4625,4580,-7608,-1.201,-1.23,"VWAP 4,588 재돌파, 직전봉 고가 4,605 돌파","손절 (4,580)"
2026-09-16 15:00,2026-09-17 09:01,000990,DB하이텍,종가베팅,1,124300,130900,6302,5.070,1.70,"종가베팅: 등락 +3.8%, 고저범위 98% 위치, VWAP 120,618 위",목표 익절 +5%
2026-09-17 09:06,2026-09-17 09:07,027360,아주IB투자,ORB,114,3930,3830,-12405,-2.769,-1.98,"ORB5 고가 3,775 돌파 (범위 6.3%)","손절 (3,875)"
2026-09-17 10:35,2026-09-17 10:36,327260,RF머트리얼즈,VWAP눌림,27,47950,48050,-282,-0.022,-0.05,"VWAP 47,916 재돌파, 직전봉 고가 47,900 돌파","본절 (48,100)"
2026-09-17 13:34,2026-09-17 13:38,457370,한켐,VWAP눌림,26,10470,10675,4696,1.725,0.72,"VWAP 10,387 재돌파, 직전봉 고가 10,400 돌파","트레일링 (10,620)"
2026-09-18 09:07,2026-09-18 09:08,005690,파미셀,ORB,34,12940,12680,-9831,-2.235,-1.52,"ORB5 고가 12,800 돌파 (범위 5.8%)","손절 (12,750)"
2026-09-18 10:18,2026-09-18 10:20,006340,대원전선,VWAP눌림,52,13980,13850,-8417,-1.158,-1.35,"VWAP 13,908 재돌파, 직전봉 고가 13,930 돌파","손절 (13,860)"
2026-09-18 10:33,2026-09-18 10:34,006340,대원전선,VWAP눌림,75,13930,13850,-8388,-0.803,-1.40,"VWAP 13,908 재돌파, 직전봉 고가 13,900 돌파","손절 (13,850)"
2026-09-18 10:50,2026-09-18 11:16,006340,대원전선,VWAP눌림,85,13910,13950,675,0.057,0.11,"VWAP 13,908 재돌파, 직전봉 고가 13,890 돌파","본절 (13,950)"
2026-09-18 12:13,2026-09-18 12:15,072950,빛샘전자,VWAP눌림,62,13790,13690,-8152,-0.953,-1.31,"VWAP 13,767 재돌파, 직전봉 고가 13,710 돌파","손절 (13,690)"
2026-09-18 12:26,2026-09-18 12:28,072950,빛샘전자,VWAP눌림,68,13780,14015,13793,1.472,2.25,"VWAP 13,766 재돌파, 직전봉 고가 13,730 돌파","트레일링 (13,960)"
2026-09-21 09:06,2026-09-21 09:07,001820,삼화콘덴서,ORB,2,155300,152500,-6301,-2.029,-1.37,"ORB5 고가 154,500 돌파 (범위 5.2%)","손절 (153,000)"
2026-09-22 09:05,2026-09-22 09:06,001820,삼화콘덴서,ORB,2,157700,154700,-6711,-2.128,-1.46,"ORB5 고가 156,800 돌파 (범위 4.5%)","손절 (155,400)"
2026-09-22 09:05,2026-09-22 09:12,222800,심텍,ORB,2,148300,151250,5208,1.756,1.18,"ORB5 고가 147,200 돌파 (범위 6.4%)","트레일링 (150,600)"
2026-09-22 09:06,2026-09-22 09:15,353200,대덕전자,ORB,3,117200,116700,-2304,-0.655,-0.45,"ORB5 고가 116,500 돌파 (범위 6.1%)","본절 (117,500)"
2026-09-22 09:29,2026-09-22 09:45,353200,대덕전자,ORB,3,116800,118933.33,5583,1.593,1.09,"ORB5 고가 116,500 돌파 (범위 6.1%)","트레일링 (119,200)"
2026-09-21 15:00,2026-09-22 10:00,000990,DB하이텍,종가베팅,1,131800,132100,-2,-0.002,0.00,"종가베팅: 등락 +4.6%, 고저범위 93% 위치, VWAP 127,883 위",익일 청산 시각 10:00
2026-09-22 10:48,2026-09-22 11:11,353200,대덕전자,ORB,3,116700,115000,-5893,-1.683,-1.16,"ORB5 고가 116,500 돌파 (범위 6.1%)","손절 (115,000)"
2026-09-22 11:23,2026-09-22 11:26,232140,와이씨,VWAP눌림,67,14910,14810,-8981,-0.899,-1.49,"VWAP 14,841 재돌파, 직전봉 고가 14,855 돌파","손절 (14,820)"
2026-09-22 11:39,2026-09-22 12:03,232140,와이씨,VWAP눌림,75,14840,14880,435,0.039,0.07,"VWAP 14,840 재돌파, 직전봉 고가 14,820 돌파","본절 (14,880)"
2026-09-22 15:00,2026-09-23 09:04,058470,리노공업,종가베팅,2,76300,75900,-1146,-0.751,-0.26,"종가베팅: 등락 +8.2%, 고저범위 89% 위치, VWAP 74,218 위","손절 (74,100)"
2026-09-23 09:05,2026-09-23 09:08,093370,후성,ORB,29,14800,14800,-986,-0.230,-0.15,"ORB5 고가 14,730 돌파 (범위 7.1%)","트레일링 (14,860)"
2026-09-23 09:05,2026-09-23 09:09,356680,엑스게이트,ORB,23,18900,19144.78,4621,1.063,0.72,"ORB5 고가 18,830 돌파 (범위 7.6%)","트레일링 (19,090)"
