신호ID,종목코드,종목명,전략,운용,시각,가격,결과,상세,후속결정,신호근거,등락률%,VWAP이격%,범위위치,체결강도,거래량배수,스프레드틱,5분후,15분후,30분후,60분후,60분최고,60분최저
005930#1-S20260102151000,005930,삼성전자,오버나잇,FullAuto,2026-01-02 15:10:00,128100,진입,,,"오버나잇: 등락 +6.4%, 범위 위치 98%",6.40,2.77,0.976,675.8,0.71,1,,,,,,
000660#2-S20260102151000,000660,SK하이닉스,오버나잇,FullAuto,2026-01-02 15:10:00,677000,진입,,,"오버나잇: 등락 +3.8%, 범위 위치 94%",3.83,1.95,0.938,654.5,0.78,1,,,,,,
068270#3-S20260102151000,068270,셀트리온,오버나잇,FullAuto,2026-01-02 15:10:00,192546,진입,,,"오버나잇: 등락 +12.0%, 범위 위치 89%",12.04,1.62,0.887,200.8,1.14,2,,,,,,
042700#4-S20260102151000,042700,한미반도체,오버나잇,FullAuto,2026-01-02 15:10:00,144100,진입,,,"오버나잇: 등락 +13.1%, 범위 위치 96%",13.11,3.25,0.965,391.2,0.87,1,,,,,,
352820#6-S20260102151000,352820,하이브,오버나잇,FullAuto,2026-01-02 15:10:00,345000,진입,,,"오버나잇: 등락 +2.5%, 범위 위치 68%",2.53,0.46,0.68,1215.1,0.70,1,,,,,,
090710#5-S20260102151000,090710,휴림로봇,오버나잇,FullAuto,2026-01-02 15:10:00,8200,진입,,,"오버나잇: 등락 +10.1%, 범위 위치 60%",10.07,0.78,0.598,435.9,2.04,1,,,,,,
012200#7-S20260102151000,012200,계양전기,오버나잇,FullAuto,2026-01-02 15:10:00,7291,진입,,,"오버나잇: 등락 +16.3%, 범위 위치 71%",16.30,6.47,0.707,141.1,0.93,2,,,,,,
042660#8-S20260102151000,042660,한화오션,오버나잇,FullAuto,2026-01-02 15:10:00,115200,진입,,,"오버나잇: 등락 +1.3%, 범위 위치 95%",1.32,1.53,0.949,880.3,0.78,1,,,,,,
042700#9-S20260105090525,042700,한미반도체,ORB,FullAuto,2026-01-05 09:05:25,158500,진입,,,"ORB5 고가 158,400 돌파 (범위 3.4%, 등락 +9.7%)",9.69,1.56,1,237.7,1.59,1,,,,,,
034020#11-S20260105090527,034020,두산에너빌리티,ORB,FullAuto,2026-01-05 09:05:27,80100,진입,,,"ORB5 고가 80,000 돌파 (범위 5.1%, 등락 +5.8%)",5.81,1.52,1,485.1,1.78,1,,,,,,
005930#21-S20260105151000,005930,삼성전자,오버나잇,FullAuto,2026-01-05 15:10:00,138000,진입,,,"오버나잇: 등락 +6.7%, 범위 위치 88%",6.73,1.49,0.882,359.9,0.79,1,,,,,,
000660#22-S20260105151000,000660,SK하이닉스,오버나잇,FullAuto,2026-01-05 15:10:00,693000,진입,,,"오버나잇: 등락 +2.2%, 범위 위치 56%",2.21,0.00,0.562,700.9,1.03,1,,,,,,
042700#24-S20260105151000,042700,한미반도체,오버나잇,FullAuto,2026-01-05 15:10:00,166300,진입,,,"오버나잇: 등락 +15.1%, 범위 위치 96%",15.09,3.94,0.956,272.5,0.57,1,,,,,,
034020#23-S20260105151000,034020,두산에너빌리티,오버나잇,FullAuto,2026-01-05 15:10:00,83100,진입,,,"오버나잇: 등락 +9.8%, 범위 위치 97%",9.78,1.84,0.972,473.9,0.55,1,,,,,,
068270#25-S20260105151000,068270,셀트리온,오버나잇,FullAuto,2026-01-05 15:10:00,198742,진입,,,"오버나잇: 등락 +3.0%, 범위 위치 70%",2.96,0.59,0.696,215.0,0.58,2,,,,,,
012450#27-S20260105151000,012450,한화에어로스페이스,오버나잇,FullAuto,2026-01-05 15:10:00,1005500,차단,매수 가능 수량 0 (투입금/리스크/예수금 확인),,"오버나잇: 등락 +6.4%, 범위 위치 99%",6.40,1.54,0.989,670.7,4.77,2,1009000,1013000,,,1015000,1005000
042660#26-S20260105151000,042660,한화오션,오버나잇,FullAuto,2026-01-05 15:10:00,117700,진입,,,"오버나잇: 등락 +2.5%, 범위 위치 78%",2.53,0.74,0.783,580.1,0.83,1,,,,,,
196170#28-S20260105151000,196170,알테오젠,오버나잇,FullAuto,2026-01-05 15:10:00,359741,진입,,,"오버나잇: 등락 +1.9%, 범위 위치 86%",1.85,0.69,0.864,303.7,0.72,2,,,,,,
000660#34-S20260106151000,000660,SK하이닉스,오버나잇,FullAuto,2026-01-06 15:10:00,722000,진입,,,"오버나잇: 등락 +3.1%, 범위 위치 91%",3.14,3.46,0.911,635.5,0.55,1,,,,,,
042700#35-S20260106151000,042700,한미반도체,오버나잇,FullAuto,2026-01-06 15:10:00,183200,진입,,,"오버나잇: 등락 +5.3%, 범위 위치 98%",5.35,4.10,0.981,284.6,0.74,1,,,,,,
034020#36-S20260106151000,034020,두산에너빌리티,오버나잇,FullAuto,2026-01-06 15:10:00,85400,진입,,,"오버나잇: 등락 +0.9%, 범위 위치 83%",0.95,1.55,0.833,1518.8,1.06,1,,,,,,
047810#37-S20260106151000,047810,한국항공우주,오버나잇,FullAuto,2026-01-06 15:10:00,135750,진입,,,"오버나잇: 등락 +9.2%, 범위 위치 72%",9.21,0.89,0.722,245.7,1.05,2,,,,,,
042660#38-S20260106151000,042660,한화오션,오버나잇,FullAuto,2026-01-06 15:10:00,119200,진입,,,"오버나잇: 등락 +1.0%, 범위 위치 67%",1.02,0.56,0.667,950.6,0.50,1,,,,,,
012450#39-S20260106151000,012450,한화에어로스페이스,오버나잇,FullAuto,2026-01-06 15:10:00,1021000,차단,매수 가능 수량 0 (투입금/리스크/예수금 확인),,"오버나잇: 등락 +1.1%, 범위 위치 82%",1.09,0.95,0.816,1032.7,0.35,1,1021000,1019000,,,1022000,1016000
402340#41-S20260106151000,402340,SK스퀘어,오버나잇,FullAuto,2026-01-06 15:10:00,428500,진입,,,"오버나잇: 등락 +1.9%, 범위 위치 81%",1.90,1.92,0.812,1126.6,1.16,1,,,,,,
086520#40-S20260106151000,086520,에코프로,오버나잇,FullAuto,2026-01-06 15:10:00,92400,진입,,,"오버나잇: 등락 +2.2%, 범위 위치 18%",2.21,-1.26,0.182,715.1,0.99,1,,,,,,
005930#54-S20260107151000,005930,삼성전자,오버나잇,FullAuto,2026-01-07 15:10:00,140200,진입,,,"오버나잇: 등락 +2.4%, 범위 위치 38%",2.41,-0.77,0.382,1505.1,2.87,1,,,,,,
000660#55-S20260107151000,000660,SK하이닉스,오버나잇,FullAuto,2026-01-07 15:10:00,736500,진입,,,"오버나잇: 등락 +3.2%, 범위 위치 25%",3.15,-1.45,0.25,494.7,0.88,2,,,,,,
005380#56-S20260107151000,005380,현대차,오버나잇,FullAuto,2026-01-07 15:10:00,351000,진입,,,"오버나잇: 등락 +13.8%, 범위 위치 78%",13.78,2.74,0.778,397.5,0.90,1,,,,,,
042700#57-S20260107151000,042700,한미반도체,오버나잇,FullAuto,2026-01-07 15:10:00,185900,진입,,,"오버나잇: 등락 +4.4%, 범위 위치 33%",4.38,-1.54,0.325,289.3,1.06,1,,,,,,
000270#58-S20260107151000,000270,기아,오버나잇,FullAuto,2026-01-07 15:10:00,128650,진입,,,"오버나잇: 등락 +5.3%, 범위 위치 80%",5.28,1.21,0.799,371.3,0.71,2,,,,,,
012330#59-S20260107151000,012330,현대모비스,오버나잇,FullAuto,2026-01-07 15:10:00,392500,진입,,,"오버나잇: 등락 +6.8%, 범위 위치 70%",6.80,0.37,0.699,431.8,0.63,1,,,,,,
042660#60-S20260107151000,042660,한화오션,오버나잇,FullAuto,2026-01-07 15:10:00,120700,진입,,,"오버나잇: 등락 +0.8%, 범위 위치 36%",0.84,-0.89,0.364,664.8,0.33,1,,,,,,
298830#61-S20260107151000,298830,슈어소프트테크,오버나잇,FullAuto,2026-01-07 15:10:00,9290,진입,,,"오버나잇: 등락 +15.8%, 범위 위치 68%",15.84,0.17,0.676,238.6,1.39,1,,,,,,
376900#66-S20260108090520,376900,로킷헬스케어,ORB,FullAuto,2026-01-08 09:05:20,69200,진입,,,"ORB5 고가 68,800 돌파 (범위 4.2%, 등락 +8.5%)",8.46,1.93,1,270.3,5.37,1,,,,,,
012450#62-S20260108090622,012450,한화에어로스페이스,ORB,FullAuto,2026-01-08 09:06:22,1070000,차단,매수 가능 수량 0 (투입금/리스크/예수금 확인),,"ORB5 고가 1,068,000 돌파 (범위 4.2%, 등락 +6.5%)",6.47,1.34,1,310.9,2.12,1,1074000,1092000,1077000,1087000,1093000,1066000
214450#64-S20260108094730,214450,파마리서치,ORB,FullAuto,2026-01-08 09:47:30,463500,시간외,진입 가능 시간 09:05~09:30 밖,,"ORB5 고가 463,000 돌파 (범위 4.3%, 등락 +7.0%)",7.04,1.73,1,283.5,4.50,1,461500,455000,457000,455000,466000,451000
000660#73-S20260108151000,000660,SK하이닉스,오버나잇,FullAuto,2026-01-08 15:10:00,759000,진입,,,"오버나잇: 등락 +2.4%, 범위 위치 49%",2.43,-1.19,0.491,382.2,0.78,1,,,,,,
042660#74-S20260108151000,042660,한화오션,오버나잇,FullAuto,2026-01-08 15:10:00,129600,진입,,,"오버나잇: 등락 +7.1%, 범위 위치 77%",7.11,0.71,0.77,335.3,0.72,1,,,,,,
012450#75-S20260108151000,012450,한화에어로스페이스,오버나잇,FullAuto,2026-01-08 15:10:00,1090000,차단,매수 가능 수량 0 (투입금/리스크/예수금 확인),,"오버나잇: 등락 +8.5%, 범위 위치 73%",8.46,0.24,0.730,377.8,1.22,1,1091000,1091000,,,1094000,1088000
456160#76-S20260108151000,456160,지투지바이오,오버나잇,FullAuto,2026-01-08 15:10:00,81800,진입,,,"오버나잇: 등락 +27.0%, 범위 위치 96%",27.02,7.24,0.958,273.5,0.49,1,,,,,,
047810#77-S20260108151000,047810,한국항공우주,오버나잇,FullAuto,2026-01-08 15:10:00,143400,진입,,,"오버나잇: 등락 +6.2%, 범위 위치 84%",6.22,1.60,0.842,295.0,1.33,1,,,,,,
402340#78-S20260108151000,402340,SK스퀘어,오버나잇,FullAuto,2026-01-08 15:10:00,427500,진입,,,"오버나잇: 등락 +0.0%, 범위 위치 27%",0,-1.19,0.275,250.1,0.85,1,,,,,,
196170#80-S20260108151000,196170,알테오젠,오버나잇,FullAuto,2026-01-08 15:10:00,370514,진입,,,"오버나잇: 등락 +2.4%, 범위 위치 89%",2.45,0.68,0.889,252.2,1.28,2,,,,,,
207940#79-S20260108151000,207940,삼성바이오로직스,오버나잇,FullAuto,2026-01-08 15:10:00,1878000,차단,매수 가능 수량 0 (투입금/리스크/예수금 확인),,"오버나잇: 등락 +5.8%, 범위 위치 84%",5.80,1.38,0.836,379.5,0.72,1,1875000,1875000,,,1880000,1873000
103140#84-S20260109090627,103140,풍산,ORB,FullAuto,2026-01-09 09:06:27,122700,진입,,,"ORB5 고가 122,500 돌파 (범위 2.7%, 등락 +6.0%) · A등급",5.96,1.23,1,316.2,3.50,1,,,,,,
214450#85-S20260109091427,214450,파마리서치,ORB,FullAuto,2026-01-09 09:14:27,488500,진입,,,"ORB5 고가 488,000 돌파 (범위 3.3%, 등락 +5.3%) · A등급",5.28,1.35,1,203.6,2.70,1,,,,,,
272210#92-S20260109151000,272210,한화시스템,오버나잇,FullAuto,2026-01-09 15:10:00,76600,진입,,,"오버나잇: 등락 +26.0%, 범위 위치 97%",25.99,8.77,0.974,358.5,0.57,1,,,,,,
005380#93-S20260109151000,005380,현대차,오버나잇,FullAuto,2026-01-09 15:10:00,366000,진입,,,"오버나잇: 등락 +6.9%, 범위 위치 90%",6.86,3.15,0.897,374.9,0.61,1,,,,,,
307950#94-S20260109151000,307950,현대오토에버,오버나잇,FullAuto,2026-01-09 15:10:00,464000,진입,,,"오버나잇: 등락 +18.7%, 범위 위치 85%",18.67,5.87,0.850,267.6,0.79,1,,,,,,
042660#95-S20260109151000,042660,한화오션,오버나잇,FullAuto,2026-01-09 15:10:00,134100,진입,,,"오버나잇: 등락 +2.8%, 범위 위치 92%",2.84,1.48,0.921,661.4,0.56,1,,,,,,
012450#96-S20260109151000,012450,한화에어로스페이스,오버나잇,FullAuto,2026-01-09 15:10:00,1210000,차단,매수 가능 수량 0 (투입금/리스크/예수금 확인),,"오버나잇: 등락 +9.9%, 범위 위치 89%",9.90,2.76,0.888,323.8,0.74,1,1206000,1205000,,,1210000,1202000
034020#97-S20260109151000,034020,두산에너빌리티,오버나잇,FullAuto,2026-01-09 15:10:00,83900,진입,,,"오버나잇: 등락 +0.0%, 범위 위치 15%",0,-1.01,0.15,612.1,1.38,1,,,,,,
476830#98-S20260109151000,476830,알지노믹스,오버나잇,FullAuto,2026-01-09 15:10:00,96850,진입,,,"오버나잇: 등락 +21.7%, 범위 위치 85%",21.67,6.97,0.846,295.8,2.62,2,,,,,,
196170#99-S20260109151000,196170,알테오젠,오버나잇,FullAuto,2026-01-09 15:10:00,393215,진입,,,"오버나잇: 등락 +6.1%, 범위 위치 94%",6.13,3.06,0.935,340.9,0.40,2,,,,,,
101170#105-S20260112090520,101170,우림피티에스,ORB,FullAuto,2026-01-12 09:05:20,19260,진입,,,"ORB5 고가 19,200 돌파 (범위 3.1%, 등락 +4.3%) · A등급",4.28,1.67,1,33.3,1.60,1,,,,,,
034020#100-S20260112090620,034020,두산에너빌리티,ORB,FullAuto,2026-01-12 09:06:20,89700,진입,,,"ORB5 고가 89,600 돌파 (범위 3.0%, 등락 +6.3%) · A등급",6.28,1.18,1,368.2,2.64,1,,,,,,
000720#102-S20260112090625,000720,현대건설,ORB,FullAuto,2026-01-12 09:06:25,81500,진입,,,"ORB5 고가 81,200 돌파 (범위 4.2%, 등락 +7.0%)",6.96,1.46,1,236.8,2.01,1,,,,,,
010120#103-S20260112092512,010120,LS ELECTRIC,ORB,FullAuto,2026-01-12 09:25:12,101100,진입,,,"ORB5 고가 101,000 돌파 (범위 2.9%, 등락 +6.0%)",5.97,1.38,1,285.3,2.31,1,,,,,,
042660#109-S20260112151000,042660,한화오션,오버나잇,FullAuto,2026-01-12 15:10:00,145200,진입,,,"오버나잇: 등락 +8.4%, 범위 위치 78%",8.36,0.75,0.777,297.9,1.00,1,,,,,,
005380#111-S20260112151000,005380,현대차,오버나잇,FullAuto,2026-01-12 15:10:00,365000,진입,,,"오버나잇: 등락 -+0.3%, 범위 위치 26%",-0.27,-1.92,0.26,297.9,0.58,1,,,,,,
034020#110-S20260112151000,034020,두산에너빌리티,오버나잇,FullAuto,2026-01-12 15:10:00,87900,진입,,,"오버나잇: 등락 +3.7%, 범위 위치 40%",3.66,-0.29,0.405,966.3,0.42,1,,,,,,
000720#112-S20260112151000,000720,현대건설,오버나잇,FullAuto,2026-01-12 15:10:00,91100,진입,,,"오버나잇: 등락 +19.6%, 범위 위치 89%",19.55,4.20,0.892,270.3,1.20,1,,,,,,
086520#113-S20260112151000,086520,에코프로,오버나잇,FullAuto,2026-01-12 15:10:00,93200,진입,,,"오버나잇: 등락 +5.5%, 범위 위치 73%",5.55,0.07,0.726,578.8,0.58,1,,,,,,
298040#114-S20260112151000,298040,효성중공업,오버나잇,FullAuto,2026-01-12 15:10:00,2014000,차단,매수 가능 수량 0 (투입금/리스크/예수금 확인),,"오버나잇: 등락 +6.8%, 범위 위치 49%",6.84,-0.90,0.490,309.1,0.97,1,2008000,2010000,,,2015000,2004000
047810#115-S20260112151000,047810,한국항공우주,오버나잇,FullAuto,2026-01-12 15:10:00,153200,진입,,,"오버나잇: 등락 +2.1%, 범위 위치 55%",2.13,0.44,0.551,657.1,0.79,1,,,,,,
010130#116-S20260112151000,010130,고려아연,오버나잇,FullAuto,2026-01-12 15:10:00,1208000,차단,매수 가능 수량 0 (투입금/리스크/예수금 확인),,"오버나잇: 등락 +5.0%, 범위 위치 55%",4.95,0.01,0.551,477.5,1.31,1,1207000,1210000,,,1212000,1205000
005380#120-S20260113090522,005380,현대차,ORB,FullAuto,2026-01-13 09:05:22,384500,진입,,,"ORB5 고가 384,000 돌파 (범위 1.6%, 등락 +4.8%)",4.77,0.96,1,261.0,2.85,1,,,,,,
307950#118-S20260113090522,307950,현대오토에버,ORB,FullAuto,2026-01-13 09:05:22,503000,진입,,,"ORB5 고가 501,000 돌파 (범위 3.7%, 등락 +9.3%)",9.35,1.78,1,269.6,2.50,1,,,,,,
012330#121-S20260113090522,012330,현대모비스,ORB,FullAuto,2026-01-13 09:05:22,413000,진입,,,"ORB5 고가 411,500 돌파 (범위 2.4%, 등락 +4.3%) · A등급",4.29,1.23,1,799.9,1.78,1,,,,,,
007660#122-S20260113090730,007660,이수페타시스,ORB,FullAuto,2026-01-13 09:07:30,117000,진입,,,"ORB5 고가 116,900 돌파 (범위 3.9%, 등락 +6.4%) · A등급",6.36,1.35,1,469.6,1.28,1,,,,,,
005380#128-S20260113151000,005380,현대차,오버나잇,FullAuto,2026-01-13 15:10:00,405000,진입,,,"오버나잇: 등락 +10.4%, 범위 위치 76%",10.35,1.56,0.761,371.3,0.93,1,,,,,,
272210#129-S20260113151000,272210,한화시스템,오버나잇,FullAuto,2026-01-13 15:10:00,89800,진입,,,"오버나잇: 등락 +13.1%, 범위 위치 92%",13.10,6.08,0.918,279.7,0.69,1,,,,,,
005490#130-S20260113151000,005490,POSCO홀딩스,오버나잇,FullAuto,2026-01-13 15:10:00,352500,진입,,,"오버나잇: 등락 +13.9%, 범위 위치 96%",13.89,4.17,0.964,580.7,1.52,1,,,,,,
042660#132-S20260113151000,042660,한화오션,오버나잇,FullAuto,2026-01-13 15:10:00,149400,진입,,,"오버나잇: 등락 +3.8%, 범위 위치 93%",3.82,1.13,0.932,521.5,1.22,1,,,,,,
012330#131-S20260113151000,012330,현대모비스,오버나잇,FullAuto,2026-01-13 15:10:00,451500,진입,,,"오버나잇: 등락 +14.0%, 범위 위치 74%",14.02,1.47,0.744,278.9,0.91,1,,,,,,
012450#135-S20260113151000,012450,한화에어로스페이스,오버나잇,FullAuto,2026-01-13 15:10:00,1288000,차단,매수 가능 수량 0 (투입금/리스크/예수금 확인),,"오버나잇: 등락 +6.1%, 범위 위치 90%",6.10,1.51,0.905,545.4,1.23,1,1287000,1270000,,,1289000,1260000
000270#134-S20260113151000,000270,기아,오버나잇,FullAuto,2026-01-13 15:10:00,135500,진입,,,"오버나잇: 등락 +4.7%, 범위 위치 90%",4.71,1.22,0.896,462.3,0.83,1,,,,,,
307950#133-S20260113151030,307950,현대오토에버,오버나잇,FullAuto,2026-01-13 15:10:30,499000,진입,,,"오버나잇: 등락 +8.5%, 범위 위치 30%",8.48,-2.54,0.302,296.0,0.85,1,,,,,,
066570#137-S20260114090522,066570,LG전자,ORB,FullAuto,2026-01-14 09:05:22,96700,진입,,,"ORB5 고가 96,500 돌파 (범위 5.5%, 등락 +6.5%)",6.50,1.53,1,401.1,1.80,1,,,,,,
042700#136-S20260114090627,042700,한미반도체,ORB,FullAuto,2026-01-14 09:06:27,185500,진입,,,"ORB5 고가 185,300 돌파 (범위 4.7%, 등락 +7.0%)",7.04,1.67,1,199.8,2.30,1,,,,,,
000270#142-S20260114090920,000270,기아,ORB,FullAuto,2026-01-14 09:09:20,140800,진입,,,"ORB5 고가 140,600 돌파 (범위 3.2%, 등락 +3.6%) · A등급",3.61,1.03,1,182.0,3.22,1,,,,,,
000660#149-S20260114151000,000660,SK하이닉스,오버나잇,FullAuto,2026-01-14 15:10:00,741000,진입,,,"오버나잇: 등락 +0.3%, 범위 위치 59%",0.27,0.31,0.591,661.0,1.13,1,,,,,,
005930#148-S20260114151000,005930,삼성전자,오버나잇,FullAuto,2026-01-14 15:10:00,139900,진입,,,"오버나잇: 등락 +1.3%, 범위 위치 89%",1.30,0.53,0.886,647.2,0.75,1,,,,,,
005380#151-S20260114151000,005380,현대차,오버나잇,FullAuto,2026-01-14 15:10:00,409000,진입,,,"오버나잇: 등락 +0.6%, 범위 위치 81%",0.62,0.99,0.815,811.2,0.37,1,,,,,,
034020#150-S20260114151000,034020,두산에너빌리티,오버나잇,FullAuto,2026-01-14 15:10:00,89500,진입,,,"오버나잇: 등락 +2.3%, 범위 위치 70%",2.29,0.22,0.698,776.7,1.93,1,,,,,,
000880#152-S20260114151000,000880,한화,오버나잇,FullAuto,2026-01-14 15:10:00,153784,진입,,,"오버나잇: 등락 +25.1%, 범위 위치 92%",25.10,6.81,0.920,183.1,0.53,2,,,,,,
042700#153-S20260114151000,042700,한미반도체,오버나잇,FullAuto,2026-01-14 15:10:00,178100,진입,,,"오버나잇: 등락 +2.8%, 범위 위치 27%",2.77,-1.48,0.271,1050.3,1.81,1,,,,,,
272210#155-S20260114151000,272210,한화시스템,오버나잇,FullAuto,2026-01-14 15:10:00,88300,진입,,,"오버나잇: 등락 +2.3%, 범위 위치 42%",2.32,-0.72,0.418,353.4,1.78,1,,,,,,
000720#154-S20260114151000,000720,현대건설,오버나잇,FullAuto,2026-01-14 15:10:00,94500,진입,,,"오버나잇: 등락 +1.7%, 범위 위치 36%",1.72,-1.63,0.364,383.0,0.74,1,,,,,,
298040#157-S20260115090527,298040,효성중공업,ORB,FullAuto,2026-01-15 09:05:27,2329000,차단,매수 가능 수량 0 (투입금/리스크/예수금 확인),,"ORB5 고가 2,328,000 돌파 (범위 5.6%, 등락 +8.9%)",8.88,2.10,1,121.9,1.62,1,2340000,2280000,2260000,2253000,2365000,2235000
007660#160-S20260115090730,007660,이수페타시스,ORB,FullAuto,2026-01-15 09:07:30,121600,진입,,,"ORB5 고가 121,400 돌파 (범위 3.5%, 등락 +4.6%) · A등급",4.56,1.28,1,572.7,1.98,1,,,,,,
272210#158-S20260115090815,272210,한화시스템,ORB,FullAuto,2026-01-15 09:08:15,96400,진입,,,"ORB5 고가 96,300 돌파 (범위 3.7%, 등락 +9.0%)",9.05,1.54,1,182.0,2.05,1,,,,,,
005930#169-S20260115151000,005930,삼성전자,오버나잇,FullAuto,2026-01-15 15:10:00,143400,진입,,,"오버나잇: 등락 +2.8%, 범위 위치 89%",2.80,1.47,0.895,367.9,1.26,1,,,,,,
000660#170-S20260115151000,000660,SK하이닉스,오버나잇,FullAuto,2026-01-15 15:10:00,746000,진입,,,"오버나잇: 등락 +1.4%, 범위 위치 90%",1.36,1.06,0.905,451.9,0.97,1,,,,,,
005380#171-S20260115151000,005380,현대차,오버나잇,FullAuto,2026-01-15 15:10:00,420000,진입,,,"오버나잇: 등락 +1.4%, 범위 위치 75%",1.45,0.80,0.75,590.7,1.15,1,,,,,,
272210#172-S20260115151000,272210,한화시스템,오버나잇,FullAuto,2026-01-15 15:10:00,96900,진입,,,"오버나잇: 등락 +9.6%, 범위 위치 66%",9.62,1.27,0.657,278.8,1.00,1,,,,,,
042660#173-S20260115151000,042660,한화오션,오버나잇,FullAuto,2026-01-15 15:10:00,148400,진입,,,"오버나잇: 등락 +5.0%, 범위 위치 53%",5.02,-0.15,0.535,766.3,1.29,1,,,,,,
000880#174-S20260115151000,000880,한화,오버나잇,FullAuto,2026-01-15 15:10:00,164589,진입,,,"오버나잇: 등락 +6.4%, 범위 위치 84%",6.36,2.90,0.844,155.3,0.93,2,,,,,,
000270#176-S20260115151000,000270,기아,오버나잇,FullAuto,2026-01-15 15:10:00,151700,진입,,,"오버나잇: 등락 +6.2%, 범위 위치 93%",6.16,2.45,0.930,444.0,1.59,1,,,,,,
090710#175-S20260115151000,090710,휴림로봇,오버나잇,FullAuto,2026-01-15 15:10:00,11200,진입,,,"오버나잇: 등락 +17.6%, 범위 위치 75%",17.65,2.58,0.747,281.6,0.99,1,,,,,,
090710#178-S20260116090517,090710,휴림로봇,ORB,FullAuto,2026-01-16 09:05:17,12200,진입,,,"ORB5 고가 12,180 돌파 (범위 5.8%, 등락 +9.2%)",9.22,2.24,1,343.7,1.48,1,,,,,,
022100#183-S20260116091127,022100,포스코DX,ORB,FullAuto,2026-01-16 09:11:27,42400,진입,,,"ORB5 고가 42,350 돌파 (범위 3.8%, 등락 +9.7%)",9.70,2.42,1,266.2,2.71,1,,,,,,
005930#190-S20260116151000,005930,삼성전자,오버나잇,FullAuto,2026-01-16 15:10:00,148800,진입,,,"오버나잇: 등락 +2.6%, 범위 위치 87%",2.62,0.74,0.865,974.9,1.04,1,,,,,,
034020#191-S20260116151000,034020,두산에너빌리티,오버나잇,FullAuto,2026-01-16 15:10:00,95150,진입,,,"오버나잇: 등락 +6.0%, 범위 위치 81%",5.96,1.44,0.808,448.4,1.63,2,,,,,,
196170#192-S20260116151000,196170,알테오젠,오버나잇,FullAuto,2026-01-16 15:10:00,396293,진입,,,"오버나잇: 등락 +9.6%, 범위 위치 83%",9.57,3.37,0.832,216.6,1.67,2,,,,,,
022100#193-S20260116151000,022100,포스코DX,오버나잇,FullAuto,2026-01-16 15:10:00,42150,진입,,,"오버나잇: 등락 +9.1%, 범위 위치 59%",9.06,0.89,0.593,262.9,2.94,1,,,,,,
456160#194-S20260116151000,456160,지투지바이오,오버나잇,FullAuto,2026-01-16 15:10:00,82600,진입,,,"오버나잇: 등락 +8.0%, 범위 위치 56%",7.97,0.01,0.564,270.6,2.48,1,,,,,,
066570#196-S20260116151000,066570,LG전자,오버나잇,FullAuto,2026-01-16 15:10:00,98000,진입,,,"오버나잇: 등락 +3.8%, 범위 위치 39%",3.81,-1.65,0.394,567.7,1.02,1,,,,,,
090710#195-S20260116151000,090710,휴림로봇,오버나잇,FullAuto,2026-01-16 15:10:00,12620,진입,,,"오버나잇: 등락 +13.0%, 범위 위치 51%",12.98,-1.74,0.509,232.0,0.92,1,,,,,,
052690#197-S20260116151000,052690,한전기술,오버나잇,FullAuto,2026-01-16 15:10:00,126100,진입,,,"오버나잇: 등락 +10.6%, 범위 위치 80%",10.61,2.18,0.801,209.2,0.57,1,,,,,,
005380#199-S20260119090520,005380,현대차,ORB,FullAuto,2026-01-19 09:05:20,439500,진입,,,"ORB5 고가 439,000 돌파 (범위 4.6%, 등락 +5.6%)",5.65,1.92,1,957.5,1.77,1,,,,,,
456160#200-S20260119090720,456160,지투지바이오,ORB,FullAuto,2026-01-19 09:07:20,86500,진입,,,"ORB5 고가 86,300 돌파 (범위 4.6%, 등락 +4.3%)",4.34,1.89,1,165.1,4.87,1,,,,,,
052690#203-S20260119092630,052690,한전기술,ORB,FullAuto,2026-01-19 09:26:30,131600,진입,,,"ORB5 고가 131,500 돌파 (범위 3.7%, 등락 +4.6%)",4.61,2.18,1,187.6,3.90,1,,,,,,
005930#207-S20260119151000,005930,삼성전자,오버나잇,FullAuto,2026-01-19 15:10:00,149700,진입,,,"오버나잇: 등락 +0.1%, 범위 위치 78%",0.13,0.79,0.775,1141.4,0.90,1,,,,,,
005380#208-S20260119151000,005380,현대차,오버나잇,FullAuto,2026-01-19 15:10:00,478000,진입,,,"오버나잇: 등락 +14.9%, 범위 위치 87%",14.90,3.70,0.867,358.5,0.76,1,,,,,,
000660#209-S20260119151000,000660,SK하이닉스,오버나잇,FullAuto,2026-01-19 15:10:00,767000,진입,,,"오버나잇: 등락 +1.2%, 범위 위치 72%",1.19,0.49,0.72,479.6,0.40,1,,,,,,
034020#210-S20260119151000,034020,두산에너빌리티,오버나잇,FullAuto,2026-01-19 15:10:00,95500,진입,,,"오버나잇: 등락 +1.4%, 범위 위치 55%",1.38,0.57,0.545,1475.8,1.35,1,,,,,,
058610#211-S20260119151000,058610,에스피지,오버나잇,FullAuto,2026-01-19 15:10:00,113650,진입,,,"오버나잇: 등락 +22.3%, 범위 위치 85%",22.34,7.19,0.849,258.9,0.67,2,,,,,,
000270#212-S20260119151000,000270,기아,오버나잇,FullAuto,2026-01-19 15:10:00,169500,진입,,,"오버나잇: 등락 +11.1%, 범위 위치 85%",11.15,3.89,0.854,309.3,0.74,1,,,,,,
466100#213-S20260119151000,466100,클로봇,오버나잇,FullAuto,2026-01-19 15:10:00,71324,진입,,,"오버나잇: 등락 +11.6%, 범위 위치 74%",11.56,2.04,0.739,206.0,1.91,2,,,,,,
454910#214-S20260119151000,454910,두산로보틱스,오버나잇,FullAuto,2026-01-19 15:10:00,107300,진입,,,"오버나잇: 등락 +18.7%, 범위 위치 79%",18.69,0.94,0.792,297.1,1.56,1,,,,,,
022100#217-S20260120090530,022100,포스코DX,ORB,FullAuto,2026-01-20 09:05:30,44900,진입,,,"ORB5 고가 44,850 돌파 (범위 2.9%, 등락 +3.9%) · A등급",3.94,1.28,1,255.2,1.33,1,,,,,,
005380#229-S20260120151000,005380,현대차,오버나잇,FullAuto,2026-01-20 15:10:00,480500,진입,,,"오버나잇: 등락 +1.4%, 범위 위치 53%",1.37,0.51,0.526,396.2,1.41,1,,,,,,
034020#231-S20260120151000,034020,두산에너빌리티,오버나잇,FullAuto,2026-01-20 15:10:00,95600,진입,,,"오버나잇: 등락 +0.5%, 범위 위치 55%",0.53,0.34,0.554,290.6,2.40,1,,,,,,
015760#230-S20260120151000,015760,한국전력,오버나잇,FullAuto,2026-01-20 15:10:00,66100,진입,,,"오버나잇: 등락 +17.6%, 범위 위치 90%",17.62,5.10,0.896,188.4,1.02,1,,,,,,
457190#234-S20260120151000,457190,이수스페셜티케미컬,오버나잇,FullAuto,2026-01-20 15:10:00,83000,진입,,,"오버나잇: 등락 +6.1%, 범위 위치 39%",6.14,-1.00,0.392,185.7,0.79,1,,,,,,
086520#233-S20260120151000,086520,에코프로,오버나잇,FullAuto,2026-01-20 15:10:00,98600,진입,,,"오버나잇: 등락 +4.2%, 범위 위치 63%",4.23,0.54,0.631,388.2,0.73,1,,,,,,
005490#236-S20260120151000,005490,POSCO홀딩스,오버나잇,FullAuto,2026-01-20 15:10:00,358500,진입,,,"오버나잇: 등락 +3.8%, 범위 위치 87%",3.76,1.52,0.867,953.8,0.35,1,,,,,,
454910#232-S20260120151000,454910,두산로보틱스,오버나잇,FullAuto,2026-01-20 15:10:00,117050,진입,,,"오버나잇: 등락 +8.7%, 범위 위치 53%",8.68,-0.48,0.530,217.6,2.68,2,,,,,,
319400#235-S20260120151000,319400,현대무벡스,오버나잇,FullAuto,2026-01-20 15:10:00,38300,진입,,,"오버나잇: 등락 +9.6%, 범위 위치 64%",9.59,0.59,0.642,165.1,1.82,1,,,,,,
005930#237-S20260121151000,005930,삼성전자,오버나잇,FullAuto,2026-01-21 15:10:00,149300,진입,,,"오버나잇: 등락 +4.8%, 범위 위치 94%",4.77,1.22,0.938,613.2,2.07,1,,,,,,
000660#238-S20260121151000,000660,SK하이닉스,오버나잇,FullAuto,2026-01-21 15:10:00,740000,진입,,,"오버나잇: 등락 +1.4%, 범위 위치 43%",1.37,-0.46,0.429,572.1,0.78,1,,,,,,
015760#239-S20260121151000,015760,한국전력,오버나잇,FullAuto,2026-01-21 15:10:00,67900,진입,,,"오버나잇: 등락 +3.2%, 범위 위치 65%",3.19,0.51,0.652,321.6,0.46,1,,,,,,
000270#240-S20260121151000,000270,기아,오버나잇,FullAuto,2026-01-21 15:10:00,171700,진입,,,"오버나잇: 등락 +6.6%, 범위 위치 81%",6.65,1.78,0.805,263.9,0.55,1,,,,,,
012330#241-S20260121151000,012330,현대모비스,오버나잇,FullAuto,2026-01-21 15:10:00,487000,진입,,,"오버나잇: 등락 +10.6%, 범위 위치 93%",10.56,2.83,0.929,308.0,0.98,1,,,,,,
032820#242-S20260121151000,032820,우리기술,오버나잇,FullAuto,2026-01-21 15:10:00,8390,진입,,,"오버나잇: 등락 +5.1%, 범위 위치 19%",5.14,-7.76,0.189,230.5,0.59,1,,,,,,
348340#243-S20260121151000,348340,뉴로메카,오버나잇,FullAuto,2026-01-21 15:10:00,72043,진입,,,"오버나잇: 등락 +21.4%, 범위 위치 75%",21.41,2.92,0.754,162.5,0.73,2,,,,,,
319400#244-S20260121151000,319400,현대무벡스,오버나잇,FullAuto,2026-01-21 15:10:00,46075,진입,,,"오버나잇: 등락 +18.3%, 범위 위치 81%",18.29,4.32,0.809,340.7,0.85,2,,,,,,
457190#248-S20260122090627,457190,이수스페셜티케미컬,ORB,FullAuto,2026-01-22 09:06:27,96100,진입,,,"ORB5 고가 96,000 돌파 (범위 4.8%, 등락 +8.0%)",7.98,2.39,1,417.0,2.32,1,,,,,,
298830#253-S20260122091027,298830,슈어소프트테크,ORB,FullAuto,2026-01-22 09:10:27,9160,진입,,,"ORB5 고가 9,150 돌파 (범위 5.2%, 등락 +7.6%)",7.64,1.97,1,148.1,2.63,1,,,,,,
402340#251-S20260122091927,402340,SK스퀘어,ORB,FullAuto,2026-01-22 09:19:27,449000,진입,,,"ORB5 고가 448,500 돌파 (범위 4.3%, 등락 +4.3%)",4.30,1.32,1,342.4,3.02,1,,,,,,
005930#259-S20260122151000,005930,삼성전자,오버나잇,FullAuto,2026-01-22 15:10:00,151500,진입,,,"오버나잇: 등락 +1.2%, 범위 위치 4%",1.20,-2.10,0.035,180.5,0.86,1,,,,,,
000660#261-S20260122151000,000660,SK하이닉스,오버나잇,FullAuto,2026-01-22 15:10:00,754000,진입,,,"오버나잇: 등락 +1.2%, 범위 위치 10%",1.21,-1.09,0.095,311.6,0.87,1,,,,,,
006400#260-S20260122151000,006400,삼성SDI,오버나잇,FullAuto,2026-01-22 15:10:00,379500,진입,,,"오버나잇: 등락 +16.1%, 범위 위치 90%",16.06,3.50,0.9,350.5,1.76,1,,,,,,
086520#262-S20260122151000,086520,에코프로,오버나잇,FullAuto,2026-01-22 15:10:00,103900,진입,,,"오버나잇: 등락 +8.5%, 범위 위치 68%",8.46,0.55,0.683,252.5,2.12,1,,,,,,
457190#263-S20260122151000,457190,이수스페셜티케미컬,오버나잇,FullAuto,2026-01-22 15:10:00,101300,진입,,,"오버나잇: 등락 +13.8%, 범위 위치 49%",13.82,-2.48,0.485,205.3,0.79,1,,,,,,
005490#264-S20260122151000,005490,POSCO홀딩스,오버나잇,FullAuto,2026-01-22 15:10:00,359000,진입,,,"오버나잇: 등락 +2.0%, 범위 위치 40%",1.99,-0.32,0.4,525.3,0.92,1,,,,,,
348340#265-S20260122151000,348340,뉴로메카,오버나잇,FullAuto,2026-01-22 15:10:00,74965,진입,,,"오버나잇: 등락 +2.6%, 범위 위치 39%",2.61,-3.17,0.388,267.8,1.03,2,,,,,,
298830#266-S20260122151000,298830,슈어소프트테크,오버나잇,FullAuto,2026-01-22 15:10:00,10000,진입,,,"오버나잇: 등락 +17.5%, 범위 위치 60%",17.51,1.36,0.596,206.4,0.56,1,,,,,,
005490#267-S20260123090510,005490,POSCO홀딩스,ORB,FullAuto,2026-01-23 09:05:10,389500,진입,,,"ORB5 고가 389,000 돌파 (범위 6.0%, 등락 +8.2%)",8.19,2.68,1,263.5,1.25,1,,,,,,
064260#269-S20260123090727,064260,다날,ORB,FullAuto,2026-01-23 09:07:27,7310,진입,,,"ORB5 고가 7,300 돌파 (범위 5.6%, 등락 +6.7%)",6.72,1.96,1,288.3,1.92,1,,,,,,
000660#279-S20260123151000,000660,SK하이닉스,오버나잇,FullAuto,2026-01-23 15:10:00,768000,진입,,,"오버나잇: 등락 +1.1%, 범위 위치 75%",1.05,1.61,0.75,467.6,0.65,1,,,,,,
006800#280-S20260123151000,006800,미래에셋증권,오버나잇,FullAuto,2026-01-23 15:10:00,34551,진입,,,"오버나잇: 등락 +14.9%, 범위 위치 82%",14.90,3.42,0.820,208.5,0.83,2,,,,,,
034020#281-S20260123151000,034020,두산에너빌리티,오버나잇,FullAuto,2026-01-23 15:10:00,93700,진입,,,"오버나잇: 등락 +3.2%, 범위 위치 76%",3.19,0.78,0.755,563.5,0.80,1,,,,,,
005490#283-S20260123151000,005490,POSCO홀딩스,오버나잇,FullAuto,2026-01-23 15:10:00,365500,진입,,,"오버나잇: 등락 +1.1%, 범위 위치 17%",1.11,-2.19,0.169,538.8,1.09,1,,,,,,
000250#282-S20260123151000,000250,삼천당제약,오버나잇,FullAuto,2026-01-23 15:10:00,359000,진입,,,"오버나잇: 등락 +16.2%, 범위 위치 73%",16.18,2.66,0.733,220.3,0.62,1,,,,,,
042660#284-S20260123151000,042660,한화오션,오버나잇,FullAuto,2026-01-23 15:10:00,139900,진입,,,"오버나잇: 등락 +1.4%, 범위 위치 16%",1.38,-2.66,0.159,582.7,2.89,1,,,,,,
000720#285-S20260123151000,000720,현대건설,오버나잇,FullAuto,2026-01-23 15:10:00,108900,진입,,,"오버나잇: 등락 +3.6%, 범위 위치 22%",3.62,-4.40,0.225,358.9,1.19,1,,,,,,
298380#286-S20260123151000,298380,에이비엘바이오,오버나잇,FullAuto,2026-01-23 15:10:00,196900,진입,,,"오버나잇: 등락 +10.1%, 범위 위치 91%",10.06,3.25,0.913,337.2,1.18,1,,,,,,
247540#288-S20260126090507,247540,에코프로비엠,ORB,FullAuto,2026-01-26 09:05:07,180600,진입,,,"ORB5 고가 180,521 돌파 (범위 3.0%, 등락 +5.9%) · A등급",5.94,1.43,1,180.5,1.25,1,,,,,,
010130#293-S20260126090520,010130,고려아연,ORB,FullAuto,2026-01-26 09:05:20,1695000,차단,매수 가능 수량 0 (투입금/리스크/예수금 확인),,"ORB5 고가 1,694,000 돌파 (범위 4.8%, 등락 +8.0%)",7.96,1.67,1,157.3,2.39,1,1749000,1720000,1725000,1777000,1797000,1694000
058470#291-S20260126093222,058470,리노공업,ORB,FullAuto,2026-01-26 09:32:22,73200,시간외,진입 가능 시간 09:05~09:30 밖,,"ORB5 고가 73,000 돌파 (범위 2.5%, 등락 +6.1%)",6.09,1.41,1,334.4,9.71,1,73100,73000,72500,73900,74900,71300
005930#299-S20260126151000,005930,삼성전자,오버나잇,FullAuto,2026-01-26 15:10:00,152000,진입,,,"오버나잇: 등락 +0.2%, 범위 위치 10%",0.20,-0.83,0.102,699.0,0.89,1,,,,,,
086520#300-S20260126151000,086520,에코프로,오버나잇,FullAuto,2026-01-26 15:10:00,129000,진입,,,"오버나잇: 등락 +22.5%, 범위 위치 96%",22.51,5.59,0.963,326.3,1.25,1,,,,,,
277810#301-S20260126151000,277810,레인보우로보틱스,오버나잇,FullAuto,2026-01-26 15:10:00,681000,진입,,,"오버나잇: 등락 +27.5%, 범위 위치 89%",27.53,4.25,0.891,421.7,1.72,1,,,,,,
377300#303-S20260126151000,377300,카카오페이,오버나잇,FullAuto,2026-01-26 15:10:00,70600,진입,,,"오버나잇: 등락 +4.1%, 범위 위치 20%",4.13,-2.22,0.203,314.0,0.81,1,,,,,,
006400#304-S20260126151000,006400,삼성SDI,오버나잇,FullAuto,2026-01-26 15:10:00,385000,진입,,,"오버나잇: 등락 +2.1%, 범위 위치 68%",2.12,0.72,0.679,555.4,1.33,1,,,,,,
064260#302-S20260126151000,064260,다날,오버나잇,FullAuto,2026-01-26 15:10:00,9850,진입,,,"오버나잇: 등락 +10.7%, 범위 위치 48%",10.67,-1.17,0.477,196.7,2.34,1,,,,,,
058610#305-S20260126151000,058610,에스피지,오버나잇,FullAuto,2026-01-26 15:10:00,119800,진입,,,"오버나잇: 등락 +14.5%, 범위 위치 72%",14.53,1.25,0.721,216.9,0.60,1,,,,,,
032820#306-S20260126151000,032820,우리기술,오버나잇,FullAuto,2026-01-26 15:10:00,8290,진입,,,"오버나잇: 등락 +16.9%, 범위 위치 73%",16.93,2.89,0.732,218.5,0.76,1,,,,,,
000660#307-S20260127151000,000660,SK하이닉스,오버나잇,FullAuto,2026-01-27 15:10:00,800000,진입,,,"오버나잇: 등락 +8.1%, 범위 위치 100%",8.11,3.57,1,462.0,1.00,1,,,,,,
005930#308-S20260127151000,005930,삼성전자,오버나잇,FullAuto,2026-01-27 15:10:00,159400,진입,,,"오버나잇: 등락 +4.6%, 범위 위치 100%",4.59,3.09,1,686.1,1.05,1,,,,,,
086520#309-S20260127151000,086520,에코프로,오버나잇,FullAuto,2026-01-27 15:10:00,136700,진입,,,"오버나잇: 등락 +4.0%, 범위 위치 76%",3.95,1.83,0.763,299.4,1.23,1,,,,,,
006400#310-S20260127151000,006400,삼성SDI,오버나잇,FullAuto,2026-01-27 15:10:00,387500,진입,,,"오버나잇: 등락 +1.4%, 범위 위치 66%",1.44,1.80,0.656,670.7,1.07,1,,,,,,
017670#311-S20260127151000,017670,SK텔레콤,오버나잇,FullAuto,2026-01-27 15:10:00,69300,진입,,,"오버나잇: 등락 +12.3%, 범위 위치 75%",12.32,0.97,0.75,357.9,1.20,1,,,,,,
010120#312-S20260127151000,010120,LS ELECTRIC,오버나잇,FullAuto,2026-01-27 15:10:00,108200,진입,,,"오버나잇: 등락 +8.2%, 범위 위치 78%",8.20,0.62,0.776,232.6,0.67,1,,,,,,
090710#313-S20260127151000,090710,휴림로봇,오버나잇,FullAuto,2026-01-27 15:10:00,15000,진입,,,"오버나잇: 등락 +1.2%, 범위 위치 63%",1.21,0.62,0.632,315.4,0.64,1,,,,,,
067310#314-S20260127151000,067310,하나마이크론,오버나잇,FullAuto,2026-01-27 15:10:00,33300,진입,,,"오버나잇: 등락 +17.9%, 범위 위치 97%",17.88,5.33,0.972,325.1,1.22,1,,,,,,
373220#315-S20260128090520,373220,LG에너지솔루션,ORB,FullAuto,2026-01-28 09:05:20,441000,진입,,,"ORB5 고가 440,500 돌파 (범위 4.5%, 등락 +6.0%)",6.01,2.03,1,654.6,2.63,1,,,,,,
086520#321-S20260128090525,086520,에코프로,ORB,FullAuto,2026-01-28 09:05:25,144400,진입,,,"ORB5 고가 144,200 돌파 (범위 3.9%, 등락 +5.1%) · A등급",5.09,1.73,1,357.9,1.87,1,,,,,,
403870#319-S20260128090530,403870,HPSP,ORB,FullAuto,2026-01-28 09:05:30,39300,진입,,,"ORB5 고가 39,200 돌파 (범위 2.0%, 등락 +4.7%)",4.66,1.08,1,278.0,1.41,1,,,,,,
090710#324-S20260128091125,090710,휴림로봇,ORB,FullAuto,2026-01-28 09:11:25,15970,진입,,,"ORB5 고가 15,950 돌파 (범위 3.8%, 등락 +6.3%) · A등급",6.32,1.96,1,197.1,1.97,1,,,,,,
007660#318-S20260128091127,007660,이수페타시스,ORB,FullAuto,2026-01-28 09:11:27,126100,진입,,,"ORB5 고가 126,000 돌파 (범위 3.1%, 등락 +5.8%) · A등급",5.79,1.00,1,194.1,2.80,1,,,,,,
000660#327-S20260128151000,000660,SK하이닉스,오버나잇,FullAuto,2026-01-28 15:10:00,841000,진입,,,"오버나잇: 등락 +4.5%, 범위 위치 75%",4.47,1.21,0.745,469.6,0.86,1,,,,,,
005930#328-S20260128151000,005930,삼성전자,오버나잇,FullAuto,2026-01-28 15:10:00,163200,진입,,,"오버나잇: 등락 +2.1%, 범위 위치 97%",2.06,0.78,0.968,652.2,1.52,1,,,,,,
086520#329-S20260128151000,086520,에코프로,오버나잇,FullAuto,2026-01-28 15:10:00,168600,진입,,,"오버나잇: 등락 +23.3%, 범위 위치 96%",23.34,6.36,0.964,470.0,1.07,1,,,,,,
005380#330-S20260128151000,005380,현대차,오버나잇,FullAuto,2026-01-28 15:10:00,493500,진입,,,"오버나잇: 등락 -+0.1%, 범위 위치 19%",-0.10,-0.66,0.194,343.0,0.55,1,,,,,,
006400#331-S20260128151000,006400,삼성SDI,오버나잇,FullAuto,2026-01-28 15:10:00,397000,진입,,,"오버나잇: 등락 +2.6%, 범위 위치 33%",2.58,-0.50,0.326,1339.0,0.74,1,,,,,,
196170#332-S20260128151000,196170,알테오젠,오버나잇,FullAuto,2026-01-28 15:10:00,334348,진입,,,"오버나잇: 등락 +6.8%, 범위 위치 77%",6.76,1.69,0.770,387.3,1.24,2,,,,,,
373220#333-S20260128151000,373220,LG에너지솔루션,오버나잇,FullAuto,2026-01-28 15:10:00,431000,진입,,,"오버나잇: 등락 +3.6%, 범위 위치 28%",3.61,-1.29,0.284,457.6,0.75,1,,,,,,
277810#334-S20260128151000,277810,레인보우로보틱스,오버나잇,FullAuto,2026-01-28 15:10:00,692000,진입,,,"오버나잇: 등락 +5.8%, 범위 위치 49%",5.81,-1.00,0.494,282.7,1.05,1,,,,,,
080220#340-S20260129090530,080220,제주반도체,ORB,FullAuto,2026-01-29 09:05:30,39050,진입,,,"ORB5 고가 38,900 돌파 (범위 1.7%, 등락 +7.0%)",6.99,1.24,1,733.3,1.85,1,,,,,,
000660#346-S20260129151000,000660,SK하이닉스,오버나잇,FullAuto,2026-01-29 15:10:00,863000,진입,,,"오버나잇: 등락 +0.1%, 범위 위치 68%",0.12,0.91,0.677,582.6,0.90,1,,,,,,
086520#347-S20260129151000,086520,에코프로,오버나잇,FullAuto,2026-01-29 15:10:00,171700,진입,,,"오버나잇: 등락 +3.2%, 범위 위치 54%",3.19,0.58,0.542,536.7,0.97,1,,,,,,
034020#348-S20260129151000,034020,두산에너빌리티,오버나잇,FullAuto,2026-01-29 15:10:00,94200,진입,,,"오버나잇: 등락 +2.2%, 범위 위치 59%",2.17,-0.02,0.588,583.3,0.80,1,,,,,,
006800#349-S20260129151000,006800,미래에셋증권,오버나잇,FullAuto,2026-01-29 15:10:00,40525,진입,,,"오버나잇: 등락 +16.5%, 범위 위치 91%",16.45,6.44,0.909,196.7,0.68,2,,,,,,
277810#350-S20260129151000,277810,레인보우로보틱스,오버나잇,FullAuto,2026-01-29 15:10:00,756000,진입,,,"오버나잇: 등락 +9.6%, 범위 위치 76%",9.57,2.35,0.755,251.8,1.43,1,,,,,,
307950#351-S20260129151000,307950,현대오토에버,오버나잇,FullAuto,2026-01-29 15:10:00,483500,진입,,,"오버나잇: 등락 +8.7%, 범위 위치 78%",8.65,1.52,0.780,308.6,0.73,1,,,,,,
058610#352-S20260129151000,058610,에스피지,오버나잇,FullAuto,2026-01-29 15:10:00,158300,진입,,,"오버나잇: 등락 +5.9%, 범위 위치 59%",5.89,0.52,0.589,377.6,1.88,1,,,,,,
000270#353-S20260129151000,000270,기아,오버나잇,FullAuto,2026-01-29 15:10:00,155400,진입,,,"오버나잇: 등락 +3.1%, 범위 위치 84%",3.05,1.65,0.838,281.1,1.47,1,,,,,,
027360#354-S20260130090522,027360,아주IB투자,ORB,FullAuto,2026-01-30 09:05:22,4845,진입,,,"ORB5 고가 4,830 돌파 (범위 5.9%, 등락 +7.4%)",7.43,3.22,1,215.0,2.05,1,,,,,,
017670#355-S20260130090527,017670,SK텔레콤,ORB,FullAuto,2026-01-30 09:05:27,74300,진입,,,"ORB5 고가 74,200 돌파 (범위 5.4%, 등락 +6.8%)",6.75,2.05,1,188.3,2.39,1,,,,,,
103140#356-S20260130090730,103140,풍산,ORB,FullAuto,2026-01-30 09:07:30,139200,진입,,,"ORB5 고가 139,100 돌파 (범위 3.0%, 등락 +6.4%) · A등급",6.42,1.84,1,191.5,2.54,1,,,,,,
058470#359-S20260130090922,058470,리노공업,ORB,FullAuto,2026-01-30 09:09:22,97000,진입,,,"ORB5 고가 96,900 돌파 (범위 5.0%, 등락 +5.3%)",5.32,1.69,1,286.0,2.91,1,,,,,,
108490#360-S20260130091127,108490,로보티즈,ORB,FullAuto,2026-01-30 09:11:27,355000,진입,,,"ORB5 고가 354,000 돌파 (범위 5.4%, 등락 +8.2%)",8.23,2.05,1,217.7,4.38,1,,,,,,
457190#358-S20260130092112,457190,이수스페셜티케미컬,ORB,FullAuto,2026-01-30 09:21:12,112700,진입,,,"ORB5 고가 112,500 돌파 (범위 3.6%, 등락 +8.9%)",8.89,2.33,1,148.7,1.25,1,,,,,,
000660#365-S20260130151000,000660,SK하이닉스,오버나잇,FullAuto,2026-01-30 15:10:00,918000,차단,매수 가능 수량 0 (투입금/리스크/예수금 확인),,"오버나잇: 등락 +6.6%, 범위 위치 83%",6.62,1.36,0.833,409.0,1.78,1,918000,917000,,,920000,914000
005930#366-S20260130151000,005930,삼성전자,오버나잇,FullAuto,2026-01-30 15:10:00,163300,진입,,,"오버나잇: 등락 +1.4%, 범위 위치 50%",1.37,0.11,0.5,579.4,1.33,1,,,,,,
272210#370-S20260130151000,272210,한화시스템,오버나잇,FullAuto,2026-01-30 15:10:00,94800,진입,,,"오버나잇: 등락 +1.1%, 범위 위치 27%",1.07,-0.99,0.271,504.3,0.95,1,,,,,,
006800#367-S20260130151000,006800,미래에셋증권,오버나잇,FullAuto,2026-01-30 15:10:00,42865,진입,,,"오버나잇: 등락 +5.5%, 범위 위치 69%",5.51,0.92,0.690,175.5,0.63,2,,,,,,
080220#368-S20260130151000,080220,제주반도체,오버나잇,FullAuto,2026-01-30 15:10:00,43450,진입,,,"오버나잇: 등락 +17.9%, 범위 위치 87%",17.91,3.96,0.870,262.4,0.82,1,,,,,,
108490#369-S20260130151000,108490,로보티즈,오버나잇,FullAuto,2026-01-30 15:10:00,342000,진입,,,"오버나잇: 등락 +4.3%, 범위 위치 30%",4.27,-2.05,0.302,228.0,2.02,1,,,,,,
038500#371-S20260130151000,038500,삼표시멘트,오버나잇,FullAuto,2026-01-30 15:10:00,8400,진입,,,"오버나잇: 등락 +27.3%, 범위 위치 95%",27.27,8.86,0.948,161.3,1.06,1,,,,,,
058470#372-S20260130151000,058470,리노공업,오버나잇,FullAuto,2026-01-30 15:10:00,107600,진입,,,"오버나잇: 등락 +16.8%, 범위 위치 62%",16.83,1.23,0.622,237.1,1.59,1,,,,,,
086790#374-S20260202090715,086790,하나금융지주,ORB,FullAuto,2026-02-02 09:07:15,104600,진입,,,"ORB5 고가 104,500 돌파 (범위 3.8%, 등락 +4.1%) · A등급",4.08,1.46,1,150.2,1.44,1,,,,,,
0001A0#381-S20260202151000,0001A0,덕양에너젠,오버나잇,FullAuto,2026-02-02 15:10:00,39200,진입,,,"오버나잇: 등락 +12.5%, 범위 위치 61%",12.48,0.53,0.609,170.5,0.58,1,,,,,,
272210#382-S20260202151000,272210,한화시스템,오버나잇,FullAuto,2026-02-02 15:10:00,93200,진입,,,"오버나잇: 등락 +1.4%, 범위 위치 21%",1.41,-3.86,0.21,348.4,1.08,1,,,,,,
298380#383-S20260202151000,298380,에이비엘바이오,오버나잇,FullAuto,2026-02-02 15:10:00,197700,진입,,,"오버나잇: 등락 +0.6%, 범위 위치 29%",0.61,-1.14,0.291,257.8,0.90,1,,,,,,
319400#385-S20260202151000,319400,현대무벡스,오버나잇,FullAuto,2026-02-02 15:10:00,33600,진입,,,"오버나잇: 등락 +6.3%, 범위 위치 57%",6.33,-0.45,0.569,517.9,0.67,1,,,,,,
006220#386-S20260202151000,006220,제주은행,오버나잇,FullAuto,2026-02-02 15:10:00,17330,진입,,,"오버나잇: 등락 +22.3%, 범위 위치 94%",22.30,4.64,0.943,147.9,0.64,1,,,,,,
012210#387-S20260202151000,012210,삼미금속,오버나잇,FullAuto,2026-02-02 15:10:00,16620,진입,,,"오버나잇: 등락 +20.0%, 범위 위치 75%",20.0,2.37,0.748,168.1,1.89,1,,,,,,
474170#388-S20260202151000,474170,루미르,오버나잇,FullAuto,2026-02-02 15:10:00,17800,진입,,,"오버나잇: 등락 +12.7%, 범위 위치 58%",12.66,-1.93,0.577,151.2,0.96,1,,,,,,
380550#384-S20260202151325,380550,뉴로핏,오버나잇,FullAuto,2026-02-02 15:13:25,36050,진입,,,"오버나잇: 등락 +27.6%, 범위 위치 91%",27.61,6.77,0.912,222.3,8.32,1,,,,,,
474170#392-S20260203090527,474170,루미르,ORB,FullAuto,2026-02-03 09:05:27,18330,진입,,,"ORB5 고가 18,310 돌파 (범위 2.6%, 등락 +4.4%) · A등급",4.38,0.98,1,121.3,1.27,1,,,,,,
010120#395-S20260203091722,010120,LS ELECTRIC,ORB,FullAuto,2026-02-03 09:17:22,113900,진입,,,"ORB5 고가 113,600 돌파 (범위 4.4%, 등락 +7.0%)",7.05,1.48,1,188.5,6.40,1,,,,,,
064260#390-S20260203094425,064260,다날,ORB,FullAuto,2026-02-03 09:44:25,9580,시간외,진입 가능 시간 09:05~09:30 밖,,"ORB5 고가 9,570 돌파 (범위 4.2%, 등락 +5.6%)",5.62,1.67,1,224.3,9.20,1,9760,9790,9900,9730,10060,9490
005930#401-S20260203151000,005930,삼성전자,오버나잇,FullAuto,2026-02-03 15:10:00,166400,진입,,,"오버나잇: 등락 +10.1%, 범위 위치 98%",10.05,2.93,0.980,420.9,0.87,1,,,,,,
000660#402-S20260203151000,000660,SK하이닉스,오버나잇,FullAuto,2026-02-03 15:10:00,902000,차단,매수 가능 수량 0 (투입금/리스크/예수금 확인),,"오버나잇: 등락 +7.4%, 범위 위치 86%",7.38,1.13,0.861,339.7,0.85,1,905000,906000,,,907000,901000
272210#403-S20260203151000,272210,한화시스템,오버나잇,FullAuto,2026-02-03 15:10:00,119900,진입,,,"오버나잇: 등락 +26.5%, 범위 위치 98%",26.48,8.67,0.984,411.2,0.95,1,,,,,,
005380#404-S20260203151000,005380,현대차,오버나잇,FullAuto,2026-02-03 15:10:00,492000,진입,,,"오버나잇: 등락 +3.0%, 범위 위치 86%",3.04,1.20,0.864,663.8,0.95,1,,,,,,
006800#405-S20260203151000,006800,미래에셋증권,오버나잇,FullAuto,2026-02-03 15:10:00,49785,진입,,,"오버나잇: 등락 +24.5%, 범위 위치 90%",24.53,4.69,0.904,271.3,0.54,2,,,,,,
086520#406-S20260203151000,086520,에코프로,오버나잇,FullAuto,2026-02-03 15:10:00,170000,진입,,,"오버나잇: 등락 +4.0%, 범위 위치 97%",4.04,2.40,0.97,422.0,0.67,1,,,,,,
034020#407-S20260203151000,034020,두산에너빌리티,오버나잇,FullAuto,2026-02-03 15:10:00,91000,진입,,,"오버나잇: 등락 +5.9%, 범위 위치 100%",5.94,1.36,1,667.0,2.61,1,,,,,,
006400#408-S20260203151000,006400,삼성SDI,오버나잇,FullAuto,2026-02-03 15:10:00,374500,진입,,,"오버나잇: 등락 +5.3%, 범위 위치 72%",5.34,1.07,0.723,676.5,1.04,1,,,,,,
267260#412-S20260204090525,267260,HD현대일렉트릭,ORB,FullAuto,2026-02-04 09:05:25,925000,진입,,,"ORB5 고가 924,000 돌파 (범위 4.4%, 등락 +3.8%)",3.82,1.67,1,708.0,3.02,1,,,,,,
052690#418-S20260204091325,052690,한전기술,ORB,FullAuto,2026-02-04 09:13:25,140200,진입,,,"ORB5 고가 140,100 돌파 (범위 2.6%, 등락 +5.0%) · A등급",5.02,1.42,1,634.8,3.97,1,,,,,,
005930#421-S20260204151000,005930,삼성전자,오버나잇,FullAuto,2026-02-04 15:10:00,168800,진입,,,"오버나잇: 등락 +0.8%, 범위 위치 90%",0.78,1.45,0.905,378.4,1.06,1,,,,,,
034020#422-S20260204151000,034020,두산에너빌리티,오버나잇,FullAuto,2026-02-04 15:10:00,96500,진입,,,"오버나잇: 등락 +4.9%, 범위 위치 98%",4.89,1.32,0.978,819.6,0.35,1,,,,,,
086520#423-S20260204151000,086520,에코프로,오버나잇,FullAuto,2026-02-04 15:10:00,176500,진입,,,"오버나잇: 등락 +3.3%, 범위 위치 53%",3.34,-0.46,0.532,598.8,0.96,1,,,,,,
272210#424-S20260204151000,272210,한화시스템,오버나잇,FullAuto,2026-02-04 15:10:00,123200,진입,,,"오버나잇: 등락 +2.1%, 범위 위치 72%",2.07,1.32,0.723,421.7,3.22,1,,,,,,
042660#426-S20260204151000,042660,한화오션,오버나잇,FullAuto,2026-02-04 15:10:00,144100,진입,,,"오버나잇: 등락 +1.3%, 범위 위치 83%",1.34,0.81,0.829,685.8,0.84,1,,,,,,
006400#425-S20260204151000,006400,삼성SDI,오버나잇,FullAuto,2026-02-04 15:10:00,392500,진입,,,"오버나잇: 등락 +4.2%, 범위 위치 85%",4.25,0.62,0.851,692.3,0.62,1,,,,,,
052690#427-S20260204151000,052690,한전기술,오버나잇,FullAuto,2026-02-04 15:10:00,149200,진입,,,"오버나잇: 등락 +11.8%, 범위 위치 73%",11.76,0.80,0.730,205.8,0.82,1,,,,,,
001440#428-S20260204151000,001440,대한전선,오버나잇,FullAuto,2026-02-04 15:10:00,33350,진입,,,"오버나잇: 등락 +8.3%, 범위 위치 75%",8.28,1.72,0.75,855.7,0.74,1,,,,,,
009830#443-S20260205151000,009830,한화솔루션,오버나잇,FullAuto,2026-02-05 15:10:00,35417,진입,,,"오버나잇: 등락 +3.0%, 범위 위치 68%",3.02,3.98,0.684,181.1,0.42,2,,,,,,
440110#444-S20260205151000,440110,파두,오버나잇,FullAuto,2026-02-05 15:10:00,44800,진입,,,"오버나잇: 등락 +25.0%, 범위 위치 67%",24.97,0.87,0.673,213.7,0.85,1,,,,,,
005490#445-S20260205151000,005490,POSCO홀딩스,오버나잇,FullAuto,2026-02-05 15:10:00,367000,진입,,,"오버나잇: 등락 +0.8%, 범위 위치 18%",0.82,-1.54,0.184,602.5,1.25,1,,,,,,
322000#447-S20260205151000,322000,HD현대에너지솔루션,오버나잇,FullAuto,2026-02-05 15:10:00,87400,진입,,,"오버나잇: 등락 +24.0%, 범위 위치 90%",23.97,11.43,0.9,175.5,0.43,1,,,,,,
008830#446-S20260205151000,008830,대동기어,오버나잇,FullAuto,2026-02-05 15:10:00,15179,진입,,,"오버나잇: 등락 +19.0%, 범위 위치 67%",19.03,0.16,0.670,122.3,0.73,2,,,,,,
130660#448-S20260205151000,130660,한전산업,오버나잇,FullAuto,2026-02-05 15:10:00,17580,진입,,,"오버나잇: 등락 +9.2%, 범위 위치 37%",9.19,-4.91,0.373,166.0,2.29,1,,,,,,
004310#449-S20260205151000,004310,현대약품,오버나잇,FullAuto,2026-02-05 15:10:00,13240,진입,,,"오버나잇: 등락 +13.0%, 범위 위치 42%",12.97,-6.27,0.424,158.6,0.58,1,,,,,,
098460#450-S20260205151000,098460,고영,오버나잇,FullAuto,2026-02-05 15:10:00,34850,진입,,,"오버나잇: 등락 +3.1%, 범위 위치 24%",3.11,-1.41,0.235,338.6,0.81,1,,,,,,
139480#451-S20260205151232,139480,이마트,오버나잇,FullAuto,2026-02-05 15:12:32,104200,진입,,,"오버나잇: 등락 +9.5%, 범위 위치 39%",9.45,-1.02,0.389,222.8,6.31,1,,,,,,
009830#459-S20260206151000,009830,한화솔루션,오버나잇,FullAuto,2026-02-06 15:10:00,39897,진입,,,"오버나잇: 등락 +16.2%, 범위 위치 69%",16.21,3.56,0.690,155.3,0.63,2,,,,,,
038500#460-S20260206151000,038500,삼표시멘트,오버나잇,FullAuto,2026-02-06 15:10:00,18830,진입,,,"오버나잇: 등락 +2.1%, 범위 위치 43%",2.11,-4.73,0.430,145.0,0.50,1,,,,,,
105560#461-S20260206151000,105560,KB금융,오버나잇,FullAuto,2026-02-06 15:10:00,148700,진입,,,"오버나잇: 등락 +4.8%, 범위 위치 61%",4.79,0.44,0.613,276.3,1.56,1,,,,,,
322000#462-S20260206151000,322000,HD현대에너지솔루션,오버나잇,FullAuto,2026-02-06 15:10:00,85300,진입,,,"오버나잇: 등락 +4.2%, 범위 위치 42%",4.15,-1.23,0.418,294.7,0.50,1,,,,,,
090710#463-S20260206151000,090710,휴림로봇,오버나잇,FullAuto,2026-02-06 15:10:00,13890,진입,,,"오버나잇: 등락 +4.0%, 범위 위치 60%",3.97,0.24,0.597,424.8,0.67,1,,,,,,
055550#465-S20260206151000,055550,신한지주,오버나잇,FullAuto,2026-02-06 15:10:00,93300,진입,,,"오버나잇: 등락 +2.4%, 범위 위치 95%",2.41,2.06,0.948,654.0,0.84,1,,,,,,
440110#464-S20260206151000,440110,파두,오버나잇,FullAuto,2026-02-06 15:10:00,44850,진입,,,"오버나잇: 등락 +0.3%, 범위 위치 54%",0.34,-0.32,0.544,322.6,1.02,1,,,,,,
010060#466-S20260206151000,010060,OCI홀딩스,오버나잇,FullAuto,2026-02-06 15:10:00,152000,진입,,,"오버나잇: 등락 +8.7%, 범위 위치 74%",8.73,2.62,0.742,191.5,0.56,1,,,,,,
086390#473-S20260209090617,086390,유니테스트,ORB,FullAuto,2026-02-09 09:06:17,18750,진입,,,"ORB5 고가 18,720 돌파 (범위 3.4%, 등락 +9.6%)",9.65,1.19,1,518.9,4.95,1,,,,,,
267260#471-S20260209090725,267260,HD현대일렉트릭,ORB,FullAuto,2026-02-09 09:07:25,905000,진입,,,"ORB5 고가 904,000 돌파 (범위 2.1%, 등락 +6.0%) · A등급",5.97,1.14,1,489.4,5.33,1,,,,,,
005930#480-S20260209151000,005930,삼성전자,오버나잇,FullAuto,2026-02-09 15:10:00,166600,진입,,,"오버나잇: 등락 +3.5%, 범위 위치 43%",3.48,-0.25,0.432,515.2,0.65,1,,,,,,
000660#481-S20260209151000,000660,SK하이닉스,오버나잇,FullAuto,2026-02-09 15:10:00,885000,차단,매수 가능 수량 0 (투입금/리스크/예수금 확인),,"오버나잇: 등락 +3.1%, 범위 위치 46%",3.15,-0.04,0.462,445.0,0.63,1,885500,882000,,,886000,882000
009830#482-S20260209151000,009830,한화솔루션,오버나잇,FullAuto,2026-02-09 15:10:00,45179,진입,,,"오버나잇: 등락 +14.0%, 범위 위치 78%",14.05,2.07,0.776,202.5,0.34,2,,,,,,
034020#483-S20260209151000,034020,두산에너빌리티,오버나잇,FullAuto,2026-02-09 15:10:00,95500,진입,,,"오버나잇: 등락 +6.0%, 범위 위치 73%",5.99,0.00,0.725,496.1,0.46,1,,,,,,
005380#484-S20260209151000,005380,현대차,오버나잇,FullAuto,2026-02-09 15:10:00,478000,진입,,,"오버나잇: 등락 +1.2%, 범위 위치 36%",1.16,-0.19,0.357,409.7,1.39,1,,,,,,
086520#485-S20260209151000,086520,에코프로,오버나잇,FullAuto,2026-02-09 15:10:00,161700,진입,,,"오버나잇: 등락 +4.1%, 범위 위치 72%",4.12,1.93,0.724,217.5,0.44,1,,,,,,
090430#486-S20260209151000,090430,아모레퍼시픽,오버나잇,FullAuto,2026-02-09 15:10:00,164700,진입,,,"오버나잇: 등락 +17.5%, 범위 위치 83%",17.48,2.18,0.829,206.9,0.57,1,,,,,,
267260#487-S20260209151000,267260,HD현대일렉트릭,오버나잇,FullAuto,2026-02-09 15:10:00,932000,차단,매수 가능 수량 0 (투입금/리스크/예수금 확인),,"오버나잇: 등락 +9.1%, 범위 위치 81%",9.13,1.30,0.810,452.6,0.53,1,931000,928000,,,933000,928000
005930#497-S20260210151000,005930,삼성전자,오버나잇,FullAuto,2026-02-10 15:10:00,166600,진입,,,"오버나잇: 등락 +1.9%, 범위 위치 42%",1.90,-0.18,0.423,535.8,1.94,1,,,,,,
000660#498-S20260210151000,000660,SK하이닉스,오버나잇,FullAuto,2026-02-10 15:10:00,881000,진입,,,"오버나잇: 등락 +1.4%, 범위 위치 4%",1.38,-1.03,0.04,418.5,1.57,1,,,,,,
005380#499-S20260210151000,005380,현대차,오버나잇,FullAuto,2026-02-10 15:10:00,482500,진입,,,"오버나잇: 등락 +0.9%, 범위 위치 13%",0.94,-1.57,0.135,562.1,1.07,1,,,,,,
034020#502-S20260210151000,034020,두산에너빌리티,오버나잇,FullAuto,2026-02-10 15:10:00,94800,진입,,,"오버나잇: 등락 +1.3%, 범위 위치 71%",1.28,0.51,0.714,582.8,1.55,1,,,,,,
090710#500-S20260210151000,090710,휴림로봇,오버나잇,FullAuto,2026-02-10 15:10:00,14640,진입,,,"오버나잇: 등락 +5.2%, 범위 위치 34%",5.17,-1.74,0.337,286.1,1.26,1,,,,,,
018880#501-S20260210151000,018880,한온시스템,오버나잇,FullAuto,2026-02-10 15:10:00,4545,진입,,,"오버나잇: 등락 +17.3%, 범위 위치 72%",17.29,1.97,0.720,197.7,0.94,1,,,,,,
086520#503-S20260210151000,086520,에코프로,오버나잇,FullAuto,2026-02-10 15:10:00,156300,진입,,,"오버나잇: 등락 +0.1%, 범위 위치 10%",0.06,-1.83,0.099,277.8,0.62,1,,,,,,
056080#504-S20260210151000,056080,유진로봇,오버나잇,FullAuto,2026-02-10 15:10:00,45400,진입,,,"오버나잇: 등락 +20.9%, 범위 위치 70%",20.91,1.30,0.705,307.3,0.70,1,,,,,,
006910#508-S20260211090627,006910,보성파워텍,ORB,FullAuto,2026-02-11 09:06:27,8610,진입,,,"ORB5 고가 8,590 돌파 (범위 3.0%, 등락 +5.5%) · A등급",5.51,1.62,1,261.4,3.44,1,,,,,,
047040#513-S20260211091130,047040,대우건설,ORB,FullAuto,2026-02-11 09:11:30,7520,진입,,,"ORB5 고가 7,490 돌파 (범위 3.9%, 등락 +6.5%) · A등급",6.52,1.96,1,209.1,1.74,1,,,,,,
066570#510-S20260211093320,066570,LG전자,ORB,FullAuto,2026-02-11 09:33:20,110200,시간외,진입 가능 시간 09:05~09:30 밖,,"ORB5 고가 110,000 돌파 (범위 4.1%, 등락 +5.4%)",5.35,1.30,1,286.9,12.19,1,111300,110000,110600,116800,117000,109500
005930#519-S20260211151000,005930,삼성전자,오버나잇,FullAuto,2026-02-11 15:10:00,167500,진입,,,"오버나잇: 등락 +0.6%, 범위 위치 83%",0.60,0.92,0.833,616.2,1.33,1,,,,,,
066570#520-S20260211151000,066570,LG전자,오버나잇,FullAuto,2026-02-11 15:10:00,128000,진입,,,"오버나잇: 등락 +22.4%, 범위 위치 97%",22.37,6.63,0.970,295.9,0.71,1,,,,,,
034020#521-S20260211151000,034020,두산에너빌리티,오버나잇,FullAuto,2026-02-11 15:10:00,95500,진입,,,"오버나잇: 등락 +1.1%, 범위 위치 60%",1.06,-0.08,0.6,321.6,0.59,1,,,,,,
009830#522-S20260211151000,009830,한화솔루션,오버나잇,FullAuto,2026-02-11 15:10:00,45415,진입,,,"오버나잇: 등락 +3.3%, 범위 위치 67%",3.33,0.34,0.667,254.9,0.46,2,,,,,,
139480#524-S20260211151000,139480,이마트,오버나잇,FullAuto,2026-02-11 15:10:00,126800,진입,,,"오버나잇: 등락 +4.5%, 범위 위치 44%",4.53,0.73,0.443,442.8,1.23,1,,,,,,
006910#523-S20260211151000,006910,보성파워텍,오버나잇,FullAuto,2026-02-11 15:10:00,9205,진입,,,"오버나잇: 등락 +12.8%, 범위 위치 50%",12.81,-1.25,0.497,289.7,0.76,2,,,,,,
105560#525-S20260211151000,105560,KB금융,오버나잇,FullAuto,2026-02-11 15:10:00,164300,진입,,,"오버나잇: 등락 +5.0%, 범위 위치 93%",4.98,1.63,0.927,510.0,1.28,1,,,,,,
241520#526-S20260211151000,241520,DSC인베스트먼트,오버나잇,FullAuto,2026-02-11 15:10:00,11860,진입,,,"오버나잇: 등락 +3.1%, 범위 위치 11%",3.13,-4.43,0.106,144.2,0.86,1,,,,,,
397030#528-S20260212091125,397030,에이프릴바이오,ORB,FullAuto,2026-02-12 09:11:25,73100,진입,,,"ORB5 고가 73,000 돌파 (범위 4.1%, 등락 +5.6%)",5.64,1.83,1,202.5,2.71,1,,,,,,
005930#535-S20260212151000,005930,삼성전자,오버나잇,FullAuto,2026-02-12 15:10:00,178100,진입,,,"오버나잇: 등락 +6.8%, 범위 위치 84%",6.77,1.31,0.842,556.7,0.93,1,,,,,,
000660#536-S20260212151000,000660,SK하이닉스,오버나잇,FullAuto,2026-02-12 15:10:00,888000,진입,,,"오버나잇: 등락 +3.3%, 범위 위치 63%",3.26,0.14,0.625,664.7,1.08,1,,,,,,
032820#537-S20260212151000,032820,우리기술,오버나잇,FullAuto,2026-02-12 15:10:00,13580,진입,,,"오버나잇: 등락 +10.0%, 범위 위치 57%",9.96,0.22,0.569,183.4,0.80,1,,,,,,
005490#538-S20260212151000,005490,POSCO홀딩스,오버나잇,FullAuto,2026-02-12 15:10:00,386500,진입,,,"오버나잇: 등락 +3.9%, 범위 위치 56%",3.90,-0.22,0.558,475.5,0.52,1,,,,,,
086520#539-S20260212151000,086520,에코프로,오버나잇,FullAuto,2026-02-12 15:10:00,155200,진입,,,"오버나잇: 등락 +2.2%, 범위 위치 78%",2.17,0.84,0.781,486.5,0.84,1,,,,,,
006400#541-S20260212151000,006400,삼성SDI,오버나잇,FullAuto,2026-02-12 15:10:00,382500,진입,,,"오버나잇: 등락 +1.5%, 범위 위치 73%",1.46,0.38,0.731,826.4,0.82,1,,,,,,
105560#542-S20260212151000,105560,KB금융,오버나잇,FullAuto,2026-02-12 15:10:00,167000,진입,,,"오버나잇: 등락 +1.8%, 범위 위치 71%",1.77,0.76,0.708,447.2,0.72,1,,,,,,
000150#540-S20260212151000,000150,두산,오버나잇,FullAuto,2026-02-12 15:10:00,977000,차단,매수 가능 수량 0 (투입금/리스크/예수금 확인),,"오버나잇: 등락 +7.7%, 범위 위치 78%",7.72,1.23,0.782,429.9,1.68,1,980000,971000,,,981000,970000
005930#543-S20260213151000,005930,삼성전자,오버나잇,FullAuto,2026-02-13 15:10:00,181400,진입,,,"오버나잇: 등락 +0.8%, 범위 위치 49%",0.83,-0.18,0.492,343.7,1.35,1,,,,,,
034020#544-S20260213151000,034020,두산에너빌리티,오버나잇,FullAuto,2026-02-13 15:10:00,96700,진입,,,"오버나잇: 등락 +1.8%, 범위 위치 48%",1.79,-1.00,0.484,335.1,0.36,1,,,,,,
047810#545-S20260213151000,047810,한국항공우주,오버나잇,FullAuto,2026-02-13 15:10:00,177450,진입,,,"오버나잇: 등락 +6.8%, 범위 위치 55%",6.83,-0.15,0.553,201.4,0.93,2,,,,,,
017670#546-S20260213151000,017670,SK텔레콤,오버나잇,FullAuto,2026-02-13 15:10:00,86000,진입,,,"오버나잇: 등락 +10.4%, 범위 위치 71%",10.40,0.31,0.714,293.7,0.86,1,,,,,,
003530#547-S20260213151000,003530,한화투자증권,오버나잇,FullAuto,2026-02-13 15:10:00,7410,진입,,,"오버나잇: 등락 +14.0%, 범위 위치 58%",14.00,0.10,0.577,199.3,0.86,1,,,,,,
080220#548-S20260213151000,080220,제주반도체,오버나잇,FullAuto,2026-02-13 15:10:00,45900,진입,,,"오버나잇: 등락 +2.9%, 범위 위치 39%",2.91,-1.78,0.394,369.2,0.47,1,,,,,,
352820#550-S20260213151000,352820,하이브,오버나잇,FullAuto,2026-02-13 15:10:00,389250,진입,,,"오버나잇: 등락 +2.8%, 범위 위치 43%",2.84,-1.33,0.430,630.1,1.37,2,,,,,,
018880#549-S20260213151000,018880,한온시스템,오버나잇,FullAuto,2026-02-13 15:10:00,4480,진입,,,"오버나잇: 등락 +2.1%, 범위 위치 33%",2.05,-3.51,0.333,483.3,1.57,1,,,,,,
009830#555-S20260219090522,009830,한화솔루션,ORB,FullAuto,2026-02-19 09:05:22,45850,진입,,,"ORB5 고가 45,745 돌파 (범위 4.2%, 등락 +5.9%)",5.91,1.76,1,177.9,2.99,1,,,,,,
005490#556-S20260219090830,005490,POSCO홀딩스,ORB,FullAuto,2026-02-19 09:08:30,393500,진입,,,"ORB5 고가 392,500 돌파 (범위 2.5%, 등락 +4.0%) · A등급",3.96,1.21,1,298.5,1.37,1,,,,,,
032820#552-S20260219091225,032820,우리기술,ORB,FullAuto,2026-02-19 09:12:25,13320,진입,,,"ORB5 고가 13,310 돌파 (범위 4.9%, 등락 +7.9%)",7.94,1.85,1,350.2,1.59,1,,,,,,
241520#559-S20260219091430,241520,DSC인베스트먼트,ORB,FullAuto,2026-02-19 09:14:30,12810,진입,,,"ORB5 고가 12,790 돌파 (범위 3.1%, 등락 +5.4%) · A등급",5.43,2.45,1,247.4,3.76,1,,,,,,
005930#566-S20260219151000,005930,삼성전자,오버나잇,FullAuto,2026-02-19 15:10:00,189100,진입,,,"오버나잇: 등락 +3.7%, 범위 위치 53%",3.67,0.06,0.526,960.3,1.00,1,,,,,,
000660#567-S20260219151000,000660,SK하이닉스,오버나잇,FullAuto,2026-02-19 15:10:00,898000,진입,,,"오버나잇: 등락 +1.4%, 범위 위치 40%",1.35,0.17,0.4,903.8,0.54,1,,,,,,
086520#568-S20260219151000,086520,에코프로,오버나잇,FullAuto,2026-02-19 15:10:00,172400,진입,,,"오버나잇: 등락 +14.8%, 범위 위치 94%",14.78,3.83,0.944,262.3,0.71,1,,,,,,
006800#569-S20260219151000,006800,미래에셋증권,오버나잇,FullAuto,2026-02-19 15:10:00,70446,진입,,,"오버나잇: 등락 +15.4%, 범위 위치 63%",15.42,0.69,0.625,444.5,0.71,2,,,,,,
034020#570-S20260219151000,034020,두산에너빌리티,오버나잇,FullAuto,2026-02-19 15:10:00,98600,진입,,,"오버나잇: 등락 +1.5%, 범위 위치 13%",1.54,-0.60,0.130,492.7,0.52,1,,,,,,
006400#573-S20260219151000,006400,삼성SDI,오버나잇,FullAuto,2026-02-19 15:10:00,404500,진입,,,"오버나잇: 등락 +7.2%, 범위 위치 93%",7.15,3.79,0.932,529.1,2.10,1,,,,,,
009150#571-S20260219151000,009150,삼성전기,오버나잇,FullAuto,2026-02-19 15:10:00,358500,진입,,,"오버나잇: 등락 +14.7%, 범위 위치 89%",14.72,2.18,0.893,429.7,0.57,1,,,,,,
042660#572-S20260219151000,042660,한화오션,오버나잇,FullAuto,2026-02-19 15:10:00,140700,진입,,,"오버나잇: 등락 +8.1%, 범위 위치 79%",8.15,0.40,0.791,919.3,1.34,1,,,,,,
034220#575-S20260220090520,034220,LG디스플레이,ORB,FullAuto,2026-02-20 09:05:20,13380,진입,,,"ORB5 고가 13,350 돌파 (범위 5.5%, 등락 +9.0%)",8.96,2.22,1,219.3,1.82,1,,,,,,
004090#576-S20260220090530,004090,한국석유,ORB,FullAuto,2026-02-20 09:05:30,17870,진입,,,"ORB5 고가 17,850 돌파 (범위 4.6%, 등락 +9.3%)",9.30,2.60,1,123.1,1.45,1,,,,,,
012450#581-S20260220094025,012450,한화에어로스페이스,ORB,FullAuto,2026-02-20 09:40:25,1226000,시간외,진입 가능 시간 09:05~09:30 밖,,"ORB5 고가 1,224,000 돌파 (범위 2.7%, 등락 +6.4%)",6.42,1.18,1,281.0,16.06,1,1237000,1240000,1226000,1210000,1250000,1203000
000660#591-S20260220151000,000660,SK하이닉스,오버나잇,FullAuto,2026-02-20 15:10:00,947000,차단,매수 가능 수량 0 (투입금/리스크/예수금 확인),,"오버나잇: 등락 +6.4%, 범위 위치 89%",6.40,2.56,0.892,601.3,1.02,1,945000,947000,,,948000,944000
005930#592-S20260220151000,005930,삼성전자,오버나잇,FullAuto,2026-02-20 15:10:00,189900,진입,,,"오버나잇: 등락 +0.5%, 범위 위치 72%",0.53,0.18,0.722,683.2,0.90,1,,,,,,
034020#593-S20260220151000,034020,두산에너빌리티,오버나잇,FullAuto,2026-02-20 15:10:00,103900,진입,,,"오버나잇: 등락 +5.5%, 범위 위치 65%",5.48,-0.41,0.655,322.5,2.14,1,,,,,,
042660#594-S20260220151000,042660,한화오션,오버나잇,FullAuto,2026-02-20 15:10:00,149800,진입,,,"오버나잇: 등락 +6.4%, 범위 위치 86%",6.39,1.89,0.858,262.9,0.41,1,,,,,,
272210#596-S20260220151000,272210,한화시스템,오버나잇,FullAuto,2026-02-20 15:10:00,116000,진입,,,"오버나잇: 등락 +5.6%, 범위 위치 31%",5.65,-1.20,0.310,129.5,2.64,1,,,,,,
032820#595-S20260220151000,032820,우리기술,오버나잇,FullAuto,2026-02-20 15:10:00,14910,진입,,,"오버나잇: 등락 +15.1%, 범위 위치 61%",15.14,-0.12,0.607,162.1,0.43,1,,,,,,
012450#597-S20260220151000,012450,한화에어로스페이스,오버나잇,FullAuto,2026-02-20 15:10:00,1242000,차단,매수 가능 수량 0 (투입금/리스크/예수금 확인),,"오버나잇: 등락 +7.8%, 범위 위치 76%",7.81,1.15,0.758,383.9,1.13,1,1240000,1242000,,,1243000,1240000
006400#598-S20260220151000,006400,삼성SDI,오버나잇,FullAuto,2026-02-20 15:10:00,401500,진입,,,"오버나잇: 등락 +0.4%, 범위 위치 12%",0.38,-1.34,0.116,1068.8,1.13,1,,,,,,
062040#604-S20260223090727,062040,산일전기,ORB,FullAuto,2026-02-23 09:07:27,158400,진입,,,"ORB5 고가 158,200 돌파 (범위 3.5%, 등락 +6.2%) · A등급",6.24,1.27,1,235.6,3.21,1,,,,,,
032820#603-S20260223091325,032820,우리기술,ORB,FullAuto,2026-02-23 09:13:25,16310,진입,,,"ORB5 고가 16,300 돌파 (범위 4.9%, 등락 +9.8%)",9.83,2.40,1,261.8,2.81,1,,,,,,
003230#606-S20260223091825,003230,삼양식품,ORB,FullAuto,2026-02-23 09:18:25,1258000,차단,매수 가능 수량 0 (투입금/리스크/예수금 확인),,"ORB5 고가 1,257,000 돌파 (범위 3.8%, 등락 +8.0%)",7.98,1.15,1,359.3,2.99,1,1250000,1268000,1290000,1274000,1305000,1245000
005930#614-S20260223151000,005930,삼성전자,오버나잇,FullAuto,2026-02-23 15:10:00,192700,진입,,,"오버나잇: 등락 +1.3%, 범위 위치 31%",1.26,-0.59,0.310,480.4,0.72,1,,,,,,
000660#615-S20260223151000,000660,SK하이닉스,오버나잇,FullAuto,2026-02-23 15:10:00,951000,차단,매수 가능 수량 0 (투입금/리스크/예수금 확인),,"오버나잇: 등락 +0.8%, 범위 위치 26%",0.85,-0.97,0.256,933.8,1.29,1,951000,950000,,,953000,949000
066570#616-S20260223151000,066570,LG전자,오버나잇,FullAuto,2026-02-23 15:10:00,132000,진입,,,"오버나잇: 등락 +7.1%, 범위 위치 50%",7.06,-1.74,0.5,224.8,0.45,1,,,,,,
086520#617-S20260223151000,086520,에코프로,오버나잇,FullAuto,2026-02-23 15:10:00,169800,진입,,,"오버나잇: 등락 -+0.6%, 범위 위치 17%",-0.64,-3.15,0.168,185.5,1.17,1,,,,,,
009150#618-S20260223151000,009150,삼성전기,오버나잇,FullAuto,2026-02-23 15:10:00,426000,진입,,,"오버나잇: 등락 +13.3%, 범위 위치 76%",13.30,1.18,0.756,308.7,0.68,1,,,,,,
032820#619-S20260223151000,032820,우리기술,오버나잇,FullAuto,2026-02-23 15:10:00,16870,진입,,,"오버나잇: 등락 +13.6%, 범위 위치 64%",13.60,0.64,0.643,223.3,1.78,1,,,,,,
001440#620-S20260223151000,001440,대한전선,오버나잇,FullAuto,2026-02-23 15:10:00,34450,진입,,,"오버나잇: 등락 +4.7%, 범위 위치 55%",4.71,-0.29,0.547,275.1,0.89,1,,,,,,
000720#621-S20260223151000,000720,현대건설,오버나잇,FullAuto,2026-02-23 15:10:00,134500,진입,,,"오버나잇: 등락 +5.1%, 범위 위치 34%",5.08,-1.53,0.341,758.3,0.55,1,,,,,,
006400#623-S20260224090515,006400,삼성SDI,ORB,FullAuto,2026-02-24 09:05:15,418000,진입,,,"ORB5 고가 417,500 돌파 (범위 5.0%, 등락 +6.2%)",6.23,2.07,1,289.2,1.66,1,,,,,,
066970#624-S20260224090522,066970,엘앤에프,ORB,FullAuto,2026-02-24 09:05:22,122600,진입,,,"ORB5 고가 122,300 돌파 (범위 5.9%, 등락 +6.4%)",6.42,1.72,1,339.8,1.96,1,,,,,,
005930#631-S20260224151000,005930,삼성전자,오버나잇,FullAuto,2026-02-24 15:10:00,199700,진입,,,"오버나잇: 등락 +2.8%, 범위 위치 96%",2.83,1.35,0.962,1388.3,1.45,1,,,,,,
000660#632-S20260224151000,000660,SK하이닉스,오버나잇,FullAuto,2026-02-24 15:10:00,1000000,차단,매수 가능 수량 0 (투입금/리스크/예수금 확인),,"오버나잇: 등락 +4.6%, 범위 위치 95%",4.60,1.55,0.947,637.4,0.85,1,999000,1000500,,,1001000,999000
006400#633-S20260224151000,006400,삼성SDI,오버나잇,FullAuto,2026-02-24 15:10:00,421000,진입,,,"오버나잇: 등락 +7.0%, 범위 위치 80%",6.99,0.74,0.797,344.2,1.29,1,,,,,,
009150#634-S20260224151000,009150,삼성전기,오버나잇,FullAuto,2026-02-24 15:10:00,444500,진입,,,"오버나잇: 등락 +3.0%, 범위 위치 88%",3.01,3.06,0.885,469.7,0.40,1,,,,,,
032820#635-S20260224151000,032820,우리기술,오버나잇,FullAuto,2026-02-24 15:10:00,17200,진입,,,"오버나잇: 등락 +1.6%, 범위 위치 52%",1.59,-0.68,0.525,554.3,0.61,1,,,,,,
048410#636-S20260224151000,048410,현대바이오,오버나잇,FullAuto,2026-02-24 15:10:00,20100,진입,,,"오버나잇: 등락 +13.1%, 범위 위치 73%",13.11,2.58,0.725,868.0,1.31,1,,,,,,
222080#637-S20260224151000,222080,SFA넥셀,오버나잇,FullAuto,2026-02-24 15:10:00,15030,진입,,,"오버나잇: 등락 +17.3%, 범위 위치 74%",17.33,0.93,0.744,231.0,0.98,1,,,,,,
007660#638-S20260224151000,007660,이수페타시스,오버나잇,FullAuto,2026-02-24 15:10:00,112000,진입,,,"오버나잇: 등락 +3.6%, 범위 위치 77%",3.61,0.67,0.770,456.0,0.88,1,,,,,,
000270#641-S20260225090525,000270,기아,ORB,FullAuto,2026-02-25 09:05:25,184300,진입,,,"ORB5 고가 184,100 돌파 (범위 5.3%, 등락 +5.6%)",5.62,2.49,1,206.5,1.61,1,,,,,,
000660#650-S20260225151000,000660,SK하이닉스,오버나잇,FullAuto,2026-02-25 15:10:00,1019000,차단,매수 가능 수량 0 (투입금/리스크/예수금 확인),,"오버나잇: 등락 +1.0%, 범위 위치 44%",0.99,-0.18,0.441,666.9,0.68,1,1019000,1019000,,,1022000,1018000
006800#652-S20260225151000,006800,미래에셋증권,오버나잇,FullAuto,2026-02-25 15:10:00,72985,진입,,,"오버나잇: 등락 +2.5%, 범위 위치 65%",2.52,1.21,0.653,430.1,3.14,2,,,,,,
307950#651-S20260225151000,307950,현대오토에버,오버나잇,FullAuto,2026-02-25 15:10:00,494250,진입,,,"오버나잇: 등락 +14.3%, 범위 위치 60%",14.28,-0.45,0.598,270.0,1.08,2,,,,,,
006400#654-S20260225151000,006400,삼성SDI,오버나잇,FullAuto,2026-02-25 15:10:00,433500,진입,,,"오버나잇: 등락 +2.8%, 범위 위치 65%",2.85,0.84,0.649,399.7,1.30,1,,,,,,
000270#653-S20260225151000,000270,기아,오버나잇,FullAuto,2026-02-25 15:10:00,196600,진입,,,"오버나잇: 등락 +12.7%, 범위 위치 87%",12.66,1.03,0.868,228.1,1.25,1,,,,,,
086520#655-S20260225151000,086520,에코프로,오버나잇,FullAuto,2026-02-25 15:10:00,174400,진입,,,"오버나잇: 등락 +2.5%, 범위 위치 53%",2.53,0.08,0.525,289.5,1.67,1,,,,,,
034020#656-S20260225151000,034020,두산에너빌리티,오버나잇,FullAuto,2026-02-25 15:10:00,103000,진입,,,"오버나잇: 등락 +1.5%, 범위 위치 57%",1.48,-0.20,0.571,423.1,1.46,1,,,,,,
000720#657-S20260225151000,000720,현대건설,오버나잇,FullAuto,2026-02-25 15:10:00,154600,진입,,,"오버나잇: 등락 +11.6%, 범위 위치 75%",11.62,1.15,0.745,252.5,1.27,1,,,,,,
012330#661-S20260226090522,012330,현대모비스,ORB,FullAuto,2026-02-26 09:05:22,498500,진입,,,"ORB5 고가 497,000 돌파 (범위 3.2%, 등락 +5.6%) · A등급",5.61,1.77,1,507.6,3.75,1,,,,,,
018880#662-S20260226090722,018880,한온시스템,ORB,FullAuto,2026-02-26 09:07:22,4705,진입,,,"ORB5 고가 4,700 돌파 (범위 3.5%, 등락 +3.9%) · A등급",3.86,0.99,1,411.3,2.28,1,,,,,,
066570#658-S20260226090920,066570,LG전자,ORB,FullAuto,2026-02-26 09:09:20,146000,진입,,,"ORB5 고가 145,800 돌파 (범위 3.8%, 등락 +9.5%)",9.53,1.64,1,172.2,2.89,1,,,,,,
000660#673-S20260226151000,000660,SK하이닉스,오버나잇,FullAuto,2026-02-26 15:10:00,1094000,차단,매수 가능 수량 0 (투입금/리스크/예수금 확인),,"오버나잇: 등락 +6.1%, 범위 위치 100%",6.11,4.48,1,497.2,0.82,1,1095500,1097000,,,1098000,1088000
086520#674-S20260226151000,086520,에코프로,오버나잇,FullAuto,2026-02-26 15:10:00,183300,진입,,,"오버나잇: 등락 +4.3%, 범위 위치 55%",4.27,0.09,0.553,226.5,0.70,1,,,,,,
066570#676-S20260226151000,066570,LG전자,오버나잇,FullAuto,2026-02-26 15:10:00,146200,진입,,,"오버나잇: 등락 +9.7%, 범위 위치 66%",9.68,0.49,0.663,226.7,0.80,1,,,,,,
489790#675-S20260226151000,489790,한화비전,오버나잇,FullAuto,2026-02-26 15:10:00,87500,진입,,,"오버나잇: 등락 +15.3%, 범위 위치 67%",15.28,1.33,0.665,210.4,0.82,1,,,,,,
006400#678-S20260226151000,006400,삼성SDI,오버나잇,FullAuto,2026-02-26 15:10:00,448500,진입,,,"오버나잇: 등락 +3.0%, 범위 위치 59%",2.99,0.25,0.585,661.0,0.63,1,,,,,,
277810#677-S20260226151000,277810,레인보우로보틱스,오버나잇,FullAuto,2026-02-26 15:10:00,878500,진입,,,"오버나잇: 등락 +11.9%, 범위 위치 79%",11.91,2.06,0.791,264.9,1.55,2,,,,,,
047040#679-S20260226151000,047040,대우건설,오버나잇,FullAuto,2026-02-26 15:10:00,10150,진입,,,"오버나잇: 등락 +16.0%, 범위 위치 67%",16.00,2.65,0.667,240.3,0.83,1,,,,,,
001510#680-S20260226151000,001510,SK증권,오버나잇,FullAuto,2026-02-26 15:10:00,4285,진입,,,"오버나잇: 등락 +18.4%, 범위 위치 68%",18.44,-0.96,0.677,182.2,0.64,1,,,,,,
004020#686-S20260227090522,004020,현대제철,ORB,FullAuto,2026-02-27 09:05:22,40900,진입,,,"ORB5 고가 40,800 돌파 (범위 6.0%, 등락 +3.9%)",3.94,2.20,1,300,1.93,1,,,,,,
034020#681-S20260227090925,034020,두산에너빌리티,ORB,FullAuto,2026-02-27 09:09:25,109400,진입,,,"ORB5 고가 109,300 돌파 (범위 3.6%, 등락 +5.2%) · A등급",5.19,1.14,1,239.9,2.09,1,,,,,,
005380#691-S20260227151000,005380,현대차,오버나잇,FullAuto,2026-02-27 15:10:00,674000,진입,,,"오버나잇: 등락 +11.4%, 범위 위치 87%",11.40,4.95,0.866,398.2,0.34,1,,,,,,
034020#692-S20260227151000,034020,두산에너빌리티,오버나잇,FullAuto,2026-02-27 15:10:00,106300,진입,,,"오버나잇: 등락 +2.2%, 범위 위치 17%",2.21,-1.47,0.170,328.9,0.86,1,,,,,,
000250#697-S20260227151000,000250,삼천당제약,오버나잇,FullAuto,2026-02-27 15:10:00,828000,진입,,,"오버나잇: 등락 +9.4%, 범위 위치 48%",9.38,-0.42,0.475,435.7,0.55,1,,,,,,
004020#693-S20260227151000,004020,현대제철,오버나잇,FullAuto,2026-02-27 15:10:00,46450,진입,,,"오버나잇: 등락 +18.0%, 범위 위치 67%",18.04,-0.80,0.668,223.4,0.94,1,,,,,,
006400#694-S20260227151000,006400,삼성SDI,오버나잇,FullAuto,2026-02-27 15:10:00,468500,진입,,,"오버나잇: 등락 +4.5%, 범위 위치 86%",4.46,1.77,0.857,321.5,1.02,1,,,,,,
086520#696-S20260227151000,086520,에코프로,오버나잇,FullAuto,2026-02-27 15:10:00,185000,진입,,,"오버나잇: 등락 +0.2%, 범위 위치 67%",0.16,0.60,0.667,234.9,0.68,1,,,,,,
038500#695-S20260227151000,038500,삼표시멘트,오버나잇,FullAuto,2026-02-27 15:10:00,17370,진입,,,"오버나잇: 등락 +13.8%, 범위 위치 53%",13.75,-3.09,0.526,157.7,0.60,1,,,,,,
187660#698-S20260227151000,187660,페니트리움바이오,오버나잇,FullAuto,2026-02-27 15:10:00,18253,진입,,,"오버나잇: 등락 +0.6%, 범위 위치 70%",0.65,4.60,0.704,116.1,0.31,2,,,,,,
322000#699-S20260303090525,322000,HD현대에너지솔루션,ORB,FullAuto,2026-03-03 09:05:25,110300,진입,,,"ORB5 고가 110,000 돌파 (범위 4.7%, 등락 +6.1%)",6.06,2.38,1,259.6,1.33,1,,,,,,
439260#707-S20260303090627,439260,대한조선,ORB,FullAuto,2026-03-03 09:06:27,104100,진입,,,"ORB5 고가 103,900 돌파 (범위 2.8%, 등락 +3.9%) · A등급",3.89,1.46,1,543.1,1.30,1,,,,,,
000880#706-S20260303091930,000880,한화,ORB,FullAuto,2026-03-03 09:19:30,171311,진입,,,"ORB5 고가 171,191 돌파 (범위 3.4%, 등락 +5.1%)",5.08,1.45,1,203.2,3.41,2,,,,,,
012450#712-S20260303151000,012450,한화에어로스페이스,오버나잇,FullAuto,2026-03-03 15:10:00,1414000,차단,매수 가능 수량 0 (투입금/리스크/예수금 확인),,"오버나잇: 등락 +17.3%, 범위 위치 59%",17.34,1.24,0.585,230.7,0.73,1,1425500,1431000,,,1440000,1413000
103140#716-S20260303151000,103140,풍산,오버나잇,FullAuto,2026-03-03 15:10:00,130300,진입,,,"오버나잇: 등락 +12.1%, 범위 위치 46%",12.13,0.02,0.461,237.1,0.87,1,,,,,,
047810#713-S20260303151000,047810,한국항공우주,오버나잇,FullAuto,2026-03-03 15:10:00,196600,진입,,,"오버나잇: 등락 +2.1%, 범위 위치 21%",2.08,-2.45,0.209,228.6,0.64,1,,,,,,
096770#714-S20260303151000,096770,SK이노베이션,오버나잇,FullAuto,2026-03-03 15:10:00,131400,진입,,,"오버나잇: 등락 +1.9%, 범위 위치 17%",1.86,-1.80,0.168,279.9,1.06,1,,,,,,
058470#715-S20260303151000,058470,리노공업,오버나잇,FullAuto,2026-03-03 15:10:00,112500,진입,,,"오버나잇: 등락 +4.8%, 범위 위치 34%",4.85,-4.33,0.342,190.8,1.02,1,,,,,,
032820#717-S20260303151000,032820,우리기술,오버나잇,FullAuto,2026-03-03 15:10:00,17150,진입,,,"오버나잇: 등락 +0.2%, 범위 위치 63%",0.23,-0.79,0.635,410.4,1.41,1,,,,,,
226950#718-S20260303151000,226950,올릭스,오버나잇,FullAuto,2026-03-03 15:10:00,194900,진입,,,"오버나잇: 등락 +9.7%, 범위 위치 44%",9.74,-2.07,0.445,146.5,0.66,1,,,,,,
010170#719-S20260303151000,010170,대한광통신,오버나잇,FullAuto,2026-03-03 15:10:00,4595,진입,,,"오버나잇: 등락 +7.0%, 범위 위치 31%",6.98,-4.64,0.309,214.7,0.89,1,,,,,,
439260#735-S20260304151000,439260,대한조선,오버나잇,FullAuto,2026-03-04 15:10:00,94500,진입,,,"오버나잇: 등락 +5.7%, 범위 위치 34%",5.70,-2.13,0.344,240.6,0.90,1,,,,,,
005930#738-S20260305090522,005930,삼성전자,ORB,FullAuto,2026-03-05 09:05:22,195500,진입,,,"ORB5 고가 195,300 돌파 (범위 2.1%, 등락 +7.7%) · A등급",7.65,0.58,1,712.1,1.24,1,,,,,,
066570#737-S20260305090525,066570,LG전자,ORB,FullAuto,2026-03-05 09:05:25,120300,진입,,,"ORB5 고가 120,200 돌파 (범위 2.0%, 등락 +4.4%)",4.43,0.75,1,639.7,1.33,1,,,,,,
058470#744-S20260305092225,058470,리노공업,ORB,FullAuto,2026-03-05 09:22:25,116000,진입,,,"ORB5 고가 115,900 돌파 (범위 3.5%, 등락 +8.0%)",8.01,2.24,1,221.4,2.33,1,,,,,,
012450#740-S20260305095530,012450,한화에어로스페이스,ORB,FullAuto,2026-03-05 09:55:30,1372000,시간외,진입 가능 시간 09:05~09:30 밖,,"ORB5 고가 1,371,000 돌파 (범위 2.2%, 등락 +5.8%)",5.78,1.55,1,260.9,2.25,1,1371000,1395000,1409000,1391000,1438000,1358000
005930#748-S20260305151000,005930,삼성전자,오버나잇,FullAuto,2026-03-05 15:10:00,190500,진입,,,"오버나잇: 등락 +4.9%, 범위 위치 21%",4.90,-1.85,0.207,122.4,1.55,1,,,,,,
000660#749-S20260305151000,000660,SK하이닉스,오버나잇,FullAuto,2026-03-05 15:10:00,944000,진입,,,"오버나잇: 등락 +4.9%, 범위 위치 26%",4.89,-2.03,0.262,291.5,1.27,1,,,,,,
079550#750-S20260305151000,079550,LIG디펜스앤에어로스페이스,오버나잇,FullAuto,2026-03-05 15:10:00,764500,진입,,,"오버나잇: 등락 +18.3%, 범위 위치 84%",18.34,4.41,0.840,165.7,0.74,2,,,,,,
272210#751-S20260305151000,272210,한화시스템,오버나잇,FullAuto,2026-03-05 15:10:00,150800,진입,,,"오버나잇: 등락 +23.6%, 범위 위치 100%",23.61,6.94,1,300,0.74,1,,,,,,
012450#752-S20260305151000,012450,한화에어로스페이스,오버나잇,FullAuto,2026-03-05 15:10:00,1385000,차단,매수 가능 수량 0 (투입금/리스크/예수금 확인),,"오버나잇: 등락 +6.8%, 범위 위치 38%",6.78,-1.25,0.384,229.7,0.66,1,1394000,1394000,,,1398000,1384000
010950#754-S20260305151000,010950,S-Oil,오버나잇,FullAuto,2026-03-05 15:10:00,131500,진입,,,"오버나잇: 등락 +11.1%, 범위 위치 92%",11.06,3.89,0.917,224.1,0.44,1,,,,,,
024060#753-S20260305151000,024060,흥구석유,오버나잇,FullAuto,2026-03-05 15:10:00,33450,진입,,,"오버나잇: 등락 +12.6%, 범위 위치 78%",12.63,5.88,0.778,126.6,0.68,1,,,,,,
086520#755-S20260305151000,086520,에코프로,오버나잇,FullAuto,2026-03-05 15:10:00,163500,진입,,,"오버나잇: 등락 +13.5%, 범위 위치 70%",13.46,2.17,0.695,129.1,1.11,1,,,,,,
078600#765-S20260306090520,078600,대주전자재료,ORB,FullAuto,2026-03-06 09:05:20,106500,진입,,,"ORB5 고가 106,400 돌파 (범위 5.7%, 등락 +5.4%)",5.45,2.32,1,156.1,2.31,1,,,,,,
403870#758-S20260306090520,403870,HPSP,ORB,FullAuto,2026-03-06 09:05:20,46900,진입,,,"ORB5 고가 46,800 돌파 (범위 3.4%, 등락 +4.3%) · A등급",4.34,1.52,1,278.9,2.62,1,,,,,,
009830#761-S20260306090522,009830,한화솔루션,ORB,FullAuto,2026-03-06 09:05:22,45200,진입,,,"ORB5 고가 45,132 돌파 (범위 3.9%, 등락 +7.9%) · A등급",7.93,2.08,1,116.9,1.26,1,,,,,,
032820#756-S20260306092425,032820,우리기술,ORB,FullAuto,2026-03-06 09:24:25,18010,진입,,,"ORB5 고가 17,980 돌파 (범위 5.6%, 등락 +8.6%)",8.62,2.98,1,139.2,8.20,1,,,,,,
079550#772-S20260306151000,079550,LIG디펜스앤에어로스페이스,오버나잇,FullAuto,2026-03-06 15:10:00,817000,진입,,,"오버나잇: 등락 +1.6%, 범위 위치 20%",1.62,-3.86,0.204,627.9,0.77,1,,,,,,
272210#771-S20260306151000,272210,한화시스템,오버나잇,FullAuto,2026-03-06 15:10:00,156100,진입,,,"오버나잇: 등락 +3.5%, 범위 위치 23%",3.51,-3.28,0.233,293.6,1.09,1,,,,,,
034020#774-S20260306151000,034020,두산에너빌리티,오버나잇,FullAuto,2026-03-06 15:10:00,98000,진입,,,"오버나잇: 등락 +6.3%, 범위 위치 99%",6.29,4.30,0.989,376.1,0.67,1,,,,,,
012450#773-S20260306151000,012450,한화에어로스페이스,오버나잇,FullAuto,2026-03-06 15:10:00,1466000,차단,매수 가능 수량 0 (투입금/리스크/예수금 확인),,"오버나잇: 등락 +5.2%, 범위 위치 57%",5.16,0.19,0.570,261.1,0.86,1,1466500,1480000,,,1482000,1463000
086520#775-S20260306151000,086520,에코프로,오버나잇,FullAuto,2026-03-06 15:10:00,168100,진입,,,"오버나잇: 등락 +1.6%, 범위 위치 61%",1.57,0.42,0.606,311.4,0.98,1,,,,,,
032820#777-S20260306151000,032820,우리기술,오버나잇,FullAuto,2026-03-06 15:10:00,17145,진입,,,"오버나잇: 등락 +3.4%, 범위 위치 25%",3.41,-1.95,0.246,276.3,1.14,2,,,,,,
089030#778-S20260306151000,089030,테크윙,오버나잇,FullAuto,2026-03-06 15:10:00,71700,진입,,,"오버나잇: 등락 +8.1%, 범위 위치 87%",8.14,4.83,0.871,242.4,0.54,1,,,,,,
009830#776-S20260306151000,009830,한화솔루션,오버나잇,FullAuto,2026-03-06 15:10:00,49046,진입,,,"오버나잇: 등락 +17.1%, 범위 위치 69%",17.12,1.86,0.688,161.5,0.66,2,,,,,,
272210#795-S20260309151000,272210,한화시스템,오버나잇,FullAuto,2026-03-09 15:10:00,161800,진입,,,"오버나잇: 등락 +4.1%, 범위 위치 22%",4.05,-1.60,0.22,229.7,0.49,1,,,,,,
047050#797-S20260309151000,047050,포스코인터내셔널,오버나잇,FullAuto,2026-03-09 15:10:00,75600,진입,,,"오버나잇: 등락 +4.9%, 범위 위치 34%",4.85,-5.40,0.335,192.0,0.63,1,,,,,,
010950#798-S20260309151000,010950,S-Oil,오버나잇,FullAuto,2026-03-09 15:10:00,126900,진입,,,"오버나잇: 등락 -+1.2%, 범위 위치 17%",-1.17,-3.41,0.169,156.2,0.60,1,,,,,,
032820#796-S20260309151000,032820,우리기술,오버나잇,FullAuto,2026-03-09 15:10:00,17300,진입,,,"오버나잇: 등락 +0.4%, 범위 위치 39%",0.41,-1.90,0.393,348.3,1.09,1,,,,,,
187660#799-S20260309151000,187660,페니트리움바이오,오버나잇,FullAuto,2026-03-09 15:10:00,16912,진입,,,"오버나잇: 등락 +12.0%, 범위 위치 66%",12.03,2.64,0.659,137.5,0.80,2,,,,,,
247540#801-S20260309151000,247540,에코프로비엠,오버나잇,FullAuto,2026-03-09 15:10:00,195777,진입,,,"오버나잇: 등락 -+0.3%, 범위 위치 53%",-0.30,0.68,0.527,156.5,0.90,2,,,,,,
117580#800-S20260309151000,117580,대성에너지,오버나잇,FullAuto,2026-03-09 15:10:00,15100,진입,,,"오버나잇: 등락 +27.2%, 범위 위치 86%",27.21,3.37,0.857,184.2,0.62,1,,,,,,
476830#802-S20260309151000,476830,알지노믹스,오버나잇,FullAuto,2026-03-09 15:10:00,84000,진입,,,"오버나잇: 등락 +3.9%, 범위 위치 59%",3.90,0.38,0.593,223.8,0.44,1,,,,,,
017960#803-S20260309151432,017960,한국카본,오버나잇,FullAuto,2026-03-09 15:14:32,44650,진입,,,"오버나잇: 등락 +8.2%, 범위 위치 79%",8.24,0.78,0.794,245.0,1.07,1,,,,,,
032820#805-S20260310090527,032820,우리기술,ORB,FullAuto,2026-03-10 09:05:27,18570,진입,,,"ORB5 고가 18,550 돌파 (범위 3.6%, 등락 +7.3%) · A등급",7.34,1.75,1,124.3,2.51,1,,,,,,
115180#812-S20260310090530,115180,큐리언트,ORB,FullAuto,2026-03-10 09:05:30,48700,진입,,,"ORB5 고가 48,500 돌파 (범위 5.4%, 등락 +7.2%)",7.15,2.69,1,150.1,1.77,1,,,,,,
034020#804-S20260310091830,034020,두산에너빌리티,ORB,FullAuto,2026-03-10 09:18:30,102800,진입,,,"ORB5 고가 102,600 돌파 (범위 2.7%, 등락 +9.9%)",9.95,1.42,1,298.0,6.27,1,,,,,,
005930#818-S20260310151000,005930,삼성전자,오버나잇,FullAuto,2026-03-10 15:10:00,188100,진입,,,"오버나잇: 등락 +9.7%, 범위 위치 53%",9.68,0.04,0.528,616.5,0.78,1,,,,,,
000660#819-S20260310151000,000660,SK하이닉스,오버나잇,FullAuto,2026-03-10 15:10:00,940000,진입,,,"오버나잇: 등락 +13.1%, 범위 위치 80%",13.12,1.39,0.804,540.2,0.61,1,,,,,,
034020#820-S20260310151000,034020,두산에너빌리티,오버나잇,FullAuto,2026-03-10 15:10:00,102400,진입,,,"오버나잇: 등락 +9.5%, 범위 위치 51%",9.52,-0.25,0.510,361.1,0.87,1,,,,,,
012450#821-S20260310151000,012450,한화에어로스페이스,오버나잇,FullAuto,2026-03-10 15:10:00,1462000,차단,매수 가능 수량 0 (투입금/리스크/예수금 확인),,"오버나잇: 등락 +2.3%, 범위 위치 84%",2.31,2.13,0.838,589.9,1.05,1,1463000,1455000,,,1468000,1455000
086520#822-S20260310151000,086520,에코프로,오버나잇,FullAuto,2026-03-10 15:10:00,163800,진입,,,"오버나잇: 등락 +1.7%, 범위 위치 19%",1.68,-2.46,0.190,313.3,1.12,1,,,,,,
009150#823-S20260310151000,009150,삼성전기,오버나잇,FullAuto,2026-03-10 15:10:00,399000,진입,,,"오버나잇: 등락 +6.3%, 범위 위치 46%",6.26,-0.28,0.462,753.9,0.93,1,,,,,,
006400#824-S20260310151000,006400,삼성SDI,오버나잇,FullAuto,2026-03-10 15:10:00,403000,진입,,,"오버나잇: 등락 +4.3%, 범위 위치 41%",4.27,-0.19,0.409,1291.5,1.13,1,,,,,,
036930#825-S20260310151000,036930,주성엔지니어링,오버나잇,FullAuto,2026-03-10 15:10:00,69000,진입,,,"오버나잇: 등락 +15.2%, 범위 위치 49%",15.19,-1.20,0.485,299.9,1.15,1,,,,,,
050890#829-S20260311090520,050890,쏠리드,ORB,FullAuto,2026-03-11 09:05:20,9720,진입,,,"ORB5 고가 9,700 돌파 (범위 4.8%, 등락 +7.9%)",7.88,2.00,1,168.3,3.10,1,,,,,,
009830#830-S20260311090630,009830,한화솔루션,ORB,FullAuto,2026-03-11 09:06:30,49707,진입,,,"ORB5 고가 49,612 돌파 (범위 3.7%, 등락 +4.4%) · A등급",4.36,1.26,1,150.4,2.12,2,,,,,,
042660#835-S20260311091727,042660,한화오션,ORB,FullAuto,2026-03-11 09:17:27,136300,진입,,,"ORB5 고가 136,000 돌파 (범위 4.3%, 등락 +8.7%)",8.69,1.70,1,254.6,7.38,1,,,,,,
000660#840-S20260311151000,000660,SK하이닉스,오버나잇,FullAuto,2026-03-11 15:10:00,956000,진입,,,"오버나잇: 등락 +1.8%, 범위 위치 34%",1.81,-0.96,0.341,239.7,0.73,1,,,,,,
006800#841-S20260311151000,006800,미래에셋증권,오버나잇,FullAuto,2026-03-11 15:10:00,70595,진입,,,"오버나잇: 등락 +8.2%, 범위 위치 48%",8.24,-1.58,0.477,287.3,0.98,2,,,,,,
042660#842-S20260311151000,042660,한화오션,오버나잇,FullAuto,2026-03-11 15:10:00,133700,진입,,,"오버나잇: 등락 +6.6%, 범위 위치 31%",6.62,-2.45,0.306,251.1,1.80,1,,,,,,
218410#843-S20260311151000,218410,RFHIC,오버나잇,FullAuto,2026-03-11 15:10:00,89300,진입,,,"오버나잇: 등락 +18.3%, 범위 위치 72%",18.28,2.57,0.724,191.9,1.09,1,,,,,,
010950#845-S20260311151000,010950,S-Oil,오버나잇,FullAuto,2026-03-11 15:10:00,114800,진입,,,"오버나잇: 등락 -+2.0%, 범위 위치 48%",-1.96,0.46,0.481,122.2,0.32,1,,,,,,
015750#846-S20260311151000,015750,성우하이텍,오버나잇,FullAuto,2026-03-11 15:10:00,10580,진입,,,"오버나잇: 등락 +5.9%, 범위 위치 19%",5.91,-6.19,0.194,197.0,0.72,1,,,,,,
006910#844-S20260311151000,006910,보성파워텍,오버나잇,FullAuto,2026-03-11 15:10:00,11640,진입,,,"오버나잇: 등락 +13.2%, 범위 위치 64%",13.23,-0.36,0.642,178.8,0.92,1,,,,,,
009830#847-S20260311151000,009830,한화솔루션,오버나잇,FullAuto,2026-03-11 15:10:00,48575,진입,,,"오버나잇: 등락 +2.0%, 범위 위치 29%",1.98,-1.94,0.287,196.7,0.45,2,,,,,,
047050#855-S20260312090827,047050,포스코인터내셔널,ORB,FullAuto,2026-03-12 09:08:27,81300,진입,,,"ORB5 고가 81,200 돌파 (범위 3.8%, 등락 +7.1%) · A등급",7.11,1.59,1,218.6,2.07,1,,,,,,
038500#863-S20260312151000,038500,삼표시멘트,오버나잇,FullAuto,2026-03-12 15:10:00,19900,진입,,,"오버나잇: 등락 +9.7%, 범위 위치 47%",9.70,0.07,0.468,206.4,0.53,1,,,,,,
034020#866-S20260312151000,034020,두산에너빌리티,오버나잇,FullAuto,2026-03-12 15:10:00,102600,진입,,,"오버나잇: 등락 +1.7%, 범위 위치 46%",1.68,-0.58,0.459,620.0,1.07,1,,,,,,
322000#864-S20260312151000,322000,HD현대에너지솔루션,오버나잇,FullAuto,2026-03-12 15:10:00,131100,진입,,,"오버나잇: 등락 +24.9%, 범위 위치 87%",24.86,5.06,0.869,205.3,0.61,1,,,,,,
272210#868-S20260312151000,272210,한화시스템,오버나잇,FullAuto,2026-03-12 15:10:00,145900,진입,,,"오버나잇: 등락 -+0.1%, 범위 위치 24%",-0.07,-1.36,0.244,335.4,1.35,1,,,,,,
010170#865-S20260312151000,010170,대한광통신,오버나잇,FullAuto,2026-03-12 15:10:00,7650,진입,,,"오버나잇: 등락 +6.8%, 범위 위치 26%",6.84,-5.15,0.265,208.6,0.66,1,,,,,,
079550#870-S20260312151000,079550,LIG디펜스앤에어로스페이스,오버나잇,FullAuto,2026-03-12 15:10:00,748000,진입,,,"오버나잇: 등락 +1.1%, 범위 위치 24%",1.08,-0.47,0.242,522.9,1.81,1,,,,,,
050890#867-S20260312151000,050890,쏠리드,오버나잇,FullAuto,2026-03-12 15:10:00,12390,진입,,,"오버나잇: 등락 +5.8%, 범위 위치 39%",5.81,-0.85,0.386,288.5,0.40,1,,,,,,
0009K0#869-S20260312151000,0009K0,에임드바이오,오버나잇,FullAuto,2026-03-12 15:10:00,71300,진입,,,"오버나잇: 등락 +8.7%, 범위 위치 94%",8.69,2.94,0.935,379.1,0.58,1,,,,,,
0007C0#877-S20260313090525,0007C0,아크릴,ORB,FullAuto,2026-03-13 09:05:25,41800,진입,,,"ORB5 고가 41,700 돌파 (범위 4.6%, 등락 +8.6%)",8.57,2.81,1,345.9,4.43,1,,,,,,
475150#874-S20260313090620,475150,SK이터닉스,ORB,FullAuto,2026-03-13 09:06:20,40450,진입,,,"ORB5 고가 40,400 돌파 (범위 3.6%, 등락 +8.3%)",8.30,1.53,1,177.0,4.08,1,,,,,,
034020#882-S20260313151000,034020,두산에너빌리티,오버나잇,FullAuto,2026-03-13 15:10:00,106200,진입,,,"오버나잇: 등락 +2.6%, 범위 위치 71%",2.61,0.43,0.705,340.8,1.11,1,,,,,,
047040#883-S20260313151000,047040,대우건설,오버나잇,FullAuto,2026-03-13 15:10:00,12270,진입,,,"오버나잇: 등락 +17.3%, 범위 위치 62%",17.30,-1.47,0.625,205.0,1.11,1,,,,,,
000720#884-S20260313151000,000720,현대건설,오버나잇,FullAuto,2026-03-13 15:10:00,162900,진입,,,"오버나잇: 등락 +3.9%, 범위 위치 65%",3.89,-0.55,0.645,351.0,0.87,1,,,,,,
012450#886-S20260313151000,012450,한화에어로스페이스,오버나잇,FullAuto,2026-03-13 15:10:00,1484000,차단,매수 가능 수량 0 (투입금/리스크/예수금 확인),,"오버나잇: 등락 +1.6%, 범위 위치 95%",1.64,1.24,0.955,265.2,1.14,1,1485000,1480000,,,1489000,1480000
475150#885-S20260313151000,475150,SK이터닉스,오버나잇,FullAuto,2026-03-13 15:10:00,39000,진입,,,"오버나잇: 등락 +4.4%, 범위 위치 10%",4.42,-4.56,0.096,204.3,0.90,1,,,,,,
476830#887-S20260313151000,476830,알지노믹스,오버나잇,FullAuto,2026-03-13 15:10:00,96200,진입,,,"오버나잇: 등락 +6.1%, 범위 위치 64%",6.12,0.63,0.639,241.8,0.58,1,,,,,,
015760#889-S20260313151000,015760,한국전력,오버나잇,FullAuto,2026-03-13 15:10:00,48400,진입,,,"오버나잇: 등락 +1.0%, 범위 위치 61%",1.04,-0.52,0.612,443.6,1.08,1,,,,,,
052690#888-S20260313151000,052690,한전기술,오버나잇,FullAuto,2026-03-13 15:10:00,176900,진입,,,"오버나잇: 등락 +6.3%, 범위 위치 69%",6.31,0.47,0.686,235.8,1.83,1,,,,,,
005930#900-S20260316151000,005930,삼성전자,오버나잇,FullAuto,2026-03-16 15:10:00,188600,진입,,,"오버나잇: 등락 +2.5%, 범위 위치 93%",2.50,1.21,0.926,518.3,0.83,1,,,,,,
000660#901-S20260316151000,000660,SK하이닉스,오버나잇,FullAuto,2026-03-16 15:10:00,967000,진입,,,"오버나잇: 등락 +5.7%, 범위 위치 90%",5.68,2.36,0.896,473.9,0.62,1,,,,,,
079550#902-S20260316151000,079550,LIG디펜스앤에어로스페이스,오버나잇,FullAuto,2026-03-16 15:10:00,730000,진입,,,"오버나잇: 등락 +2.5%, 범위 위치 34%",2.53,-2.14,0.338,338.3,0.99,1,,,,,,
006800#904-S20260316151000,006800,미래에셋증권,오버나잇,FullAuto,2026-03-16 15:10:00,70900,진입,,,"오버나잇: 등락 +2.8%, 범위 위치 45%",2.75,-0.05,0.447,750.7,0.63,1,,,,,,
006910#903-S20260316151000,006910,보성파워텍,오버나잇,FullAuto,2026-03-16 15:10:00,12090,진입,,,"오버나잇: 등락 +4.0%, 범위 위치 18%",4.04,-5.63,0.182,307.1,0.83,1,,,,,,
047810#906-S20260316151000,047810,한국항공우주,오버나잇,FullAuto,2026-03-16 15:10:00,191800,진입,,,"오버나잇: 등락 +6.0%, 범위 위치 45%",5.97,-0.33,0.449,307.1,0.73,1,,,,,,
009150#905-S20260316151000,009150,삼성전기,오버나잇,FullAuto,2026-03-16 15:10:00,413250,진입,,,"오버나잇: 등락 +2.7%, 범위 위치 52%",2.67,-0.13,0.522,780.3,0.30,2,,,,,,
012450#907-S20260316151000,012450,한화에어로스페이스,오버나잇,FullAuto,2026-03-16 15:10:00,1471000,차단,매수 가능 수량 0 (투입금/리스크/예수금 확인),,"오버나잇: 등락 -+0.2%, 범위 위치 22%",-0.20,-0.94,0.215,332.3,0.95,1,1473000,1470000,,,1473000,1466000
009830#916-S20260317090522,009830,한화솔루션,ORB,FullAuto,2026-03-17 09:05:22,45550,진입,,,"ORB5 고가 45,462 돌파 (범위 3.9%, 등락 +4.9%) · A등급",4.87,1.77,1,800.1,1.21,1,,,,,,
047040#913-S20260317091330,047040,대우건설,ORB,FullAuto,2026-03-17 09:13:30,12600,진입,,,"ORB5 고가 12,580 돌파 (범위 4.6%, 등락 +5.2%)",5.18,1.90,1,156.8,2.42,1,,,,,,
006910#915-S20260317092125,006910,보성파워텍,ORB,FullAuto,2026-03-17 09:21:25,12720,진입,,,"ORB5 고가 12,680 돌파 (범위 2.7%, 등락 +5.2%)",5.21,2.21,1,178.9,7.64,1,,,,,,
005930#919-S20260317151000,005930,삼성전자,오버나잇,FullAuto,2026-03-17 15:10:00,194100,진입,,,"오버나잇: 등락 +1.6%, 범위 위치 20%",1.62,-1.13,0.204,169.0,0.69,1,,,,,,
003280#920-S20260317151000,003280,흥아해운,오버나잇,FullAuto,2026-03-17 15:10:00,3535,진입,,,"오버나잇: 등락 +16.5%, 범위 위치 70%",16.47,4.09,0.703,219.6,0.53,1,,,,,,
009150#922-S20260317151000,009150,삼성전기,오버나잇,FullAuto,2026-03-17 15:10:00,445000,진입,,,"오버나잇: 등락 +7.1%, 범위 위치 73%",7.10,1.60,0.730,275.9,0.94,1,,,,,,
322000#921-S20260317151000,322000,HD현대에너지솔루션,오버나잇,FullAuto,2026-03-17 15:10:00,127700,진입,,,"오버나잇: 등락 +7.0%, 범위 위치 27%",6.95,-6.89,0.274,203.6,0.27,1,,,,,,
090710#923-S20260317151000,090710,휴림로봇,오버나잇,FullAuto,2026-03-17 15:10:00,13400,진입,,,"오버나잇: 등락 +12.0%, 범위 위치 55%",12.04,-1.48,0.547,221.3,0.71,1,,,,,,
272210#925-S20260317151000,272210,한화시스템,오버나잇,FullAuto,2026-03-17 15:10:00,139200,진입,,,"오버나잇: 등락 -+0.1%, 범위 위치 51%",-0.14,0.00,0.515,401.6,0.77,1,,,,,,
009830#924-S20260317151000,009830,한화솔루션,오버나잇,FullAuto,2026-03-17 15:10:00,46971,진입,,,"오버나잇: 등락 +8.1%, 범위 위치 58%",8.14,-1.05,0.576,190.0,0.76,2,,,,,,
027360#926-S20260317151000,027360,아주IB투자,오버나잇,FullAuto,2026-03-17 15:10:00,7490,진입,,,"오버나잇: 등락 +18.3%, 범위 위치 74%",18.33,0.85,0.745,186.9,1.13,1,,,,,,
047040#933-S20260318090522,047040,대우건설,ORB,FullAuto,2026-03-18 09:05:22,12920,진입,,,"ORB5 고가 12,870 돌파 (범위 4.5%, 등락 +6.7%)",6.69,1.88,1,350.0,2.89,1,,,,,,
403870#927-S20260318090527,403870,HPSP,ORB,FullAuto,2026-03-18 09:05:27,46750,진입,,,"ORB5 고가 46,650 돌파 (범위 3.7%, 등락 +6.1%) · A등급",6.13,1.49,1,459.9,2.07,1,,,,,,
445680#934-S20260318090622,445680,큐리옥스바이오시스템즈,ORB,FullAuto,2026-03-18 09:06:22,126200,진입,,,"ORB5 고가 125,700 돌파 (범위 4.5%, 등락 +9.2%)",9.17,1.94,1,199.9,4.93,1,,,,,,
007660#932-S20260318090630,007660,이수페타시스,ORB,FullAuto,2026-03-18 09:06:30,121600,진입,,,"ORB5 고가 121,500 돌파 (범위 3.3%, 등락 +5.7%) · A등급",5.74,1.46,1,223.6,1.26,1,,,,,,
001510#935-S20260318090727,001510,SK증권,ORB,FullAuto,2026-03-18 09:07:27,3610,진입,,,"ORB5 고가 3,604 돌파 (범위 2.5%, 등락 +4.2%) · A등급",4.21,1.35,1,266.7,2.78,1,,,,,,
353200#929-S20260318091022,353200,대덕전자,ORB,FullAuto,2026-03-18 09:10:22,72800,진입,,,"ORB5 고가 72,500 돌파 (범위 5.7%, 등락 +8.3%)",8.33,2.16,1,324.7,5.07,1,,,,,,
322000#937-S20260318092422,322000,HD현대에너지솔루션,ORB,FullAuto,2026-03-18 09:24:22,131300,진입,,,"ORB5 고가 131,000 돌파 (범위 2.2%, 등락 +4.2%)",4.21,2.04,1,147.2,10.21,1,,,,,,
000660#939-S20260318151000,000660,SK하이닉스,오버나잇,FullAuto,2026-03-18 15:10:00,1056000,차단,매수 가능 수량 0 (투입금/리스크/예수금 확인),,"오버나잇: 등락 +8.2%, 범위 위치 97%",8.20,3.61,0.966,640.4,0.85,1,1058000,1059000,,,1060000,1055000
047040#940-S20260318151000,047040,대우건설,오버나잇,FullAuto,2026-03-18 15:10:00,14840,진입,,,"오버나잇: 등락 +22.5%, 범위 위치 83%",22.54,3.37,0.832,371.8,0.46,1,,,,,,
034020#941-S20260318151000,034020,두산에너빌리티,오버나잇,FullAuto,2026-03-18 15:10:00,107100,진입,,,"오버나잇: 등락 +2.1%, 범위 위치 35%",2.10,-0.33,0.348,2754.2,0.47,1,,,,,,
009150#944-S20260318151000,009150,삼성전기,오버나잇,FullAuto,2026-03-18 15:10:00,464000,진입,,,"오버나잇: 등락 +0.2%, 범위 위치 93%",0.22,1.72,0.933,587.4,1.25,1,,,,,,
403870#942-S20260318151000,403870,HPSP,오버나잇,FullAuto,2026-03-18 15:10:00,49850,진입,,,"오버나잇: 등락 +13.2%, 범위 위치 76%",13.17,0.93,0.758,321.5,0.65,1,,,,,,
090710#943-S20260318151000,090710,휴림로봇,오버나잇,FullAuto,2026-03-18 15:10:00,14800,진입,,,"오버나잇: 등락 +10.1%, 범위 위치 74%",10.12,0.27,0.742,260.2,1.53,1,,,,,,
476830#945-S20260318151000,476830,알지노믹스,오버나잇,FullAuto,2026-03-18 15:10:00,97250,진입,,,"오버나잇: 등락 +4.2%, 범위 위치 49%",4.23,-1.41,0.485,299.7,1.13,2,,,,,,
007660#946-S20260318151000,007660,이수페타시스,오버나잇,FullAuto,2026-03-18 15:10:00,125000,진입,,,"오버나잇: 등락 +8.7%, 범위 위치 91%",8.70,1.72,0.914,420.7,0.99,1,,,,,,
047040#947-S20260319151000,047040,대우건설,오버나잇,FullAuto,2026-03-19 15:10:00,16110,진입,,,"오버나잇: 등락 +8.3%, 범위 위치 59%",8.34,0.50,0.594,175.6,0.31,1,,,,,,
009150#949-S20260319151000,009150,삼성전기,오버나잇,FullAuto,2026-03-19 15:10:00,480500,진입,,,"오버나잇: 등락 +3.8%, 범위 위치 88%",3.78,1.80,0.877,546.4,0.88,1,,,,,,
001510#948-S20260319151000,001510,SK증권,오버나잇,FullAuto,2026-03-19 15:10:00,4305,진입,,,"오버나잇: 등락 +14.4%, 범위 위치 70%",14.37,0.29,0.705,221.8,0.52,1,,,,,,
079550#952-S20260319151000,079550,LIG디펜스앤에어로스페이스,오버나잇,FullAuto,2026-03-19 15:10:00,704000,진입,,,"오버나잇: 등락 +1.6%, 범위 위치 56%",1.59,1.01,0.561,1250.8,1.65,1,,,,,,
007660#950-S20260319151000,007660,이수페타시스,오버나잇,FullAuto,2026-03-19 15:10:00,129500,진입,,,"오버나잇: 등락 +2.9%, 범위 위치 76%",2.86,0.43,0.764,429.1,0.56,1,,,,,,
000250#951-S20260319151000,000250,삼천당제약,오버나잇,FullAuto,2026-03-19 15:10:00,797000,진입,,,"오버나잇: 등락 +1.8%, 범위 위치 42%",1.79,-1.54,0.422,445.7,0.34,1,,,,,,
476830#953-S20260319151000,476830,알지노믹스,오버나잇,FullAuto,2026-03-19 15:10:00,106000,진입,,,"오버나잇: 등락 +7.2%, 범위 위치 65%",7.23,1.35,0.651,233.0,0.66,1,,,,,,
322000#954-S20260319151000,322000,HD현대에너지솔루션,오버나잇,FullAuto,2026-03-19 15:10:00,137100,진입,,,"오버나잇: 등락 +4.1%, 범위 위치 51%",4.10,-0.81,0.507,241.9,0.83,1,,,,,,
046120#961-S20260320090527,046120,오르비텍,ORB,FullAuto,2026-03-20 09:05:27,11900,진입,,,"ORB5 고가 11,870 돌파 (범위 4.8%, 등락 +8.4%)",8.38,2.24,1,193.5,1.57,1,,,,,,
047040#956-S20260320090820,047040,대우건설,ORB,FullAuto,2026-03-20 09:08:20,17510,진입,,,"ORB5 고가 17,430 돌파 (범위 3.5%, 등락 +8.3%)",8.29,2.08,1,162.1,3.07,1,,,,,,
353200#959-S20260320091330,353200,대덕전자,ORB,FullAuto,2026-03-20 09:13:30,84800,진입,,,"ORB5 고가 84,600 돌파 (범위 5.6%, 등락 +9.7%)",9.70,2.44,1,246.9,2.39,1,,,,,,
005930#965-S20260320151000,005930,삼성전자,오버나잇,FullAuto,2026-03-20 15:10:00,200000,진입,,,"오버나잇: 등락 +0.7%, 범위 위치 29%",0.65,-0.22,0.286,669.1,1.24,5,,,,,,
000660#966-S20260320151000,000660,SK하이닉스,오버나잇,FullAuto,2026-03-20 15:10:00,1015000,진입,,,"오버나잇: 등락 +1.4%, 범위 위치 52%",1.40,0.15,0.52,486.7,0.42,1,,,,,,
047040#967-S20260320151000,047040,대우건설,오버나잇,FullAuto,2026-03-20 15:10:00,18930,진입,,,"오버나잇: 등락 +17.1%, 범위 위치 81%",17.07,2.75,0.807,189.5,0.58,1,,,,,,
034020#968-S20260320151000,034020,두산에너빌리티,오버나잇,FullAuto,2026-03-20 15:10:00,109200,진입,,,"오버나잇: 등락 +3.3%, 범위 위치 55%",3.31,-0.36,0.554,446.4,0.83,1,,,,,,
000250#969-S20260320151000,000250,삼천당제약,오버나잇,FullAuto,2026-03-20 15:10:00,908000,진입,,,"오버나잇: 등락 +16.1%, 범위 위치 74%",16.11,2.18,0.737,326.9,0.57,1,,,,,,
009830#970-S20260320151000,009830,한화솔루션,오버나잇,FullAuto,2026-03-20 15:10:00,49329,진입,,,"오버나잇: 등락 +5.1%, 범위 위치 12%",5.13,-3.65,0.118,194.4,0.38,2,,,,,,
036930#971-S20260320151000,036930,주성엔지니어링,오버나잇,FullAuto,2026-03-20 15:10:00,72700,진입,,,"오버나잇: 등락 +19.2%, 범위 위치 49%",19.18,-1.15,0.487,234.6,1.34,1,,,,,,
050890#972-S20260320151000,050890,쏠리드,오버나잇,FullAuto,2026-03-20 15:10:00,13190,진입,,,"오버나잇: 등락 +2.2%, 범위 위치 27%",2.25,-3.04,0.266,308.2,0.96,1,,,,,,
322000#975-S20260323092125,322000,HD현대에너지솔루션,ORB,FullAuto,2026-03-23 09:21:25,141100,진입,,,"ORB5 고가 140,500 돌파 (범위 4.5%, 등락 +7.7%)",7.71,2.70,1,190.3,9.84,1,,,,,,
003280#986-S20260323151000,003280,흥아해운,오버나잇,FullAuto,2026-03-23 15:10:00,3630,진입,,,"오버나잇: 등락 +19.8%, 범위 위치 65%",19.80,-0.33,0.650,246.2,0.72,1,,,,,,
000250#987-S20260323151000,000250,삼천당제약,오버나잇,FullAuto,2026-03-23 15:10:00,936000,진입,,,"오버나잇: 등락 +4.0%, 범위 위치 37%",4.00,-0.94,0.371,314.4,0.55,1,,,,,,
263750#988-S20260323151000,263750,펄어비스,오버나잇,FullAuto,2026-03-23 15:10:00,42100,진입,,,"오버나잇: 등락 +2.4%, 범위 위치 43%",2.43,-0.69,0.433,306.9,0.49,1,,,,,,
046120#989-S20260323151000,046120,오르비텍,오버나잇,FullAuto,2026-03-23 15:10:00,13955,진입,,,"오버나잇: 등락 +1.9%, 범위 위치 44%",1.86,-5.09,0.436,188.9,1.89,2,,,,,,
028050#991-S20260323151000,028050,삼성E&A,오버나잇,FullAuto,2026-03-23 15:10:00,35375,진입,,,"오버나잇: 등락 +0.2%, 범위 위치 5%",0.21,-4.54,0.049,534.9,1.94,2,,,,,,
322000#990-S20260323151000,322000,HD현대에너지솔루션,오버나잇,FullAuto,2026-03-23 15:10:00,135800,진입,,,"오버나잇: 등락 +3.7%, 범위 위치 26%",3.66,-1.99,0.256,307.7,0.91,1,,,,,,
090710#992-S20260323151000,090710,휴림로봇,오버나잇,FullAuto,2026-03-23 15:10:00,14370,진입,,,"오버나잇: 등락 +2.5%, 범위 위치 70%",2.50,1.49,0.703,250.0,0.35,1,,,,,,
131970#993-S20260323151000,131970,두산테스나,오버나잇,FullAuto,2026-03-23 15:10:00,102900,진입,,,"오버나잇: 등락 +3.0%, 범위 위치 27%",3.00,-3.60,0.266,262.9,0.70,1,,,,,,
050890#999-S20260324090505,050890,쏠리드,ORB,FullAuto,2026-03-24 09:05:05,13160,진입,,,"ORB5 고가 13,150 돌파 (범위 3.1%, 등락 +6.4%) · A등급",6.39,1.67,1,209.4,0.80,1,,,,,,
036930#998-S20260324090722,036930,주성엔지니어링,ORB,FullAuto,2026-03-24 09:07:22,77100,진입,,,"ORB5 고가 77,000 돌파 (범위 3.5%, 등락 +7.8%) · A등급",7.83,1.54,1,231.6,3.14,1,,,,,,
001510#1003-S20260324091527,001510,SK증권,ORB,FullAuto,2026-03-24 09:15:27,5150,진입,,,"ORB5 고가 5,146 돌파 (범위 3.6%, 등락 +8.3%)",8.31,2.49,1,220.1,3.49,1,,,,,,
005930#1007-S20260324151000,005930,삼성전자,오버나잇,FullAuto,2026-03-24 15:10:00,190100,진입,,,"오버나잇: 등락 +2.6%, 범위 위치 44%",2.59,0.08,0.438,395.6,0.83,1,,,,,,
000660#1008-S20260324151000,000660,SK하이닉스,오버나잇,FullAuto,2026-03-24 15:10:00,988000,진입,,,"오버나잇: 등락 +5.9%, 범위 위치 89%",5.89,1.66,0.893,612.7,1.06,1,,,,,,
034020#1009-S20260324151000,034020,두산에너빌리티,오버나잇,FullAuto,2026-03-24 15:10:00,100300,진입,,,"오버나잇: 등락 +1.3%, 범위 위치 32%",1.31,-0.14,0.323,716.8,0.83,1,,,,,,
005380#1010-S20260324151000,005380,현대차,오버나잇,FullAuto,2026-03-24 15:10:00,494000,진입,,,"오버나잇: 등락 +2.3%, 범위 위치 40%",2.28,0.03,0.4,722.6,2.02,1,,,,,,
036930#1011-S20260324151000,036930,주성엔지니어링,오버나잇,FullAuto,2026-03-24 15:10:00,76600,진입,,,"오버나잇: 등락 +7.1%, 범위 위치 22%",7.13,-4.43,0.216,222.2,0.80,1,,,,,,
086520#1014-S20260324151000,086520,에코프로,오버나잇,FullAuto,2026-03-24 15:10:00,148100,진입,,,"오버나잇: 등락 +7.9%, 범위 위치 45%",7.87,-0.64,0.455,349.8,0.62,1,,,,,,
000720#1013-S20260324151000,000720,현대건설,오버나잇,FullAuto,2026-03-24 15:10:00,150200,진입,,,"오버나잇: 등락 +0.4%, 범위 위치 38%",0.40,0.60,0.377,447.2,1.43,1,,,,,,
001510#1012-S20260324151000,001510,SK증권,오버나잇,FullAuto,2026-03-24 15:10:00,4775,진입,,,"오버나잇: 등락 +0.4%, 범위 위치 18%",0.42,-4.37,0.184,1416.8,1.09,1,,,,,,
263750#1015-S20260325090520,263750,펄어비스,ORB,FullAuto,2026-03-25 09:05:20,46500,진입,,,"ORB5 고가 46,400 돌파 (범위 4.4%, 등락 +6.9%)",6.90,1.76,1,712.6,2.49,1,,,,,,
050890#1020-S20260325090520,050890,쏠리드,ORB,FullAuto,2026-03-25 09:05:20,13980,진입,,,"ORB5 고가 13,930 돌파 (범위 3.8%, 등락 +5.0%) · A등급",4.95,1.90,1,60.0,1.78,1,,,,,,
066970#1019-S20260325091127,066970,엘앤에프,ORB,FullAuto,2026-03-25 09:11:27,133300,진입,,,"ORB5 고가 133,000 돌파 (범위 4.6%, 등락 +5.9%)",5.88,1.85,1,248.9,2.64,1,,,,,,
000660#1024-S20260325151000,000660,SK하이닉스,오버나잇,FullAuto,2026-03-25 15:10:00,998000,진입,,,"오버나잇: 등락 +1.1%, 범위 위치 19%",1.11,-1.86,0.185,398.9,0.97,1,,,,,,
079550#1025-S20260325151000,079550,LIG디펜스앤에어로스페이스,오버나잇,FullAuto,2026-03-25 15:10:00,731000,진입,,,"오버나잇: 등락 +14.8%, 범위 위치 88%",14.76,3.89,0.878,332.7,1.11,1,,,,,,
000250#1027-S20260325151000,000250,삼천당제약,오버나잇,FullAuto,2026-03-25 15:10:00,1117000,차단,매수 가능 수량 0 (투입금/리스크/예수금 확인),,"오버나잇: 등락 +4.6%, 범위 위치 80%",4.59,3.97,0.8,362.0,0.65,1,1115000,1124000,,,1126000,1112000
050890#1026-S20260325151000,050890,쏠리드,오버나잇,FullAuto,2026-03-25 15:10:00,16080,진입,,,"오버나잇: 등락 +20.7%, 범위 위치 88%",20.72,5.28,0.875,163.9,1.45,1,,,,,,
006800#1028-S20260325151000,006800,미래에셋증권,오버나잇,FullAuto,2026-03-25 15:10:00,67400,진입,,,"오버나잇: 등락 +8.9%, 범위 위치 76%",8.89,1.88,0.763,477.3,3.21,1,,,,,,
489790#1030-S20260325151000,489790,한화비전,오버나잇,FullAuto,2026-03-25 15:10:00,91900,진입,,,"오버나잇: 등락 +6.4%, 범위 위치 43%",6.37,-1.58,0.429,223.2,1.03,1,,,,,,
047040#1029-S20260325151000,047040,대우건설,오버나잇,FullAuto,2026-03-25 15:10:00,16440,진입,,,"오버나잇: 등락 +0.2%, 범위 위치 33%",0.24,-1.40,0.333,939.6,0.74,1,,,,,,
066970#1031-S20260325151000,066970,엘앤에프,오버나잇,FullAuto,2026-03-25 15:10:00,144300,진입,,,"오버나잇: 등락 +14.6%, 범위 위치 82%",14.61,1.69,0.822,283.4,0.93,1,,,,,,
062040#1037-S20260326090525,062040,산일전기,ORB,FullAuto,2026-03-26 09:05:25,175100,진입,,,"ORB5 고가 174,600 돌파 (범위 5.0%, 등락 +5.5%)",5.48,2.00,1,131.6,3.22,1,,,,,,
079550#1035-S20260326091330,079550,LIG디펜스앤에어로스페이스,ORB,FullAuto,2026-03-26 09:13:30,760000,진입,,,"ORB5 고가 758,000 돌파 (범위 2.7%, 등락 +3.8%) · A등급",3.83,1.49,1,205.9,2.03,1,,,,,,
108860#1043-S20260326151000,108860,셀바스AI,오버나잇,FullAuto,2026-03-26 15:10:00,17100,진입,,,"오버나잇: 등락 +27.5%, 범위 위치 94%",27.52,9.53,0.940,133.7,1.09,1,,,,,,
079550#1044-S20260326151000,079550,LIG디펜스앤에어로스페이스,오버나잇,FullAuto,2026-03-26 15:10:00,734000,진입,,,"오버나잇: 등락 +1.9%, 범위 위치 14%",1.94,-1.74,0.139,276.7,0.66,1,,,,,,
000250#1045-S20260326151000,000250,삼천당제약,오버나잇,FullAuto,2026-03-26 15:10:00,1161000,차단,매수 가능 수량 0 (투입금/리스크/예수금 확인),,"오버나잇: 등락 +3.4%, 범위 위치 58%",3.38,0.65,0.575,520.8,0.26,1,1161000,1158000,,,1164000,1153000
027360#1042-S20260326151000,027360,아주IB투자,오버나잇,FullAuto,2026-03-26 15:10:00,8970,진입,,,"오버나잇: 등락 +5.3%, 범위 위치 43%",5.28,-3.00,0.425,269.5,0.74,1,,,,,,
298380#1047-S20260326151000,298380,에이비엘바이오,오버나잇,FullAuto,2026-03-26 15:10:00,179100,진입,,,"오버나잇: 등락 +2.0%, 범위 위치 10%",1.99,-2.58,0.096,325.0,0.38,1,,,,,,
038110#1046-S20260326151000,038110,에코플라스틱,오버나잇,FullAuto,2026-03-26 15:10:00,4190,진입,,,"오버나잇: 등락 +19.9%, 범위 위치 66%",19.89,-1.48,0.659,193.6,0.97,1,,,,,,
476830#1048-S20260326151000,476830,알지노믹스,오버나잇,FullAuto,2026-03-26 15:10:00,115000,진입,,,"오버나잇: 등락 +3.6%, 범위 위치 45%",3.60,-1.56,0.450,157.1,0.77,1,,,,,,
060280#1049-S20260326151000,060280,큐렉소,오버나잇,FullAuto,2026-03-26 15:10:00,17140,진입,,,"오버나잇: 등락 +14.3%, 범위 위치 52%",14.27,-3.59,0.524,187.7,1.39,1,,,,,,
005380#1058-S20260327151000,005380,현대차,오버나잇,FullAuto,2026-03-27 15:10:00,492500,진입,,,"오버나잇: 등락 +0.9%, 범위 위치 81%",0.92,2.21,0.810,455.0,0.71,1,,,,,,
047040#1057-S20260327151000,047040,대우건설,오버나잇,FullAuto,2026-03-27 15:10:00,17170,진입,,,"오버나잇: 등락 +8.0%, 범위 위치 80%",7.99,2.04,0.801,224.8,0.81,1,,,,,,
066970#1059-S20260327151000,066970,엘앤에프,오버나잇,FullAuto,2026-03-27 15:10:00,154900,진입,,,"오버나잇: 등락 +7.9%, 범위 위치 81%",7.94,2.10,0.810,264.0,1.00,1,,,,,,
006400#1060-S20260327151000,006400,삼성SDI,오버나잇,FullAuto,2026-03-27 15:10:00,403000,진입,,,"오버나잇: 등락 +2.8%, 범위 위치 82%",2.81,2.35,0.824,435.4,0.45,1,,,,,,
006800#1062-S20260327151000,006800,미래에셋증권,오버나잇,FullAuto,2026-03-27 15:10:00,66500,진입,,,"오버나잇: 등락 +2.9%, 범위 위치 85%",2.94,2.26,0.854,601.9,0.62,1,,,,,,
086520#1061-S20260327151000,086520,에코프로,오버나잇,FullAuto,2026-03-27 15:10:00,148600,진입,,,"오버나잇: 등락 +2.6%, 범위 위치 81%",2.55,1.85,0.815,394.4,1.24,1,,,,,,
115440#1063-S20260327151000,115440,우리넷,오버나잇,FullAuto,2026-03-27 15:10:00,13930,진입,,,"오버나잇: 등락 +8.3%, 범위 위치 49%",8.32,-5.07,0.493,235.2,0.34,1,,,,,,
010170#1064-S20260327151000,010170,대한광통신,오버나잇,FullAuto,2026-03-27 15:10:00,9290,진입,,,"오버나잇: 등락 -+0.1%, 범위 위치 49%",-0.11,0.04,0.492,403.8,1.02,1,,,,,,
000250#1066-S20260330151000,000250,삼천당제약,오버나잇,FullAuto,2026-03-30 15:10:00,1188000,차단,매수 가능 수량 0 (투입금/리스크/예수금 확인),,"오버나잇: 등락 +9.7%, 범위 위치 73%",9.70,2.83,0.732,236.9,1.03,1,1182000,1185000,,,1189000,1180000
263750#1065-S20260330151000,263750,펄어비스,오버나잇,FullAuto,2026-03-30 15:10:00,67600,진입,,,"오버나잇: 등락 +17.8%, 범위 위치 77%",17.77,2.40,0.771,342.7,0.75,1,,,,,,
006400#1068-S20260330151000,006400,삼성SDI,오버나잇,FullAuto,2026-03-30 15:10:00,412000,진입,,,"오버나잇: 등락 +3.4%, 범위 위치 80%",3.39,0.77,0.797,382.4,1.11,1,,,,,,
047040#1067-S20260330151000,047040,대우건설,오버나잇,FullAuto,2026-03-30 15:10:00,17320,진입,,,"오버나잇: 등락 +0.3%, 범위 위치 86%",0.35,2.07,0.861,473.7,0.69,1,,,,,,
066970#1071-S20260330151000,066970,엘앤에프,오버나잇,FullAuto,2026-03-30 15:10:00,155100,진입,,,"오버나잇: 등락 +1.4%, 범위 위치 15%",1.44,-2.66,0.148,154.0,0.53,1,,,,,,
373220#1069-S20260330151000,373220,LG에너지솔루션,오버나잇,FullAuto,2026-03-30 15:10:00,405000,진입,,,"오버나잇: 등락 +5.1%, 범위 위치 76%",5.06,-0.21,0.757,633.7,0.50,1,,,,,,
322000#1070-S20260330151000,322000,HD현대에너지솔루션,오버나잇,FullAuto,2026-03-30 15:10:00,134500,진입,,,"오버나잇: 등락 +9.2%, 범위 위치 56%",9.17,-1.25,0.561,203.9,1.08,1,,,,,,
009150#1072-S20260330151000,009150,삼성전기,오버나잇,FullAuto,2026-03-30 15:10:00,428500,진입,,,"오버나잇: 등락 +0.8%, 범위 위치 77%",0.82,2.15,0.775,294.5,0.69,1,,,,,,
003280#1082-S20260331151000,003280,흥아해운,오버나잇,FullAuto,2026-03-31 15:10:00,3910,진입,,,"오버나잇: 등락 +27.6%, 범위 위치 94%",27.57,10.04,0.936,297.8,0.25,1,,,,,,
263750#1084-S20260331151000,263750,펄어비스,오버나잇,FullAuto,2026-03-31 15:10:00,68900,진입,,,"오버나잇: 등락 -+0.4%, 범위 위치 65%",-0.43,0.04,0.652,253.3,0.60,1,,,,,,
042660#1086-S20260331151000,042660,한화오션,오버나잇,FullAuto,2026-03-31 15:10:00,119800,진입,,,"오버나잇: 등락 +0.6%, 범위 위치 1%",0.59,-2.48,0.013,195.7,1.83,1,,,,,,
322000#1083-S20260331151000,322000,HD현대에너지솔루션,오버나잇,FullAuto,2026-03-31 15:10:00,141000,진입,,,"오버나잇: 등락 +4.4%, 범위 위치 49%",4.37,-0.81,0.490,178.3,0.43,1,,,,,,
006110#1085-S20260331151000,006110,삼아알미늄,오버나잇,FullAuto,2026-03-31 15:10:00,40200,진입,,,"오버나잇: 등락 +25.6%, 범위 위치 100%",25.62,5.32,1,300,1.35,1,,,,,,
009830#1087-S20260331151000,009830,한화솔루션,오버나잇,FullAuto,2026-03-31 15:10:00,35087,진입,,,"오버나잇: 등락 +1.6%, 범위 위치 52%",1.64,-1.01,0.521,211.6,1.26,2,,,,,,
425040#1088-S20260331151000,425040,티이엠씨,오버나잇,FullAuto,2026-03-31 15:10:00,13340,진입,,,"오버나잇: 등락 +2.9%, 범위 위치 34%",2.85,-2.21,0.341,177.3,1.64,1,,,,,,
028050#1089-S20260331151000,028050,삼성E&A,오버나잇,FullAuto,2026-03-31 15:10:00,35700,진입,,,"오버나잇: 등락 +7.4%, 범위 위치 61%",7.37,0.18,0.611,301.8,1.51,1,,,,,,
375500#1095-S20260401090520,375500,DL이앤씨,ORB,FullAuto,2026-04-01 09:05:20,73300,진입,,,"ORB5 고가 73,200 돌파 (범위 2.4%, 등락 +9.7%)",9.73,1.22,1,616.3,5.85,1,,,,,,
005930#1104-S20260401151000,005930,삼성전자,오버나잇,FullAuto,2026-04-01 15:10:00,189400,진입,,,"오버나잇: 등락 +13.6%, 범위 위치 89%",13.62,2.98,0.891,213.2,1.11,1,,,,,,
000660#1105-S20260401151000,000660,SK하이닉스,오버나잇,FullAuto,2026-04-01 15:10:00,897000,진입,,,"오버나잇: 등락 +11.3%, 범위 위치 83%",11.29,1.98,0.830,283.7,0.86,1,,,,,,
047040#1106-S20260401151000,047040,대우건설,오버나잇,FullAuto,2026-04-01 15:10:00,19290,진입,,,"오버나잇: 등락 +24.1%, 범위 위치 81%",24.05,3.78,0.807,176.3,1.31,1,,,,,,
005380#1107-S20260401151000,005380,현대차,오버나잇,FullAuto,2026-04-01 15:10:00,488000,진입,,,"오버나잇: 등락 +10.5%, 범위 위치 83%",10.53,1.70,0.830,442.5,0.97,1,,,,,,
263750#1108-S20260401151000,263750,펄어비스,오버나잇,FullAuto,2026-04-01 15:10:00,71750,진입,,,"오버나잇: 등락 +6.3%, 범위 위치 53%",6.30,-0.77,0.525,219.1,0.63,2,,,,,,
034020#1109-S20260401151000,034020,두산에너빌리티,오버나잇,FullAuto,2026-04-01 15:10:00,99500,진입,,,"오버나잇: 등락 +9.1%, 범위 위치 80%",9.10,1.21,0.795,280.9,0.77,1,,,,,,
006400#1110-S20260401151000,006400,삼성SDI,오버나잇,FullAuto,2026-04-01 15:10:00,431000,진입,,,"오버나잇: 등락 +5.6%, 범위 위치 86%",5.64,1.54,0.857,402.3,0.92,1,,,,,,
012450#1111-S20260401151000,012450,한화에어로스페이스,오버나잇,FullAuto,2026-04-01 15:10:00,1341000,차단,매수 가능 수량 0 (투입금/리스크/예수금 확인),,"오버나잇: 등락 +9.2%, 범위 위치 72%",9.20,1.44,0.716,294.1,1.19,1,1337000,1331000,,,1341000,1329000
064350#1114-S20260402090625,064350,현대로템,ORB,FullAuto,2026-04-02 09:06:25,200000,진입,,,"ORB5 고가 199,900 돌파 (범위 3.1%, 등락 +5.5%) · A등급",5.54,0.82,1,107.4,2.51,5,,,,,,
006400#1123-S20260402151000,006400,삼성SDI,오버나잇,FullAuto,2026-04-02 15:10:00,443000,진입,,,"오버나잇: 등락 +2.3%, 범위 위치 43%",2.31,-0.38,0.433,436.0,1.66,1,,,,,,
010170#1124-S20260402151000,010170,대한광통신,오버나잇,FullAuto,2026-04-02 15:10:00,10020,진입,,,"오버나잇: 등락 +6.5%, 범위 위치 20%",6.48,-3.78,0.201,168.5,0.75,1,,,,,,
012450#1125-S20260402151000,012450,한화에어로스페이스,오버나잇,FullAuto,2026-04-02 15:10:00,1406000,차단,매수 가능 수량 0 (투입금/리스크/예수금 확인),,"오버나잇: 등락 +5.1%, 범위 위치 24%",5.08,-1.36,0.242,235.7,1.12,1,1406000,1409000,,,1419000,1402000
066970#1126-S20260402151000,066970,엘앤에프,오버나잇,FullAuto,2026-04-02 15:10:00,160900,진입,,,"오버나잇: 등락 +9.8%, 범위 위치 55%",9.83,-2.34,0.548,189.3,0.60,1,,,,,,
064350#1127-S20260402151000,064350,현대로템,오버나잇,FullAuto,2026-04-02 15:10:00,200500,진입,,,"오버나잇: 등락 +5.8%, 범위 위치 35%",5.80,-1.78,0.346,415.4,1.33,1,,,,,,
322000#1128-S20260402151000,322000,HD현대에너지솔루션,오버나잇,FullAuto,2026-04-02 15:10:00,145700,진입,,,"오버나잇: 등락 +6.7%, 범위 위치 66%",6.66,-0.34,0.663,214.4,1.41,1,,,,,,
008350#1129-S20260402151000,008350,남선알미늄,오버나잇,FullAuto,2026-04-02 15:10:00,1728,진입,,,"오버나잇: 등락 +5.9%, 범위 위치 30%",5.88,-4.35,0.299,153.0,0.72,1,,,,,,
050890#1130-S20260402151000,050890,쏠리드,오버나잇,FullAuto,2026-04-02 15:10:00,14950,진입,,,"오버나잇: 등락 +2.6%, 범위 위치 49%",2.61,-0.60,0.487,263.1,1.36,1,,,,,,
050890#1131-S20260403090517,050890,쏠리드,ORB,FullAuto,2026-04-03 09:05:17,16420,진입,,,"ORB5 고가 16,400 돌파 (범위 5.9%, 등락 +9.0%)",8.96,3.03,1,279.5,2.26,1,,,,,,
028050#1137-S20260403090530,028050,삼성E&A,ORB,FullAuto,2026-04-03 09:05:30,38075,진입,,,"ORB5 고가 38,000 돌파 (범위 4.0%, 등락 +8.5%)",8.48,1.76,1,360.6,1.70,2,,,,,,
375500#1140-S20260403091120,375500,DL이앤씨,ORB,FullAuto,2026-04-03 09:11:20,73500,진입,,,"ORB5 고가 73,400 돌파 (범위 3.4%, 등락 +7.9%) · A등급",7.93,1.16,1,601.5,6.11,1,,,,,,
046970#1134-S20260403091220,046970,우리로,ORB,FullAuto,2026-04-03 09:12:20,7960,진입,,,"ORB5 고가 7,950 돌파 (범위 6.0%, 등락 +7.6%)",7.57,2.57,1,209.6,4.22,1,,,,,,
005930#1142-S20260403151000,005930,삼성전자,오버나잇,FullAuto,2026-04-03 15:10:00,186500,진입,,,"오버나잇: 등락 +6.2%, 범위 위치 84%",6.21,0.61,0.844,454.7,0.89,1,,,,,,
000660#1143-S20260403151000,000660,SK하이닉스,오버나잇,FullAuto,2026-04-03 15:10:00,883000,진입,,,"오버나잇: 등락 +7.3%, 범위 위치 88%",7.29,0.79,0.885,610.3,0.63,1,,,,,,
079550#1144-S20260403151000,079550,LIG디펜스앤에어로스페이스,오버나잇,FullAuto,2026-04-03 15:10:00,863000,진입,,,"오버나잇: 등락 +9.9%, 범위 위치 77%",9.94,2.63,0.767,303.0,1.94,1,,,,,,
010170#1145-S20260403151000,010170,대한광통신,오버나잇,FullAuto,2026-04-03 15:10:00,12950,진입,,,"오버나잇: 등락 +28.0%, 범위 위치 93%",27.96,4.50,0.928,223.5,0.69,1,,,,,,
475150#1146-S20260403151000,475150,SK이터닉스,오버나잇,FullAuto,2026-04-03 15:10:00,67700,진입,,,"오버나잇: 등락 +23.1%, 범위 위치 89%",23.09,4.82,0.891,426.5,0.55,1,,,,,,
011930#1147-S20260403151000,011930,신성이엔지,오버나잇,FullAuto,2026-04-03 15:10:00,34650,진입,,,"오버나잇: 등락 +26.0%, 범위 위치 85%",26.00,2.38,0.847,332.8,1.5,1,,,,,,
009150#1149-S20260403151000,009150,삼성전기,오버나잇,FullAuto,2026-04-03 15:10:00,456000,진입,,,"오버나잇: 등락 +10.9%, 범위 위치 81%",10.95,0.78,0.806,913.4,1.45,1,,,,,,
047040#1148-S20260403151000,047040,대우건설,오버나잇,FullAuto,2026-04-03 15:10:00,16930,진입,,,"오버나잇: 등락 +3.0%, 범위 위치 26%",2.98,-1.87,0.262,265.0,0.57,1,,,,,,
375500#1156-S20260406090515,375500,DL이앤씨,ORB,FullAuto,2026-04-06 09:05:15,79100,진입,,,"ORB5 고가 79,000 돌파 (범위 3.8%, 등락 +5.5%) · A등급",5.47,1.98,1,149.3,1.73,1,,,,,,
047040#1158-S20260406090520,047040,대우건설,ORB,FullAuto,2026-04-06 09:05:20,17490,진입,,,"ORB5 고가 17,470 돌파 (범위 2.7%, 등락 +4.0%) · A등급",4.05,1.42,1,271.2,2.51,1,,,,,,
005930#1161-S20260406151000,005930,삼성전자,오버나잇,FullAuto,2026-04-06 15:10:00,192800,진입,,,"오버나잇: 등락 +3.8%, 범위 위치 60%",3.77,0.18,0.6,878.9,0.83,1,,,,,,
000660#1162-S20260406151000,000660,SK하이닉스,오버나잇,FullAuto,2026-04-06 15:10:00,881000,진입,,,"오버나잇: 등락 +0.7%, 범위 위치 37%",0.69,-0.50,0.369,648.2,1.13,1,,,,,,
010170#1163-S20260406151000,010170,대한광통신,오버나잇,FullAuto,2026-04-06 15:10:00,13400,진입,,,"오버나잇: 등락 +5.2%, 범위 위치 39%",5.18,-2.76,0.390,214.7,0.63,1,,,,,,
006400#1164-S20260406151000,006400,삼성SDI,오버나잇,FullAuto,2026-04-06 15:10:00,452500,진입,,,"오버나잇: 등락 +3.1%, 범위 위치 45%",3.08,-1.05,0.453,449.3,0.60,1,,,,,,
103140#1167-S20260406151000,103140,풍산,오버나잇,FullAuto,2026-04-06 15:10:00,109000,진입,,,"오버나잇: 등락 +4.2%, 범위 위치 29%",4.21,-2.39,0.292,276.0,0.42,1,,,,,,
047040#1165-S20260406151000,047040,대우건설,오버나잇,FullAuto,2026-04-06 15:10:00,17300,진입,,,"오버나잇: 등락 +2.9%, 범위 위치 28%",2.91,-1.11,0.282,234.8,0.51,1,,,,,,
028050#1166-S20260406151000,028050,삼성E&A,오버나잇,FullAuto,2026-04-06 15:10:00,45700,진입,,,"오버나잇: 등락 +12.7%, 범위 위치 61%",12.70,0.47,0.612,224.2,0.89,1,,,,,,
011930#1168-S20260406151000,011930,신성이엔지,오버나잇,FullAuto,2026-04-06 15:10:00,35800,진입,,,"오버나잇: 등락 +3.9%, 범위 위치 54%",3.92,0.11,0.543,585.4,0.72,1,,,,,,
079550#1170-S20260407090520,079550,LIG디펜스앤에어로스페이스,ORB,FullAuto,2026-04-07 09:05:20,838000,진입,,,"ORB5 고가 837,000 돌파 (범위 5.5%, 등락 +4.5%)",4.49,1.75,1,1058.3,2.41,1,,,,,,
000660#1179-S20260407151000,000660,SK하이닉스,오버나잇,FullAuto,2026-04-07 15:10:00,918000,진입,,,"오버나잇: 등락 +2.0%, 범위 위치 67%",2.00,0.91,0.667,860.1,0.96,1,,,,,,
079550#1180-S20260407151000,079550,LIG디펜스앤에어로스페이스,오버나잇,FullAuto,2026-04-07 15:10:00,831000,진입,,,"오버나잇: 등락 +3.6%, 범위 위치 53%",3.62,-1.05,0.528,306.1,1.61,1,,,,,,
066970#1181-S20260407151000,066970,엘앤에프,오버나잇,FullAuto,2026-04-07 15:10:00,184500,진입,,,"오버나잇: 등락 +7.8%, 범위 위치 62%",7.83,-0.79,0.618,215.2,1.03,1,,,,,,
006400#1183-S20260407151000,006400,삼성SDI,오버나잇,FullAuto,2026-04-07 15:10:00,457000,진입,,,"오버나잇: 등락 +0.1%, 범위 위치 51%",0.11,-0.74,0.511,442.7,0.70,1,,,,,,
047040#1182-S20260407151000,047040,대우건설,오버나잇,FullAuto,2026-04-07 15:10:00,17480,진입,,,"오버나잇: 등락 +1.0%, 범위 위치 33%",0.98,-1.71,0.325,256.0,0.99,1,,,,,,
012450#1186-S20260407151000,012450,한화에어로스페이스,오버나잇,FullAuto,2026-04-07 15:10:00,1532000,차단,매수 가능 수량 0 (투입금/리스크/예수금 확인),,"오버나잇: 등락 +7.3%, 범위 위치 89%",7.28,2.21,0.891,389.5,0.80,1,1534000,1534000,,,1535000,1531000
028050#1185-S20260407151000,028050,삼성E&A,오버나잇,FullAuto,2026-04-07 15:10:00,48650,진입,,,"오버나잇: 등락 +6.6%, 범위 위치 42%",6.57,-0.42,0.422,363.2,0.46,1,,,,,,
450080#1184-S20260407151000,450080,에코프로머티,오버나잇,FullAuto,2026-04-07 15:10:00,73400,진입,,,"오버나잇: 등락 +6.5%, 범위 위치 45%",6.53,-3.23,0.455,281.4,0.80,1,,,,,,
375500#1195-S20260408090520,375500,DL이앤씨,ORB,FullAuto,2026-04-08 09:05:20,81700,진입,,,"ORB5 고가 81,400 돌파 (범위 2.0%, 등락 +8.1%)",8.07,1.41,1,517.4,2.57,1,,,,,,
058470#1194-S20260408090725,058470,리노공업,ORB,FullAuto,2026-04-08 09:07:25,116800,진입,,,"ORB5 고가 116,700 돌파 (범위 2.3%, 등락 +9.5%)",9.47,0.96,1,237.0,1.57,1,,,,,,
000660#1201-S20260408151000,000660,SK하이닉스,오버나잇,FullAuto,2026-04-08 15:10:00,1040000,진입,,,"오버나잇: 등락 +16.2%, 범위 위치 75%",16.20,2.18,0.75,309.5,1.06,1,,,,,,
000250#1203-S20260408151000,000250,삼천당제약,오버나잇,FullAuto,2026-04-08 15:10:00,472500,진입,,,"오버나잇: 등락 +9.1%, 범위 위치 64%",9.12,0.42,0.644,204.5,0.85,1,,,,,,
000720#1202-S20260408151000,000720,현대건설,오버나잇,FullAuto,2026-04-08 15:10:00,189100,진입,,,"오버나잇: 등락 +23.1%, 범위 위치 72%",23.11,2.82,0.722,260.4,0.80,1,,,,,,
010170#1204-S20260408151000,010170,대한광통신,오버나잇,FullAuto,2026-04-08 15:10:00,14665,진입,,,"오버나잇: 등락 +16.0%, 범위 위치 78%",16.02,5.43,0.778,230.4,1.89,2,,,,,,
034020#1205-S20260408151000,034020,두산에너빌리티,오버나잇,FullAuto,2026-04-08 15:10:00,101000,진입,,,"오버나잇: 등락 +7.6%, 범위 위치 75%",7.56,0.49,0.75,840.2,1.14,1,,,,,,
006400#1206-S20260408151000,006400,삼성SDI,오버나잇,FullAuto,2026-04-08 15:10:00,469000,진입,,,"오버나잇: 등락 +4.5%, 범위 위치 85%",4.45,1.00,0.853,905.8,0.95,1,,,,,,
006800#1208-S20260408151000,006800,미래에셋증권,오버나잇,FullAuto,2026-04-08 15:10:00,67500,진입,,,"오버나잇: 등락 +9.9%, 범위 위치 81%",9.93,1.00,0.815,523.3,0.99,1,,,,,,
375500#1207-S20260408151000,375500,DL이앤씨,오버나잇,FullAuto,2026-04-08 15:10:00,96600,진입,,,"오버나잇: 등락 +27.8%, 범위 위치 97%",27.78,6.99,0.966,582.8,1.69,1,,,,,,
051910#1218-S20260409091620,051910,LG화학,ORB,FullAuto,2026-04-09 09:16:20,357000,진입,,,"ORB5 고가 356,500 돌파 (범위 4.2%, 등락 +3.6%)",3.63,1.21,1,596.5,10.38,1,,,,,,
079550#1222-S20260409151000,079550,LIG디펜스앤에어로스페이스,오버나잇,FullAuto,2026-04-09 15:10:00,891000,진입,,,"오버나잇: 등락 +6.8%, 범위 위치 68%",6.83,0.94,0.676,311.6,0.51,1,,,,,,
006400#1223-S20260409151000,006400,삼성SDI,오버나잇,FullAuto,2026-04-09 15:10:00,480000,진입,,,"오버나잇: 등락 +1.3%, 범위 위치 45%",1.27,-0.99,0.449,274.2,2.30,1,,,,,,
278470#1224-S20260409151000,278470,에이피알,오버나잇,FullAuto,2026-04-09 15:10:00,364500,진입,,,"오버나잇: 등락 +7.5%, 범위 위치 36%",7.52,-1.77,0.359,317.4,0.75,1,,,,,,
373220#1226-S20260409151000,373220,LG에너지솔루션,오버나잇,FullAuto,2026-04-09 15:10:00,419250,진입,,,"오버나잇: 등락 +2.1%, 범위 위치 86%",2.13,0.50,0.855,734.4,0.74,2,,,,,,
017670#1225-S20260409151000,017670,SK텔레콤,오버나잇,FullAuto,2026-04-09 15:10:00,94200,진입,,,"오버나잇: 등락 +5.5%, 범위 위치 35%",5.49,-2.11,0.345,326.2,0.51,1,,,,,,
051910#1228-S20260409151000,051910,LG화학,오버나잇,FullAuto,2026-04-09 15:10:00,356500,진입,,,"오버나잇: 등락 +3.5%, 범위 위치 58%",3.48,-0.55,0.58,493.1,1.44,1,,,,,,
093370#1227-S20260409151000,093370,후성,오버나잇,FullAuto,2026-04-09 15:10:00,11095,진입,,,"오버나잇: 등락 +14.3%, 범위 위치 59%",14.26,0.66,0.591,206.4,1.22,2,,,,,,
065440#1229-S20260409151000,065440,이루온,오버나잇,FullAuto,2026-04-09 15:10:00,4800,진입,,,"오버나잇: 등락 +22.8%, 범위 위치 66%",22.76,1.02,0.665,158.5,4.62,1,,,,,,
278470#1238-S20260410090522,278470,에이피알,ORB,FullAuto,2026-04-10 09:05:22,391500,진입,,,"ORB5 고가 390,000 돌파 (범위 5.0%, 등락 +6.8%)",6.82,2.02,1,424.2,1.87,1,,,,,,
010170#1231-S20260410090725,010170,대한광통신,ORB,FullAuto,2026-04-10 09:07:25,15360,진입,,,"ORB5 고가 15,300 돌파 (범위 5.6%, 등락 +8.3%)",8.32,2.42,1,123.8,1.96,1,,,,,,
038500#1232-S20260410091127,038500,삼표시멘트,ORB,FullAuto,2026-04-10 09:11:27,18380,진입,,,"ORB5 고가 18,320 돌파 (범위 3.4%, 등락 +9.0%)",8.95,2.42,1,208.1,4.29,1,,,,,,
000660#1245-S20260410151000,000660,SK하이닉스,오버나잇,FullAuto,2026-04-10 15:10:00,1027000,진입,,,"오버나잇: 등락 +3.2%, 범위 위치 12%",3.22,-0.56,0.118,396.4,1.01,1,,,,,,
010170#1246-S20260410151000,010170,대한광통신,오버나잇,FullAuto,2026-04-10 15:10:00,18045,진입,,,"오버나잇: 등락 +27.3%, 범위 위치 92%",27.26,5.57,0.923,240.6,0.58,2,,,,,,
079550#1248-S20260410151000,079550,LIG디펜스앤에어로스페이스,오버나잇,FullAuto,2026-04-10 15:10:00,925000,진입,,,"오버나잇: 등락 +3.9%, 범위 위치 64%",3.93,-0.04,0.642,461.2,1.33,1,,,,,,
050890#1247-S20260410151000,050890,쏠리드,오버나잇,FullAuto,2026-04-10 15:10:00,17280,진입,,,"오버나잇: 등락 +21.5%, 범위 위치 79%",21.52,1.62,0.789,202.5,0.71,1,,,,,,
000720#1250-S20260410151000,000720,현대건설,오버나잇,FullAuto,2026-04-10 15:10:00,180400,진입,,,"오버나잇: 등락 +0.1%, 범위 위치 11%",0.11,-1.16,0.108,447.4,0.51,1,,,,,,
011930#1249-S20260410151000,011930,신성이엔지,오버나잇,FullAuto,2026-04-10 15:10:00,37700,진입,,,"오버나잇: 등락 +19.3%, 범위 위치 75%",19.30,0.91,0.753,191.4,1.43,1,,,,,,
006400#1251-S20260410151000,006400,삼성SDI,오버나잇,FullAuto,2026-04-10 15:10:00,481250,진입,,,"오버나잇: 등락 +0.4%, 범위 위치 49%",0.36,-0.21,0.485,569.9,1.27,2,,,,,,
034020#1252-S20260410151000,034020,두산에너빌리티,오버나잇,FullAuto,2026-04-10 15:10:00,100300,진입,,,"오버나잇: 등락 +0.3%, 범위 위치 47%",0.30,0.23,0.471,784.2,1.17,1,,,,,,
046970#1258-S20260413090805,046970,우리로,ORB,FullAuto,2026-04-13 09:08:05,8230,진입,,,"ORB5 고가 8,220 돌파 (범위 5.4%, 등락 +7.0%)",7.02,2.06,1,211.2,0.80,1,,,,,,
000660#1268-S20260413151000,000660,SK하이닉스,오버나잇,FullAuto,2026-04-13 15:10:00,1034000,진입,,,"오버나잇: 등락 +0.8%, 범위 위치 82%",0.78,0.74,0.82,485.4,1.54,1,,,,,,
010170#1269-S20260413151000,010170,대한광통신,오버나잇,FullAuto,2026-04-13 15:10:00,19720,진입,,,"오버나잇: 등락 +11.0%, 범위 위치 55%",10.97,-0.12,0.547,225.5,0.43,1,,,,,,
079550#1270-S20260413151000,079550,LIG디펜스앤에어로스페이스,오버나잇,FullAuto,2026-04-13 15:10:00,939000,진입,,,"오버나잇: 등락 +2.0%, 범위 위치 38%",1.95,-0.09,0.375,598.2,1.04,1,,,,,,
012450#1275-S20260413151000,012450,한화에어로스페이스,오버나잇,FullAuto,2026-04-13 15:10:00,1542000,차단,매수 가능 수량 0 (투입금/리스크/예수금 확인),,"오버나잇: 등락 +2.8%, 범위 위치 73%",2.80,0.45,0.734,319.4,1.08,1,1536000,1529000,,,1544000,1529000
490470#1271-S20260413151000,490470,세미파이브,오버나잇,FullAuto,2026-04-13 15:10:00,36400,진입,,,"오버나잇: 등락 +16.3%, 범위 위치 77%",16.29,4.12,0.771,224.8,0.61,1,,,,,,
050890#1272-S20260413151000,050890,쏠리드,오버나잇,FullAuto,2026-04-13 15:10:00,17370,진입,,,"오버나잇: 등락 +1.7%, 범위 위치 42%",1.70,-0.88,0.418,512.5,1.24,1,,,,,,
062040#1273-S20260413151000,062040,산일전기,오버나잇,FullAuto,2026-04-13 15:10:00,171800,진입,,,"오버나잇: 등락 +11.6%, 범위 위치 90%",11.63,2.34,0.897,259.2,1.57,1,,,,,,
025860#1274-S20260413151000,025860,남해화학,오버나잇,FullAuto,2026-04-13 15:10:00,9530,진입,,,"오버나잇: 등락 +20.0%, 범위 위치 83%",20.03,2.68,0.831,202.4,0.98,1,,,,,,
000660#1290-S20260414151000,000660,SK하이닉스,오버나잇,FullAuto,2026-04-14 15:10:00,1103000,진입,,,"오버나잇: 등락 +6.9%, 범위 위치 50%",6.88,-0.52,0.5,303.0,1.51,1,,,,,,
006800#1291-S20260414151000,006800,미래에셋증권,오버나잇,FullAuto,2026-04-14 15:10:00,71900,진입,,,"오버나잇: 등락 +10.3%, 범위 위치 69%",10.28,0.23,0.686,361.9,0.45,1,,,,,,
010120#1293-S20260414151000,010120,LS ELECTRIC,오버나잇,FullAuto,2026-04-14 15:10:00,187800,진입,,,"오버나잇: 등락 +3.1%, 범위 위치 21%",3.07,-0.67,0.210,392.6,1.09,1,,,,,,
005380#1292-S20260414151000,005380,현대차,오버나잇,FullAuto,2026-04-14 15:10:00,491000,진입,,,"오버나잇: 등락 +2.3%, 범위 위치 16%",2.29,-0.96,0.16,453.2,0.61,1,,,,,,
062040#1295-S20260414151000,062040,산일전기,오버나잇,FullAuto,2026-04-14 15:10:00,185100,진입,,,"오버나잇: 등락 +5.8%, 범위 위치 76%",5.77,2.53,0.757,257.2,0.70,1,,,,,,
046970#1294-S20260414151000,046970,우리로,오버나잇,FullAuto,2026-04-14 15:10:00,12190,진입,,,"오버나잇: 등락 +22.0%, 범위 위치 68%",22.02,1.74,0.676,186.1,0.82,1,,,,,,
034020#1296-S20260414151000,034020,두산에너빌리티,오버나잇,FullAuto,2026-04-14 15:10:00,99800,진입,,,"오버나잇: 등락 +1.1%, 범위 위치 12%",1.11,-0.38,0.118,754.7,0.87,1,,,,,,
375500#1297-S20260414151000,375500,DL이앤씨,오버나잇,FullAuto,2026-04-14 15:10:00,99400,진입,,,"오버나잇: 등락 +5.2%, 범위 위치 55%",5.19,-1.08,0.547,242.5,0.97,1,,,,,,
078600#1305-S20260415090607,078600,대주전자재료,ORB,FullAuto,2026-04-15 09:06:07,124700,진입,,,"ORB5 고가 124,400 돌파 (범위 4.9%, 등락 +6.0%)",6.04,1.71,1,81.7,0.34,1,,,,,,
050890#1300-S20260415091230,050890,쏠리드,ORB,FullAuto,2026-04-15 09:12:30,17940,진입,,,"ORB5 고가 17,930 돌파 (범위 4.2%, 등락 +6.3%)",6.28,2.42,1,142.2,2.74,1,,,,,,
000660#1312-S20260415151000,000660,SK하이닉스,오버나잇,FullAuto,2026-04-15 15:10:00,1141000,진입,,,"오버나잇: 등락 +2.1%, 범위 위치 25%",2.15,-1.48,0.25,362.0,0.88,1,,,,,,
034020#1314-S20260415151000,034020,두산에너빌리티,오버나잇,FullAuto,2026-04-15 15:10:00,104000,진입,,,"오버나잇: 등락 +3.7%, 범위 위치 59%",3.69,-0.39,0.585,502.0,1.18,1,,,,,,
050890#1315-S20260415151000,050890,쏠리드,오버나잇,FullAuto,2026-04-15 15:10:00,18155,진입,,,"오버나잇: 등락 +7.6%, 범위 위치 35%",7.55,-2.96,0.348,177.6,0.96,2,,,,,,
000720#1316-S20260415151000,000720,현대건설,오버나잇,FullAuto,2026-04-15 15:10:00,178700,진입,,,"오버나잇: 등락 +0.4%, 범위 위치 15%",0.45,-1.87,0.152,371.9,0.72,1,,,,,,
011930#1317-S20260415151000,011930,신성이엔지,오버나잇,FullAuto,2026-04-15 15:10:00,41520,진입,,,"오버나잇: 등락 +11.0%, 범위 위치 66%",11.02,1.65,0.658,240.6,0.54,2,,,,,,
046970#1319-S20260415151000,046970,우리로,오버나잇,FullAuto,2026-04-15 15:10:00,14270,진입,,,"오버나잇: 등락 +20.3%, 범위 위치 77%",20.32,1.86,0.767,265.8,0.92,1,,,,,,
100790#1318-S20260415151000,100790,미래에셋벤처투자,오버나잇,FullAuto,2026-04-15 15:10:00,39200,진입,,,"오버나잇: 등락 +0.8%, 범위 위치 31%",0.77,-2.31,0.309,392.2,1.95,1,,,,,,
011930#1323-S20260416090520,011930,신성이엔지,ORB,FullAuto,2026-04-16 09:05:20,44550,진입,,,"ORB5 고가 44,400 돌파 (범위 5.8%, 등락 +8.1%)",8.13,2.56,1,222.1,2.98,1,,,,,,
059090#1326-S20260416090622,059090,미코,ORB,FullAuto,2026-04-16 09:06:22,17350,진입,,,"ORB5 고가 17,340 돌파 (범위 2.9%, 등락 +4.1%) · A등급",4.08,0.90,1,170.5,3.94,1,,,,,,
034020#1322-S20260416091127,034020,두산에너빌리티,ORB,FullAuto,2026-04-16 09:11:27,109100,진입,,,"ORB5 고가 109,000 돌파 (범위 2.3%, 등락 +4.6%) · A등급",4.60,0.81,1,272.8,3.27,1,,,,,,
000660#1332-S20260416151000,000660,SK하이닉스,오버나잇,FullAuto,2026-04-16 15:10:00,1153000,진입,,,"오버나잇: 등락 +1.3%, 범위 위치 74%",1.32,0.44,0.742,488.4,0.55,1,,,,,,
034020#1333-S20260416151000,034020,두산에너빌리티,오버나잇,FullAuto,2026-04-16 15:10:00,110400,진입,,,"오버나잇: 등락 +5.8%, 범위 위치 71%",5.85,0.12,0.709,405.0,1.11,1,,,,,,
001440#1334-S20260416151000,001440,대한전선,오버나잇,FullAuto,2026-04-16 15:10:00,41800,진입,,,"오버나잇: 등락 +1.3%, 범위 위치 59%",1.33,-0.10,0.591,715.5,0.77,1,,,,,,
011790#1336-S20260416151000,011790,SKC,오버나잇,FullAuto,2026-04-16 15:10:00,120700,진입,,,"오버나잇: 등락 +21.1%, 범위 위치 94%",21.06,3.68,0.940,302.6,0.29,1,,,,,,
011930#1335-S20260416151000,011930,신성이엔지,오버나잇,FullAuto,2026-04-16 15:10:00,43300,진입,,,"오버나잇: 등락 +5.1%, 범위 위치 17%",5.10,-5.69,0.174,196.5,0.40,1,,,,,,
042660#1337-S20260416151000,042660,한화오션,오버나잇,FullAuto,2026-04-16 15:10:00,130800,진입,,,"오버나잇: 등락 +3.8%, 범위 위치 76%",3.81,0.48,0.765,428.1,0.85,1,,,,,,
402340#1339-S20260416151000,402340,SK스퀘어,오버나잇,FullAuto,2026-04-16 15:10:00,687000,진입,,,"오버나잇: 등락 +3.6%, 범위 위치 100%",3.62,1.36,1,783.3,0.83,1,,,,,,
158430#1338-S20260416151000,158430,아톤,오버나잇,FullAuto,2026-04-16 15:10:00,9140,진입,,,"오버나잇: 등락 +3.6%, 범위 위치 2%",3.63,-13.25,0.022,143.7,1.17,1,,,,,,
005490#1342-S20260417090525,005490,POSCO홀딩스,ORB,FullAuto,2026-04-17 09:05:25,384000,진입,,,"ORB5 고가 383,500 돌파 (범위 1.9%, 등락 +3.6%)",3.64,0.75,1,573.2,3.16,1,,,,,,
009150#1353-S20260417151000,009150,삼성전기,오버나잇,FullAuto,2026-04-17 15:10:00,678000,진입,,,"오버나잇: 등락 +5.4%, 범위 위치 71%",5.44,0.53,0.706,1895.8,1.08,1,,,,,,
100790#1352-S20260417151000,100790,미래에셋벤처투자,오버나잇,FullAuto,2026-04-17 15:10:00,46600,진입,,,"오버나잇: 등락 +20.4%, 범위 위치 82%",20.41,1.59,0.815,273.2,0.90,1,,,,,,
017900#1355-S20260417151000,017900,광전자,오버나잇,FullAuto,2026-04-17 15:10:00,14310,진입,,,"오버나잇: 등락 +10.9%, 범위 위치 79%",10.93,7.37,0.794,145.1,0.47,1,,,,,,
010170#1354-S20260417151000,010170,대한광통신,오버나잇,FullAuto,2026-04-17 15:10:00,15780,진입,,,"오버나잇: 등락 +5.1%, 범위 위치 33%",5.06,-0.78,0.328,224.1,0.44,1,,,,,,
066970#1357-S20260417151000,066970,엘앤에프,오버나잇,FullAuto,2026-04-17 15:10:00,185400,진입,,,"오버나잇: 등락 +9.3%, 범위 위치 96%",9.32,2.44,0.965,273.9,1.04,1,,,,,,
005490#1359-S20260417151000,005490,POSCO홀딩스,오버나잇,FullAuto,2026-04-17 15:10:00,385500,진입,,,"오버나잇: 등락 +4.0%, 범위 위치 95%",4.05,0.79,0.952,485.0,1.00,1,,,,,,
027360#1356-S20260417151000,027360,아주IB투자,오버나잇,FullAuto,2026-04-17 15:10:00,11960,진입,,,"오버나잇: 등락 +9.0%, 범위 위치 52%",9.02,-3.15,0.515,180.1,1.48,1,,,,,,
093370#1358-S20260417151000,093370,후성,오버나잇,FullAuto,2026-04-17 15:10:00,13870,진입,,,"오버나잇: 등락 +22.7%, 범위 위치 76%",22.74,2.38,0.764,264.3,0.77,1,,,,,,
007660#1364-S20260420090520,007660,이수페타시스,ORB,FullAuto,2026-04-20 09:05:20,127100,진입,,,"ORB5 고가 126,800 돌파 (범위 5.0%, 등락 +5.0%)",4.95,1.45,1,544.3,2.82,1,,,,,,
001440#1362-S20260420090520,001440,대한전선,ORB,FullAuto,2026-04-20 09:05:20,40850,진입,,,"ORB5 고가 40,800 돌파 (범위 3.9%, 등락 +3.9%) · A등급",3.94,1.24,1,987.6,2.81,1,,,,,,
000660#1373-S20260420151000,000660,SK하이닉스,오버나잇,FullAuto,2026-04-20 15:10:00,1165000,진입,,,"오버나잇: 등락 +1.8%, 범위 위치 71%",1.84,0.23,0.706,659.9,1.44,1,,,,,,
034020#1374-S20260420151000,034020,두산에너빌리티,오버나잇,FullAuto,2026-04-20 15:10:00,111100,진입,,,"오버나잇: 등락 +1.7%, 범위 위치 41%",1.74,-1.39,0.410,626.2,1.92,1,,,,,,
007660#1375-S20260420151000,007660,이수페타시스,오버나잇,FullAuto,2026-04-20 15:10:00,133250,진입,,,"오버나잇: 등락 +10.0%, 범위 위치 76%",10.03,0.79,0.764,333.8,0.58,2,,,,,,
086520#1377-S20260420151000,086520,에코프로,오버나잇,FullAuto,2026-04-20 15:10:00,155300,진입,,,"오버나잇: 등락 +2.2%, 범위 위치 51%",2.24,-0.59,0.510,462.2,1.05,1,,,,,,
001440#1376-S20260420151000,001440,대한전선,오버나잇,FullAuto,2026-04-20 15:10:00,40600,진입,,,"오버나잇: 등락 +3.3%, 범위 위치 38%",3.31,-1.23,0.383,260.6,1.12,1,,,,,,
079550#1378-S20260420151000,079550,LIG디펜스앤에어로스페이스,오버나잇,FullAuto,2026-04-20 15:10:00,927000,진입,,,"오버나잇: 등락 +5.8%, 범위 위치 71%",5.82,1.41,0.709,444.6,0.53,1,,,,,,
402340#1380-S20260420151000,402340,SK스퀘어,오버나잇,FullAuto,2026-04-20 15:10:00,701000,진입,,,"오버나잇: 등락 +1.4%, 범위 위치 33%",1.45,-1.30,0.333,400.8,0.86,1,,,,,,
356680#1379-S20260420151000,356680,엑스게이트,오버나잇,FullAuto,2026-04-20 15:10:00,16330,진입,,,"오버나잇: 등락 +8.9%, 범위 위치 42%",8.94,-5.50,0.421,227.3,0.96,1,,,,,,
034020#1382-S20260421090515,034020,두산에너빌리티,ORB,FullAuto,2026-04-21 09:05:15,116400,진입,,,"ORB5 고가 116,300 돌파 (범위 3.3%, 등락 +4.8%) · A등급",4.77,1.37,1,373.8,1.42,1,,,,,,
375500#1386-S20260421090627,375500,DL이앤씨,ORB,FullAuto,2026-04-21 09:06:27,98700,진입,,,"ORB5 고가 98,600 돌파 (범위 2.6%, 등락 +3.4%) · A등급",3.35,0.94,1,561.7,1.61,1,,,,,,
006360#1383-S20260421090730,006360,GS건설,ORB,FullAuto,2026-04-21 09:07:30,40150,진입,,,"ORB5 고가 40,100 돌파 (범위 2.8%, 등락 +5.5%) · A등급",5.52,1.05,1,220.1,1.47,1,,,,,,
005490#1385-S20260421091122,005490,POSCO홀딩스,ORB,FullAuto,2026-04-21 09:11:22,405000,진입,,,"ORB5 고가 404,500 돌파 (범위 2.1%, 등락 +3.6%) · A등급",3.58,0.98,1,733.8,2.46,1,,,,,,
000660#1392-S20260421151000,000660,SK하이닉스,오버나잇,FullAuto,2026-04-21 15:10:00,1226000,차단,매수 가능 수량 0 (투입금/리스크/예수금 확인),,"오버나잇: 등락 +4.8%, 범위 위치 97%",4.79,0.94,0.971,1046.9,1.77,1,1228000,1227000,,,1228000,1223000
009150#1393-S20260421151000,009150,삼성전기,오버나잇,FullAuto,2026-04-21 15:10:00,769000,진입,,,"오버나잇: 등락 +12.6%, 범위 위치 89%",12.59,3.30,0.892,479.7,1.86,1,,,,,,
034020#1395-S20260421151000,034020,두산에너빌리티,오버나잇,FullAuto,2026-04-21 15:10:00,115400,진입,,,"오버나잇: 등락 +3.9%, 범위 위치 74%",3.87,0.64,0.737,367.7,1.32,1,,,,,,
373220#1394-S20260421151000,373220,LG에너지솔루션,오버나잇,FullAuto,2026-04-21 15:10:00,473500,진입,,,"오버나잇: 등락 +9.6%, 범위 위치 94%",9.61,1.77,0.940,451.4,1.16,1,,,,,,
086520#1397-S20260421151000,086520,에코프로,오버나잇,FullAuto,2026-04-21 15:10:00,163100,진입,,,"오버나잇: 등락 +4.2%, 범위 위치 78%",4.22,1.16,0.779,433.9,1.06,1,,,,,,
005490#1396-S20260421151000,005490,POSCO홀딩스,오버나잇,FullAuto,2026-04-21 15:10:00,419500,진입,,,"오버나잇: 등락 +7.3%, 범위 위치 90%",7.29,1.47,0.904,560.8,1.18,1,,,,,,
010170#1399-S20260421151000,010170,대한광통신,오버나잇,FullAuto,2026-04-21 15:10:00,15580,진입,,,"오버나잇: 등락 +2.6%, 범위 위치 93%",2.57,5.97,0.934,208.1,0.70,1,,,,,,
080220#1398-S20260421151000,080220,제주반도체,오버나잇,FullAuto,2026-04-21 15:10:00,47000,진입,,,"오버나잇: 등락 +9.3%, 범위 위치 58%",9.30,-0.06,0.579,233.9,2.23,1,,,,,,
010820#1405-S20260422090505,010820,퍼스텍,ORB,FullAuto,2026-04-22 09:05:05,15270,진입,,,"ORB5 고가 15,260 돌파 (범위 4.0%, 등락 +6.0%) · A등급",5.97,1.95,1,204.4,0.91,1,,,,,,
018470#1406-S20260422090507,018470,조일알미늄,ORB,FullAuto,2026-04-22 09:05:07,8910,진입,,,"ORB5 고가 8,900 돌파 (범위 5.1%, 등락 +6.8%)",6.77,2.48,1,107.9,1.39,1,,,,,,
222080#1402-S20260422090527,222080,SFA넥셀,ORB,FullAuto,2026-04-22 09:05:27,17870,진입,,,"ORB5 고가 17,840 돌파 (범위 5.9%, 등락 +9.6%)",9.56,2.38,1,164.8,1.72,1,,,,,,
011790#1407-S20260422090630,011790,SKC,ORB,FullAuto,2026-04-22 09:06:30,116500,진입,,,"ORB5 고가 116,300 돌파 (범위 1.6%, 등락 +5.0%)",4.95,1.16,1,181.3,1.61,1,,,,,,
007660#1400-S20260422091130,007660,이수페타시스,ORB,FullAuto,2026-04-22 09:11:30,139800,진입,,,"ORB5 고가 139,700 돌파 (범위 3.7%, 등락 +4.5%) · A등급",4.48,1.17,1,195.7,2.18,1,,,,,,
079550#1414-S20260422151000,079550,LIG디펜스앤에어로스페이스,오버나잇,FullAuto,2026-04-22 15:10:00,1017000,진입,,,"오버나잇: 등락 +3.8%, 범위 위치 35%",3.78,-0.93,0.353,310.0,0.72,1,,,,,,
007660#1415-S20260422151000,007660,이수페타시스,오버나잇,FullAuto,2026-04-22 15:10:00,161400,진입,,,"오버나잇: 등락 +20.6%, 범위 위치 89%",20.63,6.07,0.887,209.1,0.48,1,,,,,,
009150#1416-S20260422151000,009150,삼성전기,오버나잇,FullAuto,2026-04-22 15:10:00,812000,진입,,,"오버나잇: 등락 +4.5%, 범위 위치 90%",4.50,1.09,0.9,1164.7,4.13,1,,,,,,
036930#1417-S20260422151000,036930,주성엔지니어링,오버나잇,FullAuto,2026-04-22 15:10:00,120900,진입,,,"오버나잇: 등락 +1.7%, 범위 위치 71%",1.68,1.99,0.708,257.8,0.57,1,,,,,,
042660#1418-S20260422151000,042660,한화오션,오버나잇,FullAuto,2026-04-22 15:10:00,134600,진입,,,"오버나잇: 등락 +1.7%, 범위 위치 75%",1.66,0.81,0.755,465.6,0.94,1,,,,,,
010120#1421-S20260422151000,010120,LS ELECTRIC,오버나잇,FullAuto,2026-04-22 15:10:00,193700,진입,,,"오버나잇: 등락 +4.0%, 범위 위치 55%",3.97,0.62,0.549,462.8,0.96,1,,,,,,
027360#1419-S20260422151000,027360,아주IB투자,오버나잇,FullAuto,2026-04-22 15:10:00,14190,진입,,,"오버나잇: 등락 +17.1%, 범위 위치 62%",17.08,-0.90,0.624,230.7,0.82,1,,,,,,
322000#1420-S20260422151000,322000,HD현대에너지솔루션,오버나잇,FullAuto,2026-04-22 15:10:00,181900,진입,,,"오버나잇: 등락 +7.0%, 범위 위치 52%",7.00,-1.33,0.520,181.3,0.61,1,,,,,,
103590#1431-S20260423090522,103590,일진전기,ORB,FullAuto,2026-04-23 09:05:22,93200,진입,,,"ORB5 고가 93,100 돌파 (범위 2.1%, 등락 +5.8%) · A등급",5.79,0.98,1,200.0,2.48,1,,,,,,
034020#1425-S20260423090527,034020,두산에너빌리티,ORB,FullAuto,2026-04-23 09:05:27,123100,진입,,,"ORB5 고가 123,000 돌파 (범위 3.8%, 등락 +6.3%) · A등급",6.30,1.57,1,294.8,1.53,1,,,,,,
058470#1429-S20260423090530,058470,리노공업,ORB,FullAuto,2026-04-23 09:05:30,128100,진입,,,"ORB5 고가 127,600 돌파 (범위 4.1%, 등락 +6.6%)",6.57,1.81,1,339.8,2.09,1,,,,,,
267260#1430-S20260423093630,267260,HD현대일렉트릭,ORB,FullAuto,2026-04-23 09:36:30,1149000,시간외,진입 가능 시간 09:05~09:30 밖,,"ORB5 고가 1,148,000 돌파 (범위 2.3%, 등락 +6.2%)",6.19,1.84,1,274.2,2.28,1,1139000,1137000,1134000,1130000,1149000,1121000
001440#1434-S20260423094010,001440,대한전선,ORB,FullAuto,2026-04-23 09:40:10,43600,시간외,진입 가능 시간 09:05~09:30 밖,,"ORB5 고가 43,500 돌파 (범위 4.7%, 등락 +6.2%)",6.21,3.10,1,156.4,0.97,1,43300,42200,41850,41100,43850,41050
000660#1435-S20260423151000,000660,SK하이닉스,오버나잇,FullAuto,2026-04-23 15:10:00,1222000,진입,,,"오버나잇: 등락 +0.2%, 범위 위치 46%",0.16,-0.45,0.464,503.5,0.60,1,,,,,,
034020#1436-S20260423151000,034020,두산에너빌리티,오버나잇,FullAuto,2026-04-23 15:10:00,122400,진입,,,"오버나잇: 등락 +5.7%, 범위 위치 74%",5.70,0.71,0.741,309.8,1.53,1,,,,,,
010140#1437-S20260423151000,010140,삼성중공업,오버나잇,FullAuto,2026-04-23 15:10:00,34050,진입,,,"오버나잇: 등락 +6.1%, 범위 위치 63%",6.07,0.59,0.634,503.3,0.67,1,,,,,,
047040#1438-S20260423151000,047040,대우건설,오버나잇,FullAuto,2026-04-23 15:10:00,33250,진입,,,"오버나잇: 등락 +2.2%, 범위 위치 25%",2.15,-2.39,0.253,385.1,0.57,1,,,,,,
402340#1439-S20260423151000,402340,SK스퀘어,오버나잇,FullAuto,2026-04-23 15:10:00,727000,진입,,,"오버나잇: 등락 +1.7%, 범위 위치 27%",1.68,-1.02,0.273,764.5,0.74,1,,,,,,
000720#1440-S20260423151000,000720,현대건설,오버나잇,FullAuto,2026-04-23 15:10:00,174900,진입,,,"오버나잇: 등락 +3.0%, 범위 위치 53%",3.00,-0.07,0.528,580.1,0.74,1,,,,,,
006910#1441-S20260423151000,006910,보성파워텍,오버나잇,FullAuto,2026-04-23 15:10:00,11800,진입,,,"오버나잇: 등락 +17.6%, 범위 위치 61%",17.65,-0.91,0.614,248.5,0.75,1,,,,,,
298040#1442-S20260423151000,298040,효성중공업,오버나잇,FullAuto,2026-04-23 15:10:00,3270000,차단,매수 가능 수량 0 (투입금/리스크/예수금 확인),,"오버나잇: 등락 +6.3%, 범위 위치 61%",6.27,0.77,0.607,439.3,0.95,1,3269000,3257000,,,3270000,3256000
322000#1447-S20260424090517,322000,HD현대에너지솔루션,ORB,FullAuto,2026-04-24 09:05:17,190200,진입,,,"ORB5 고가 190,000 돌파 (범위 4.6%, 등락 +5.8%)",5.84,1.54,1,238.9,3.79,1,,,,,,
082740#1451-S20260424091025,082740,한화엔진,ORB,FullAuto,2026-04-24 09:10:25,73600,진입,,,"ORB5 고가 73,500 돌파 (범위 3.4%, 등락 +5.4%) · A등급",5.44,1.64,1,277.1,1.79,1,,,,,,
071970#1450-S20260424091125,071970,HD현대마린엔진,ORB,FullAuto,2026-04-24 09:11:25,100800,진입,,,"ORB5 고가 100,700 돌파 (범위 2.7%, 등락 +4.9%) · A등급",4.89,1.06,1,261.7,3.42,1,,,,,,
079550#1449-S20260424091325,079550,LIG디펜스앤에어로스페이스,ORB,FullAuto,2026-04-24 09:13:25,1010000,진입,,,"ORB5 고가 1,008,000 돌파 (범위 2.9%, 등락 +4.6%) · A등급",4.55,1.32,1,272.9,4.97,1,,,,,,
000660#1456-S20260424151000,000660,SK하이닉스,오버나잇,FullAuto,2026-04-24 15:10:00,1224000,진입,,,"오버나잇: 등락 +0.4%, 범위 위치 63%",0.41,0.42,0.633,680.8,0.92,1,,,,,,
034020#1457-S20260424151000,034020,두산에너빌리티,오버나잇,FullAuto,2026-04-24 15:10:00,127100,진입,,,"오버나잇: 등락 +4.5%, 범위 위치 83%",4.52,1.22,0.833,666.8,0.91,1,,,,,,
006340#1458-S20260424151000,006340,대원전선,오버나잇,FullAuto,2026-04-24 15:10:00,8950,진입,,,"오버나잇: 등락 +10.0%, 범위 위치 56%",9.95,0.88,0.563,217.3,0.94,1,,,,,,
010060#1460-S20260424151000,010060,OCI홀딩스,오버나잇,FullAuto,2026-04-24 15:10:00,384250,진입,,,"오버나잇: 등락 +24.0%, 범위 위치 81%",23.95,5.06,0.811,360.5,2.15,2,,,,,,
001440#1459-S20260424151000,001440,대한전선,오버나잇,FullAuto,2026-04-24 15:10:00,42850,진입,,,"오버나잇: 등락 +4.9%, 범위 위치 51%",4.90,-0.38,0.512,323.2,2.96,1,,,,,,
009150#1462-S20260424151000,009150,삼성전기,오버나잇,FullAuto,2026-04-24 15:10:00,787000,진입,,,"오버나잇: 등락 +2.2%, 범위 위치 95%",2.21,0.95,0.952,769.0,0.98,1,,,,,,
090710#1461-S20260424151000,090710,휴림로봇,오버나잇,FullAuto,2026-04-24 15:10:00,13150,진입,,,"오버나잇: 등락 +16.2%, 범위 위치 73%",16.17,0.99,0.726,216.3,0.62,1,,,,,,
012450#1463-S20260424151000,012450,한화에어로스페이스,오버나잇,FullAuto,2026-04-24 15:10:00,1469000,차단,매수 가능 수량 0 (투입금/리스크/예수금 확인),,"오버나잇: 등락 +3.1%, 범위 위치 43%",3.09,-1.09,0.429,278.6,0.62,1,1468000,1467000,,,1470000,1465000
323280#1472-S20260427090527,323280,태성,ORB,FullAuto,2026-04-27 09:05:27,84000,진입,,,"ORB5 고가 83,800 돌파 (범위 4.2%, 등락 +9.2%)",9.23,2.05,1,865.5,1.66,1,,,,,,
036540#1466-S20260427090830,036540,SFA반도체,ORB,FullAuto,2026-04-27 09:08:30,10450,진입,,,"ORB5 고가 10,410 돌파 (범위 5.7%, 등락 +8.4%)",8.40,3.34,1,150.5,1.28,1,,,,,,
000660#1468-S20260427091225,000660,SK하이닉스,ORB,FullAuto,2026-04-27 09:12:25,1273000,진입,,,"ORB5 고가 1,272,000 돌파 (범위 1.9%, 등락 +4.0%)",4.00,0.68,1,335.8,2.03,1,,,,,,
082740#1474-S20260427091415,082740,한화엔진,ORB,FullAuto,2026-04-27 09:14:15,81600,진입,,,"ORB5 고가 81,500 돌파 (범위 3.3%, 등락 +8.1%)",8.08,1.50,1,234.4,2.52,1,,,,,,
103590#1473-S20260427092725,103590,일진전기,ORB,FullAuto,2026-04-27 09:27:25,105500,진입,,,"ORB5 고가 105,400 돌파 (범위 4.6%, 등락 +6.9%)",6.89,2.32,1,215.9,5.21,1,,,,,,
000660#1477-S20260427151000,000660,SK하이닉스,오버나잇,FullAuto,2026-04-27 15:10:00,1288000,진입,,,"오버나잇: 등락 +5.2%, 범위 위치 58%",5.23,-0.05,0.580,435.2,1.75,1,,,,,,
042700#1478-S20260427151000,042700,한미반도체,오버나잇,FullAuto,2026-04-27 15:10:00,373000,진입,,,"오버나잇: 등락 +26.2%, 범위 위치 92%",26.23,7.09,0.916,348.4,0.88,1,,,,,,
034020#1480-S20260427151000,034020,두산에너빌리티,오버나잇,FullAuto,2026-04-27 15:10:00,128800,진입,,,"오버나잇: 등락 +1.2%, 범위 위치 68%",1.18,0.70,0.681,793.7,1.19,1,,,,,,
010170#1479-S20260427151000,010170,대한광통신,오버나잇,FullAuto,2026-04-27 15:10:00,15900,진입,,,"오버나잇: 등락 +19.0%, 범위 위치 78%",19.01,0.79,0.785,182.8,0.49,1,,,,,,
108490#1481-S20260427151000,108490,로보티즈,오버나잇,FullAuto,2026-04-27 15:10:00,346500,진입,,,"오버나잇: 등락 +19.1%, 범위 위치 76%",19.07,2.16,0.758,389.7,1.16,1,,,,,,
009150#1483-S20260427151000,009150,삼성전기,오버나잇,FullAuto,2026-04-27 15:10:00,793000,진입,,,"오버나잇: 등락 +0.5%, 범위 위치 88%",0.51,0.89,0.88,558.0,0.86,1,,,,,,
098460#1482-S20260427151000,098460,고영,오버나잇,FullAuto,2026-04-27 15:10:00,43300,진입,,,"오버나잇: 등락 +2.4%, 범위 위치 52%",2.36,-0.48,0.524,403.9,0.97,1,,,,,,
006340#1484-S20260427151000,006340,대원전선,오버나잇,FullAuto,2026-04-27 15:10:00,10110,진입,,,"오버나잇: 등락 +12.1%, 범위 위치 60%",12.08,-0.70,0.596,199.8,0.44,1,,,,,,
006400#1488-S20260428091030,006400,삼성SDI,ORB,FullAuto,2026-04-28 09:10:30,675000,진입,,,"ORB5 고가 673,000 돌파 (범위 3.2%, 등락 +5.8%) · A등급",5.80,1.50,1,315.0,1.86,1,,,,,,
375500#1492-S20260428091127,375500,DL이앤씨,ORB,FullAuto,2026-04-28 09:11:27,102400,진입,,,"ORB5 고가 102,300 돌파 (범위 4.6%, 등락 +4.2%)",4.17,1.39,1,177.1,1.34,1,,,,,,
009830#1490-S20260428091825,009830,한화솔루션,ORB,FullAuto,2026-04-28 09:18:25,50700,진입,,,"ORB5 고가 50,650 돌파 (범위 4.5%, 등락 +7.1%)",7.08,1.60,1,213.2,5.29,1,,,,,,
000660#1498-S20260428151000,000660,SK하이닉스,오버나잇,FullAuto,2026-04-28 15:10:00,1303000,진입,,,"오버나잇: 등락 +0.2%, 범위 위치 22%",0.15,-0.72,0.219,622.2,1.15,1,,,,,,
047040#1499-S20260428151000,047040,대우건설,오버나잇,FullAuto,2026-04-28 15:10:00,37050,진입,,,"오버나잇: 등락 +11.6%, 범위 위치 59%",11.60,-2.63,0.590,295.6,0.42,1,,,,,,
006400#1500-S20260428151000,006400,삼성SDI,오버나잇,FullAuto,2026-04-28 15:10:00,678000,진입,,,"오버나잇: 등락 +6.3%, 범위 위치 70%",6.27,1.15,0.7,495.8,0.46,1,,,,,,
005490#1501-S20260428151000,005490,POSCO홀딩스,오버나잇,FullAuto,2026-04-28 15:10:00,466000,진입,,,"오버나잇: 등락 +11.1%, 범위 위치 61%",11.08,-0.32,0.614,294.6,1.16,1,,,,,,
066570#1504-S20260428151000,066570,LG전자,오버나잇,FullAuto,2026-04-28 15:10:00,139350,진입,,,"오버나잇: 등락 +6.5%, 범위 위치 5%",6.46,-2.83,0.054,192.3,0.33,2,,,,,,
009150#1503-S20260428151000,009150,삼성전기,오버나잇,FullAuto,2026-04-28 15:10:00,836000,진입,,,"오버나잇: 등락 +4.5%, 범위 위치 79%",4.50,1.29,0.791,1320.4,0.66,1,,,,,,
001440#1502-S20260428151000,001440,대한전선,오버나잇,FullAuto,2026-04-28 15:10:00,46150,진입,,,"오버나잇: 등락 +6.0%, 범위 위치 57%",5.97,-0.62,0.568,243.7,0.53,1,,,,,,
402340#1505-S20260428151000,402340,SK스퀘어,오버나잇,FullAuto,2026-04-28 15:10:00,813000,진입,,,"오버나잇: 등락 +1.6%, 범위 위치 36%",1.62,-1.41,0.356,565.7,2.70,1,,,,,,
011170#1510-S20260429090522,011170,롯데케미칼,ORB,FullAuto,2026-04-29 09:05:22,100000,진입,,,"ORB5 고가 99,900 돌파 (범위 2.8%, 등락 +4.7%) · A등급",4.71,1.21,1,290.8,7.21,1,,,,,,
096770#1506-S20260429090525,096770,SK이노베이션,ORB,FullAuto,2026-04-29 09:05:25,141800,진입,,,"ORB5 고가 141,700 돌파 (범위 5.2%, 등락 +6.8%)",6.78,1.40,1,213.8,1.33,1,,,,,,
004020#1512-S20260429090530,004020,현대제철,ORB,FullAuto,2026-04-29 09:05:30,47200,진입,,,"ORB5 고가 47,150 돌파 (범위 3.9%, 등락 +6.8%) · A등급",6.79,2.20,1,143.2,1.76,1,,,,,,
079550#1509-S20260429091027,079550,LIG디펜스앤에어로스페이스,ORB,FullAuto,2026-04-29 09:10:27,969000,진입,,,"ORB5 고가 968,000 돌파 (범위 2.0%, 등락 +4.6%) · A등급",4.64,0.89,1,286.5,2.27,1,,,,,,
010950#1507-S20260429100227,010950,S-Oil,ORB,FullAuto,2026-04-29 10:02:27,127700,시간외,진입 가능 시간 09:05~09:30 밖,,"ORB5 고가 127,500 돌파 (범위 4.2%, 등락 +7.0%)",7.04,1.88,1,250.3,4.82,1,126700,128900,129600,129500,130000,126100
000660#1516-S20260429151000,000660,SK하이닉스,오버나잇,FullAuto,2026-04-29 15:10:00,1291500,진입,,,"오버나잇: 등락 +0.3%, 범위 위치 29%",0.27,-0.47,0.292,883.6,0.58,2,,,,,,
006400#1517-S20260429151000,006400,삼성SDI,오버나잇,FullAuto,2026-04-29 15:10:00,713000,진입,,,"오버나잇: 등락 +5.6%, 범위 위치 97%",5.63,1.54,0.968,656.3,1.25,1,,,,,,
034020#1519-S20260429151000,034020,두산에너빌리티,오버나잇,FullAuto,2026-04-29 15:10:00,129200,진입,,,"오버나잇: 등락 +2.1%, 범위 위치 61%",2.13,0.12,0.612,627.3,0.44,1,,,,,,
402340#1518-S20260429151000,402340,SK스퀘어,오버나잇,FullAuto,2026-04-29 15:10:00,829000,진입,,,"오버나잇: 등락 +3.0%, 범위 위치 65%",2.98,0.12,0.649,679.0,1.16,1,,,,,,
096770#1520-S20260429151000,096770,SK이노베이션,오버나잇,FullAuto,2026-04-29 15:10:00,148000,진입,,,"오버나잇: 등락 +11.4%, 범위 위치 92%",11.45,3.69,0.917,262.5,1.01,1,,,,,,
009150#1522-S20260429151000,009150,삼성전기,오버나잇,FullAuto,2026-04-29 15:10:00,828000,진입,,,"오버나잇: 등락 +0.5%, 범위 위치 77%",0.49,0.93,0.769,751.4,1.51,1,,,,,,
329180#1523-S20260429151000,329180,HD현대중공업,오버나잇,FullAuto,2026-04-29 15:10:00,691000,진입,,,"오버나잇: 등락 +4.1%, 범위 위치 69%",4.07,0.62,0.689,532.2,0.40,1,,,,,,
098460#1521-S20260429151000,098460,고영,오버나잇,FullAuto,2026-04-29 15:10:00,41950,진입,,,"오버나잇: 등락 +5.0%, 범위 위치 47%",5.01,-1.46,0.474,245.9,1.64,1,,,,,,
066570#1525-S20260430090512,066570,LG전자,ORB,FullAuto,2026-04-30 09:05:12,146600,진입,,,"ORB5 고가 146,500 돌파 (범위 4.9%, 등락 +6.7%)",6.70,1.89,1,273.9,1.81,1,,,,,,
024060#1531-S20260430090725,024060,흥구석유,ORB,FullAuto,2026-04-30 09:07:25,17710,진입,,,"ORB5 고가 17,690 돌파 (범위 2.1%, 등락 +4.5%) · A등급",4.55,1.18,1,176.0,1.87,1,,,,,,
007660#1526-S20260430090925,007660,이수페타시스,ORB,FullAuto,2026-04-30 09:09:25,155600,진입,,,"ORB5 고가 155,400 돌파 (범위 3.3%, 등락 +5.6%) · A등급",5.63,0.93,1,237.6,2.54,1,,,,,,
042700#1536-S20260430151000,042700,한미반도체,오버나잇,FullAuto,2026-04-30 15:10:00,368500,진입,,,"오버나잇: 등락 +1.9%, 범위 위치 23%",1.94,-2.94,0.226,378.5,0.87,1,,,,,,
009150#1539-S20260430151000,009150,삼성전기,오버나잇,FullAuto,2026-04-30 15:10:00,835000,진입,,,"오버나잇: 등락 +0.2%, 범위 위치 29%",0.24,-1.23,0.288,1067.9,0.81,1,,,,,,
066570#1538-S20260430151000,066570,LG전자,오버나잇,FullAuto,2026-04-30 15:10:00,140500,진입,,,"오버나잇: 등락 +2.3%, 범위 위치 13%",2.26,-3.62,0.132,527.8,0.96,1,,,,,,
006340#1537-S20260430151000,006340,대원전선,오버나잇,FullAuto,2026-04-30 15:10:00,15100,진입,,,"오버나잇: 등락 +15.4%, 범위 위치 61%",15.36,-2.20,0.605,143.9,1.50,1,,,,,,
402340#1541-S20260430151000,402340,SK스퀘어,오버나잇,FullAuto,2026-04-30 15:10:00,843000,진입,,,"오버나잇: 등락 +0.5%, 범위 위치 6%",0.48,-1.46,0.056,704.4,0.91,1,,,,,,
009830#1540-S20260430151000,009830,한화솔루션,오버나잇,FullAuto,2026-04-30 15:10:00,47632,진입,,,"오버나잇: 등락 +5.3%, 범위 위치 24%",5.32,-4.02,0.240,197.2,0.34,2,,,,,,
058470#1543-S20260430151000,058470,리노공업,오버나잇,FullAuto,2026-04-30 15:10:00,118900,진입,,,"오버나잇: 등락 +5.0%, 범위 위치 50%",5.04,-0.34,0.5,336.7,0.97,1,,,,,,
010170#1542-S20260430151000,010170,대한광통신,오버나잇,FullAuto,2026-04-30 15:10:00,15160,진입,,,"오버나잇: 등락 +0.6%, 범위 위치 20%",0.60,-2.90,0.199,475.7,0.64,1,,,,,,
000660#1547-S20260504091027,000660,SK하이닉스,ORB,FullAuto,2026-05-04 09:10:27,1346000,진입,,,"ORB5 고가 1,345,000 돌파 (범위 1.2%, 등락 +4.0%)",4.02,0.47,1,325.0,1.55,1,,,,,,
000660#1557-S20260504151000,000660,SK하이닉스,오버나잇,FullAuto,2026-05-04 15:10:00,1447000,차단,매수 가능 수량 0 (투입금/리스크/예수금 확인),,"오버나잇: 등락 +11.8%, 범위 위치 98%",11.82,3.62,0.983,462.5,1.83,1,1449000,1449000,,,1450000,1446000
402340#1558-S20260504151000,402340,SK스퀘어,오버나잇,FullAuto,2026-05-04 15:10:00,994000,진입,,,"오버나잇: 등락 +18.1%, 범위 위치 96%",18.05,3.80,0.959,325.9,2.00,1,,,,,,
062040#1560-S20260504151000,062040,산일전기,오버나잇,FullAuto,2026-05-04 15:10:00,334500,진입,,,"오버나잇: 등락 +26.9%, 범위 위치 90%",26.94,6.83,0.898,521.6,1.55,1,,,,,,
009150#1561-S20260504151000,009150,삼성전기,오버나잇,FullAuto,2026-05-04 15:10:00,915000,진입,,,"오버나잇: 등락 +9.8%, 범위 위치 87%",9.84,2.39,0.867,541.7,0.80,1,,,,,,
010170#1559-S20260504151000,010170,대한광통신,오버나잇,FullAuto,2026-05-04 15:10:00,17860,진입,,,"오버나잇: 등락 +17.9%, 범위 위치 87%",17.89,3.21,0.875,210.3,1.13,1,,,,,,
006400#1564-S20260504151000,006400,삼성SDI,오버나잇,FullAuto,2026-05-04 15:10:00,703000,진입,,,"오버나잇: 등락 +0.1%, 범위 위치 39%",0.14,0.22,0.391,694.3,1.06,1,,,,,,
016360#1562-S20260504151000,016360,삼성증권,오버나잇,FullAuto,2026-05-04 15:10:00,136400,진입,,,"오버나잇: 등락 +26.2%, 범위 위치 89%",26.18,2.75,0.890,208.9,1.41,1,,,,,,
006800#1563-S20260504151000,006800,미래에셋증권,오버나잇,FullAuto,2026-05-04 15:10:00,70200,진입,,,"오버나잇: 등락 +7.3%, 범위 위치 74%",7.34,0.99,0.741,509.4,1.49,1,,,,,,
267260#1566-S20260506091202,267260,HD현대일렉트릭,ORB,FullAuto,2026-05-06 09:12:02,1369000,진입,,,"ORB5 고가 1,367,000 돌파 (범위 2.4%, 등락 +5.5%) · A등급",5.47,1.02,1,195.8,0.75,1,,,,,,
000660#1576-S20260506151000,000660,SK하이닉스,오버나잇,FullAuto,2026-05-06 15:10:00,1602000,차단,매수 가능 수량 0 (투입금/리스크/예수금 확인),,"오버나잇: 등락 +11.4%, 범위 위치 79%",11.40,0.69,0.793,280.7,0.84,1,1597000,1594000,,,1603500,1588000
006800#1577-S20260506151000,006800,미래에셋증권,오버나잇,FullAuto,2026-05-06 15:10:00,84700,진입,,,"오버나잇: 등락 +21.2%, 범위 위치 79%",21.17,3.94,0.788,291.2,0.64,1,,,,,,
402340#1578-S20260506151000,402340,SK스퀘어,오버나잇,FullAuto,2026-05-06 15:10:00,1092000,진입,,,"오버나잇: 등락 +9.9%, 범위 위치 34%",9.86,-0.79,0.335,230.3,0.83,1,,,,,,
009150#1580-S20260506151000,009150,삼성전기,오버나잇,FullAuto,2026-05-06 15:10:00,919000,진입,,,"오버나잇: 등락 +1.1%, 범위 위치 28%",1.10,-0.13,0.275,610.1,0.56,1,,,,,,
001440#1579-S20260506151000,001440,대한전선,오버나잇,FullAuto,2026-05-06 15:10:00,69200,진입,,,"오버나잇: 등락 +14.0%, 범위 위치 66%",14.00,1.55,0.657,297.7,0.61,1,,,,,,
016360#1581-S20260506151000,016360,삼성증권,오버나잇,FullAuto,2026-05-06 15:10:00,150600,진입,,,"오버나잇: 등락 +7.8%, 범위 위치 34%",7.80,0.55,0.344,253.9,0.39,1,,,,,,
042700#1583-S20260506151000,042700,한미반도체,오버나잇,FullAuto,2026-05-06 15:10:00,391750,진입,,,"오버나잇: 등락 +4.7%, 범위 위치 59%",4.75,1.41,0.589,1246.3,0.44,2,,,,,,
066570#1582-S20260506151000,066570,LG전자,오버나잇,FullAuto,2026-05-06 15:10:00,154400,진입,,,"오버나잇: 등락 +8.7%, 범위 위치 75%",8.73,0.88,0.748,248.1,1.24,1,,,,,,
010170#1588-S20260507090625,010170,대한광통신,ORB,FullAuto,2026-05-07 09:06:25,19580,진입,,,"ORB5 고가 19,480 돌파 (범위 3.8%, 등락 +7.2%) · A등급",7.17,2.79,1,186.5,2.90,1,,,,,,
000660#1597-S20260507151000,000660,SK하이닉스,오버나잇,FullAuto,2026-05-07 15:10:00,1647000,차단,매수 가능 수량 0 (투입금/리스크/예수금 확인),,"오버나잇: 등락 -+0.2%, 범위 위치 82%",-0.18,2.10,0.816,235.4,0.82,1,1648000,1653000,,,1654000,1643000
034020#1598-S20260507151000,034020,두산에너빌리티,오버나잇,FullAuto,2026-05-07 15:10:00,136200,진입,,,"오버나잇: 등락 +6.4%, 범위 위치 66%",6.41,0.35,0.663,254.8,0.53,1,,,,,,
011790#1600-S20260507151000,011790,SKC,오버나잇,FullAuto,2026-05-07 15:10:00,175100,진입,,,"오버나잇: 등락 +8.6%, 범위 위치 57%",8.62,1.62,0.565,247.4,0.65,1,,,,,,
329180#1599-S20260507151000,329180,HD현대중공업,오버나잇,FullAuto,2026-05-07 15:10:00,695000,진입,,,"오버나잇: 등락 +5.6%, 범위 위치 82%",5.62,1.75,0.821,329.0,2.00,1,,,,,,
010140#1602-S20260507151000,010140,삼성중공업,오버나잇,FullAuto,2026-05-07 15:10:00,33600,진입,,,"오버나잇: 등락 +3.9%, 범위 위치 92%",3.86,2.32,0.919,569.2,1.00,1,,,,,,
028260#1603-S20260507151000,028260,삼성물산,오버나잇,FullAuto,2026-05-07 15:10:00,399500,진입,,,"오버나잇: 등락 +4.0%, 범위 위치 87%",4.04,3.96,0.867,440.8,0.61,1,,,,,,
203650#1601-S20260507151000,203650,드림시큐리티,오버나잇,FullAuto,2026-05-07 15:10:00,4100,진입,,,"오버나잇: 등락 +9.2%, 범위 위치 39%",9.19,-4.00,0.395,176.2,0.56,1,,,,,,
024840#1604-S20260507151000,024840,KBI메탈,오버나잇,FullAuto,2026-05-07 15:10:00,9280,진입,,,"오버나잇: 등락 +7.8%, 범위 위치 56%",7.78,-0.20,0.564,187.6,0.48,1,,,,,,
459510#1611-S20260508090520,459510,나우로보틱스,ORB,FullAuto,2026-05-08 09:05:20,36400,진입,,,"ORB5 고가 36,300 돌파 (범위 4.6%, 등락 +5.2%)",5.20,1.71,1,300.0,3.30,1,,,,,,
125490#1605-S20260508090520,125490,한라캐스트,ORB,FullAuto,2026-05-08 09:05:20,17680,진입,,,"ORB5 고가 17,670 돌파 (범위 2.6%, 등락 +5.1%) · A등급",5.05,1.19,1,239.0,1.27,1,,,,,,
264850#1606-S20260508090927,264850,이랜시스,ORB,FullAuto,2026-05-08 09:09:27,8910,진입,,,"ORB5 고가 8,900 돌파 (범위 5.3%, 등락 +9.7%)",9.73,3.03,1,119.8,2.87,1,,,,,,
000660#1620-S20260508151000,000660,SK하이닉스,오버나잇,FullAuto,2026-05-08 15:10:00,1680000,차단,매수 가능 수량 0 (투입금/리스크/예수금 확인),,"오버나잇: 등락 +2.1%, 범위 위치 96%",2.07,2.39,0.957,307.9,0.77,1,1680000,1689000,,,1689000,1678000
001440#1621-S20260508151000,001440,대한전선,오버나잇,FullAuto,2026-05-08 15:10:00,72800,진입,,,"오버나잇: 등락 +13.6%, 범위 위치 83%",13.57,3.56,0.835,305.6,0.64,1,,,,,,
402340#1624-S20260508151000,402340,SK스퀘어,오버나잇,FullAuto,2026-05-08 15:10:00,1099000,진입,,,"오버나잇: 등락 +0.6%, 범위 위치 88%",0.64,1.57,0.881,804.1,1.36,1,,,,,,
277810#1622-S20260508151000,277810,레인보우로보틱스,오버나잇,FullAuto,2026-05-08 15:10:00,783000,진입,,,"오버나잇: 등락 +12.2%, 범위 위치 74%",12.18,0.06,0.742,295.4,1.17,1,,,,,,
000270#1623-S20260508151000,000270,기아,오버나잇,FullAuto,2026-05-08 15:10:00,164200,진입,,,"오버나잇: 등락 +4.1%, 범위 위치 56%",4.12,-0.20,0.561,289.8,1.51,1,,,,,,
006800#1625-S20260508151000,006800,미래에셋증권,오버나잇,FullAuto,2026-05-08 15:10:00,79800,진입,,,"오버나잇: 등락 +2.2%, 범위 위치 53%",2.18,-0.39,0.532,689.7,1.05,1,,,,,,
009150#1627-S20260508151000,009150,삼성전기,오버나잇,FullAuto,2026-05-08 15:10:00,916000,진입,,,"오버나잇: 등락 +0.2%, 범위 위치 85%",0.22,1.26,0.852,505.0,0.63,1,,,,,,
319400#1626-S20260508151000,319400,현대무벡스,오버나잇,FullAuto,2026-05-08 15:10:00,37400,진입,,,"오버나잇: 등락 +20.6%, 범위 위치 64%",20.65,0.21,0.642,397.0,0.37,1,,,,,,
329180#1634-S20260511090510,329180,HD현대중공업,ORB,FullAuto,2026-05-11 09:05:10,697000,진입,,,"ORB5 고가 696,000 돌파 (범위 4.7%, 등락 +5.9%)",5.93,2.01,1,197.4,0.98,1,,,,,,
009540#1636-S20260511090520,009540,HD한국조선해양,ORB,FullAuto,2026-05-11 09:05:20,478000,진입,,,"ORB5 고가 477,000 돌파 (범위 4.6%, 등락 +5.8%)",5.75,1.53,1,456.5,2.03,1,,,,,,
011790#1630-S20260511090522,011790,SKC,ORB,FullAuto,2026-05-11 09:05:22,172300,진입,,,"ORB5 고가 172,100 돌파 (범위 3.4%, 등락 +8.1%)",8.09,1.29,1,285.0,3.00,1,,,,,,
010140#1633-S20260511090527,010140,삼성중공업,ORB,FullAuto,2026-05-11 09:05:27,34350,진입,,,"ORB5 고가 34,300 돌파 (범위 5.5%, 등락 +6.8%)",6.84,2.03,1,339.4,1.53,1,,,,,,
042660#1628-S20260511090612,042660,한화오션,ORB,FullAuto,2026-05-11 09:06:12,135800,진입,,,"ORB5 고가 135,700 돌파 (범위 3.9%, 등락 +7.5%) · A등급",7.52,1.01,1,187.2,0.87,1,,,,,,
027360#1637-S20260511091430,027360,아주IB투자,ORB,FullAuto,2026-05-11 09:14:30,16850,진입,,,"ORB5 고가 16,780 돌파 (범위 3.1%, 등락 +7.0%) · A등급",6.98,2.73,1,146.6,5.07,1,,,,,,
402340#1631-S20260511135722,402340,SK스퀘어,ORB,FullAuto,2026-05-11 13:57:22,1192000,시간외,진입 가능 시간 09:05~09:30 밖,,"ORB5 고가 1,190,000 돌파 (범위 3.2%, 등락 +8.5%)",8.46,2.42,1,269.0,4.59,1,1200000,1194000,1197000,1188000,1205000,1181000
032820#1650-S20260512090727,032820,우리기술,ORB,FullAuto,2026-05-12 09:07:27,20250,진입,,,"ORB5 고가 20,200 돌파 (범위 4.6%, 등락 +4.9%)",4.92,1.63,1,264.1,2.86,1,,,,,,
034020#1647-S20260512091030,034020,두산에너빌리티,ORB,FullAuto,2026-05-12 09:10:30,133800,진입,,,"ORB5 고가 133,600 돌파 (범위 2.4%, 등락 +4.4%) · A등급",4.37,0.91,1,179.6,3.06,1,,,,,,
017670#1644-S20260512092425,017670,SK텔레콤,ORB,FullAuto,2026-05-12 09:24:25,105100,진입,,,"ORB5 고가 105,000 돌파 (범위 4.6%, 등락 +6.9%)",6.92,1.38,1,318.0,3.67,1,,,,,,
329180#1643-S20260512093820,329180,HD현대중공업,ORB,FullAuto,2026-05-12 09:38:20,729000,시간외,진입 가능 시간 09:05~09:30 밖,,"ORB5 고가 728,000 돌파 (범위 4.9%, 등락 +7.0%)",7.05,1.83,1,363.5,5.97,1,730000,715000,714000,683000,734000,675000
066570#1654-S20260512151000,066570,LG전자,오버나잇,FullAuto,2026-05-12 15:10:00,183000,진입,,,"오버나잇: 등락 +17.1%, 범위 위치 65%",17.08,0.12,0.653,219.9,1.17,1,,,,,,
009150#1655-S20260512151000,009150,삼성전기,오버나잇,FullAuto,2026-05-12 15:10:00,950000,진입,,,"오버나잇: 등락 +5.8%, 범위 위치 53%",5.79,-0.16,0.531,265.5,0.86,1,,,,,,
329180#1656-S20260512151000,329180,HD현대중공업,오버나잇,FullAuto,2026-05-12 15:10:00,703000,진입,,,"오버나잇: 등락 +3.2%, 범위 위치 47%",3.23,-0.53,0.475,372.5,0.70,1,,,,,,
319400#1657-S20260512151000,319400,현대무벡스,오버나잇,FullAuto,2026-05-12 15:10:00,42100,진입,,,"오버나잇: 등락 +8.8%, 범위 위치 41%",8.79,-4.16,0.408,285.7,0.83,1,,,,,,
090710#1658-S20260512151000,090710,휴림로봇,오버나잇,FullAuto,2026-05-12 15:10:00,12860,진입,,,"오버나잇: 등락 +4.3%, 범위 위치 55%",4.30,-3.88,0.547,462.0,0.29,1,,,,,,
079550#1660-S20260512151000,079550,LIG디펜스앤에어로스페이스,오버나잇,FullAuto,2026-05-12 15:10:00,876000,진입,,,"오버나잇: 등락 +0.8%, 범위 위치 62%",0.81,-0.64,0.623,384.9,0.68,1,,,,,,
007610#1659-S20260512151000,007610,선도전기,오버나잇,FullAuto,2026-05-12 15:10:00,15030,진입,,,"오버나잇: 등락 +16.8%, 범위 위치 69%",16.78,0.88,0.688,130.8,1.24,1,,,,,,
218410#1661-S20260512151000,218410,RFHIC,오버나잇,FullAuto,2026-05-12 15:10:00,111600,진입,,,"오버나잇: 등락 +6.8%, 범위 위치 25%",6.79,-3.50,0.246,217.2,1.02,1,,,,,,
000660#1670-S20260513151000,000660,SK하이닉스,오버나잇,FullAuto,2026-05-13 15:10:00,1987000,차단,매수 가능 수량 0 (투입금/리스크/예수금 확인),,"오버나잇: 등락 +9.6%, 범위 위치 99%",9.60,4.69,0.986,344.3,0.62,1,1987000,1984000,,,1989000,1983000
005380#1671-S20260513151000,005380,현대차,오버나잇,FullAuto,2026-05-13 15:10:00,708000,진입,,,"오버나잇: 등락 +13.6%, 범위 위치 97%",13.64,3.19,0.971,449.6,1.75,1,,,,,,
066570#1673-S20260513151000,066570,LG전자,오버나잇,FullAuto,2026-05-13 15:10:00,190700,진입,,,"오버나잇: 등락 +3.1%, 범위 위치 61%",3.14,0.44,0.607,223.4,0.93,1,,,,,,
009150#1672-S20260513151000,009150,삼성전기,오버나잇,FullAuto,2026-05-13 15:10:00,1031000,진입,,,"오버나잇: 등락 +11.1%, 범위 위치 79%",11.10,2.74,0.791,423.2,0.86,1,,,,,,
402340#1674-S20260513151000,402340,SK스퀘어,오버나잇,FullAuto,2026-05-13 15:10:00,1190000,진입,,,"오버나잇: 등락 +8.6%, 범위 위치 98%",8.58,3.67,0.975,403.8,1.15,1,,,,,,
307950#1675-S20260513151000,307950,현대오토에버,오버나잇,FullAuto,2026-05-13 15:10:00,698000,진입,,,"오버나잇: 등락 +15.4%, 범위 위치 77%",15.37,2.99,0.766,378.4,2.23,1,,,,,,
000270#1676-S20260513151000,000270,기아,오버나잇,FullAuto,2026-05-13 15:10:00,178500,진입,,,"오버나잇: 등락 +7.7%, 범위 위치 94%",7.66,2.93,0.942,303.2,0.62,1,,,,,,
042700#1677-S20260513151000,042700,한미반도체,오버나잇,FullAuto,2026-05-13 15:10:00,397750,진입,,,"오버나잇: 등락 +7.2%, 범위 위치 96%",7.21,2.87,0.963,1381.3,1.13,2,,,,,,
064400#1685-S20260514090515,064400,LG씨엔에스,ORB,FullAuto,2026-05-14 09:05:15,77600,진입,,,"ORB5 고가 77,500 돌파 (범위 4.0%, 등락 +5.6%)",5.58,1.44,1,260.3,3.05,1,,,,,,
009830#1684-S20260514090525,009830,한화솔루션,ORB,FullAuto,2026-05-14 09:05:25,43350,진입,,,"ORB5 고가 43,300 돌파 (범위 5.8%, 등락 +6.5%)",6.51,1.57,1,332.7,1.92,1,,,,,,
034220#1679-S20260514090727,034220,LG디스플레이,ORB,FullAuto,2026-05-14 09:07:27,14880,진입,,,"ORB5 고가 14,850 돌파 (범위 4.9%, 등락 +5.0%)",5.01,2.11,1,217.9,1.52,1,,,,,,
042700#1690-S20260514151000,042700,한미반도체,오버나잇,FullAuto,2026-05-14 15:10:00,402500,진입,,,"오버나잇: 등락 +0.2%, 범위 위치 90%",0.25,2.09,0.897,370.1,0.78,1,,,,,,
064400#1688-S20260514151000,064400,LG씨엔에스,오버나잇,FullAuto,2026-05-14 15:10:00,85600,진입,,,"오버나잇: 등락 +16.5%, 범위 위치 80%",16.46,2.30,0.799,246.4,0.87,1,,,,,,
005490#1692-S20260514151000,005490,POSCO홀딩스,오버나잇,FullAuto,2026-05-14 15:10:00,491500,진입,,,"오버나잇: 등락 +2.1%, 범위 위치 83%",2.08,1.54,0.825,1587.8,1.21,1,,,,,,
028260#1693-S20260514151000,028260,삼성물산,오버나잇,FullAuto,2026-05-14 15:10:00,437000,진입,,,"오버나잇: 등락 +1.7%, 범위 위치 61%",1.75,0.52,0.608,752.3,0.47,1,,,,,,
034220#1689-S20260514151000,034220,LG디스플레이,오버나잇,FullAuto,2026-05-14 15:10:00,15345,진입,,,"오버나잇: 등락 +8.3%, 범위 위치 78%",8.29,1.39,0.785,261.0,1.26,2,,,,,,
000720#1694-S20260514151000,000720,현대건설,오버나잇,FullAuto,2026-05-14 15:10:00,167300,진입,,,"오버나잇: 등락 +4.2%, 범위 위치 68%",4.17,0.47,0.684,759.8,0.73,1,,,,,,
003230#1691-S20260514151000,003230,삼양식품,오버나잇,FullAuto,2026-05-14 15:10:00,1425000,차단,매수 가능 수량 0 (투입금/리스크/예수금 확인),,"오버나잇: 등락 +6.2%, 범위 위치 55%",6.18,-0.35,0.551,279.4,0.90,1,1423000,1426000,,,1432000,1420000
010060#1695-S20260514151000,010060,OCI홀딩스,오버나잇,FullAuto,2026-05-14 15:10:00,361000,진입,,,"오버나잇: 등락 +7.8%, 범위 위치 66%",7.76,0.29,0.659,472.1,1.87,1,,,,,,
034220#1699-S20260515090517,034220,LG디스플레이,ORB,FullAuto,2026-05-15 09:05:17,16410,진입,,,"ORB5 고가 16,400 돌파 (범위 4.7%, 등락 +7.0%)",6.98,1.90,1,211.9,2.79,1,,,,,,
454910#1700-S20260515090520,454910,두산로보틱스,ORB,FullAuto,2026-05-15 09:05:20,115100,진입,,,"ORB5 고가 115,000 돌파 (범위 5.0%, 등락 +7.8%)",7.77,1.75,1,383.9,2.98,1,,,,,,
454910#1709-S20260515151000,454910,두산로보틱스,오버나잇,FullAuto,2026-05-15 15:10:00,125700,진입,,,"오버나잇: 등락 +17.7%, 범위 위치 55%",17.70,-1.81,0.553,215.8,1.63,1,,,,,,
080220#1710-S20260515151000,080220,제주반도체,오버나잇,FullAuto,2026-05-15 15:10:00,81200,진입,,,"오버나잇: 등락 +7.4%, 범위 위치 56%",7.41,-1.89,0.561,227.1,0.78,1,,,,,,
003550#1714-S20260515151000,003550,LG,오버나잇,FullAuto,2026-05-15 15:10:00,125700,진입,,,"오버나잇: 등락 +7.1%, 범위 위치 5%",7.07,-8.33,0.054,178.7,1.01,1,,,,,,
018260#1712-S20260515151000,018260,삼성에스디에스,오버나잇,FullAuto,2026-05-15 15:10:00,187800,진입,,,"오버나잇: 등락 +2.2%, 범위 위치 20%",2.18,-5.34,0.196,243.7,0.67,1,,,,,,
090710#1711-S20260515151000,090710,휴림로봇,오버나잇,FullAuto,2026-05-15 15:10:00,12970,진입,,,"오버나잇: 등락 +2.7%, 범위 위치 17%",2.69,-6.30,0.165,268.1,0.88,1,,,,,,
001740#1713-S20260515151000,001740,SK네트웍스,오버나잇,FullAuto,2026-05-15 15:10:00,8700,진입,,,"오버나잇: 등락 +10.1%, 범위 위치 52%",10.13,-0.63,0.52,142.9,0.50,1,,,,,,
090360#1715-S20260515151000,090360,로보스타,오버나잇,FullAuto,2026-05-15 15:10:00,87700,진입,,,"오버나잇: 등락 +6.4%, 범위 위치 20%",6.43,-5.24,0.198,182.8,1.11,1,,,,,,
036540#1716-S20260515151000,036540,SFA반도체,오버나잇,FullAuto,2026-05-15 15:10:00,8570,진입,,,"오버나잇: 등락 +3.5%, 범위 위치 17%",3.50,-6.94,0.169,185.6,0.35,1,,,,,,
079550#1720-S20260518090527,079550,LIG디펜스앤에어로스페이스,ORB,FullAuto,2026-05-18 09:05:27,880000,진입,,,"ORB5 고가 878,000 돌파 (범위 3.1%, 등락 +5.4%) · A등급",5.39,1.52,1,261.2,2.38,1,,,,,,
009150#1725-S20260518151000,009150,삼성전기,오버나잇,FullAuto,2026-05-18 15:10:00,1042000,진입,,,"오버나잇: 등락 +0.6%, 범위 위치 73%",0.58,3.12,0.734,770.2,1.14,1,,,,,,
034020#1727-S20260518151000,034020,두산에너빌리티,오버나잇,FullAuto,2026-05-18 15:10:00,112500,진입,,,"오버나잇: 등락 +1.7%, 범위 위치 89%",1.72,3.25,0.891,546.2,0.97,1,,,,,,
080220#1726-S20260518151000,080220,제주반도체,오버나잇,FullAuto,2026-05-18 15:10:00,92400,진입,,,"오버나잇: 등락 +12.3%, 범위 위치 53%",12.27,1.27,0.528,202.5,1.92,1,,,,,,
027360#1728-S20260518151000,027360,아주IB투자,오버나잇,FullAuto,2026-05-18 15:10:00,17060,진입,,,"오버나잇: 등락 +19.2%, 범위 위치 68%",19.22,0.47,0.680,188.5,0.89,1,,,,,,
006800#1729-S20260518151000,006800,미래에셋증권,오버나잇,FullAuto,2026-05-18 15:10:00,70400,진입,,,"오버나잇: 등락 +1.4%, 범위 위치 40%",1.44,-0.15,0.4,646.8,1.70,1,,,,,,
178320#1730-S20260518151000,178320,서진시스템,오버나잇,FullAuto,2026-05-18 15:10:00,72300,진입,,,"오버나잇: 등락 +7.9%, 범위 위치 67%",7.91,0.72,0.667,270.0,0.61,1,,,,,,
011070#1731-S20260518151000,011070,LG이노텍,오버나잇,FullAuto,2026-05-18 15:10:00,767000,진입,,,"오버나잇: 등락 +2.4%, 범위 위치 97%",2.40,5.51,0.969,588.0,2.50,1,,,,,,
079550#1732-S20260518151000,079550,LIG디펜스앤에어로스페이스,오버나잇,FullAuto,2026-05-18 15:10:00,845000,진입,,,"오버나잇: 등락 +1.2%, 범위 위치 48%",1.20,0.28,0.479,465.3,1.10,1,,,,,,
440110#1733-S20260519090505,440110,파두,ORB,FullAuto,2026-05-19 09:05:05,104200,진입,,,"ORB5 고가 104,000 돌파 (범위 5.3%, 등락 +5.4%)",5.36,1.61,1,89.7,0.84,1,,,,,,
079550#1736-S20260519090525,079550,LIG디펜스앤에어로스페이스,ORB,FullAuto,2026-05-19 09:05:25,876000,진입,,,"ORB5 고가 875,000 돌파 (범위 4.0%, 등락 +3.4%)",3.42,1.64,1,324.0,1.92,1,,,,,,
000660#1749-S20260520151000,000660,SK하이닉스,오버나잇,FullAuto,2026-05-20 15:10:00,1747000,차단,매수 가능 수량 0 (투입금/리스크/예수금 확인),,"오버나잇: 등락 +1.6%, 범위 위치 65%",1.63,0.56,0.648,428.7,0.63,1,1753000,1755000,,,1760000,1747000
009150#1750-S20260520151000,009150,삼성전기,오버나잇,FullAuto,2026-05-20 15:10:00,1068000,진입,,,"오버나잇: 등락 +11.7%, 범위 위치 79%",11.72,5.15,0.791,218.7,0.86,1,,,,,,
036930#1751-S20260520151000,036930,주성엔지니어링,오버나잇,FullAuto,2026-05-20 15:10:00,176500,진입,,,"오버나잇: 등락 -+0.2%, 범위 위치 17%",-0.23,-8.82,0.167,142.3,0.65,1,,,,,,
402340#1752-S20260520151000,402340,SK스퀘어,오버나잇,FullAuto,2026-05-20 15:10:00,1025000,진입,,,"오버나잇: 등락 +2.4%, 범위 위치 47%",2.40,0.72,0.466,500.9,0.40,1,,,,,,
298040#1753-S20260520151000,298040,효성중공업,오버나잇,FullAuto,2026-05-20 15:10:00,3554500,차단,매수 가능 수량 0 (투입금/리스크/예수금 확인),,"오버나잇: 등락 +1.4%, 범위 위치 26%",1.44,-1.00,0.259,454.3,0.87,2,3556000,3569000,,,3570000,3553000
007660#1754-S20260520151000,007660,이수페타시스,오버나잇,FullAuto,2026-05-20 15:10:00,120900,진입,,,"오버나잇: 등락 +1.6%, 범위 위치 12%",1.60,-2.39,0.121,466.2,0.60,1,,,,,,
086520#1756-S20260520151000,086520,에코프로,오버나잇,FullAuto,2026-05-20 15:10:00,118300,진입,,,"오버나잇: 등락 -+0.3%, 범위 위치 55%",-0.34,0.34,0.55,252.3,0.65,1,,,,,,
001820#1755-S20260520151000,001820,삼화콘덴서,오버나잇,FullAuto,2026-05-20 15:10:00,77950,진입,,,"오버나잇: 등락 +22.0%, 범위 위치 90%",21.99,5.17,0.895,241.7,0.97,2,,,,,,
009150#1759-S20260521090517,009150,삼성전기,ORB,FullAuto,2026-05-21 09:05:17,1163000,진입,,,"ORB5 고가 1,162,000 돌파 (범위 5.2%, 등락 +9.0%)",9.00,1.46,1,158.2,2.10,1,,,,,,
066570#1757-S20260521090615,066570,LG전자,ORB,FullAuto,2026-05-21 09:06:15,195900,진입,,,"ORB5 고가 195,800 돌파 (범위 2.5%, 등락 +6.2%) · A등급",6.24,1.01,1,197.6,1.52,1,,,,,,
440110#1762-S20260521090622,440110,파두,ORB,FullAuto,2026-05-21 09:06:22,117500,진입,,,"ORB5 고가 117,000 돌파 (범위 2.9%, 등락 +4.7%) · A등급",4.72,1.48,1,211.4,5.00,1,,,,,,
034220#1764-S20260521090625,034220,LG디스플레이,ORB,FullAuto,2026-05-21 09:06:25,13280,진입,,,"ORB5 고가 13,250 돌파 (범위 3.1%, 등락 +5.7%) · A등급",5.73,1.53,1,255.8,2.05,1,,,,,,
000660#1769-S20260521151000,000660,SK하이닉스,오버나잇,FullAuto,2026-05-21 15:10:00,1950000,차단,매수 가능 수량 0 (투입금/리스크/예수금 확인),,"오버나잇: 등락 +9.2%, 범위 위치 97%",9.18,2.73,0.975,513.5,1.15,1,1946000,1941000,,,1954000,1938000
009150#1770-S20260521151000,009150,삼성전기,오버나잇,FullAuto,2026-05-21 15:10:00,1197000,진입,,,"오버나잇: 등락 +12.2%, 범위 위치 81%",12.18,1.55,0.807,245.0,0.98,1,,,,,,
005380#1771-S20260521151000,005380,현대차,오버나잇,FullAuto,2026-05-21 15:10:00,666000,진입,,,"오버나잇: 등락 +9.7%, 범위 위치 91%",9.72,3.36,0.908,404.4,0.62,1,,,,,,
012330#1772-S20260521151000,012330,현대모비스,오버나잇,FullAuto,2026-05-21 15:10:00,672000,진입,,,"오버나잇: 등락 +21.1%, 범위 위치 93%",21.08,5.58,0.930,438.8,0.83,1,,,,,,
402340#1773-S20260521151000,402340,SK스퀘어,오버나잇,FullAuto,2026-05-21 15:10:00,1175000,진입,,,"오버나잇: 등락 +11.4%, 범위 위치 97%",11.37,3.68,0.972,315.5,0.93,1,,,,,,
080220#1774-S20260521151000,080220,제주반도체,오버나잇,FullAuto,2026-05-21 15:10:00,118200,진입,,,"오버나잇: 등락 +24.7%, 범위 위치 83%",24.68,7.27,0.827,335.7,2.39,1,,,,,,
034020#1776-S20260521151000,034020,두산에너빌리티,오버나잇,FullAuto,2026-05-21 15:10:00,108700,진입,,,"오버나잇: 등락 +4.8%, 범위 위치 70%",4.82,0.32,0.704,520.1,1.04,1,,,,,,
036930#1775-S20260521151000,036930,주성엔지니어링,오버나잇,FullAuto,2026-05-21 15:10:00,187200,진입,,,"오버나잇: 등락 +4.9%, 범위 위치 79%",4.87,2.76,0.792,280.8,0.67,1,,,,,,
440110#1777-S20260522090515,440110,파두,ORB,FullAuto,2026-05-22 09:05:15,122400,진입,,,"ORB5 고가 122,300 돌파 (범위 5.1%, 등락 +4.9%)",4.88,2.08,1,127.8,1.44,1,,,,,,
050890#1780-S20260522090520,050890,쏠리드,ORB,FullAuto,2026-05-22 09:05:20,16990,진입,,,"ORB5 고가 16,930 돌파 (범위 3.0%, 등락 +7.9%) · A등급",7.94,1.99,1,260.8,2.91,1,,,,,,
079550#1785-S20260522090525,079550,LIG디펜스앤에어로스페이스,ORB,FullAuto,2026-05-22 09:05:25,911000,진입,,,"ORB5 고가 910,000 돌파 (범위 5.0%, 등락 +4.7%)",4.71,1.62,1,400,1.21,1,,,,,,
001820#1783-S20260522090715,001820,삼화콘덴서,ORB,FullAuto,2026-05-22 09:07:15,83300,진입,,,"ORB5 고가 83,000 돌파 (범위 3.9%, 등락 +6.1%) · A등급",6.11,2.20,1,162.6,2.87,1,,,,,,
068270#1779-S20260522091222,068270,셀트리온,ORB,FullAuto,2026-05-22 09:12:22,190600,진입,,,"ORB5 고가 190,545 돌파 (범위 3.5%, 등락 +5.3%) · A등급",5.30,1.04,1,204.6,4.58,1,,,,,,
000660#1791-S20260522151000,000660,SK하이닉스,오버나잇,FullAuto,2026-05-22 15:10:00,1941000,차단,매수 가능 수량 0 (투입금/리스크/예수금 확인),,"오버나잇: 등락 +2.0%, 범위 위치 66%",2.00,0.20,0.659,322.4,0.79,1,1936000,1935000,,,1941000,1933000
009150#1792-S20260522151000,009150,삼성전기,오버나잇,FullAuto,2026-05-22 15:10:00,1328000,진입,,,"오버나잇: 등락 +9.6%, 범위 위치 77%",9.57,2.48,0.770,187.6,0.88,1,,,,,,
402340#1794-S20260522151000,402340,SK스퀘어,오버나잇,FullAuto,2026-05-22 15:10:00,1181000,진입,,,"오버나잇: 등락 +2.5%, 범위 위치 66%",2.52,0.09,0.66,383.3,0.81,1,,,,,,
086520#1793-S20260522151000,086520,에코프로,오버나잇,FullAuto,2026-05-22 15:10:00,144400,진입,,,"오버나잇: 등락 +10.9%, 범위 위치 63%",10.91,-1.26,0.628,220.2,0.76,1,,,,,,
034020#1797-S20260522151000,034020,두산에너빌리티,오버나잇,FullAuto,2026-05-22 15:10:00,111300,진입,,,"오버나잇: 등락 +2.8%, 범위 위치 11%",2.77,-1.43,0.109,440.2,0.84,1,,,,,,
036540#1795-S20260522151000,036540,SFA반도체,오버나잇,FullAuto,2026-05-22 15:10:00,10290,진입,,,"오버나잇: 등락 +15.0%, 범위 위치 70%",14.97,-0.44,0.695,227.0,0.73,1,,,,,,
080220#1796-S20260522151000,080220,제주반도체,오버나잇,FullAuto,2026-05-22 15:10:00,122950,진입,,,"오버나잇: 등락 +4.4%, 범위 위치 26%",4.37,-2.96,0.263,190.3,0.72,2,,,,,,
079550#1798-S20260522151000,079550,LIG디펜스앤에어로스페이스,오버나잇,FullAuto,2026-05-22 15:10:00,926000,진입,,,"오버나잇: 등락 +6.4%, 범위 위치 82%",6.44,0.45,0.819,376.6,0.78,1,,,,,,
011790#1801-S20260526090520,011790,SKC,ORB,FullAuto,2026-05-26 09:05:20,154000,진입,,,"ORB5 고가 153,700 돌파 (범위 3.3%, 등락 +7.6%) · A등급",7.62,1.58,1,655.2,2.51,1,,,,,,
007660#1804-S20260526090530,007660,이수페타시스,ORB,FullAuto,2026-05-26 09:05:30,136500,진입,,,"ORB5 고가 136,300 돌파 (범위 3.3%, 등락 +8.0%) · A등급",7.99,1.50,1,270.0,1.29,1,,,,,,
027360#1806-S20260526091625,027360,아주IB투자,ORB,FullAuto,2026-05-26 09:16:25,17150,진입,,,"ORB5 고가 17,130 돌파 (범위 5.4%, 등락 +8.7%)",8.68,2.27,1,172.7,5.81,1,,,,,,
000660#1812-S20260526151000,000660,SK하이닉스,오버나잇,FullAuto,2026-05-26 15:10:00,2075000,차단,매수 가능 수량 0 (투입금/리스크/예수금 확인),,"오버나잇: 등락 +6.9%, 범위 위치 85%",6.90,0.70,0.852,354.0,1.13,1,2068000,2066000,,,2075000,2064000
009150#1813-S20260526151000,009150,삼성전기,오버나잇,FullAuto,2026-05-26 15:10:00,1580000,차단,매수 가능 수량 0 (투입금/리스크/예수금 확인),,"오버나잇: 등락 +18.7%, 범위 위치 82%",18.71,1.66,0.816,341.5,0.57,1,1578500,1572000,,,1581000,1570000
005380#1814-S20260526151000,005380,현대차,오버나잇,FullAuto,2026-05-26 15:10:00,688000,진입,,,"오버나잇: 등락 +5.0%, 범위 위치 78%",5.04,0.63,0.778,853.0,1.08,1,,,,,,
402340#1815-S20260526151000,402340,SK스퀘어,오버나잇,FullAuto,2026-05-26 15:10:00,1177000,진입,,,"오버나잇: 등락 +0.1%, 범위 위치 20%",0.09,-1.76,0.2,385.3,1.00,1,,,,,,
011070#1816-S20260526151000,011070,LG이노텍,오버나잇,FullAuto,2026-05-26 15:10:00,1064000,진입,,,"오버나잇: 등락 +23.3%, 범위 위치 72%",23.29,0.87,0.720,439.4,0.83,1,,,,,,
042660#1817-S20260526151000,042660,한화오션,오버나잇,FullAuto,2026-05-26 15:10:00,133500,진입,,,"오버나잇: 등락 +8.5%, 범위 위치 62%",8.54,-0.10,0.622,306.8,0.58,1,,,,,,
329180#1818-S20260526151000,329180,HD현대중공업,오버나잇,FullAuto,2026-05-26 15:10:00,742000,진입,,,"오버나잇: 등락 +9.4%, 범위 위치 72%",9.44,1.11,0.716,458.9,1.08,1,,,,,,
034020#1819-S20260526151000,034020,두산에너빌리티,오버나잇,FullAuto,2026-05-26 15:10:00,112700,진입,,,"오버나잇: 등락 +0.9%, 범위 위치 37%",0.90,-0.24,0.367,553.4,0.97,1,,,,,,
000660#1829-S20260527111222,000660,SK하이닉스,ORB,FullAuto,2026-05-27 11:12:22,2286000,시간외,진입 가능 시간 09:05~09:30 밖,,"ORB5 고가 2,285,000 돌파 (범위 2.9%, 등락 +9.4%)",9.38,1.60,1,225.5,3.26,1,2295000,2315000,2343000,2335000,2358000,2285500
000660#1832-S20260527151000,000660,SK하이닉스,오버나잇,FullAuto,2026-05-27 15:10:00,2259000,차단,매수 가능 수량 0 (투입금/리스크/예수금 확인),,"오버나잇: 등락 +8.1%, 범위 위치 37%",8.09,-0.86,0.373,227.3,0.91,1,2273000,2243000,,,2275000,2242000
009150#1833-S20260527151000,009150,삼성전기,오버나잇,FullAuto,2026-05-27 15:10:00,1645000,차단,매수 가능 수량 0 (투입금/리스크/예수금 확인),,"오버나잇: 등락 +1.6%, 범위 위치 39%",1.61,-1.38,0.394,223.5,0.93,1,1632000,1616000,,,1646000,1614000
402340#1834-S20260527151000,402340,SK스퀘어,오버나잇,FullAuto,2026-05-27 15:10:00,1277000,진입,,,"오버나잇: 등락 +8.3%, 범위 위치 35%",8.31,-1.65,0.348,256.6,1.14,1,,,,,,
012330#1835-S20260527151000,012330,현대모비스,오버나잇,FullAuto,2026-05-27 15:10:00,691000,진입,,,"오버나잇: 등락 +2.4%, 범위 위치 67%",2.37,0.68,0.672,362.3,0.69,1,,,,,,
307950#1837-S20260527151000,307950,현대오토에버,오버나잇,FullAuto,2026-05-27 15:10:00,729000,진입,,,"오버나잇: 등락 +13.2%, 범위 위치 92%",13.20,6.50,0.915,428.0,3.18,1,,,,,,
001740#1836-S20260527151000,001740,SK네트웍스,오버나잇,FullAuto,2026-05-27 15:10:00,11270,진입,,,"오버나잇: 등락 +3.2%, 범위 위치 1%",3.21,-11.26,0.007,168.7,0.99,1,,,,,,
010060#1838-S20260527151000,010060,OCI홀딩스,오버나잇,FullAuto,2026-05-27 15:10:00,389000,진입,,,"오버나잇: 등락 +8.8%, 범위 위치 64%",8.81,-0.01,0.638,247.2,0.67,1,,,,,,
064400#1839-S20260527151000,064400,LG씨엔에스,오버나잇,FullAuto,2026-05-27 15:10:00,91400,진입,,,"오버나잇: 등락 +10.3%, 범위 위치 80%",10.25,5.16,0.8,222.6,0.83,1,,,,,,
417010#1843-S20260528090527,417010,나노팀,ORB,FullAuto,2026-05-28 09:05:27,13420,진입,,,"ORB5 고가 13,400 돌파 (범위 5.9%, 등락 +6.8%)",6.85,2.94,1,243.5,2.74,1,,,,,,
006400#1849-S20260528093330,006400,삼성SDI,ORB,FullAuto,2026-05-28 09:33:30,677000,시간외,진입 가능 시간 09:05~09:30 밖,,"ORB5 고가 674,000 돌파 (범위 3.7%, 등락 +6.8%)",6.78,2.05,1,360.7,8.21,1,670000,676000,677000,686000,691000,663000
009150#1850-S20260528151000,009150,삼성전기,오버나잇,FullAuto,2026-05-28 15:10:00,1839000,차단,매수 가능 수량 0 (투입금/리스크/예수금 확인),,"오버나잇: 등락 +9.3%, 범위 위치 87%",9.33,6.38,0.874,232.1,0.85,1,1851000,1852000,,,1858000,1836000
006400#1851-S20260528151000,006400,삼성SDI,오버나잇,FullAuto,2026-05-28 15:10:00,671000,진입,,,"오버나잇: 등락 +5.8%, 범위 위치 58%",5.84,0.30,0.583,685.7,0.87,1,,,,,,
011070#1852-S20260528151000,011070,LG이노텍,오버나잇,FullAuto,2026-05-28 15:10:00,1119000,진입,,,"오버나잇: 등락 +2.1%, 범위 위치 68%",2.10,1.27,0.679,223.6,0.74,1,,,,,,
373220#1853-S20260528151000,373220,LG에너지솔루션,오버나잇,FullAuto,2026-05-28 15:10:00,437500,진입,,,"오버나잇: 등락 +12.9%, 범위 위치 72%",12.90,1.45,0.721,286.5,0.92,1,,,,,,
001820#1854-S20260528151000,001820,삼화콘덴서,오버나잇,FullAuto,2026-05-28 15:10:00,153200,진입,,,"오버나잇: 등락 +21.7%, 범위 위치 85%",21.68,4.39,0.853,155.2,0.39,1,,,,,,
001740#1855-S20260528151000,001740,SK네트웍스,오버나잇,FullAuto,2026-05-28 15:10:00,12010,진입,,,"오버나잇: 등락 +5.5%, 범위 위치 50%",5.54,-1.31,0.5,235.7,0.71,1,,,,,,
066970#1857-S20260528151000,066970,엘앤에프,오버나잇,FullAuto,2026-05-28 15:10:00,167800,진입,,,"오버나잇: 등락 +11.8%, 범위 위치 45%",11.79,-0.81,0.446,198.1,1.05,1,,,,,,
347850#1856-S20260528151000,347850,디앤디파마텍,오버나잇,FullAuto,2026-05-28 15:10:00,108300,진입,,,"오버나잇: 등락 +9.6%, 범위 위치 48%",9.62,-0.78,0.484,203.7,0.39,1,,,,,,
012330#1861-S20260529090527,012330,현대모비스,ORB,FullAuto,2026-05-29 09:05:27,726000,진입,,,"ORB5 고가 725,000 돌파 (범위 2.7%, 등락 +7.1%) · A등급",7.08,1.45,1,218.3,2.78,1,,,,,,
034220#1865-S20260529090730,034220,LG디스플레이,ORB,FullAuto,2026-05-29 09:07:30,15280,진입,,,"ORB5 고가 15,250 돌파 (범위 3.7%, 등락 +6.0%) · A등급",5.96,2.09,1,285.8,1.37,1,,,,,,
003550#1860-S20260529091130,003550,LG,ORB,FullAuto,2026-05-29 09:11:30,126000,진입,,,"ORB5 고가 125,600 돌파 (범위 3.8%, 등락 +6.9%) · A등급",6.87,1.74,1,181.2,2.39,1,,,,,,
005380#1859-S20260529091422,005380,현대차,ORB,FullAuto,2026-05-29 09:14:22,721000,진입,,,"ORB5 고가 720,000 돌파 (범위 2.7%, 등락 +6.7%) · A등급",6.66,0.81,1,363.7,3.64,1,,,,,,
011070#1864-S20260529093225,011070,LG이노텍,ORB,FullAuto,2026-05-29 09:32:25,1198000,시간외,진입 가능 시간 09:05~09:30 밖,,"ORB5 고가 1,197,000 돌파 (범위 3.9%, 등락 +5.6%)",5.64,1.69,1,183.5,2.32,1,1216000,1265000,1211000,1271000,1284000,1195000
000660#1870-S20260529151000,000660,SK하이닉스,오버나잇,FullAuto,2026-05-29 15:10:00,2319000,차단,매수 가능 수량 0 (투입금/리스크/예수금 확인),,"오버나잇: 등락 +2.9%, 범위 위치 32%",2.93,-0.58,0.322,527.9,0.67,1,2325000,2310000,,,2326000,2307000
009150#1871-S20260529151000,009150,삼성전기,오버나잇,FullAuto,2026-05-29 15:10:00,2113000,차단,매수 가능 수량 0 (투입금/리스크/예수금 확인),,"오버나잇: 등락 +14.3%, 범위 위치 72%",14.28,1.88,0.718,228.1,0.91,1,2113000,2127000,,,2132000,2108000
005380#1872-S20260529151000,005380,현대차,오버나잇,FullAuto,2026-05-29 15:10:00,728000,진입,,,"오버나잇: 등락 +7.7%, 범위 위치 71%",7.69,1.14,0.711,391.2,0.89,1,,,,,,
012330#1873-S20260529151000,012330,현대모비스,오버나잇,FullAuto,2026-05-29 15:10:00,772000,진입,,,"오버나잇: 등락 +13.9%, 범위 위치 74%",13.86,2.45,0.742,286.1,1.33,1,,,,,,
006400#1875-S20260529151000,006400,삼성SDI,오버나잇,FullAuto,2026-05-29 15:10:00,685000,진입,,,"오버나잇: 등락 +1.8%, 범위 위치 56%",1.78,0.09,0.56,544.1,0.64,1,,,,,,
402340#1876-S20260529151000,402340,SK스퀘어,오버나잇,FullAuto,2026-05-29 15:10:00,1245000,진입,,,"오버나잇: 등락 +2.1%, 범위 위치 47%",2.13,0.04,0.475,371.6,1.14,1,,,,,,
307950#1874-S20260529151000,307950,현대오토에버,오버나잇,FullAuto,2026-05-29 15:10:00,924000,진입,,,"오버나잇: 등락 +27.8%, 범위 위치 82%",27.80,6.63,0.817,234.4,0.59,1,,,,,,
003550#1877-S20260529151000,003550,LG,오버나잇,FullAuto,2026-05-29 15:10:00,149000,진입,,,"오버나잇: 등락 +26.4%, 범위 위치 98%",26.38,9.73,0.976,319.7,0.69,1,,,,,,
032640#1886-S20260601090925,032640,LG유플러스,ORB,FullAuto,2026-06-01 09:09:25,18530,진입,,,"ORB5 고가 18,520 돌파 (범위 4.9%, 등락 +5.3%)",5.28,1.96,1,228.2,1.71,1,,,,,,
034220#1880-S20260601091122,034220,LG디스플레이,ORB,FullAuto,2026-06-01 09:11:22,17670,진입,,,"ORB5 고가 17,600 돌파 (범위 5.5%, 등락 +9.8%)",9.82,2.64,1,178.3,3.39,1,,,,,,
005930#1896-S20260601151000,005930,삼성전자,오버나잇,FullAuto,2026-06-01 15:10:00,353500,진입,,,"오버나잇: 등락 +11.0%, 범위 위치 97%",10.99,3.78,0.971,895.4,0.68,1,,,,,,
000660#1897-S20260601151000,000660,SK하이닉스,오버나잇,FullAuto,2026-06-01 15:10:00,2374000,차단,매수 가능 수량 0 (투입금/리스크/예수금 확인),,"오버나잇: 등락 +1.0%, 범위 위치 76%",1.02,0.90,0.765,463.9,1.33,1,2376000,2377000,,,2380000,2372000
011070#1898-S20260601151000,011070,LG이노텍,오버나잇,FullAuto,2026-06-01 15:10:00,1527000,진입,,,"오버나잇: 등락 +3.6%, 범위 위치 11%",3.60,-6.36,0.114,157.7,0.97,1,,,,,,
005380#1899-S20260601151000,005380,현대차,오버나잇,FullAuto,2026-06-01 15:10:00,755000,진입,,,"오버나잇: 등락 +3.0%, 범위 위치 50%",3.00,-0.18,0.5,318.4,1.10,1,,,,,,
018260#1900-S20260601151000,018260,삼성에스디에스,오버나잇,FullAuto,2026-06-01 15:10:00,354750,진입,,,"오버나잇: 등락 +15.6%, 범위 위치 55%",15.55,-2.16,0.547,166.1,0.71,2,,,,,,
003550#1901-S20260601151000,003550,LG,오버나잇,FullAuto,2026-06-01 15:10:00,168300,진입,,,"오버나잇: 등락 +15.9%, 범위 위치 38%",15.91,-4.28,0.376,161.6,0.66,1,,,,,,
307950#1903-S20260601151000,307950,현대오토에버,오버나잇,FullAuto,2026-06-01 15:10:00,950000,진입,,,"오버나잇: 등락 +3.7%, 범위 위치 28%",3.71,-3.31,0.280,223.2,0.51,1,,,,,,
064400#1902-S20260601151000,064400,LG씨엔에스,오버나잇,FullAuto,2026-06-01 15:10:00,142500,진입,,,"오버나잇: 등락 +25.2%, 범위 위치 59%",25.22,-0.30,0.591,193.1,1.06,1,,,,,,
005930#1917-S20260602151000,005930,삼성전자,오버나잇,FullAuto,2026-06-02 15:10:00,359500,진입,,,"오버나잇: 등락 +1.3%, 범위 위치 63%",1.27,0.78,0.625,243.2,0.70,1,,,,,,
066570#1918-S20260602151000,066570,LG전자,오버나잇,FullAuto,2026-06-02 15:10:00,390500,진입,,,"오버나잇: 등락 +2.6%, 범위 위치 48%",2.63,4.90,0.484,180.5,0.59,1,,,,,,
402340#1919-S20260602151000,402340,SK스퀘어,오버나잇,FullAuto,2026-06-02 15:10:00,1328000,진입,,,"오버나잇: 등락 +5.8%, 범위 위치 71%",5.82,3.72,0.712,315.3,0.46,1,,,,,,
454910#1920-S20260602151000,454910,두산로보틱스,오버나잇,FullAuto,2026-06-02 15:10:00,163200,진입,,,"오버나잇: 등락 +17.9%, 범위 위치 78%",17.92,3.44,0.785,219.2,0.94,1,,,,,,
034220#1921-S20260602151000,034220,LG디스플레이,오버나잇,FullAuto,2026-06-02 15:10:00,16510,진입,,,"오버나잇: 등락 +4.5%, 범위 위치 50%",4.49,-1.94,0.504,181.1,0.70,1,,,,,,
036930#1922-S20260602151000,036930,주성엔지니어링,오버나잇,FullAuto,2026-06-02 15:10:00,195900,진입,,,"오버나잇: 등락 +5.6%, 범위 위치 62%",5.61,0.51,0.624,214.6,1.53,1,,,,,,
043260#1923-S20260602151000,043260,성호전자,오버나잇,FullAuto,2026-06-02 15:10:00,47900,진입,,,"오버나잇: 등락 +21.4%, 범위 위치 83%",21.42,5.18,0.828,233.1,1.24,1,,,,,,
028260#1924-S20260602151000,028260,삼성물산,오버나잇,FullAuto,2026-06-02 15:10:00,482000,진입,,,"오버나잇: 등락 +4.9%, 범위 위치 90%",4.90,4.50,0.901,286.6,0.98,1,,,,,,
403870#1928-S20260604090727,403870,HPSP,ORB,FullAuto,2026-06-04 09:07:27,46200,진입,,,"ORB5 고가 46,150 돌파 (범위 5.5%, 등락 +4.6%)",4.64,2.15,1,173.6,1.31,1,,,,,,
402340#1935-S20260604151000,402340,SK스퀘어,오버나잇,FullAuto,2026-06-04 15:10:00,1369000,진입,,,"오버나잇: 등락 +3.8%, 범위 위치 77%",3.79,1.03,0.768,426.8,1.66,1,,,,,,
012330#1936-S20260604151000,012330,현대모비스,오버나잇,FullAuto,2026-06-04 15:10:00,753000,진입,,,"오버나잇: 등락 +0.5%, 범위 위치 62%",0.53,1.06,0.615,305.4,0.60,1,,,,,,
011790#1937-S20260604151000,011790,SKC,오버나잇,FullAuto,2026-06-04 15:10:00,155800,진입,,,"오버나잇: 등락 +10.9%, 범위 위치 58%",10.89,0.14,0.581,166.5,1.68,1,,,,,,
105560#1938-S20260604151000,105560,KB금융,오버나잇,FullAuto,2026-06-04 15:10:00,163900,진입,,,"오버나잇: 등락 +4.9%, 범위 위치 82%",4.86,1.41,0.823,423.0,1.52,1,,,,,,
001740#1939-S20260604151000,001740,SK네트웍스,오버나잇,FullAuto,2026-06-04 15:10:00,13190,진입,,,"오버나잇: 등락 +2.7%, 범위 위치 83%",2.73,3.71,0.828,132.7,1.05,1,,,,,,
000810#1940-S20260604151000,000810,삼성화재,오버나잇,FullAuto,2026-06-04 15:10:00,722000,진입,,,"오버나잇: 등락 +12.8%, 범위 위치 69%",12.81,0.33,0.693,482.8,0.39,1,,,,,,
489790#1942-S20260604151000,489790,한화비전,오버나잇,FullAuto,2026-06-04 15:10:00,79400,진입,,,"오버나잇: 등락 +18.5%, 범위 위치 84%",18.51,2.99,0.841,205.8,0.55,1,,,,,,
080220#1941-S20260604151000,080220,제주반도체,오버나잇,FullAuto,2026-06-04 15:10:00,108300,진입,,,"오버나잇: 등락 +7.2%, 범위 위치 59%",7.23,1.13,0.591,279.1,1.51,1,,,,,,
105560#1943-S20260605090927,105560,KB금융,ORB,FullAuto,2026-06-05 09:09:27,172400,진입,,,"ORB5 고가 172,200 돌파 (범위 3.0%, 등락 +5.2%) · A등급",5.19,1.23,1,147.3,1.76,1,,,,,,
055550#1945-S20260605091027,055550,신한지주,ORB,FullAuto,2026-06-05 09:10:27,106700,진입,,,"ORB5 고가 106,500 돌파 (범위 3.9%, 등락 +6.6%) · A등급",6.59,1.78,1,308.7,1.72,1,,,,,,
017670#1959-S20260608151000,017670,SK텔레콤,오버나잇,FullAuto,2026-06-08 15:10:00,105600,진입,,,"오버나잇: 등락 +0.3%, 범위 위치 20%",0.28,-4.77,0.205,198.5,3.17,1,,,,,,
080220#1960-S20260608151000,080220,제주반도체,오버나잇,FullAuto,2026-06-08 15:10:00,94900,진입,,,"오버나잇: 등락 +1.5%, 범위 위치 65%",1.50,-0.85,0.645,198.1,2.12,1,,,,,,
003220#1962-S20260608151000,003220,대원제약,오버나잇,FullAuto,2026-06-08 15:10:00,12200,진입,,,"오버나잇: 등락 +8.5%, 범위 위치 33%",8.54,-4.85,0.335,127.4,0.99,1,,,,,,
388790#1961-S20260608151000,388790,라이콤,오버나잇,FullAuto,2026-06-08 15:10:00,7250,진입,,,"오버나잇: 등락 +22.7%, 범위 위치 89%",22.67,6.91,0.886,132.5,2.02,1,,,,,,
032640#1965-S20260608151000,032640,LG유플러스,오버나잇,FullAuto,2026-06-08 15:10:00,15630,진입,,,"오버나잇: 등락 +3.2%, 범위 위치 65%",3.17,0.67,0.650,332.6,1.52,1,,,,,,
242040#1963-S20260608151000,242040,나무AX,오버나잇,FullAuto,2026-06-08 15:10:00,8570,진입,,,"오버나잇: 등락 +0.0%, 범위 위치 58%",0,-1.51,0.582,72.9,4.49,1,,,,,,
006220#1964-S20260608151000,006220,제주은행,오버나잇,FullAuto,2026-06-08 15:10:00,10620,진입,,,"오버나잇: 등락 -+0.6%, 범위 위치 0%",-0.56,-9.14,0,172.8,3.03,1,,,,,,
069960#1966-S20260608151000,069960,현대백화점,오버나잇,FullAuto,2026-06-08 15:10:00,148100,진입,,,"오버나잇: 등락 +2.6%, 범위 위치 79%",2.63,0.10,0.788,193.2,0.88,1,,,,,,
010690#1967-S20260608151132,010690,화신,오버나잇,FullAuto,2026-06-08 15:11:32,11930,진입,,,"오버나잇: 등락 +27.5%, 범위 위치 100%",27.46,9.93,1,217.4,4.01,1,,,,,,
000660#1981-S20260609151000,000660,SK하이닉스,오버나잇,FullAuto,2026-06-09 15:10:00,2196000,차단,매수 가능 수량 0 (투입금/리스크/예수금 확인),,"오버나잇: 등락 +11.0%, 범위 위치 87%",11.02,4.50,0.868,176.4,0.77,1,2212000,2219000,,,2220000,2194000
009150#1982-S20260609151000,009150,삼성전기,오버나잇,FullAuto,2026-06-09 15:10:00,1958000,차단,매수 가능 수량 0 (투입금/리스크/예수금 확인),,"오버나잇: 등락 +16.1%, 범위 위치 96%",16.13,5.71,0.956,274.9,1.30,1,1964000,1971000,,,1972000,1955000
011070#1983-S20260609151000,011070,LG이노텍,오버나잇,FullAuto,2026-06-09 15:10:00,1127000,진입,,,"오버나잇: 등락 +0.7%, 범위 위치 77%",0.71,3.24,0.770,191.3,1.89,1,,,,,,
402340#1984-S20260609151000,402340,SK스퀘어,오버나잇,FullAuto,2026-06-09 15:10:00,1271000,진입,,,"오버나잇: 등락 +12.4%, 범위 위치 99%",12.38,5.40,0.992,272.9,0.84,1,,,,,,
017670#1985-S20260609151000,017670,SK텔레콤,오버나잇,FullAuto,2026-06-09 15:10:00,108900,진입,,,"오버나잇: 등락 +1.8%, 범위 위치 43%",1.78,0.11,0.431,1162.8,1.24,1,,,,,,
034020#1986-S20260609151000,034020,두산에너빌리티,오버나잇,FullAuto,2026-06-09 15:10:00,92200,진입,,,"오버나잇: 등락 +6.7%, 범위 위치 80%",6.71,1.96,0.804,398.4,0.85,1,,,,,,
000270#1987-S20260609151000,000270,기아,오버나잇,FullAuto,2026-06-09 15:10:00,165000,진입,,,"오버나잇: 등락 +8.6%, 범위 위치 82%",8.62,1.28,0.820,306.4,1.00,1,,,,,,
036930#1988-S20260609151000,036930,주성엔지니어링,오버나잇,FullAuto,2026-06-09 15:10:00,191300,진입,,,"오버나잇: 등락 +4.6%, 범위 위치 33%",4.65,-2.04,0.333,115.1,1.60,1,,,,,,
036930#1989-S20260610151000,036930,주성엔지니어링,오버나잇,FullAuto,2026-06-10 15:10:00,197200,진입,,,"오버나잇: 등락 +2.9%, 범위 위치 23%",2.87,-6.62,0.23,217.3,0.87,1,,,,,,
093370#1990-S20260610151000,093370,후성,오버나잇,FullAuto,2026-06-10 15:10:00,15940,진입,,,"오버나잇: 등락 +17.9%, 범위 위치 74%",17.90,1.65,0.745,185.5,1.05,1,,,,,,
042660#1994-S20260610151000,042660,한화오션,오버나잇,FullAuto,2026-06-10 15:10:00,108600,진입,,,"오버나잇: 등락 +4.3%, 범위 위치 76%",4.32,1.34,0.759,601.1,1.25,1,,,,,,
319660#1991-S20260610151000,319660,피에스케이,오버나잇,FullAuto,2026-06-10 15:10:00,145900,진입,,,"오버나잇: 등락 +4.7%, 범위 위치 36%",4.74,-4.64,0.364,161.6,0.90,1,,,,,,
267260#1992-S20260610151000,267260,HD현대일렉트릭,오버나잇,FullAuto,2026-06-10 15:10:00,973000,진입,,,"오버나잇: 등락 +0.8%, 범위 위치 46%",0.83,-1.32,0.464,362.9,2.30,1,,,,,,
079550#1993-S20260610151000,079550,LIG디펜스앤에어로스페이스,오버나잇,FullAuto,2026-06-10 15:10:00,787000,진입,,,"오버나잇: 등락 +7.4%, 범위 위치 88%",7.37,1.69,0.884,711.2,1.08,1,,,,,,
006220#1995-S20260610151000,006220,제주은행,오버나잇,FullAuto,2026-06-10 15:10:00,12800,진입,,,"오버나잇: 등락 +15.0%, 범위 위치 59%",15.00,-1.12,0.595,147.9,0.61,1,,,,,,
000720#1996-S20260610151000,000720,현대건설,오버나잇,FullAuto,2026-06-10 15:10:00,128700,진입,,,"오버나잇: 등락 +2.1%, 범위 위치 71%",2.06,0.09,0.705,381.0,1.07,1,,,,,,
000660#2003-S20260611151000,000660,SK하이닉스,오버나잇,FullAuto,2026-06-11 15:10:00,2079000,차단,매수 가능 수량 0 (투입금/리스크/예수금 확인),,"오버나잇: 등락 +3.2%, 범위 위치 59%",3.18,0.27,0.586,178.6,0.92,1,2101000,2102000,,,2105000,2075000
009150#2004-S20260611151000,009150,삼성전기,오버나잇,FullAuto,2026-06-11 15:10:00,1775000,차단,매수 가능 수량 0 (투입금/리스크/예수금 확인),,"오버나잇: 등락 +1.5%, 범위 위치 55%",1.54,0.29,0.549,241.6,1.38,1,1784000,1783000,,,1788000,1775000
402340#2005-S20260611151000,402340,SK스퀘어,오버나잇,FullAuto,2026-06-11 15:10:00,1214000,진입,,,"오버나잇: 등락 +5.0%, 범위 위치 87%",5.02,2.60,0.874,290.1,1.24,1,,,,,,
011070#2006-S20260611151000,011070,LG이노텍,오버나잇,FullAuto,2026-06-11 15:10:00,1059000,진입,,,"오버나잇: 등락 +1.6%, 범위 위치 56%",1.63,0.79,0.562,310.6,0.79,1,,,,,,
240810#2009-S20260611151000,240810,원익IPS,오버나잇,FullAuto,2026-06-11 15:10:00,136500,진입,,,"오버나잇: 등락 +17.0%, 범위 위치 76%",16.97,1.80,0.761,222.4,1.08,1,,,,,,
222800#2007-S20260611151000,222800,심텍,오버나잇,FullAuto,2026-06-11 15:10:00,131100,진입,,,"오버나잇: 등락 +20.1%, 범위 위치 77%",20.05,1.85,0.770,195.1,1.32,1,,,,,,
100790#2008-S20260611151000,100790,미래에셋벤처투자,오버나잇,FullAuto,2026-06-11 15:10:00,42550,진입,,,"오버나잇: 등락 +7.9%, 범위 위치 79%",7.86,5.97,0.793,184.5,1.21,1,,,,,,
007660#2010-S20260611151000,007660,이수페타시스,오버나잇,FullAuto,2026-06-11 15:10:00,123200,진입,,,"오버나잇: 등락 +12.4%, 범위 위치 93%",12.41,3.27,0.926,279.5,1.06,1,,,,,,
440110#2013-S20260612091122,440110,파두,ORB,FullAuto,2026-06-12 09:11:22,106600,진입,,,"ORB5 고가 106,500 돌파 (범위 3.4%, 등락 +7.4%) · A등급",7.35,1.47,1,183.2,2.65,1,,,,,,
000660#2021-S20260612151000,000660,SK하이닉스,오버나잇,FullAuto,2026-06-12 15:10:00,2190000,차단,매수 가능 수량 0 (투입금/리스크/예수금 확인),,"오버나잇: 등락 +2.4%, 범위 위치 19%",2.43,-3.15,0.186,166.0,0.86,1,2198000,2180000,,,2200000,2180000
042700#2022-S20260612151000,042700,한미반도체,오버나잇,FullAuto,2026-06-12 15:10:00,360500,진입,,,"오버나잇: 등락 +21.2%, 범위 위치 84%",21.18,5.87,0.839,248.5,0.75,1,,,,,,
402340#2023-S20260612151000,402340,SK스퀘어,오버나잇,FullAuto,2026-06-12 15:10:00,1349000,진입,,,"오버나잇: 등락 +9.1%, 범위 위치 32%",9.14,-2.09,0.318,283.5,0.97,1,,,,,,
058470#2025-S20260612151000,058470,리노공업,오버나잇,FullAuto,2026-06-12 15:10:00,104200,진입,,,"오버나잇: 등락 +2.9%, 범위 위치 49%",2.86,-1.44,0.490,191.6,0.99,1,,,,,,
267260#2024-S20260612151000,267260,HD현대일렉트릭,오버나잇,FullAuto,2026-06-12 15:10:00,1103000,진입,,,"오버나잇: 등락 +7.1%, 범위 위치 47%",7.09,-1.66,0.466,317.4,0.86,1,,,,,,
000990#2026-S20260612151000,000990,DB하이텍,오버나잇,FullAuto,2026-06-12 15:10:00,172800,진입,,,"오버나잇: 등락 +8.6%, 범위 위치 68%",8.61,1.62,0.679,211.1,0.74,1,,,,,,
353200#2027-S20260612151000,353200,대덕전자,오버나잇,FullAuto,2026-06-12 15:10:00,167900,진입,,,"오버나잇: 등락 +7.1%, 범위 위치 61%",7.08,0.32,0.610,151.6,1.58,1,,,,,,
010170#2028-S20260612151000,010170,대한광통신,오버나잇,FullAuto,2026-06-12 15:10:00,19010,진입,,,"오버나잇: 등락 +11.4%, 범위 위치 49%",11.36,-0.55,0.495,269.1,0.58,1,,,,,,
093370#2029-S20260615090520,093370,후성,ORB,FullAuto,2026-06-15 09:05:20,20100,진입,,,"ORB5 고가 19,990 돌파 (범위 5.5%, 등락 +5.7%)",5.73,2.66,1,144.7,1.81,1,,,,,,
009150#2031-S20260615090527,009150,삼성전기,ORB,FullAuto,2026-06-15 09:05:27,1915000,진입,,,"ORB5 고가 1,912,000 돌파 (범위 4.2%, 등락 +9.6%)",9.62,1.61,1,235.5,1.63,1,,,,,,
064400#2034-S20260615090630,064400,LG씨엔에스,ORB,FullAuto,2026-06-15 09:06:30,99600,진입,,,"ORB5 고가 99,300 돌파 (범위 2.8%, 등락 +7.3%) · A등급",7.33,1.53,1,299.9,1.45,1,,,,,,
000660#2040-S20260615151000,000660,SK하이닉스,오버나잇,FullAuto,2026-06-15 15:10:00,2296000,차단,매수 가능 수량 0 (투입금/리스크/예수금 확인),,"오버나잇: 등락 +6.2%, 범위 위치 54%",6.20,0.00,0.544,313.6,1.45,1,2296000,2286000,,,2299000,2282000
005930#2041-S20260615151000,005930,삼성전자,오버나잇,FullAuto,2026-06-15 15:10:00,338000,진입,,,"오버나잇: 등락 +4.2%, 범위 위치 38%",4.16,-0.02,0.381,1506.7,0.74,1,,,,,,
009150#2042-S20260615151000,009150,삼성전기,오버나잇,FullAuto,2026-06-15 15:10:00,1977000,차단,매수 가능 수량 0 (투입금/리스크/예수금 확인),,"오버나잇: 등락 +13.2%, 범위 위치 95%",13.17,2.22,0.947,289.1,0.80,1,1980000,1993000,,,1993000,1973000
403870#2043-S20260615151000,403870,HPSP,오버나잇,FullAuto,2026-06-15 15:10:00,84500,진입,,,"오버나잇: 등락 +18.2%, 범위 위치 69%",18.18,3.55,0.694,227.0,0.81,1,,,,,,
402340#2044-S20260615151000,402340,SK스퀘어,오버나잇,FullAuto,2026-06-15 15:10:00,1401000,진입,,,"오버나잇: 등락 +4.8%, 범위 위치 52%",4.79,0.44,0.517,300.0,0.76,1,,,,,,
011070#2045-S20260615151000,011070,LG이노텍,오버나잇,FullAuto,2026-06-15 15:10:00,1207000,진입,,,"오버나잇: 등락 +15.5%, 범위 위치 86%",15.50,2.62,0.863,237.9,1.77,1,,,,,,
042700#2046-S20260615151000,042700,한미반도체,오버나잇,FullAuto,2026-06-15 15:10:00,346000,진입,,,"오버나잇: 등락 +1.5%, 범위 위치 12%",1.47,-2.20,0.118,420.7,1.20,1,,,,,,
204320#2047-S20260615151000,204320,HL만도,오버나잇,FullAuto,2026-06-15 15:10:00,70000,진입,,,"오버나잇: 등락 +7.7%, 범위 위치 59%",7.69,-1.14,0.588,246.9,1.48,1,,,,,,
105560#2049-S20260616090720,105560,KB금융,ORB,FullAuto,2026-06-16 09:07:20,178100,진입,,,"ORB5 고가 177,800 돌파 (범위 5.0%, 등락 +4.9%)",4.89,1.67,1,253.9,2.14,1,,,,,,
000660#2056-S20260616151000,000660,SK하이닉스,오버나잇,FullAuto,2026-06-16 15:10:00,2375000,차단,매수 가능 수량 0 (투입금/리스크/예수금 확인),,"오버나잇: 등락 +2.4%, 범위 위치 78%",2.37,0.77,0.781,508.0,0.69,1,2378000,2376000,,,2380000,2372000
009150#2057-S20260616151000,009150,삼성전기,오버나잇,FullAuto,2026-06-16 15:10:00,2035000,차단,매수 가능 수량 0 (투입금/리스크/예수금 확인),,"오버나잇: 등락 +1.5%, 범위 위치 64%",1.55,0.33,0.644,318.3,1.12,1,2037000,2042000,,,2046000,2035000
402340#2059-S20260616151000,402340,SK스퀘어,오버나잇,FullAuto,2026-06-16 15:10:00,1499000,진입,,,"오버나잇: 등락 +5.3%, 범위 위치 99%",5.27,2.85,0.992,335.7,1.10,1,,,,,,
079550#2058-S20260616151000,079550,LIG디펜스앤에어로스페이스,오버나잇,FullAuto,2026-06-16 15:10:00,1010000,진입,,,"오버나잇: 등락 +18.7%, 범위 위치 46%",18.68,-1.66,0.457,232.4,0.59,1,,,,,,
034020#2061-S20260616151000,034020,두산에너빌리티,오버나잇,FullAuto,2026-06-16 15:10:00,103600,진입,,,"오버나잇: 등락 +1.7%, 범위 위치 46%",1.67,-0.06,0.462,636.4,0.73,1,,,,,,
012450#2060-S20260616151000,012450,한화에어로스페이스,오버나잇,FullAuto,2026-06-16 15:10:00,1181000,진입,,,"오버나잇: 등락 +6.8%, 범위 위치 64%",6.78,0.41,0.636,269.8,0.90,1,,,,,,
042660#2063-S20260616151000,042660,한화오션,오버나잇,FullAuto,2026-06-16 15:10:00,128750,진입,,,"오버나잇: 등락 +4.3%, 범위 위치 78%",4.25,0.51,0.783,523.5,0.60,2,,,,,,
000720#2062-S20260616151000,000720,현대건설,오버나잇,FullAuto,2026-06-16 15:10:00,147900,진입,,,"오버나잇: 등락 +1.0%, 범위 위치 49%",0.96,-1.03,0.490,669.7,0.70,1,,,,,,
000660#2074-S20260617151000,000660,SK하이닉스,오버나잇,FullAuto,2026-06-17 15:10:00,2514000,차단,매수 가능 수량 0 (투입금/리스크/예수금 확인),,"오버나잇: 등락 +4.0%, 범위 위치 98%",3.97,3.14,0.984,310.4,1.02,1,2509000,2522000,,,2523000,2508000
005930#2075-S20260617151000,005930,삼성전자,오버나잇,FullAuto,2026-06-17 15:10:00,344500,진입,,,"오버나잇: 등락 +0.4%, 범위 위치 79%",0.44,1.84,0.788,343.2,1.07,1,,,,,,
402340#2076-S20260617151000,402340,SK스퀘어,오버나잇,FullAuto,2026-06-17 15:10:00,1590000,차단,매수 가능 수량 0 (투입금/리스크/예수금 확인),,"오버나잇: 등락 +2.3%, 범위 위치 77%",2.32,0.39,0.773,300.1,0.85,1,1596000,1596000,,,1599000,1586000
042660#2077-S20260617151000,042660,한화오션,오버나잇,FullAuto,2026-06-17 15:10:00,133000,진입,,,"오버나잇: 등락 +3.4%, 범위 위치 30%",3.42,-2.95,0.299,304.7,1.26,1,,,,,,
080220#2078-S20260617151000,080220,제주반도체,오버나잇,FullAuto,2026-06-17 15:10:00,112200,진입,,,"오버나잇: 등락 +10.9%, 범위 위치 78%",10.87,2.13,0.784,200.0,0.38,1,,,,,,
012450#2081-S20260617151000,012450,한화에어로스페이스,오버나잇,FullAuto,2026-06-17 15:10:00,1231000,진입,,,"오버나잇: 등락 +3.6%, 범위 위치 50%",3.62,-0.53,0.5,497.8,0.50,1,,,,,,
347850#2080-S20260617151000,347850,디앤디파마텍,오버나잇,FullAuto,2026-06-17 15:10:00,107800,진입,,,"오버나잇: 등락 +17.7%, 범위 위치 64%",17.69,0.81,0.642,212.4,1.19,1,,,,,,
006340#2079-S20260617151000,006340,대원전선,오버나잇,FullAuto,2026-06-17 15:10:00,12470,진입,,,"오버나잇: 등락 +11.8%, 범위 위치 59%",11.84,-2.24,0.586,202.0,1.03,1,,,,,,
000660#2093-S20260618151000,000660,SK하이닉스,오버나잇,FullAuto,2026-06-18 15:10:00,2720000,차단,매수 가능 수량 0 (투입금/리스크/예수금 확인),,"오버나잇: 등락 +8.7%, 범위 위치 90%",8.71,2.73,0.901,242.0,0.88,1,2717000,2699000,,,2723000,2695000
005930#2094-S20260618151000,005930,삼성전자,오버나잇,FullAuto,2026-06-18 15:10:00,359000,진입,,,"오버나잇: 등락 +4.7%, 범위 위치 100%",4.66,2.06,1,510.6,0.81,1,,,,,,
009150#2095-S20260618151000,009150,삼성전기,오버나잇,FullAuto,2026-06-18 15:10:00,2197000,차단,매수 가능 수량 0 (투입금/리스크/예수금 확인),,"오버나잇: 등락 +8.7%, 범위 위치 70%",8.65,0.66,0.704,228.5,1.44,1,2208000,2207000,,,2213000,2196000
402340#2096-S20260618151000,402340,SK스퀘어,오버나잇,FullAuto,2026-06-18 15:10:00,1729000,차단,매수 가능 수량 0 (투입금/리스크/예수금 확인),,"오버나잇: 등락 +8.3%, 범위 위치 96%",8.33,3.60,0.964,329.5,0.68,1,1730000,1727000,,,1738000,1725000
011070#2097-S20260618151000,011070,LG이노텍,오버나잇,FullAuto,2026-06-18 15:10:00,1282000,진입,,,"오버나잇: 등락 +3.6%, 범위 위치 68%",3.55,1.04,0.683,225.8,0.63,1,,,,,,
080220#2098-S20260618151000,080220,제주반도체,오버나잇,FullAuto,2026-06-18 15:10:00,117400,진입,,,"오버나잇: 등락 +5.3%, 범위 위치 65%",5.29,0.89,0.653,209.5,1.42,1,,,,,,
032830#2099-S20260618151000,032830,삼성생명,오버나잇,FullAuto,2026-06-18 15:10:00,467500,진입,,,"오버나잇: 등락 +5.5%, 범위 위치 89%",5.53,1.45,0.891,339.5,0.66,1,,,,,,
004310#2100-S20260618151000,004310,현대약품,오버나잇,FullAuto,2026-06-18 15:10:00,8690,진입,,,"오버나잇: 등락 +7.2%, 범위 위치 37%",7.15,-4.60,0.369,183.7,1.47,1,,,,,,
009150#2102-S20260619090622,009150,삼성전기,ORB,FullAuto,2026-06-19 09:06:22,2325000,차단,매수 가능 수량 0 (투입금/리스크/예수금 확인),,"ORB5 고가 2,320,000 돌파 (범위 2.4%, 등락 +5.4%) · A등급",5.44,1.00,1,172.6,1.74,1,2332000,2303000,2325000,2389000,2385000,2255500
402340#2103-S20260619093317,402340,SK스퀘어,ORB,FullAuto,2026-06-19 09:33:17,1842000,시간외,진입 가능 시간 09:05~09:30 밖,,"ORB5 고가 1,840,000 돌파 (범위 2.1%, 등락 +6.2%)",6.23,1.15,1,182.1,4.80,1,1866000,1866000,1836000,1832000,1891000,1823000
000660#2107-S20260619151000,000660,SK하이닉스,오버나잇,FullAuto,2026-06-19 15:10:00,2804000,차단,매수 가능 수량 0 (투입금/리스크/예수금 확인),,"오버나잇: 등락 +3.9%, 범위 위치 57%",3.89,0.48,0.571,286.9,1.24,1,2795000,2775000,,,2813000,2773000
009150#2108-S20260619151000,009150,삼성전기,오버나잇,FullAuto,2026-06-19 15:10:00,2287000,차단,매수 가능 수량 0 (투입금/리스크/예수금 확인),,"오버나잇: 등락 +3.7%, 범위 위치 48%",3.72,-0.39,0.476,405.1,0.72,1,2278000,2248000,,,2290000,2244000
402340#2109-S20260619151000,402340,SK스퀘어,오버나잇,FullAuto,2026-06-19 15:10:00,1810000,차단,매수 가능 수량 0 (투입금/리스크/예수금 확인),,"오버나잇: 등락 +4.4%, 범위 위치 51%",4.38,0.33,0.515,277.3,1.02,1,1798000,1790000,,,1812000,1777000
028260#2110-S20260619151000,028260,삼성물산,오버나잇,FullAuto,2026-06-19 15:10:00,500000,진입,,,"오버나잇: 등락 +2.9%, 범위 위치 25%",2.88,-3.70,0.248,464.5,0.71,1,,,,,,
042660#2111-S20260619151000,042660,한화오션,오버나잇,FullAuto,2026-06-19 15:10:00,126500,진입,,,"오버나잇: 등락 +1.3%, 범위 위치 78%",1.28,2.16,0.782,271.1,0.68,1,,,,,,
298040#2112-S20260619151000,298040,효성중공업,오버나잇,FullAuto,2026-06-19 15:10:00,3846000,차단,매수 가능 수량 0 (투입금/리스크/예수금 확인),,"오버나잇: 등락 +3.8%, 범위 위치 41%",3.81,-1.18,0.407,185.7,0.69,1,3874000,3856000,,,3880000,3846000
034730#2113-S20260619151000,034730,SK,오버나잇,FullAuto,2026-06-19 15:10:00,725000,진입,,,"오버나잇: 등락 +5.4%, 범위 위치 43%",5.38,-0.44,0.429,430.4,0.56,1,,,,,,
032830#2114-S20260619151000,032830,삼성생명,오버나잇,FullAuto,2026-06-19 15:10:00,494000,진입,,,"오버나잇: 등락 +4.2%, 범위 위치 46%",4.22,-0.85,0.458,584.1,1.21,1,,,,,,
000660#2124-S20260622151000,000660,SK하이닉스,오버나잇,FullAuto,2026-06-22 15:10:00,2911000,차단,매수 가능 수량 0 (투입금/리스크/예수금 확인),,"오버나잇: 등락 +5.7%, 범위 위치 84%",5.66,1.35,0.843,369.2,0.77,1,2906000,2917000,,,2922000,2902000
005930#2125-S20260622151000,005930,삼성전자,오버나잇,FullAuto,2026-06-22 15:10:00,353000,진입,,,"오버나잇: 등락 +0.7%, 범위 위치 52%",0.71,-0.14,0.524,390.2,0.99,1,,,,,,
402340#2126-S20260622151000,402340,SK스퀘어,오버나잇,FullAuto,2026-06-22 15:10:00,1986000,차단,매수 가능 수량 0 (투입금/리스크/예수금 확인),,"오버나잇: 등락 +10.1%, 범위 위치 99%",10.15,3.81,0.995,262.0,1.52,1,1967000,1970000,,,1986000,1957000
080220#2127-S20260622151000,080220,제주반도체,오버나잇,FullAuto,2026-06-22 15:10:00,133600,진입,,,"오버나잇: 등락 +16.9%, 범위 위치 84%",16.89,3.18,0.839,202.7,0.78,1,,,,,,
036930#2128-S20260622151000,036930,주성엔지니어링,오버나잇,FullAuto,2026-06-22 15:10:00,195800,진입,,,"오버나잇: 등락 +1.4%, 범위 위치 62%",1.40,1.68,0.624,299.8,1.28,1,,,,,,
240810#2129-S20260622151000,240810,원익IPS,오버나잇,FullAuto,2026-06-22 15:10:00,171900,진입,,,"오버나잇: 등락 +10.2%, 범위 위치 84%",10.19,2.61,0.837,214.7,0.82,1,,,,,,
319660#2130-S20260622151000,319660,피에스케이,오버나잇,FullAuto,2026-06-22 15:10:00,179700,진입,,,"오버나잇: 등락 +11.0%, 범위 위치 53%",10.99,-3.20,0.531,150.6,2.02,1,,,,,,
000990#2131-S20260622151000,000990,DB하이텍,오버나잇,FullAuto,2026-06-22 15:10:00,173400,진입,,,"오버나잇: 등락 +13.0%, 범위 위치 96%",12.96,4.76,0.959,333.6,0.76,1,,,,,,
006340#2140-S20260623151000,006340,대원전선,오버나잇,FullAuto,2026-06-23 15:10:00,10860,진입,,,"오버나잇: 등락 +4.8%, 범위 위치 29%",4.83,-6.42,0.289,223.4,0.72,1,,,,,,
000500#2141-S20260623151000,000500,가온전선,오버나잇,FullAuto,2026-06-23 15:10:00,185882,진입,,,"오버나잇: 등락 +0.1%, 범위 위치 12%",0.15,-5.23,0.116,109.5,1.88,2,,,,,,
055550#2143-S20260623151000,055550,신한지주,오버나잇,FullAuto,2026-06-23 15:10:00,97300,진입,,,"오버나잇: 등락 -+0.5%, 범위 위치 2%",-0.51,-3.19,0.015,128.7,0.95,1,,,,,,
290650#2142-S20260623151000,290650,엘앤씨바이오,오버나잇,FullAuto,2026-06-23 15:10:00,85422,진입,,,"오버나잇: 등락 +1.3%, 범위 위치 8%",1.26,-5.32,0.078,155.1,0.90,2,,,,,,
080220#2147-S20260624091430,080220,제주반도체,ORB,FullAuto,2026-06-24 09:14:30,120000,진입,,,"ORB5 고가 119,800 돌파 (범위 4.6%, 등락 +8.3%)",8.30,2.05,1,211.2,2.45,1,,,,,,
000660#2151-S20260624151000,000660,SK하이닉스,오버나잇,FullAuto,2026-06-24 15:10:00,2608000,차단,매수 가능 수량 0 (투입금/리스크/예수금 확인),,"오버나잇: 등락 +1.5%, 범위 위치 62%",1.52,0.65,0.62,218.3,1.31,1,2623000,2621000,,,2628000,2603000
005930#2152-S20260624151000,005930,삼성전자,오버나잇,FullAuto,2026-06-24 15:10:00,339500,진입,,,"오버나잇: 등락 +9.3%, 범위 위치 93%",9.34,2.86,0.930,407.5,1.49,1,,,,,,
402340#2153-S20260624151000,402340,SK스퀘어,오버나잇,FullAuto,2026-06-24 15:10:00,1836000,차단,매수 가능 수량 0 (투입금/리스크/예수금 확인),,"오버나잇: 등락 +0.8%, 범위 위치 71%",0.82,4.30,0.710,218.7,0.96,1,1836000,1819000,,,1842000,1810000
009150#2154-S20260624151000,009150,삼성전기,오버나잇,FullAuto,2026-06-24 15:10:00,1978000,차단,매수 가능 수량 0 (투입금/리스크/예수금 확인),,"오버나잇: 등락 +1.5%, 범위 위치 41%",1.54,-1.00,0.405,342.4,0.82,1,1983500,1982000,,,1985000,1975000
028260#2155-S20260624151000,028260,삼성물산,오버나잇,FullAuto,2026-06-24 15:10:00,487000,진입,,,"오버나잇: 등락 +6.4%, 범위 위치 33%",6.45,-1.48,0.327,456.3,1.25,1,,,,,,
011070#2156-S20260624151000,011070,LG이노텍,오버나잇,FullAuto,2026-06-24 15:10:00,960000,진입,,,"오버나잇: 등락 +0.7%, 범위 위치 28%",0.73,-1.37,0.279,1028.2,1.92,1,,,,,,
034020#2157-S20260624151000,034020,두산에너빌리티,오버나잇,FullAuto,2026-06-24 15:10:00,90900,진입,,,"오버나잇: 등락 +2.9%, 범위 위치 66%",2.94,0.86,0.661,381.4,2.45,1,,,,,,
080220#2158-S20260624151000,080220,제주반도체,오버나잇,FullAuto,2026-06-24 15:10:00,111300,진입,,,"오버나잇: 등락 +0.5%, 범위 위치 25%",0.45,-3.02,0.252,757.6,1.41,1,,,,,,
000660#2169-S20260625151000,000660,SK하이닉스,오버나잇,FullAuto,2026-06-25 15:10:00,2970000,차단,매수 가능 수량 0 (투입금/리스크/예수금 확인),,"오버나잇: 등락 +11.9%, 범위 위치 93%",11.95,3.54,0.929,222.4,1.32,1,2958000,2938000,,,2973000,2927000
005930#2170-S20260625151000,005930,삼성전자,오버나잇,FullAuto,2026-06-25 15:10:00,361000,진입,,,"오버나잇: 등락 +6.3%, 범위 위치 86%",6.33,0.78,0.857,398.4,1.48,1,,,,,,
402340#2171-S20260625151000,402340,SK스퀘어,오버나잇,FullAuto,2026-06-25 15:10:00,1939000,차단,매수 가능 수량 0 (투입금/리스크/예수금 확인),,"오버나잇: 등락 +6.9%, 범위 위치 69%",6.95,1.96,0.695,234.7,1.33,1,1935000,1918000,,,1945000,1915000
009150#2172-S20260625151000,009150,삼성전기,오버나잇,FullAuto,2026-06-25 15:10:00,2014000,차단,매수 가능 수량 0 (투입금/리스크/예수금 확인),,"오버나잇: 등락 +2.2%, 범위 위치 39%",2.18,0.27,0.386,363.3,1.38,1,2018000,2007000,,,2020000,2002000
034730#2173-S20260625151000,034730,SK,오버나잇,FullAuto,2026-06-25 15:10:00,866000,진입,,,"오버나잇: 등락 +21.1%, 범위 위치 84%",21.12,3.02,0.845,194.0,0.62,1,,,,,,
032830#2174-S20260625151000,032830,삼성생명,오버나잇,FullAuto,2026-06-25 15:10:00,451500,진입,,,"오버나잇: 등락 +3.4%, 범위 위치 40%",3.44,-1.27,0.396,273.2,1.55,1,,,,,,
006800#2175-S20260625151000,006800,미래에셋증권,오버나잇,FullAuto,2026-06-25 15:10:00,43800,진입,,,"오버나잇: 등락 +5.0%, 범위 위치 48%",5.04,-0.18,0.477,385.3,0.46,1,,,,,,
001740#2176-S20260625151000,001740,SK네트웍스,오버나잇,FullAuto,2026-06-25 15:10:00,10930,진입,,,"오버나잇: 등락 +14.7%, 범위 위치 94%",14.69,3.80,0.941,189.5,1.04,1,,,,,,
037710#2177-S20260626090625,037710,광주신세계,ORB,FullAuto,2026-06-26 09:06:25,46400,진입,,,"ORB5 고가 46,350 돌파 (범위 5.8%, 등락 +9.6%)",9.56,1.91,1,169.8,2.23,1,,,,,,
240810#2186-S20260626151000,240810,원익IPS,오버나잇,FullAuto,2026-06-26 15:10:00,161300,진입,,,"오버나잇: 등락 +4.3%, 범위 위치 18%",4.27,-3.64,0.178,175.2,0.80,1,,,,,,
018260#2189-S20260626151000,018260,삼성에스디에스,오버나잇,FullAuto,2026-06-26 15:10:00,190200,진입,,,"오버나잇: 등락 -+0.2%, 범위 위치 33%",-0.16,-2.08,0.335,244.7,0.90,1,,,,,,
073240#2190-S20260626151000,073240,금호타이어,오버나잇,FullAuto,2026-06-26 15:10:00,4980,진입,,,"오버나잇: 등락 +9.8%, 범위 위치 39%",9.81,-2.68,0.393,245.8,3.54,1,,,,,,
319660#2187-S20260626151000,319660,피에스케이,오버나잇,FullAuto,2026-06-26 15:10:00,186300,진입,,,"오버나잇: 등락 +9.5%, 범위 위치 60%",9.46,0.13,0.603,167.5,0.83,1,,,,,,
089970#2188-S20260626151000,089970,브이엠,오버나잇,FullAuto,2026-06-26 15:10:00,105500,진입,,,"오버나잇: 등락 +5.7%, 범위 위치 37%",5.71,-2.72,0.366,174.4,1.01,1,,,,,,
095610#2192-S20260626151000,095610,테스,오버나잇,FullAuto,2026-06-26 15:10:00,181600,진입,,,"오버나잇: 등락 +9.3%, 범위 위치 52%",9.33,-1.40,0.523,211.7,1.24,1,,,,,,
475430#2191-S20260626151000,475430,키스트론,오버나잇,FullAuto,2026-06-26 15:10:00,6600,진입,,,"오버나잇: 등락 +5.1%, 범위 위치 20%",5.10,-7.46,0.203,150.7,1.17,1,,,,,,
000990#2193-S20260626151000,000990,DB하이텍,오버나잇,FullAuto,2026-06-26 15:10:00,158100,진입,,,"오버나잇: 등락 -+0.1%, 범위 위치 48%",-0.13,0.16,0.477,183.7,0.69,1,,,,,,
475430#2196-S20260629091330,475430,키스트론,ORB,FullAuto,2026-06-29 09:13:30,6970,진입,,,"ORB5 고가 6,940 돌파 (범위 4.2%, 등락 +5.4%)",5.45,2.18,1,223.1,2.46,1,,,,,,
089970#2201-S20260629091427,089970,브이엠,ORB,FullAuto,2026-06-29 09:14:27,114500,진입,,,"ORB5 고가 114,000 돌파 (범위 5.2%, 등락 +7.1%)",7.11,4.38,1,118.3,1.66,1,,,,,,
214450#2197-S20260629095130,214450,파마리서치,ORB,FullAuto,2026-06-29 09:51:30,353000,시간외,진입 가능 시간 09:05~09:30 밖,,"ORB5 고가 352,500 돌파 (범위 5.5%, 등락 +9.3%)",9.29,1.81,1,290.5,8.40,1,348500,351500,356000,362000,368000,348500
009150#2203-S20260629151000,009150,삼성전기,오버나잇,FullAuto,2026-06-29 15:10:00,2036000,차단,매수 가능 수량 0 (투입금/리스크/예수금 확인),,"오버나잇: 등락 +2.0%, 범위 위치 36%",2.00,-0.28,0.359,203.1,0.87,1,2031000,2036000,,,2040000,2027000
005380#2204-S20260629151000,005380,현대차,오버나잇,FullAuto,2026-06-29 15:10:00,497500,진입,,,"오버나잇: 등락 +3.3%, 범위 위치 84%",3.32,2.58,0.841,306.1,1.67,1,,,,,,
086520#2205-S20260629151000,086520,에코프로,오버나잇,FullAuto,2026-06-29 15:10:00,117000,진입,,,"오버나잇: 등락 +22.5%, 범위 위치 93%",22.51,4.54,0.926,258.5,1.14,1,,,,,,
034020#2206-S20260629151000,034020,두산에너빌리티,오버나잇,FullAuto,2026-06-29 15:10:00,87700,진입,,,"오버나잇: 등락 +7.7%, 범위 위치 91%",7.74,3.50,0.910,296.9,0.71,1,,,,,,
066570#2207-S20260629151000,066570,LG전자,오버나잇,FullAuto,2026-06-29 15:10:00,196700,진입,,,"오버나잇: 등락 +0.3%, 범위 위치 85%",0.25,2.69,0.848,299.3,0.97,1,,,,,,
373220#2209-S20260629151000,373220,LG에너지솔루션,오버나잇,FullAuto,2026-06-29 15:10:00,397000,진입,,,"오버나잇: 등락 +19.6%, 범위 위치 99%",19.58,4.78,0.992,386.6,1.07,1,,,,,,
036930#2208-S20260629151000,036930,주성엔지니어링,오버나잇,FullAuto,2026-06-29 15:10:00,176600,진입,,,"오버나잇: 등락 +6.6%, 범위 위치 42%",6.64,-0.66,0.415,251.8,1.21,1,,,,,,
141080#2210-S20260629151000,141080,리가켐바이오,오버나잇,FullAuto,2026-06-29 15:10:00,163300,진입,,,"오버나잇: 등락 +14.0%, 범위 위치 54%",14.04,-1.09,0.543,348.4,1.17,1,,,,,,
000660#2220-S20260630151000,000660,SK하이닉스,오버나잇,FullAuto,2026-06-30 15:10:00,2682000,차단,매수 가능 수량 0 (투입금/리스크/예수금 확인),,"오버나잇: 등락 +2.3%, 범위 위치 70%",2.29,1.26,0.701,179.2,1.13,1,2683000,2675000,,,2689000,2666000
005930#2221-S20260630151000,005930,삼성전자,오버나잇,FullAuto,2026-06-30 15:10:00,336500,진입,,,"오버나잇: 등락 +3.5%, 범위 위치 70%",3.54,1.14,0.705,403.5,0.79,1,,,,,,
009150#2222-S20260630151000,009150,삼성전기,오버나잇,FullAuto,2026-06-30 15:10:00,2198000,차단,매수 가능 수량 0 (투입금/리스크/예수금 확인),,"오버나잇: 등락 +6.9%, 범위 위치 78%",6.85,1.48,0.785,273.4,1.51,1,2205000,2196000,,,2206000,2195000
402340#2223-S20260630151000,402340,SK스퀘어,오버나잇,FullAuto,2026-06-30 15:10:00,1747000,차단,매수 가능 수량 0 (투입금/리스크/예수금 확인),,"오버나잇: 등락 +7.0%, 범위 위치 93%",7.05,5.11,0.926,242.9,0.94,1,1744000,1719000,,,1750000,1712000
028260#2225-S20260630151000,028260,삼성물산,오버나잇,FullAuto,2026-06-30 15:10:00,473000,진입,,,"오버나잇: 등락 +0.4%, 범위 위치 67%",0.42,1.45,0.667,191.8,0.90,1,,,,,,
240810#2224-S20260630151000,240810,원익IPS,오버나잇,FullAuto,2026-06-30 15:10:00,168400,진입,,,"오버나잇: 등락 +5.9%, 범위 위치 25%",5.91,-2.05,0.246,191.1,0.91,1,,,,,,
034730#2226-S20260630151000,034730,SK,오버나잇,FullAuto,2026-06-30 15:10:00,839000,진입,,,"오버나잇: 등락 +8.8%, 범위 위치 95%",8.82,3.84,0.947,594.1,0.62,1,,,,,,
011070#2227-S20260630151000,011070,LG이노텍,오버나잇,FullAuto,2026-06-30 15:10:00,981000,진입,,,"오버나잇: 등락 +6.6%, 범위 위치 97%",6.63,3.89,0.966,517.1,0.94,1,,,,,,
402340#2235-S20260701151000,402340,SK스퀘어,오버나잇,FullAuto,2026-07-01 15:10:00,1708000,차단,매수 가능 수량 0 (투입금/리스크/예수금 확인),,"오버나잇: 등락 +1.7%, 범위 위치 57%",1.67,0.15,0.574,162.8,0.87,1,1734000,1768000,,,1769000,1707000
007660#2236-S20260701151000,007660,이수페타시스,오버나잇,FullAuto,2026-07-01 15:10:00,132400,진입,,,"오버나잇: 등락 +14.2%, 범위 위치 86%",14.24,2.66,0.864,282.9,0.90,1,,,,,,
222800#2238-S20260701151000,222800,심텍,오버나잇,FullAuto,2026-07-01 15:10:00,156000,진입,,,"오버나잇: 등락 +4.1%, 범위 위치 63%",4.07,0.27,0.631,301.1,0.24,1,,,,,,
034020#2239-S20260701151000,034020,두산에너빌리티,오버나잇,FullAuto,2026-07-01 15:10:00,88300,진입,,,"오버나잇: 등락 +2.0%, 범위 위치 47%",1.96,-0.35,0.468,1053.7,0.78,1,,,,,,
298040#2237-S20260701151000,298040,효성중공업,오버나잇,FullAuto,2026-07-01 15:10:00,3706000,차단,매수 가능 수량 0 (투입금/리스크/예수금 확인),,"오버나잇: 등락 +8.1%, 범위 위치 50%",8.08,-0.55,0.501,251.2,0.99,1,3712000,3713000,,,3717000,3702000
247540#2241-S20260701151000,247540,에코프로비엠,오버나잇,FullAuto,2026-07-01 15:10:00,129435,진입,,,"오버나잇: 등락 +6.0%, 범위 위치 15%",5.96,-2.17,0.154,161.1,1.18,2,,,,,,
001440#2240-S20260701151000,001440,대한전선,오버나잇,FullAuto,2026-07-01 15:10:00,36650,진입,,,"오버나잇: 등락 +8.1%, 범위 위치 51%",8.11,-0.35,0.507,707.4,1.12,1,,,,,,
001820#2242-S20260701151000,001820,삼화콘덴서,오버나잇,FullAuto,2026-07-01 15:10:00,153600,진입,,,"오버나잇: 등락 +1.7%, 범위 위치 52%",1.72,-0.90,0.523,231.5,0.49,1,,,,,,
042660#2243-S20260702151000,042660,한화오션,오버나잇,FullAuto,2026-07-02 15:10:00,104700,진입,,,"오버나잇: 등락 +0.3%, 범위 위치 3%",0.29,-3.69,0.034,301.7,0.91,1,,,,,,
066570#2244-S20260702151000,066570,LG전자,오버나잇,FullAuto,2026-07-02 15:10:00,192200,진입,,,"오버나잇: 등락 -+0.1%, 범위 위치 61%",-0.10,-0.11,0.612,171.3,0.90,1,,,,,,
012450#2245-S20260702151000,012450,한화에어로스페이스,오버나잇,FullAuto,2026-07-02 15:10:00,1137000,진입,,,"오버나잇: 등락 +3.6%, 범위 위치 41%",3.65,-1.38,0.406,267.2,0.54,1,,,,,,
105560#2246-S20260702151000,105560,KB금융,오버나잇,FullAuto,2026-07-02 15:10:00,166300,진입,,,"오버나잇: 등락 +4.2%, 범위 위치 51%",4.20,-1.02,0.513,270.7,1.18,1,,,,,,
012330#2247-S20260702151000,012330,현대모비스,오버나잇,FullAuto,2026-07-02 15:10:00,495000,진입,,,"오버나잇: 등락 +0.6%, 범위 위치 71%",0.61,1.14,0.708,281.4,1.36,1,,,,,,
161890#2248-S20260702151000,161890,한국콜마,오버나잇,FullAuto,2026-07-02 15:10:00,112400,진입,,,"오버나잇: 등락 +4.6%, 범위 위치 30%",4.56,-4.37,0.303,216.0,0.86,1,,,,,,
000270#2250-S20260702151000,000270,기아,오버나잇,FullAuto,2026-07-02 15:10:00,145100,진입,,,"오버나잇: 등락 +2.4%, 범위 위치 68%",2.40,0.56,0.676,315.1,0.89,1,,,,,,
064400#2249-S20260702151000,064400,LG씨엔에스,오버나잇,FullAuto,2026-07-02 15:10:00,78600,진입,,,"오버나잇: 등락 +3.1%, 범위 위치 58%",3.15,-0.54,0.580,326.3,1.15,1,,,,,,
403870#2251-S20260703090507,403870,HPSP,ORB,FullAuto,2026-07-03 09:05:07,46250,진입,,,"ORB5 고가 46,200 돌파 (범위 5.4%, 등락 +5.8%)",5.84,1.92,1,162.0,1.20,1,,,,,,
000660#2256-S20260703151000,000660,SK하이닉스,오버나잇,FullAuto,2026-07-03 15:10:00,2431000,차단,매수 가능 수량 0 (투입금/리스크/예수금 확인),,"오버나잇: 등락 +9.1%, 범위 위치 94%",9.06,8.00,0.944,239.5,1.36,1,2452000,2434500,,,2453000,2429000
009150#2257-S20260703151000,009150,삼성전기,오버나잇,FullAuto,2026-07-03 15:10:00,1968000,차단,매수 가능 수량 0 (투입금/리스크/예수금 확인),,"오버나잇: 등락 +1.3%, 범위 위치 99%",1.34,5.15,0.992,590.6,1.42,1,1982000,1987000,,,1989000,1968000
402340#2258-S20260703151000,402340,SK스퀘어,오버나잇,FullAuto,2026-07-03 15:10:00,1589000,진입,,,"오버나잇: 등락 +3.9%, 범위 위치 93%",3.86,4.93,0.929,350.2,1.17,1,,,,,,
005380#2259-S20260703151000,005380,현대차,오버나잇,FullAuto,2026-07-03 15:10:00,492000,진입,,,"오버나잇: 등락 +2.9%, 범위 위치 99%",2.93,3.35,0.986,1056.5,0.41,1,,,,,,
066570#2261-S20260703151000,066570,LG전자,오버나잇,FullAuto,2026-07-03 15:10:00,190200,진입,,,"오버나잇: 등락 +0.7%, 범위 위치 92%",0.74,2.88,0.921,770.2,0.83,1,,,,,,
006340#2260-S20260703151000,006340,대원전선,오버나잇,FullAuto,2026-07-03 15:10:00,12860,진입,,,"오버나잇: 등락 +7.3%, 범위 위치 66%",7.26,0.55,0.659,224.1,0.64,1,,,,,,
028260#2262-S20260703151000,028260,삼성물산,오버나잇,FullAuto,2026-07-03 15:10:00,434500,진입,,,"오버나잇: 등락 +7.5%, 범위 위치 99%",7.55,4.23,0.989,807.2,0.70,1,,,,,,
403870#2263-S20260703151000,403870,HPSP,오버나잇,FullAuto,2026-07-03 15:10:00,48750,진입,,,"오버나잇: 등락 +11.6%, 범위 위치 92%",11.56,4.73,0.916,242.4,0.66,1,,,,,,
042660#2265-S20260706090527,042660,한화오션,ORB,FullAuto,2026-07-06 09:05:27,117300,진입,,,"ORB5 고가 116,800 돌파 (범위 4.3%, 등락 +9.6%)",9.63,1.96,1,83.3,1.42,1,,,,,,
042660#2270-S20260706151000,042660,한화오션,오버나잇,FullAuto,2026-07-06 15:10:00,115200,진입,,,"오버나잇: 등락 +7.7%, 범위 위치 42%",7.66,-0.86,0.422,333.4,0.39,1,,,,,,
005380#2271-S20260706151000,005380,현대차,오버나잇,FullAuto,2026-07-06 15:10:00,498500,진입,,,"오버나잇: 등락 +0.8%, 범위 위치 48%",0.81,-0.15,0.482,678.0,1.21,1,,,,,,
028260#2272-S20260706151000,028260,삼성물산,오버나잇,FullAuto,2026-07-06 15:10:00,447000,진입,,,"오버나잇: 등락 +2.8%, 범위 위치 51%",2.76,-0.03,0.509,478.3,0.25,1,,,,,,
000270#2273-S20260706151000,000270,기아,오버나잇,FullAuto,2026-07-06 15:10:00,160600,진입,,,"오버나잇: 등락 +6.0%, 범위 위치 84%",6.01,1.11,0.843,483.1,0.66,1,,,,,,
105560#2274-S20260706151000,105560,KB금융,오버나잇,FullAuto,2026-07-06 15:10:00,170200,진입,,,"오버나잇: 등락 +0.3%, 범위 위치 20%",0.29,-1.20,0.2,796.2,0.94,1,,,,,,
079550#2275-S20260706151000,079550,LIG디펜스앤에어로스페이스,오버나잇,FullAuto,2026-07-06 15:10:00,811000,진입,,,"오버나잇: 등락 +1.4%, 범위 위치 48%",1.38,-0.44,0.475,678.9,1.54,1,,,,,,
272210#2277-S20260706151000,272210,한화시스템,오버나잇,FullAuto,2026-07-06 15:10:00,80900,진입,,,"오버나잇: 등락 +4.5%, 범위 위치 35%",4.52,-1.96,0.352,505.2,1.01,1,,,,,,
055550#2276-S20260706151000,055550,신한지주,오버나잇,FullAuto,2026-07-06 15:10:00,107500,진입,,,"오버나잇: 등락 +1.1%, 범위 위치 24%",1.13,-0.91,0.238,296.1,0.95,1,,,,,,
066570#2279-S20260707151000,066570,LG전자,오버나잇,FullAuto,2026-07-07 15:10:00,186900,진입,,,"오버나잇: 등락 +1.1%, 범위 위치 94%",1.14,2.96,0.944,250.0,0.78,1,,,,,,
002990#2278-S20260707151000,002990,금호건설,오버나잇,FullAuto,2026-07-07 15:10:00,14100,진입,,,"오버나잇: 등락 +14.2%, 범위 위치 63%",14.17,-0.33,0.632,145.0,0.98,1,,,,,,
347850#2280-S20260707151000,347850,디앤디파마텍,오버나잇,FullAuto,2026-07-07 15:10:00,85100,진입,,,"오버나잇: 등락 +12.1%, 범위 위치 65%",12.12,-1.98,0.648,551.4,0.47,1,,,,,,
035420#2281-S20260707151000,035420,NAVER,오버나잇,FullAuto,2026-07-07 15:10:00,196100,진입,,,"오버나잇: 등락 +0.2%, 범위 위치 48%",0.15,0.10,0.476,430.6,0.97,1,,,,,,
105560#2282-S20260707151000,105560,KB금융,오버나잇,FullAuto,2026-07-07 15:10:00,171700,진입,,,"오버나잇: 등락 +0.8%, 범위 위치 38%",0.82,0.16,0.381,398.7,0.61,1,,,,,,
278470#2283-S20260707151000,278470,에이피알,오버나잇,FullAuto,2026-07-07 15:10:00,408000,진입,,,"오버나잇: 등락 +8.5%, 범위 위치 96%",8.51,2.25,0.961,256.4,0.89,1,,,,,,
003230#2284-S20260707151000,003230,삼양식품,오버나잇,FullAuto,2026-07-07 15:10:00,1220000,진입,,,"오버나잇: 등락 +11.9%, 범위 위치 97%",11.93,2.72,0.972,389.4,1.03,1,,,,,,
010950#2285-S20260707151000,010950,S-Oil,오버나잇,FullAuto,2026-07-07 15:10:00,127300,진입,,,"오버나잇: 등락 +9.7%, 범위 위치 95%",9.74,2.06,0.949,322.5,0.73,1,,,,,,
066570#2289-S20260708151000,066570,LG전자,오버나잇,FullAuto,2026-07-08 15:10:00,194900,진입,,,"오버나잇: 등락 +3.4%, 범위 위치 43%",3.40,-1.14,0.434,318.4,0.88,1,,,,,,
000270#2290-S20260708151000,000270,기아,오버나잇,FullAuto,2026-07-08 15:10:00,154500,진입,,,"오버나잇: 등락 +1.2%, 범위 위치 35%",1.18,-1.55,0.349,414.0,1.28,1,,,,,,
012330#2291-S20260708151000,012330,현대모비스,오버나잇,FullAuto,2026-07-08 15:10:00,489000,진입,,,"오버나잇: 등락 +0.4%, 범위 위치 26%",0.41,-1.84,0.256,290.7,0.93,1,,,,,,
439090#2295-S20260708151000,439090,마녀공장,오버나잇,FullAuto,2026-07-08 15:10:00,17660,진입,,,"오버나잇: 등락 +5.9%, 범위 위치 78%",5.94,4.46,0.780,165.8,1.55,1,,,,,,
0039P0#2292-S20260708151000,0039P0,매드업,오버나잇,FullAuto,2026-07-08 15:10:00,7390,진입,,,"오버나잇: 등락 -+0.8%, 범위 위치 0%",-0.81,-14.71,0,161.2,3.44,1,,,,,,
010950#2293-S20260708151000,010950,S-Oil,오버나잇,FullAuto,2026-07-08 15:10:00,132900,진입,,,"오버나잇: 등락 +5.7%, 범위 위치 83%",5.73,1.02,0.830,474.3,0.98,1,,,,,,
024060#2294-S20260708151000,024060,흥구석유,오버나잇,FullAuto,2026-07-08 15:10:00,10430,진입,,,"오버나잇: 등락 +14.6%, 범위 위치 59%",14.62,-0.56,0.591,142.3,0.33,1,,,,,,
037710#2296-S20260708151000,037710,광주신세계,오버나잇,FullAuto,2026-07-08 15:10:00,45950,진입,,,"오버나잇: 등락 +2.1%, 범위 위치 69%",2.11,2.05,0.694,390.7,1.05,1,,,,,,
267260#2303-S20260709091630,267260,HD현대일렉트릭,ORB,FullAuto,2026-07-09 09:16:30,828000,진입,,,"ORB5 고가 826,000 돌파 (범위 2.7%, 등락 +6.7%)",6.70,1.80,1,214.5,3.51,1,,,,,,
036930#2301-S20260709092427,036930,주성엔지니어링,ORB,FullAuto,2026-07-09 09:24:27,167800,진입,,,"ORB5 고가 167,600 돌파 (범위 3.4%, 등락 +4.9%)",4.88,1.95,1,156.8,2.58,1,,,,,,
403870#2302-S20260709093530,403870,HPSP,ORB,FullAuto,2026-07-09 09:35:30,40150,시간외,진입 가능 시간 09:05~09:30 밖,,"ORB5 고가 40,100 돌파 (범위 3.8%, 등락 +5.0%)",4.97,2.02,1,208.6,2.38,1,39750,40500,40600,40950,41400,39650
000660#2307-S20260709151000,000660,SK하이닉스,오버나잇,FullAuto,2026-07-09 15:10:00,2172000,차단,매수 가능 수량 0 (투입금/리스크/예수금 확인),,"오버나잇: 등락 +7.3%, 범위 위치 45%",7.26,-0.88,0.453,262.7,0.56,1,2174000,2199000,,,2201000,2161000
009150#2308-S20260709151000,009150,삼성전기,오버나잇,FullAuto,2026-07-09 15:10:00,1471000,진입,,,"오버나잇: 등락 +6.2%, 범위 위치 32%",6.21,-2.12,0.315,279.1,0.72,1,,,,,,
402340#2309-S20260709151000,402340,SK스퀘어,오버나잇,FullAuto,2026-07-09 15:10:00,1332000,진입,,,"오버나잇: 등락 +11.7%, 범위 위치 58%",11.65,0.63,0.583,209.5,2.07,1,,,,,,
005380#2310-S20260709151000,005380,현대차,오버나잇,FullAuto,2026-07-09 15:10:00,441500,진입,,,"오버나잇: 등락 +0.8%, 범위 위치 27%",0.80,-1.10,0.267,441.4,1.18,1,,,,,,
034020#2312-S20260709151000,034020,두산에너빌리티,오버나잇,FullAuto,2026-07-09 15:10:00,73400,진입,,,"오버나잇: 등락 +3.7%, 범위 위치 33%",3.67,-1.25,0.333,657.9,1.11,1,,,,,,
002990#2311-S20260709151000,002990,금호건설,오버나잇,FullAuto,2026-07-09 15:10:00,17090,진입,,,"오버나잇: 등락 +22.1%, 범위 위치 77%",22.07,5.16,0.769,164.6,1.29,1,,,,,,
011070#2313-S20260709151000,011070,LG이노텍,오버나잇,FullAuto,2026-07-09 15:10:00,733000,진입,,,"오버나잇: 등락 +3.7%, 범위 위치 34%",3.68,-1.45,0.344,370.3,0.69,1,,,,,,
036930#2314-S20260709151000,036930,주성엔지니어링,오버나잇,FullAuto,2026-07-09 15:10:00,170800,진입,,,"오버나잇: 등락 +6.8%, 범위 위치 57%",6.75,1.24,0.575,366.5,0.92,1,,,,,,
105560#2315-S20260709151432,105560,KB금융,오버나잇,FullAuto,2026-07-09 15:14:32,172200,진입,,,"오버나잇: 등락 +1.5%, 범위 위치 40%",1.47,-0.53,0.4,205.6,0.30,1,,,,,,
403870#2319-S20260710091630,403870,HPSP,ORB,FullAuto,2026-07-10 09:16:30,41550,진입,,,"ORB5 고가 41,500 돌파 (범위 3.8%, 등락 +5.7%)",5.73,1.40,1,180.9,2.13,1,,,,,,
240810#2318-S20260710094327,240810,원익IPS,ORB,FullAuto,2026-07-10 09:43:27,112000,시간외,진입 가능 시간 09:05~09:30 밖,,"ORB5 고가 111,800 돌파 (범위 3.5%, 등락 +6.8%)",6.77,1.88,1,181.4,7.17,1,115400,115300,118200,121700,123500,112100
402340#2328-S20260710151000,402340,SK스퀘어,오버나잇,FullAuto,2026-07-10 15:10:00,1404000,진입,,,"오버나잇: 등락 +2.3%, 범위 위치 60%",2.26,0.06,0.602,313.5,0.60,1,,,,,,
005380#2329-S20260710151000,005380,현대차,오버나잇,FullAuto,2026-07-10 15:10:00,462000,진입,,,"오버나잇: 등락 +3.6%, 범위 위치 71%",3.59,0.10,0.707,493.2,1.53,1,,,,,,
105560#2330-S20260710151000,105560,KB금융,오버나잇,FullAuto,2026-07-10 15:10:00,185600,진입,,,"오버나잇: 등락 +8.9%, 범위 위치 72%",8.86,0.24,0.721,301.4,0.83,1,,,,,,
066570#2334-S20260710151000,066570,LG전자,오버나잇,FullAuto,2026-07-10 15:10:00,183500,진입,,,"오버나잇: 등락 +2.5%, 범위 위치 66%",2.46,0.45,0.659,417.0,1.39,1,,,,,,
073240#2332-S20260710151000,073240,금호타이어,오버나잇,FullAuto,2026-07-10 15:10:00,7800,진입,,,"오버나잇: 등락 +25.0%, 범위 위치 100%",25.00,8.07,1,300,0.04,1,,,,,,
036930#2331-S20260710151000,036930,주성엔지니어링,오버나잇,FullAuto,2026-07-10 15:10:00,193300,진입,,,"오버나잇: 등락 +8.4%, 범위 위치 75%",8.35,1.34,0.747,218.8,0.95,1,,,,,,
010170#2333-S20260710151000,010170,대한광통신,오버나잇,FullAuto,2026-07-10 15:10:00,12600,진입,,,"오버나잇: 등락 +18.3%, 범위 위치 61%",18.31,-1.04,0.614,574.4,0.65,1,,,,,,
240810#2335-S20260710151000,240810,원익IPS,오버나잇,FullAuto,2026-07-10 15:10:00,124500,진입,,,"오버나잇: 등락 +18.7%, 범위 위치 83%",18.68,2.60,0.826,299.4,0.55,1,,,,,,
066570#2346-S20260713151000,066570,LG전자,오버나잇,FullAuto,2026-07-13 15:10:00,185800,진입,,,"오버나잇: 등락 +1.7%, 범위 위치 8%",1.70,-4.54,0.081,177.6,1.36,1,,,,,,
006400#2347-S20260713151000,006400,삼성SDI,오버나잇,FullAuto,2026-07-13 15:10:00,442500,진입,,,"오버나잇: 등락 +0.7%, 범위 위치 21%",0.68,-3.65,0.212,265.3,1.46,1,,,,,,
240810#2348-S20260713151000,240810,원익IPS,오버나잇,FullAuto,2026-07-13 15:10:00,127000,진입,,,"오버나잇: 등락 +1.6%, 범위 위치 28%",1.60,-3.16,0.280,183.9,1.19,1,,,,,,
475150#2349-S20260713151000,475150,SK이터닉스,오버나잇,FullAuto,2026-07-13 15:10:00,48750,진입,,,"오버나잇: 등락 +13.8%, 범위 위치 58%",13.77,-1.69,0.581,210.7,0.98,1,,,,,,
012330#2350-S20260713151000,012330,현대모비스,오버나잇,FullAuto,2026-07-13 15:10:00,485000,진입,,,"오버나잇: 등락 -+1.0%, 범위 위치 11%",-1.02,-2.72,0.108,187.1,0.88,1,,,,,,
096770#2351-S20260713151000,096770,SK이노베이션,오버나잇,FullAuto,2026-07-13 15:10:00,109600,진입,,,"오버나잇: 등락 +5.5%, 범위 위치 41%",5.49,-1.80,0.414,269.7,0.96,1,,,,,,
086790#2353-S20260713151000,086790,하나금융지주,오버나잇,FullAuto,2026-07-13 15:10:00,132000,진입,,,"오버나잇: 등락 +2.0%, 범위 위치 29%",2.01,-1.32,0.288,251.9,1.07,1,,,,,,
095610#2352-S20260713151000,095610,테스,오버나잇,FullAuto,2026-07-13 15:10:00,189000,진입,,,"오버나잇: 등락 +6.4%, 범위 위치 48%",6.36,-1.48,0.483,189.0,0.69,1,,,,,,
036930#2358-S20260714092525,036930,주성엔지니어링,ORB,FullAuto,2026-07-14 09:25:25,193300,진입,,,"ORB5 고가 193,200 돌파 (범위 5.6%, 등락 +5.9%)",5.92,2.50,1,149.6,3.61,1,,,,,,
000660#2362-S20260714151000,000660,SK하이닉스,오버나잇,FullAuto,2026-07-14 15:10:00,1920000,차단,매수 가능 수량 0 (투입금/리스크/예수금 확인),,"오버나잇: 등락 +5.0%, 범위 위치 94%",5.03,5.32,0.938,210.0,1.16,1,1911000,1913000,,,1924000,1903000
402340#2363-S20260714151000,402340,SK스퀘어,오버나잇,FullAuto,2026-07-14 15:10:00,1194000,진입,,,"오버나잇: 등락 +2.9%, 범위 위치 92%",2.93,3.12,0.915,242.8,1.24,1,,,,,,
036930#2365-S20260714151000,036930,주성엔지니어링,오버나잇,FullAuto,2026-07-14 15:10:00,193500,진입,,,"오버나잇: 등락 +6.0%, 범위 위치 85%",6.03,3.17,0.852,274.4,1.22,1,,,,,,
006340#2364-S20260714151000,006340,대원전선,오버나잇,FullAuto,2026-07-14 15:10:00,12890,진입,,,"오버나잇: 등락 +19.1%, 범위 위치 82%",19.13,3.55,0.821,159.9,1.60,1,,,,,,
240810#2366-S20260714151000,240810,원익IPS,오버나잇,FullAuto,2026-07-14 15:10:00,127800,진입,,,"오버나잇: 등락 +2.4%, 범위 위치 92%",2.40,4.24,0.924,294.9,1.37,1,,,,,,
267260#2368-S20260714151000,267260,HD현대일렉트릭,오버나잇,FullAuto,2026-07-14 15:10:00,799000,진입,,,"오버나잇: 등락 +0.5%, 범위 위치 80%",0.50,2.42,0.796,515.1,1.49,1,,,,,,
089030#2367-S20260714151000,089030,테크윙,오버나잇,FullAuto,2026-07-14 15:10:00,48900,진입,,,"오버나잇: 등락 +11.5%, 범위 위치 62%",11.52,-0.53,0.618,254.2,0.92,1,,,,,,
024060#2369-S20260714151000,024060,흥구석유,오버나잇,FullAuto,2026-07-14 15:10:00,12500,진입,,,"오버나잇: 등락 +7.4%, 범위 위치 11%",7.39,-5.66,0.113,161.8,0.55,1,,,,,,
403870#2370-S20260715091530,403870,HPSP,ORB,FullAuto,2026-07-15 09:15:30,44450,진입,,,"ORB5 고가 44,400 돌파 (범위 2.4%, 등락 +5.8%)",5.83,1.69,1,164.8,2.26,1,,,,,,
000660#2371-S20260715092022,000660,SK하이닉스,ORB,FullAuto,2026-07-15 09:20:22,2121000,차단,매수 가능 수량 0 (투입금/리스크/예수금 확인),,"ORB5 고가 2,120,000 돌파 (범위 1.5%, 등락 +9.3%)",9.27,1.04,1,197.0,3.22,1,2129000,2130000,2130000,2118000,2156000,2088000
240810#2372-S20260715092325,240810,원익IPS,ORB,FullAuto,2026-07-15 09:23:25,138300,진입,,,"ORB5 고가 137,700 돌파 (범위 5.5%, 등락 +8.8%)",8.81,3.78,1,158.3,6.06,1,,,,,,
036930#2374-S20260715092327,036930,주성엔지니어링,ORB,FullAuto,2026-07-15 09:23:27,206500,진입,,,"ORB5 고가 205,500 돌파 (범위 3.4%, 등락 +7.2%)",7.22,2.38,1,199.8,5.08,1,,,,,,
000660#2380-S20260715151000,000660,SK하이닉스,오버나잇,FullAuto,2026-07-15 15:10:00,2113000,차단,매수 가능 수량 0 (투입금/리스크/예수금 확인),,"오버나잇: 등락 +8.9%, 범위 위치 43%",8.86,-0.32,0.426,177.7,0.62,1,2106000,2093000,,,2116000,2088000
009150#2381-S20260715151000,009150,삼성전기,오버나잇,FullAuto,2026-07-15 15:10:00,1422000,진입,,,"오버나잇: 등락 +11.4%, 범위 위치 77%",11.35,1.68,0.769,435.8,1.95,1,,,,,,
402340#2382-S20260715151000,402340,SK스퀘어,오버나잇,FullAuto,2026-07-15 15:10:00,1398000,진입,,,"오버나잇: 등락 +17.0%, 범위 위치 69%",16.99,0.63,0.692,235.3,1.01,1,,,,,,
005380#2383-S20260715151000,005380,현대차,오버나잇,FullAuto,2026-07-15 15:10:00,435000,진입,,,"오버나잇: 등락 +2.0%, 범위 위치 71%",1.99,0.31,0.710,919.4,0.86,1,,,,,,
066570#2384-S20260715151000,066570,LG전자,오버나잇,FullAuto,2026-07-15 15:10:00,194900,진입,,,"오버나잇: 등락 +3.4%, 범위 위치 63%",3.40,0.48,0.634,711.6,2.54,1,,,,,,
006400#2385-S20260715151000,006400,삼성SDI,오버나잇,FullAuto,2026-07-15 15:10:00,458500,진입,,,"오버나잇: 등락 +6.3%, 범위 위치 59%",6.26,0.19,0.594,1168.1,1.84,1,,,,,,
080220#2386-S20260715151000,080220,제주반도체,오버나잇,FullAuto,2026-07-15 15:10:00,89400,진입,,,"오버나잇: 등락 +21.3%, 범위 위치 91%",21.30,4.01,0.914,381.9,0.58,1,,,,,,
240810#2387-S20260715151000,240810,원익IPS,오버나잇,FullAuto,2026-07-15 15:10:00,143000,진입,,,"오버나잇: 등락 +12.5%, 범위 위치 89%",12.51,2.86,0.892,207.5,2.19,1,,,,,,
042660#2388-S20260716151000,042660,한화오션,오버나잇,FullAuto,2026-07-16 15:10:00,86300,진입,,,"오버나잇: 등락 +5.0%, 범위 위치 83%",4.99,2.26,0.828,405.6,1.11,1,,,,,,
028300#2390-S20260716151000,028300,HLB,오버나잇,FullAuto,2026-07-16 15:10:00,35250,진입,,,"오버나잇: 등락 +1.6%, 범위 위치 2%",1.59,-4.99,0.017,250.7,1.66,1,,,,,,
096770#2389-S20260716151000,096770,SK이노베이션,오버나잇,FullAuto,2026-07-16 15:10:00,121100,진입,,,"오버나잇: 등락 +1.5%, 범위 위치 42%",1.51,-1.51,0.423,195.6,1.54,1,,,,,,
240810#2391-S20260716151000,240810,원익IPS,오버나잇,FullAuto,2026-07-16 15:10:00,142200,진입,,,"오버나잇: 등락 -+0.4%, 범위 위치 71%",-0.35,2.34,0.705,181.8,1.86,1,,,,,,
329180#2395-S20260716151000,329180,HD현대중공업,오버나잇,FullAuto,2026-07-16 15:10:00,480000,진입,,,"오버나잇: 등락 +2.5%, 범위 위치 65%",2.45,0.79,0.647,488.3,1.28,1,,,,,,
035420#2394-S20260716151000,035420,NAVER,오버나잇,FullAuto,2026-07-16 15:10:00,188600,진입,,,"오버나잇: 등락 +0.0%, 범위 위치 54%",0,0.30,0.542,325.0,1.10,1,,,,,,
017670#2393-S20260716151000,017670,SK텔레콤,오버나잇,FullAuto,2026-07-16 15:10:00,89000,진입,,,"오버나잇: 등락 +5.1%, 범위 위치 37%",5.08,-1.60,0.368,270.9,1.79,1,,,,,,
004310#2392-S20260716151000,004310,현대약품,오버나잇,FullAuto,2026-07-16 15:10:00,7750,진입,,,"오버나잇: 등락 +15.5%, 범위 위치 59%",15.50,-1.85,0.591,216.9,0.97,1,,,,,,
460930#2409-S20260720151000,460930,현대힘스,오버나잇,FullAuto,2026-07-20 15:10:00,13400,진입,,,"오버나잇: 등락 +1.6%, 범위 위치 34%",1.59,-1.55,0.336,154.3,0.90,1,,,,,,
024060#2402-S20260720151000,024060,흥구석유,오버나잇,FullAuto,2026-07-20 15:10:00,13290,진입,,,"오버나잇: 등락 +10.7%, 범위 위치 59%",10.66,0.06,0.592,172.3,0.84,1,,,,,,
010950#2404-S20260720151000,010950,S-Oil,오버나잇,FullAuto,2026-07-20 15:10:00,146800,진입,,,"오버나잇: 등락 +2.1%, 범위 위치 75%",2.09,-0.46,0.752,284.3,0.83,1,,,,,,
067310#2403-S20260720151000,067310,하나마이크론,오버나잇,FullAuto,2026-07-20 15:10:00,36750,진입,,,"오버나잇: 등락 +2.8%, 범위 위치 29%",2.80,-3.65,0.294,456.7,1.23,1,,,,,,
067290#2405-S20260720151000,067290,JW신약,오버나잇,FullAuto,2026-07-20 15:10:00,1996,진입,,,"오버나잇: 등락 +1.3%, 범위 위치 38%",1.32,-6.25,0.381,245.3,0.62,1,,,,,,
049080#2406-S20260720151000,049080,기가레인,오버나잇,FullAuto,2026-07-20 15:10:00,12530,진입,,,"오버나잇: 등락 +11.0%, 범위 위치 41%",10.98,-4.28,0.408,155.3,2.63,1,,,,,,
089030#2407-S20260720151000,089030,테크윙,오버나잇,FullAuto,2026-07-20 15:10:00,49000,진입,,,"오버나잇: 등락 -+0.4%, 범위 위치 31%",-0.41,-1.19,0.305,302.3,1.62,1,,,,,,
440110#2408-S20260720151000,440110,파두,오버나잇,FullAuto,2026-07-20 15:10:00,71900,진입,,,"오버나잇: 등락 +2.1%, 범위 위치 32%",2.13,-2.04,0.319,387.5,1.72,1,,,,,,
000660#2414-S20260721151000,000660,SK하이닉스,오버나잇,FullAuto,2026-07-21 15:10:00,1858000,차단,매수 가능 수량 0 (투입금/리스크/예수금 확인),,"오버나잇: 등락 +0.9%, 범위 위치 80%",0.92,1.87,0.803,299.3,0.63,1,1855000,1847000,,,1860000,1845000
066570#2415-S20260721151000,066570,LG전자,오버나잇,FullAuto,2026-07-21 15:10:00,172900,진입,,,"오버나잇: 등락 +1.9%, 범위 위치 86%",1.95,1.98,0.857,300.2,0.91,1,,,,,,
028260#2416-S20260721151000,028260,삼성물산,오버나잇,FullAuto,2026-07-21 15:10:00,344500,진입,,,"오버나잇: 등락 +5.2%, 범위 위치 93%",5.19,2.68,0.925,479.6,3.38,1,,,,,,
035420#2417-S20260721151000,035420,NAVER,오버나잇,FullAuto,2026-07-21 15:10:00,194300,진입,,,"오버나잇: 등락 +3.4%, 범위 위치 80%",3.35,1.31,0.796,305.3,0.99,1,,,,,,
006400#2420-S20260721151000,006400,삼성SDI,오버나잇,FullAuto,2026-07-21 15:10:00,416500,진입,,,"오버나잇: 등락 +1.6%, 범위 위치 94%",1.59,2.72,0.941,324.8,1.00,1,,,,,,
010120#2419-S20260721151000,010120,LS ELECTRIC,오버나잇,FullAuto,2026-07-21 15:10:00,190000,진입,,,"오버나잇: 등락 +2.6%, 범위 위치 86%",2.59,2.53,0.861,306.6,1.15,1,,,,,,
036930#2418-S20260721151000,036930,주성엔지니어링,오버나잇,FullAuto,2026-07-21 15:10:00,171200,진입,,,"오버나잇: 등락 +2.0%, 범위 위치 92%",1.97,2.73,0.922,363.7,0.68,1,,,,,,
105560#2421-S20260721151000,105560,KB금융,오버나잇,FullAuto,2026-07-21 15:10:00,173600,진입,,,"오버나잇: 등락 +1.9%, 범위 위치 91%",1.88,2.15,0.913,266.1,2.20,1,,,,,,
403870#2424-S20260722090727,403870,HPSP,ORB,FullAuto,2026-07-22 09:07:27,41650,진입,,,"ORB5 고가 41,600 돌파 (범위 3.4%, 등락 +6.5%) · A등급",6.52,1.72,1,182.1,1.39,1,,,,,,
036930#2427-S20260722090730,036930,주성엔지니어링,ORB,FullAuto,2026-07-22 09:07:30,181400,진입,,,"ORB5 고가 180,900 돌파 (범위 2.7%, 등락 +7.2%) · A등급",7.21,1.30,1,149.3,1.57,1,,,,,,
009150#2431-S20260722151000,009150,삼성전기,오버나잇,FullAuto,2026-07-22 15:10:00,1355000,진입,,,"오버나잇: 등락 +2.2%, 범위 위치 11%",2.19,-4.67,0.108,222.7,0.97,1,,,,,,
005380#2432-S20260722151000,005380,현대차,오버나잇,FullAuto,2026-07-22 15:10:00,418000,진입,,,"오버나잇: 등락 +3.5%, 범위 위치 30%",3.47,-1.78,0.302,332.5,0.69,1,,,,,,
066570#2433-S20260722151000,066570,LG전자,오버나잇,FullAuto,2026-07-22 15:10:00,183800,진입,,,"오버나잇: 등락 +6.3%, 범위 위치 30%",6.30,-2.12,0.305,225.9,1.22,1,,,,,,
034020#2434-S20260722151000,034020,두산에너빌리티,오버나잇,FullAuto,2026-07-22 15:10:00,69500,진입,,,"오버나잇: 등락 +3.0%, 범위 위치 30%",2.96,-1.99,0.304,347.8,0.41,1,,,,,,
035420#2435-S20260722151000,035420,NAVER,오버나잇,FullAuto,2026-07-22 15:10:00,197600,진입,,,"오버나잇: 등락 +1.6%, 범위 위치 13%",1.59,-1.52,0.130,222.4,0.27,1,,,,,,
058610#2436-S20260722151000,058610,에스피지,오버나잇,FullAuto,2026-07-22 15:10:00,82500,진입,,,"오버나잇: 등락 +10.6%, 범위 위치 54%",10.59,-1.69,0.542,188.3,1.06,1,,,,,,
042660#2438-S20260722151000,042660,한화오션,오버나잇,FullAuto,2026-07-22 15:10:00,84000,진입,,,"오버나잇: 등락 +1.8%, 범위 위치 28%",1.82,-0.97,0.282,421.5,1.47,1,,,,,,
006340#2437-S20260722151000,006340,대원전선,오버나잇,FullAuto,2026-07-22 15:10:00,12410,진입,,,"오버나잇: 등락 +4.8%, 범위 위치 20%",4.81,-3.66,0.202,193.5,0.34,1,,,,,,
100090#2443-S20260723090522,100090,SK오션플랜트,ORB,FullAuto,2026-07-23 09:05:22,15100,진입,,,"ORB5 고가 15,060 돌파 (범위 4.4%, 등락 +4.6%)",4.64,1.78,1,300,2.13,1,,,,,,
000660#2446-S20260723151000,000660,SK하이닉스,오버나잇,FullAuto,2026-07-23 15:10:00,1899000,차단,매수 가능 수량 0 (투입금/리스크/예수금 확인),,"오버나잇: 등락 +3.8%, 범위 위치 52%",3.77,-0.30,0.524,201.2,1.23,1,1906000,1907000,,,1914000,1894000
009150#2447-S20260723151000,009150,삼성전기,오버나잇,FullAuto,2026-07-23 15:10:00,1442000,진입,,,"오버나잇: 등락 +7.5%, 범위 위치 65%",7.45,0.68,0.653,439.1,0.61,1,,,,,,
017670#2450-S20260723151000,017670,SK텔레콤,오버나잇,FullAuto,2026-07-23 15:10:00,100200,진입,,,"오버나잇: 등락 +6.8%, 범위 위치 96%",6.82,2.76,0.958,435.6,1.28,1,,,,,,
005380#2448-S20260723151000,005380,현대차,오버나잇,FullAuto,2026-07-23 15:10:00,430000,진입,,,"오버나잇: 등락 +3.4%, 범위 위치 82%",3.37,0.55,0.818,494.3,1.50,1,,,,,,
006340#2449-S20260723151000,006340,대원전선,오버나잇,FullAuto,2026-07-23 15:10:00,14060,진입,,,"오버나잇: 등락 +15.6%, 범위 위치 84%",15.62,4.91,0.839,205.6,0.44,1,,,,,,
066570#2452-S20260723151000,066570,LG전자,오버나잇,FullAuto,2026-07-23 15:10:00,185600,진입,,,"오버나잇: 등락 +1.6%, 범위 위치 86%",1.64,1.29,0.859,303.8,0.61,1,,,,,,
096770#2453-S20260723151000,096770,SK이노베이션,오버나잇,FullAuto,2026-07-23 15:10:00,131000,진입,,,"오버나잇: 등락 +8.9%, 범위 위치 100%",8.89,3.02,1,453.7,0.54,1,,,,,,
028050#2451-S20260723151000,028050,삼성E&A,오버나잇,FullAuto,2026-07-23 15:10:00,46650,진입,,,"오버나잇: 등락 +13.0%, 범위 위치 65%",12.95,0.31,0.649,887.9,1.00,1,,,,,,
475150#2454-S20260724151000,475150,SK이터닉스,오버나잇,FullAuto,2026-07-24 15:10:00,81900,진입,,,"오버나잇: 등락 +1.6%, 범위 위치 52%",1.61,-0.19,0.525,225.8,0.35,1,,,,,,
207940#2455-S20260724151000,207940,삼성바이오로직스,오버나잇,FullAuto,2026-07-24 15:10:00,1519000,진입,,,"오버나잇: 등락 +9.5%, 범위 위치 89%",9.52,1.47,0.885,411.7,0.77,1,,,,,,
100090#2456-S20260724151000,100090,SK오션플랜트,오버나잇,FullAuto,2026-07-24 15:10:00,18390,진입,,,"오버나잇: 등락 +6.5%, 범위 위치 46%",6.55,-4.07,0.456,174.4,0.51,1,,,,,,
460930#2460-S20260724151000,460930,현대힘스,오버나잇,FullAuto,2026-07-24 15:10:00,16150,진입,,,"오버나잇: 등락 +16.9%, 범위 위치 79%",16.94,2.25,0.794,187.4,0.38,1,,,,,,
012450#2457-S20260724151000,012450,한화에어로스페이스,오버나잇,FullAuto,2026-07-24 15:10:00,976000,진입,,,"오버나잇: 등락 +2.5%, 범위 위치 12%",2.52,-2.43,0.119,288.9,0.51,1,,,,,,
079550#2459-S20260724151000,079550,LIG디펜스앤에어로스페이스,오버나잇,FullAuto,2026-07-24 15:10:00,761000,진입,,,"오버나잇: 등락 +3.7%, 범위 위치 40%",3.68,-1.45,0.397,407.9,0.25,1,,,,,,
028050#2458-S20260724151000,028050,삼성E&A,오버나잇,FullAuto,2026-07-24 15:10:00,47350,진입,,,"오버나잇: 등락 +1.5%, 범위 위치 48%",1.50,-0.96,0.481,328.0,1.03,1,,,,,,
068270#2461-S20260724151000,068270,셀트리온,오버나잇,FullAuto,2026-07-24 15:10:00,176700,진입,,,"오버나잇: 등락 +2.3%, 범위 위치 69%",2.26,-0.08,0.686,317.0,0.59,1,,,,,,
036930#2463-S20260727091730,036930,주성엔지니어링,ORB,FullAuto,2026-07-27 09:17:30,151300,진입,,,"ORB5 고가 150,800 돌파 (범위 4.0%, 등락 +7.3%)",7.30,2.76,1,185.6,6.62,1,,,,,,
000660#2466-S20260727151000,000660,SK하이닉스,오버나잇,FullAuto,2026-07-27 15:10:00,1814000,차단,매수 가능 수량 0 (투입금/리스크/예수금 확인),,"오버나잇: 등락 +1.9%, 범위 위치 91%",1.85,2.62,0.907,364.0,1.11,1,1815500,1821000,,,1821000,1813000
005380#2467-S20260727151000,005380,현대차,오버나잇,FullAuto,2026-07-27 15:10:00,401500,진입,,,"오버나잇: 등락 +0.2%, 범위 위치 46%",0.25,0.14,0.457,750.7,0.78,1,,,,,,
042660#2468-S20260727151000,042660,한화오션,오버나잇,FullAuto,2026-07-27 15:10:00,88500,진입,,,"오버나잇: 등락 +0.2%, 범위 위치 68%",0.23,1.45,0.681,208.7,0.68,1,,,,,,
066570#2471-S20260727151000,066570,LG전자,오버나잇,FullAuto,2026-07-27 15:10:00,172200,진입,,,"오버나잇: 등락 +1.5%, 범위 위치 39%",1.47,0.08,0.386,323.3,0.49,1,,,,,,
006340#2469-S20260727151000,006340,대원전선,오버나잇,FullAuto,2026-07-27 15:10:00,14160,진입,,,"오버나잇: 등락 +3.1%, 범위 위치 39%",3.13,-0.66,0.388,412.3,1.89,1,,,,,,
207940#2472-S20260727151000,207940,삼성바이오로직스,오버나잇,FullAuto,2026-07-27 15:10:00,1546000,진입,,,"오버나잇: 등락 +3.1%, 범위 위치 67%",3.14,0.00,0.674,323.5,0.51,1,,,,,,
036930#2470-S20260727151000,036930,주성엔지니어링,오버나잇,FullAuto,2026-07-27 15:10:00,149300,진입,,,"오버나잇: 등락 +5.9%, 범위 위치 63%",5.89,0.71,0.63,364.9,1.13,1,,,,,,
105560#2473-S20260727151000,105560,KB금융,오버나잇,FullAuto,2026-07-27 15:10:00,172600,진입,,,"오버나잇: 등락 +0.6%, 범위 위치 56%",0.64,0.19,0.556,299.4,1.29,1,,,,,,
413630#2474-S20260728151000,413630,씨피시스템,오버나잇,FullAuto,2026-07-28 15:10:00,4095,진입,,,"오버나잇: 등락 +0.7%, 범위 위치 6%",0.74,-11.04,0.061,163.8,0.66,1,,,,,,
460930#2475-S20260728151000,460930,현대힘스,오버나잇,FullAuto,2026-07-28 15:10:00,14165,진입,,,"오버나잇: 등락 +1.7%, 범위 위치 14%",1.69,-8.61,0.144,265.3,0.60,2,,,,,,
214450#2477-S20260728151000,214450,파마리서치,오버나잇,FullAuto,2026-07-28 15:10:00,383500,진입,,,"오버나잇: 등락 +3.0%, 범위 위치 97%",2.95,2.69,0.966,299.5,0.83,1,,,,,,
439960#2476-S20260728151000,439960,코스모로보틱스,오버나잇,FullAuto,2026-07-28 15:10:00,14740,진입,,,"오버나잇: 등락 +2.9%, 범위 위치 34%",2.93,-4.59,0.338,170.4,0.92,1,,,,,,
108860#2478-S20260728151000,108860,셀바스AI,오버나잇,FullAuto,2026-07-28 15:10:00,8760,진입,,,"오버나잇: 등락 +7.9%, 범위 위치 27%",7.88,-3.59,0.272,188.2,1.64,1,,,,,,
199430#2481-S20260728151000,199430,케이엔알시스템,오버나잇,FullAuto,2026-07-28 15:10:00,18070,진입,,,"오버나잇: 등락 +26.6%, 범위 위치 86%",26.63,6.15,0.865,158.2,0.48,1,,,,,,
332570#2479-S20260728151000,332570,PS일렉트로닉스,오버나잇,FullAuto,2026-07-28 15:10:00,7700,진입,,,"오버나잇: 등락 +6.2%, 범위 위치 85%",6.21,2.39,0.848,375.6,1.30,1,,,,,,
396300#2480-S20260728151000,396300,HT로보틱스,오버나잇,FullAuto,2026-07-28 15:10:00,3705,진입,,,"오버나잇: 등락 +6.0%, 범위 위치 39%",6.01,-6.58,0.392,176.5,0.76,1,,,,,,
068270#2489-S20260729151000,068270,셀트리온,오버나잇,FullAuto,2026-07-29 15:10:00,179100,진입,,,"오버나잇: 등락 +1.2%, 범위 위치 16%",1.19,-2.12,0.157,242.1,1.78,1,,,,,,
058610#2491-S20260729151000,058610,에스피지,오버나잇,FullAuto,2026-07-29 15:10:00,80800,진입,,,"오버나잇: 등락 +20.8%, 범위 위치 86%",20.78,4.87,0.858,273.3,0.44,1,,,,,,
012330#2490-S20260729151000,012330,현대모비스,오버나잇,FullAuto,2026-07-29 15:10:00,437500,진입,,,"오버나잇: 등락 +1.6%, 범위 위치 26%",1.63,-2.03,0.261,259.2,0.86,1,,,,,,
003230#2492-S20260729151000,003230,삼양식품,오버나잇,FullAuto,2026-07-29 15:10:00,1224000,진입,,,"오버나잇: 등락 +3.4%, 범위 위치 38%",3.38,-2.55,0.384,207.9,0.43,1,,,,,,
277810#2494-S20260729151000,277810,레인보우로보틱스,오버나잇,FullAuto,2026-07-29 15:10:00,402500,진입,,,"오버나잇: 등락 +1.6%, 범위 위치 50%",1.64,0.23,0.503,347.8,0.88,1,,,,,,
214450#2493-S20260729151000,214450,파마리서치,오버나잇,FullAuto,2026-07-29 15:10:00,389000,진입,,,"오버나잇: 등락 +3.0%, 범위 위치 78%",3.05,1.09,0.782,278.4,1.18,1,,,,,,
439960#2495-S20260729151000,439960,코스모로보틱스,오버나잇,FullAuto,2026-07-29 15:10:00,15860,진입,,,"오버나잇: 등락 +4.9%, 범위 위치 26%",4.89,-4.90,0.264,143.6,0.82,1,,,,,,
068270#2500-S20260730151000,068270,셀트리온,오버나잇,FullAuto,2026-07-30 15:10:00,189200,진입,,,"오버나잇: 등락 +4.2%, 범위 위치 79%",4.19,0.06,0.788,260.1,0.77,1,,,,,,
042700#2501-S20260730151000,042700,한미반도체,오버나잇,FullAuto,2026-07-30 15:10:00,167900,진입,,,"오버나잇: 등락 +2.0%, 범위 위치 46%",2.00,0.00,0.462,217.4,1.04,1,,,,,,
042660#2502-S20260730151000,042660,한화오션,오버나잇,FullAuto,2026-07-30 15:10:00,78700,진입,,,"오버나잇: 등락 +4.5%, 범위 위치 59%",4.52,-0.96,0.588,291.8,0.74,1,,,,,,
105560#2503-S20260730151000,105560,KB금융,오버나잇,FullAuto,2026-07-30 15:10:00,166600,진입,,,"오버나잇: 등락 +1.7%, 범위 위치 56%",1.71,-0.25,0.564,232.8,0.98,1,,,,,,
012450#2504-S20260730151000,012450,한화에어로스페이스,오버나잇,FullAuto,2026-07-30 15:10:00,865000,진입,,,"오버나잇: 등락 +5.6%, 범위 위치 54%",5.62,-1.76,0.539,292.3,1.46,1,,,,,,
003230#2505-S20260730151000,003230,삼양식품,오버나잇,FullAuto,2026-07-30 15:10:00,1242000,진입,,,"오버나잇: 등락 +1.0%, 범위 위치 33%",0.98,-1.02,0.330,271.1,0.80,1,,,,,,
329180#2507-S20260730151000,329180,HD현대중공업,오버나잇,FullAuto,2026-07-30 15:10:00,446000,진입,,,"오버나잇: 등락 +2.6%, 범위 위치 52%",2.65,-1.20,0.519,331.2,0.55,1,,,,,,
009540#2506-S20260730151000,009540,HD한국조선해양,오버나잇,FullAuto,2026-07-30 15:10:00,369500,진입,,,"오버나잇: 등락 +8.8%, 범위 위치 84%",8.84,0.98,0.837,337.3,0.98,1,,,,,,
066570#2517-S20260731093527,066570,LG전자,ORB,FullAuto,2026-07-31 09:35:27,159000,시간외,진입 가능 시간 09:05~09:30 밖,,"ORB5 고가 158,900 돌파 (범위 3.1%, 등락 +7.0%)",7.00,2.32,1,278.1,2.40,1,157650,156400,161900,157300,162400,156300
000660#2521-S20260731151000,000660,SK하이닉스,오버나잇,FullAuto,2026-07-31 15:10:00,1718000,차단,매수 가능 수량 0 (투입금/리스크/예수금 확인),,"오버나잇: 등락 +26.4%, 범위 위치 100%",26.42,3.37,1,1459.1,0.54,1,1718000,1718000,,,1718000,1718000
009150#2522-S20260731151000,009150,삼성전기,오버나잇,FullAuto,2026-07-31 15:10:00,1142000,진입,,,"오버나잇: 등락 +27.7%, 범위 위치 100%",27.74,1.68,1,300,0.64,1,,,,,,
005380#2523-S20260731151000,005380,현대차,오버나잇,FullAuto,2026-07-31 15:10:00,389500,진입,,,"오버나잇: 등락 +10.2%, 범위 위치 92%",10.18,2.56,0.922,737.0,1.46,1,,,,,,
010120#2524-S20260731151000,010120,LS ELECTRIC,오버나잇,FullAuto,2026-07-31 15:10:00,186400,진입,,,"오버나잇: 등락 +22.3%, 범위 위치 99%",22.31,4.15,0.991,356.9,1.33,1,,,,,,
028260#2528-S20260731151000,028260,삼성물산,오버나잇,FullAuto,2026-07-31 15:10:00,349500,진입,,,"오버나잇: 등락 +16.9%, 범위 위치 78%",16.89,1.30,0.781,908.2,0.97,1,,,,,,
066570#2526-S20260731151000,066570,LG전자,오버나잇,FullAuto,2026-07-31 15:10:00,161500,진입,,,"오버나잇: 등락 +8.7%, 범위 위치 91%",8.68,2.54,0.909,286.7,0.72,1,,,,,,
058610#2527-S20260731151000,058610,에스피지,오버나잇,FullAuto,2026-07-31 15:10:00,95900,진입,,,"오버나잇: 등락 +25.2%, 범위 위치 90%",25.20,7.74,0.902,260.5,0.50,1,,,,,,
475150#2525-S20260731151230,475150,SK이터닉스,오버나잇,FullAuto,2026-07-31 15:12:30,45550,진입,,,"오버나잇: 등락 +9.0%, 범위 위치 31%",8.97,-2.74,0.306,444.8,1.88,1,,,,,,
009150#2536-S20260803151000,009150,삼성전기,오버나잇,FullAuto,2026-08-03 15:10:00,1170000,진입,,,"오버나잇: 등락 +2.5%, 범위 위치 14%",2.45,-2.56,0.143,289.7,0.79,1,,,,,,
058610#2537-S20260803151000,058610,에스피지,오버나잇,FullAuto,2026-08-03 15:10:00,107500,진입,,,"오버나잇: 등락 +15.5%, 범위 위치 56%",15.47,0.05,0.561,230.1,0.93,1,,,,,,
005380#2538-S20260803151000,005380,현대차,오버나잇,FullAuto,2026-08-03 15:10:00,390000,진입,,,"오버나잇: 등락 +1.8%, 범위 위치 55%",1.83,-0.41,0.549,503.7,0.30,1,,,,,,
439960#2539-S20260803151000,439960,코스모로보틱스,오버나잇,FullAuto,2026-08-03 15:10:00,17520,진입,,,"오버나잇: 등락 +18.9%, 범위 위치 52%",18.86,0.01,0.522,180.3,1.50,1,,,,,,
277810#2540-S20260803151000,277810,레인보우로보틱스,오버나잇,FullAuto,2026-08-03 15:10:00,458000,진입,,,"오버나잇: 등락 +7.6%, 범위 위치 52%",7.64,-1.23,0.518,266.0,0.41,1,,,,,,
010120#2541-S20260803151000,010120,LS ELECTRIC,오버나잇,FullAuto,2026-08-03 15:10:00,187400,진입,,,"오버나잇: 등락 +2.8%, 범위 위치 73%",2.80,-0.02,0.726,292.9,0.75,1,,,,,,
012330#2542-S20260803151000,012330,현대모비스,오버나잇,FullAuto,2026-08-03 15:10:00,488000,진입,,,"오버나잇: 등락 +3.6%, 범위 위치 59%",3.61,-0.25,0.594,466.9,1.30,1,,,,,,
036930#2543-S20260803151000,036930,주성엔지니어링,오버나잇,FullAuto,2026-08-03 15:10:00,128100,진입,,,"오버나잇: 등락 +2.9%, 범위 위치 56%",2.89,0.34,0.559,435.4,0.56,1,,,,,,
240810#2549-S20260804090525,240810,원익IPS,ORB,FullAuto,2026-08-04 09:05:25,99600,진입,,,"ORB5 고가 99,500 돌파 (범위 4.6%, 등락 +6.3%)",6.30,2.36,1,209.1,1.70,1,,,,,,
000660#2555-S20260804151000,000660,SK하이닉스,오버나잇,FullAuto,2026-08-04 15:10:00,1563000,진입,,,"오버나잇: 등락 +2.8%, 범위 위치 54%",2.76,1.44,0.544,238.1,0.74,1,,,,,,
009150#2556-S20260804151000,009150,삼성전기,오버나잇,FullAuto,2026-08-04 15:10:00,1182000,진입,,,"오버나잇: 등락 +2.5%, 범위 위치 42%",2.52,1.13,0.419,277.3,1.06,1,,,,,,
402340#2557-S20260804151000,402340,SK스퀘어,오버나잇,FullAuto,2026-08-04 15:10:00,1054000,진입,,,"오버나잇: 등락 +6.6%, 범위 위치 57%",6.57,1.92,0.567,343.1,1.36,1,,,,,,
005380#2558-S20260804151000,005380,현대차,오버나잇,FullAuto,2026-08-04 15:10:00,390500,진입,,,"오버나잇: 등락 +1.7%, 범위 위치 69%",1.69,1.58,0.690,700.2,0.87,1,,,,,,
034020#2560-S20260804151000,034020,두산에너빌리티,오버나잇,FullAuto,2026-08-04 15:10:00,73100,진입,,,"오버나잇: 등락 +10.1%, 범위 위치 98%",10.09,2.83,0.981,645.8,0.88,1,,,,,,
017670#2559-S20260804151000,017670,SK텔레콤,오버나잇,FullAuto,2026-08-04 15:10:00,91700,진입,,,"오버나잇: 등락 +13.5%, 범위 위치 79%",13.49,1.24,0.794,342.7,0.87,1,,,,,,
058610#2561-S20260804151000,058610,에스피지,오버나잇,FullAuto,2026-08-04 15:10:00,108100,진입,,,"오버나잇: 등락 +3.1%, 범위 위치 63%",3.05,0.08,0.633,411.0,0.79,1,,,,,,
066570#2562-S20260804151000,066570,LG전자,오버나잇,FullAuto,2026-08-04 15:10:00,164800,진입,,,"오버나잇: 등락 +5.8%, 범위 위치 76%",5.84,2.05,0.760,561.0,0.76,1,,,,,,
000660#2572-S20260805151000,000660,SK하이닉스,오버나잇,FullAuto,2026-08-05 15:10:00,1693000,차단,매수 가능 수량 0 (투입금/리스크/예수금 확인),,"오버나잇: 등락 +5.2%, 범위 위치 85%",5.22,0.85,0.852,310.0,1.44,1,1697000,1682000,,,1699000,1680000
009150#2573-S20260805151000,009150,삼성전기,오버나잇,FullAuto,2026-08-05 15:10:00,1359000,진입,,,"오버나잇: 등락 +10.3%, 범위 위치 86%",10.31,2.05,0.862,414.1,1.72,1,,,,,,
402340#2574-S20260805151000,402340,SK스퀘어,오버나잇,FullAuto,2026-08-05 15:10:00,1128000,진입,,,"오버나잇: 등락 +4.7%, 범위 위치 30%",4.74,-0.14,0.299,2361.6,1.11,1,,,,,,
006340#2575-S20260805151000,006340,대원전선,오버나잇,FullAuto,2026-08-05 15:10:00,15440,진입,,,"오버나잇: 등락 +12.0%, 범위 위치 54%",11.97,-1.73,0.542,212.5,0.85,1,,,,,,
010170#2576-S20260805151000,010170,대한광통신,오버나잇,FullAuto,2026-08-05 15:10:00,12030,진입,,,"오버나잇: 등락 +18.2%, 범위 위치 58%",18.17,-0.01,0.578,187.9,1.24,1,,,,,,
066570#2577-S20260805151000,066570,LG전자,오버나잇,FullAuto,2026-08-05 15:10:00,180300,진입,,,"오버나잇: 등락 +8.5%, 범위 위치 93%",8.48,2.02,0.926,328.1,0.75,1,,,,,,
005380#2579-S20260805151000,005380,현대차,오버나잇,FullAuto,2026-08-05 15:10:00,406000,진입,,,"오버나잇: 등락 +2.9%, 범위 위치 52%",2.92,-0.01,0.524,1155.7,2.67,1,,,,,,
278470#2578-S20260805151000,278470,에이피알,오버나잇,FullAuto,2026-08-05 15:10:00,359000,진입,,,"오버나잇: 등락 +0.4%, 범위 위치 58%",0.42,0.88,0.575,486.2,1.49,1,,,,,,
278470#2586-S20260806151000,278470,에이피알,오버나잇,FullAuto,2026-08-06 15:10:00,378500,진입,,,"오버나잇: 등락 +5.1%, 범위 위치 70%",5.14,0.67,0.697,329.2,1.14,1,,,,,,
012450#2590-S20260806151000,012450,한화에어로스페이스,오버나잇,FullAuto,2026-08-06 15:10:00,1059000,진입,,,"오버나잇: 등락 +5.5%, 범위 위치 79%",5.48,0.90,0.788,398.1,0.79,1,,,,,,
073240#2585-S20260806151000,073240,금호타이어,오버나잇,FullAuto,2026-08-06 15:10:00,7880,진입,,,"오버나잇: 등락 +9.4%, 범위 위치 56%",9.44,-1.00,0.563,176.9,1.94,1,,,,,,
058610#2592-S20260806151000,058610,에스피지,오버나잇,FullAuto,2026-08-06 15:10:00,109100,진입,,,"오버나잇: 등락 +3.2%, 범위 위치 19%",3.22,-2.23,0.193,307.7,0.81,1,,,,,,
034020#2587-S20260806151000,034020,두산에너빌리티,오버나잇,FullAuto,2026-08-06 15:10:00,76100,진입,,,"오버나잇: 등락 +0.5%, 범위 위치 40%",0.53,-0.42,0.4,579.0,0.88,1,,,,,,
006400#2589-S20260806151000,006400,삼성SDI,오버나잇,FullAuto,2026-08-06 15:10:00,429500,진입,,,"오버나잇: 등락 +1.8%, 범위 위치 39%",1.78,-0.33,0.393,678.8,1.23,1,,,,,,
068270#2588-S20260806151000,068270,셀트리온,오버나잇,FullAuto,2026-08-06 15:10:00,194500,진입,,,"오버나잇: 등락 +2.0%, 범위 위치 72%",2.05,0.52,0.723,305.0,1.83,1,,,,,,
047040#2591-S20260806151000,047040,대우건설,오버나잇,FullAuto,2026-08-06 15:10:00,16870,진입,,,"오버나잇: 등락 +3.9%, 범위 위치 63%",3.94,0.50,0.630,272.6,1.49,1,,,,,,
009150#2593-S20260807151000,009150,삼성전기,오버나잇,FullAuto,2026-08-07 15:10:00,1284000,진입,,,"오버나잇: 등락 +4.6%, 범위 위치 71%",4.65,1.01,0.708,327.4,1.72,1,,,,,,
066570#2595-S20260807151000,066570,LG전자,오버나잇,FullAuto,2026-08-07 15:10:00,184500,진입,,,"오버나잇: 등락 +5.4%, 범위 위치 65%",5.37,1.45,0.646,369.1,1.01,1,,,,,,
006400#2594-S20260807151000,006400,삼성SDI,오버나잇,FullAuto,2026-08-07 15:10:00,458000,진입,,,"오버나잇: 등락 +4.8%, 범위 위치 67%",4.81,0.96,0.672,466.8,1.24,1,,,,,,
096770#2597-S20260807151000,096770,SK이노베이션,오버나잇,FullAuto,2026-08-07 15:10:00,119700,진입,,,"오버나잇: 등락 +10.3%, 범위 위치 98%",10.32,4.18,0.981,388.2,0.85,1,,,,,,
298040#2598-S20260807151000,298040,효성중공업,오버나잇,FullAuto,2026-08-07 15:10:00,2824000,차단,매수 가능 수량 0 (투입금/리스크/예수금 확인),,"오버나잇: 등락 +2.9%, 범위 위치 62%",2.92,0.15,0.618,348.1,1.08,1,2831000,2835000,,,2836000,2820000
068270#2599-S20260807151000,068270,셀트리온,오버나잇,FullAuto,2026-08-07 15:10:00,199000,진입,,,"오버나잇: 등락 +2.2%, 범위 위치 98%",2.16,0.84,0.983,677.9,0.85,1,,,,,,
010170#2596-S20260807151000,010170,대한광통신,오버나잇,FullAuto,2026-08-07 15:10:00,11390,진입,,,"오버나잇: 등락 +2.9%, 범위 위치 33%",2.89,-1.05,0.333,690.2,1.73,1,,,,,,
066970#2600-S20260807151000,066970,엘앤에프,오버나잇,FullAuto,2026-08-07 15:10:00,90200,진입,,,"오버나잇: 등락 +8.4%, 범위 위치 49%",8.41,0.79,0.493,357.9,1.03,1,,,,,,
240810#2604-S20260810090525,240810,원익IPS,ORB,FullAuto,2026-08-10 09:05:25,93400,진입,,,"ORB5 고가 93,200 돌파 (범위 5.3%, 등락 +5.8%)",5.78,1.75,1,155.4,1.28,1,,,,,,
006360#2610-S20260810091430,006360,GS건설,ORB,FullAuto,2026-08-10 09:14:30,33950,진입,,,"ORB5 고가 33,850 돌파 (범위 5.8%, 등락 +7.3%)",7.27,2.06,1,337.9,2.69,1,,,,,,
006340#2609-S20260810092915,006340,대원전선,ORB,FullAuto,2026-08-10 09:29:15,14490,진입,,,"ORB5 고가 14,470 돌파 (범위 3.8%, 등락 +5.1%)",5.08,1.95,1,200.1,6.39,1,,,,,,
196170#2611-S20260810151000,196170,알테오젠,오버나잇,FullAuto,2026-08-10 15:10:00,347000,진입,,,"오버나잇: 등락 +13.8%, 범위 위치 79%",13.77,1.08,0.791,523.0,1.03,1,,,,,,
010170#2612-S20260810151000,010170,대한광통신,오버나잇,FullAuto,2026-08-10 15:10:00,13610,진입,,,"오버나잇: 등락 +18.8%, 범위 위치 75%",18.76,1.87,0.753,613.5,0.63,1,,,,,,
080220#2613-S20260810151000,080220,제주반도체,오버나잇,FullAuto,2026-08-10 15:10:00,87300,진입,,,"오버나잇: 등락 +15.8%, 범위 위치 69%",15.78,1.19,0.693,485.3,1.42,1,,,,,,
006400#2614-S20260810151000,006400,삼성SDI,오버나잇,FullAuto,2026-08-10 15:10:00,483000,진입,,,"오버나잇: 등락 +6.2%, 범위 위치 96%",6.15,3.32,0.965,469.6,1.05,1,,,,,,
066570#2615-S20260810151000,066570,LG전자,오버나잇,FullAuto,2026-08-10 15:10:00,189900,진입,,,"오버나잇: 등락 +2.2%, 범위 위치 93%",2.21,1.31,0.928,519.6,1.09,1,,,,,,
012450#2618-S20260810151000,012450,한화에어로스페이스,오버나잇,FullAuto,2026-08-10 15:10:00,1155000,진입,,,"오버나잇: 등락 +5.9%, 범위 위치 75%",5.87,-0.07,0.754,1627.7,0.36,1,,,,,,
005380#2617-S20260810151000,005380,현대차,오버나잇,FullAuto,2026-08-10 15:10:00,408000,진입,,,"오버나잇: 등락 +2.5%, 범위 위치 86%",2.51,1.05,0.861,502.7,1.42,1,,,,,,
009830#2616-S20260810151000,009830,한화솔루션,오버나잇,FullAuto,2026-08-10 15:10:00,35300,진입,,,"오버나잇: 등락 +4.1%, 범위 위치 75%",4.13,0.97,0.745,422.8,0.44,1,,,,,,
002990#2623-S20260811090530,002990,금호건설,ORB,FullAuto,2026-08-11 09:05:30,9290,진입,,,"ORB5 고가 9,260 돌파 (범위 3.6%, 등락 +5.1%) · A등급",5.09,1.82,1,200.0,1.66,1,,,,,,
439090#2624-S20260811090630,439090,마녀공장,ORB,FullAuto,2026-08-11 09:06:30,18760,진입,,,"ORB5 고가 18,740 돌파 (범위 3.0%, 등락 +7.6%) · A등급",7.57,1.35,1,135.3,1.20,1,,,,,,
000660#2628-S20260811151000,000660,SK하이닉스,오버나잇,FullAuto,2026-08-11 15:10:00,1435000,진입,,,"오버나잇: 등락 +1.2%, 범위 위치 76%",1.20,1.47,0.756,346.7,1.37,1,,,,,,
009150#2629-S20260811151000,009150,삼성전기,오버나잇,FullAuto,2026-08-11 15:10:00,1276000,진입,,,"오버나잇: 등락 +0.1%, 범위 위치 80%",0.08,2.34,0.802,509.0,1.10,1,,,,,,
402340#2630-S20260811151000,402340,SK스퀘어,오버나잇,FullAuto,2026-08-11 15:10:00,952000,진입,,,"오버나잇: 등락 +1.2%, 범위 위치 86%",1.17,1.63,0.864,454.1,1.51,1,,,,,,
036930#2631-S20260811151000,036930,주성엔지니어링,오버나잇,FullAuto,2026-08-11 15:10:00,161900,진입,,,"오버나잇: 등락 +11.8%, 범위 위치 79%",11.81,2.20,0.790,208.3,0.88,1,,,,,,
058610#2632-S20260811151000,058610,에스피지,오버나잇,FullAuto,2026-08-11 15:10:00,113600,진입,,,"오버나잇: 등락 +5.8%, 범위 위치 38%",5.77,-1.75,0.381,321.8,0.87,1,,,,,,
009830#2633-S20260811151000,009830,한화솔루션,오버나잇,FullAuto,2026-08-11 15:10:00,36500,진입,,,"오버나잇: 등락 +3.5%, 범위 위치 67%",3.55,0.23,0.673,427.4,0.93,1,,,,,,
080220#2634-S20260811151000,080220,제주반도체,오버나잇,FullAuto,2026-08-11 15:10:00,90100,진입,,,"오버나잇: 등락 +2.7%, 범위 위치 47%",2.74,-0.86,0.472,674.5,1.84,1,,,,,,
073240#2635-S20260811151000,073240,금호타이어,오버나잇,FullAuto,2026-08-11 15:10:00,7470,진입,,,"오버나잇: 등락 +1.4%, 범위 위치 75%",1.36,1.56,0.75,300.2,0.86,1,,,,,,
402340#2638-S20260812090510,402340,SK스퀘어,ORB,FullAuto,2026-08-12 09:05:10,998000,진입,,,"ORB5 고가 997,000 돌파 (범위 3.6%, 등락 +4.8%) · A등급",4.83,1.45,1,174.6,0.92,1,,,,,,
066570#2639-S20260812090520,066570,LG전자,ORB,FullAuto,2026-08-12 09:05:20,189000,진입,,,"ORB5 고가 188,700 돌파 (범위 2.5%, 등락 +3.6%) · A등급",3.62,1.01,1,300.0,1.60,1,,,,,,
006340#2637-S20260812090530,006340,대원전선,ORB,FullAuto,2026-08-12 09:05:30,15490,진입,,,"ORB5 고가 15,480 돌파 (범위 3.1%, 등락 +6.7%) · A등급",6.68,1.73,1,380.6,1.50,1,,,,,,
000660#2644-S20260812151000,000660,SK하이닉스,오버나잇,FullAuto,2026-08-12 15:10:00,1510000,진입,,,"오버나잇: 등락 +5.4%, 범위 위치 64%",5.37,1.16,0.642,389.2,1.23,1,,,,,,
009150#2645-S20260812151000,009150,삼성전기,오버나잇,FullAuto,2026-08-12 15:10:00,1337000,진입,,,"오버나잇: 등락 +4.7%, 범위 위치 83%",4.70,1.41,0.827,432.2,1.46,1,,,,,,
402340#2646-S20260812151000,402340,SK스퀘어,오버나잇,FullAuto,2026-08-12 15:10:00,1036000,진입,,,"오버나잇: 등락 +8.8%, 범위 위치 81%",8.82,1.85,0.813,317.3,1.80,1,,,,,,
161890#2647-S20260812151000,161890,한국콜마,오버나잇,FullAuto,2026-08-12 15:10:00,132600,진입,,,"오버나잇: 등락 +16.3%, 범위 위치 77%",16.32,1.31,0.771,253.2,0.88,1,,,,,,
036930#2648-S20260812151000,036930,주성엔지니어링,오버나잇,FullAuto,2026-08-12 15:10:00,174000,진입,,,"오버나잇: 등락 +7.1%, 범위 위치 70%",7.14,1.61,0.699,248.3,0.83,1,,,,,,
006340#2649-S20260812151000,006340,대원전선,오버나잇,FullAuto,2026-08-12 15:10:00,15965,진입,,,"오버나잇: 등락 +10.0%, 범위 위치 89%",9.95,2.08,0.892,237.0,0.61,2,,,,,,
257720#2650-S20260812151000,257720,실리콘투,오버나잇,FullAuto,2026-08-12 15:10:00,45050,진입,,,"오버나잇: 등락 +10.1%, 범위 위치 58%",10.15,-1.18,0.579,239.2,0.83,1,,,,,,
006400#2651-S20260812151000,006400,삼성SDI,오버나잇,FullAuto,2026-08-12 15:10:00,487500,진입,,,"오버나잇: 등락 +5.1%, 범위 위치 76%",5.06,0.90,0.757,492.5,1.93,1,,,,,,
001820#2654-S20260813090520,001820,삼화콘덴서,ORB,FullAuto,2026-08-13 09:05:20,96300,진입,,,"ORB5 고가 96,200 돌파 (범위 5.1%, 등락 +9.4%)",9.43,2.06,1,210.2,1.95,1,,,,,,
073240#2653-S20260813090520,073240,금호타이어,ORB,FullAuto,2026-08-13 09:05:20,7800,진입,,,"ORB5 고가 7,790 돌파 (범위 5.6%, 등락 +5.8%)",5.83,2.12,1,306.8,1.94,1,,,,,,
000660#2661-S20260813151000,000660,SK하이닉스,오버나잇,FullAuto,2026-08-13 15:10:00,1591000,진입,,,"오버나잇: 등락 +4.6%, 범위 위치 36%",4.60,-1.13,0.358,230.2,0.67,1,,,,,,
009150#2662-S20260813151000,009150,삼성전기,오버나잇,FullAuto,2026-08-13 15:10:00,1505000,진입,,,"오버나잇: 등락 +11.6%, 범위 위치 68%",11.65,0.11,0.684,207.5,0.75,1,,,,,,
402340#2663-S20260813151000,402340,SK스퀘어,오버나잇,FullAuto,2026-08-13 15:10:00,1111500,진입,,,"오버나잇: 등락 +5.9%, 범위 위치 43%",5.86,-0.62,0.434,226.7,0.68,2,,,,,,
005380#2665-S20260813151000,005380,현대차,오버나잇,FullAuto,2026-08-13 15:10:00,416000,진입,,,"오버나잇: 등락 +1.0%, 범위 위치 6%",0.97,-1.46,0.061,366.6,0.69,1,,,,,,
001820#2664-S20260813151000,001820,삼화콘덴서,오버나잇,FullAuto,2026-08-13 15:10:00,102800,진입,,,"오버나잇: 등락 +16.8%, 범위 위치 59%",16.82,-1.03,0.585,241.4,0.80,1,,,,,,
017670#2668-S20260813151000,017670,SK텔레콤,오버나잇,FullAuto,2026-08-13 15:10:00,91500,진입,,,"오버나잇: 등락 +4.0%, 범위 위치 25%",3.98,-1.28,0.254,367.9,1.13,1,,,,,,
073240#2667-S20260813151000,073240,금호타이어,오버나잇,FullAuto,2026-08-13 15:10:00,8260,진입,,,"오버나잇: 등락 +12.1%, 범위 위치 87%",12.08,3.74,0.871,258.8,1.17,1,,,,,,
036930#2666-S20260813151000,036930,주성엔지니어링,오버나잇,FullAuto,2026-08-13 15:10:00,177400,진입,,,"오버나잇: 등락 +2.0%, 범위 위치 35%",1.95,-0.94,0.352,312.7,1.83,1,,,,,,
036930#2676-S20260814090525,036930,주성엔지니어링,ORB,FullAuto,2026-08-14 09:05:25,186500,진입,,,"ORB5 고가 186,400 돌파 (범위 2.9%, 등락 +4.0%) · A등급",4.02,1.27,1,142.5,1.93,1,,,,,,
257720#2671-S20260814090725,257720,실리콘투,ORB,FullAuto,2026-08-14 09:07:25,43150,진입,,,"ORB5 고가 43,100 돌파 (범위 3.7%, 등락 +6.0%) · A등급",6.02,1.30,1,314.0,1.58,1,,,,,,
000660#2680-S20260814151000,000660,SK하이닉스,오버나잇,FullAuto,2026-08-14 15:10:00,1643000,진입,,,"오버나잇: 등락 +4.5%, 범위 위치 24%",4.52,-0.91,0.239,356.5,1.43,1,,,,,,
009150#2681-S20260814151000,009150,삼성전기,오버나잇,FullAuto,2026-08-14 15:10:00,1566000,진입,,,"오버나잇: 등락 +4.9%, 범위 위치 52%",4.89,0.82,0.519,583.6,0.86,1,,,,,,
402340#2682-S20260814151000,402340,SK스퀘어,오버나잇,FullAuto,2026-08-14 15:10:00,1150000,진입,,,"오버나잇: 등락 +5.0%, 범위 위치 36%",5.02,-0.14,0.364,890.4,0.66,1,,,,,,
005380#2683-S20260814151000,005380,현대차,오버나잇,FullAuto,2026-08-14 15:10:00,454000,진입,,,"오버나잇: 등락 +8.9%, 범위 위치 94%",8.87,1.74,0.942,597.4,0.70,1,,,,,,
017670#2684-S20260814151000,017670,SK텔레콤,오버나잇,FullAuto,2026-08-14 15:10:00,100500,진입,,,"오버나잇: 등락 +9.2%, 범위 위치 97%",9.24,1.90,0.966,332.1,0.91,1,,,,,,
042660#2685-S20260814151000,042660,한화오션,오버나잇,FullAuto,2026-08-14 15:10:00,95300,진입,,,"오버나잇: 등락 +5.5%, 범위 위치 30%",5.54,-0.34,0.3,495.0,0.69,1,,,,,,
034020#2687-S20260814151000,034020,두산에너빌리티,오버나잇,FullAuto,2026-08-14 15:10:00,82150,진입,,,"오버나잇: 등락 +0.3%, 범위 위치 24%",0.31,-0.34,0.245,1078.4,1.02,2,,,,,,
058610#2686-S20260814151000,058610,에스피지,오버나잇,FullAuto,2026-08-14 15:10:00,118800,진입,,,"오버나잇: 등락 +6.4%, 범위 위치 57%",6.36,-0.43,0.573,469.5,0.61,1,,,,,,
403870#2690-S20260818090527,403870,HPSP,ORB,FullAuto,2026-08-18 09:05:27,42300,진입,,,"ORB5 고가 42,200 돌파 (범위 3.6%, 등락 +4.7%) · A등급",4.70,1.33,1,325.8,1.73,1,,,,,,
036930#2696-S20260818090927,036930,주성엔지니어링,ORB,FullAuto,2026-08-18 09:09:27,187000,진입,,,"ORB5 고가 186,900 돌파 (범위 4.4%, 등락 +5.2%)",5.17,2.05,1,581.4,2.99,1,,,,,,
039030#2694-S20260818093230,039030,이오테크닉스,ORB,FullAuto,2026-08-18 09:32:30,439000,시간외,진입 가능 시간 09:05~09:30 밖,,"ORB5 고가 438,000 돌파 (범위 5.8%, 등락 +8.4%)",8.40,3.43,1,329.0,3.55,1,436500,433500,434500,436000,449000,430500
403870#2699-S20260818151000,403870,HPSP,오버나잇,FullAuto,2026-08-18 15:10:00,42450,진입,,,"오버나잇: 등락 +5.1%, 범위 위치 35%",5.07,-3.25,0.354,266.9,1.03,1,,,,,,
257720#2703-S20260818151000,257720,실리콘투,오버나잇,FullAuto,2026-08-18 15:10:00,44400,진입,,,"오버나잇: 등락 +3.9%, 범위 위치 55%",3.86,-0.02,0.552,167.6,0.45,1,,,,,,
067310#2700-S20260818151000,067310,하나마이크론,오버나잇,FullAuto,2026-08-18 15:10:00,39050,진입,,,"오버나잇: 등락 +6.7%, 범위 위치 4%",6.69,-5.62,0.044,234.5,2.77,1,,,,,,
222800#2701-S20260818151000,222800,심텍,오버나잇,FullAuto,2026-08-18 15:10:00,110800,진입,,,"오버나잇: 등락 +2.1%, 범위 위치 45%",2.12,-1.06,0.452,192.2,1.06,1,,,,,,
007660#2702-S20260818151000,007660,이수페타시스,오버나잇,FullAuto,2026-08-18 15:10:00,102200,진입,,,"오버나잇: 등락 +7.0%, 범위 위치 54%",7.02,-1.21,0.540,217.7,0.86,1,,,,,,
298040#2705-S20260818151000,298040,효성중공업,오버나잇,FullAuto,2026-08-18 15:10:00,2958000,차단,매수 가능 수량 0 (투입금/리스크/예수금 확인),,"오버나잇: 등락 +0.0%, 범위 위치 23%",0.03,-1.09,0.232,213.7,0.94,1,2969000,2980000,,,2984000,2955000
093370#2704-S20260818151000,093370,후성,오버나잇,FullAuto,2026-08-18 15:10:00,12820,진입,,,"오버나잇: 등락 +3.4%, 범위 위치 18%",3.39,-6.79,0.176,253.1,2.10,1,,,,,,
096770#2706-S20260818151000,096770,SK이노베이션,오버나잇,FullAuto,2026-08-18 15:10:00,130400,진입,,,"오버나잇: 등락 +1.3%, 범위 위치 49%",1.32,-1.14,0.493,289.2,0.93,1,,,,,,
012450#2707-S20260819151000,012450,한화에어로스페이스,오버나잇,FullAuto,2026-08-19 15:10:00,1182000,진입,,,"오버나잇: 등락 +4.1%, 범위 위치 23%",4.14,-1.17,0.232,320.2,0.86,1,,,,,,
257720#2708-S20260819151000,257720,실리콘투,오버나잇,FullAuto,2026-08-19 15:10:00,45450,진입,,,"오버나잇: 등락 +0.4%, 범위 위치 34%",0.44,-2.29,0.340,269.2,0.98,1,,,,,,
006400#2710-S20260819151000,006400,삼성SDI,오버나잇,FullAuto,2026-08-19 15:10:00,485000,진입,,,"오버나잇: 등락 +1.1%, 범위 위치 54%",1.15,-0.74,0.543,312.5,1.47,1,,,,,,
403870#2709-S20260819151000,403870,HPSP,오버나잇,FullAuto,2026-08-19 15:10:00,45900,진입,,,"오버나잇: 등락 +7.6%, 범위 위치 86%",7.62,2.30,0.859,311.0,1.03,1,,,,,,
007660#2711-S20260819151000,007660,이수페타시스,오버나잇,FullAuto,2026-08-19 15:10:00,103900,진입,,,"오버나잇: 등락 +3.0%, 범위 위치 48%",2.97,-2.46,0.481,194.1,0.92,1,,,,,,
222800#2712-S20260819151000,222800,심텍,오버나잇,FullAuto,2026-08-19 15:10:00,110500,진입,,,"오버나잇: 등락 +1.0%, 범위 위치 51%",1.01,-1.98,0.512,224.5,0.54,1,,,,,,
000720#2713-S20260819151000,000720,현대건설,오버나잇,FullAuto,2026-08-19 15:10:00,116400,진입,,,"오버나잇: 등락 +7.7%, 범위 위치 85%",7.68,1.51,0.849,252.2,1.31,1,,,,,,
125490#2714-S20260819151000,125490,한라캐스트,오버나잇,FullAuto,2026-08-19 15:10:00,12080,진입,,,"오버나잇: 등락 +1.8%, 범위 위치 27%",1.77,-4.75,0.271,218.7,0.47,1,,,,,,
036930#2720-S20260820090722,036930,주성엔지니어링,ORB,FullAuto,2026-08-20 09:07:22,178100,진입,,,"ORB5 고가 177,900 돌파 (범위 2.5%, 등락 +3.8%) · A등급",3.79,1.10,1,507.8,1.23,1,,,,,,
000660#2723-S20260820151000,000660,SK하이닉스,오버나잇,FullAuto,2026-08-20 15:10:00,1696000,진입,,,"오버나잇: 등락 +4.4%, 범위 위치 83%",4.43,1.70,0.828,254.7,0.80,1,,,,,,
402340#2724-S20260820151000,402340,SK스퀘어,오버나잇,FullAuto,2026-08-20 15:10:00,1122000,진입,,,"오버나잇: 등락 +1.9%, 범위 위치 91%",1.91,3.23,0.912,366.5,1.45,1,,,,,,
196170#2725-S20260820151000,196170,알테오젠,오버나잇,FullAuto,2026-08-20 15:10:00,340000,진입,,,"오버나잇: 등락 +11.3%, 범위 위치 82%",11.29,1.49,0.818,1126.0,1.78,1,,,,,,
403870#2727-S20260820151000,403870,HPSP,오버나잇,FullAuto,2026-08-20 15:10:00,48150,진입,,,"오버나잇: 등락 +5.4%, 범위 위치 72%",5.36,0.29,0.716,246.7,0.73,1,,,,,,
028260#2728-S20260820151000,028260,삼성물산,오버나잇,FullAuto,2026-08-20 15:10:00,375000,진입,,,"오버나잇: 등락 +5.6%, 범위 위치 91%",5.63,1.72,0.914,389.9,0.86,1,,,,,,
278470#2730-S20260820151000,278470,에이피알,오버나잇,FullAuto,2026-08-20 15:10:00,385000,진입,,,"오버나잇: 등락 +1.2%, 범위 위치 95%",1.18,2.67,0.946,646.6,0.50,1,,,,,,
003230#2729-S20260820151000,003230,삼양식품,오버나잇,FullAuto,2026-08-20 15:10:00,1395000,진입,,,"오버나잇: 등락 +7.7%, 범위 위치 86%",7.72,0.53,0.861,432.2,0.33,1,,,,,,
000660#2731-S20260821151000,000660,SK하이닉스,오버나잇,FullAuto,2026-08-21 15:10:00,1728000,차단,매수 가능 수량 0 (투입금/리스크/예수금 확인),,"오버나잇: 등락 +1.1%, 범위 위치 57%",1.05,-0.63,0.567,381.2,1.04,1,1730000,1728000,,,1731000,1724000
017670#2732-S20260821151000,017670,SK텔레콤,오버나잇,FullAuto,2026-08-21 15:10:00,102300,진입,,,"오버나잇: 등락 +6.2%, 범위 위치 83%",6.23,2.04,0.833,378.6,0.92,1,,,,,,
028260#2733-S20260821151000,028260,삼성물산,오버나잇,FullAuto,2026-08-21 15:10:00,396000,진입,,,"오버나잇: 등락 +5.7%, 범위 위치 88%",5.74,2.40,0.879,483.8,1.13,1,,,,,,
105560#2734-S20260821151000,105560,KB금융,오버나잇,FullAuto,2026-08-21 15:10:00,164200,진입,,,"오버나잇: 등락 +2.4%, 범위 위치 92%",2.43,1.04,0.922,1054.2,1.33,1,,,,,,
055550#2736-S20260821151000,055550,신한지주,오버나잇,FullAuto,2026-08-21 15:10:00,104100,진입,,,"오버나잇: 등락 +3.4%, 범위 위치 86%",3.38,0.72,0.857,559.6,0.67,1,,,,,,
257720#2735-S20260821151000,257720,실리콘투,오버나잇,FullAuto,2026-08-21 15:10:00,47900,진입,,,"오버나잇: 등락 +4.2%, 범위 위치 95%",4.24,1.76,0.953,618.5,0.93,1,,,,,,
086790#2738-S20260821151000,086790,하나금융지주,오버나잇,FullAuto,2026-08-21 15:10:00,129500,진입,,,"오버나잇: 등락 +4.5%, 범위 위치 96%",4.52,1.40,0.956,1000.3,1.17,1,,,,,,
278470#2737-S20260821151000,278470,에이피알,오버나잇,FullAuto,2026-08-21 15:10:00,385500,진입,,,"오버나잇: 등락 +0.8%, 범위 위치 83%",0.78,1.64,0.825,525.2,1.29,1,,,,,,
124500#2739-S20260824151000,124500,아이티센글로벌,오버나잇,FullAuto,2026-08-24 15:10:00,37700,진입,,,"오버나잇: 등락 +12.9%, 범위 위치 48%",12.87,-2.10,0.476,252.7,1.10,1,,,,,,
066570#2742-S20260824151000,066570,LG전자,오버나잇,FullAuto,2026-08-24 15:10:00,198900,진입,,,"오버나잇: 등락 +2.8%, 범위 위치 59%",2.79,0.27,0.592,728.1,1.04,1,,,,,,
066970#2741-S20260824151000,066970,엘앤에프,오버나잇,FullAuto,2026-08-24 15:10:00,121750,진입,,,"오버나잇: 등락 +15.0%, 범위 위치 82%",14.97,0.99,0.816,366.5,0.96,2,,,,,,
278470#2740-S20260824151000,278470,에이피알,오버나잇,FullAuto,2026-08-24 15:10:00,408750,진입,,,"오버나잇: 등락 +6.9%, 범위 위치 80%",6.86,0.59,0.798,641.2,0.86,2,,,,,,
086520#2743-S20260824151000,086520,에코프로,오버나잇,FullAuto,2026-08-24 15:10:00,87800,진입,,,"오버나잇: 등락 +6.6%, 범위 위치 82%",6.55,1.10,0.823,491.3,0.90,1,,,,,,
010120#2745-S20260824151000,010120,LS ELECTRIC,오버나잇,FullAuto,2026-08-24 15:10:00,191250,진입,,,"오버나잇: 등락 +1.7%, 범위 위치 76%",1.67,1.11,0.765,538.9,0.59,2,,,,,,
373220#2744-S20260824151000,373220,LG에너지솔루션,오버나잇,FullAuto,2026-08-24 15:10:00,362000,진입,,,"오버나잇: 등락 +4.5%, 범위 위치 92%",4.47,1.10,0.921,1035.7,0.86,1,,,,,,
003670#2746-S20260824151000,003670,포스코퓨처엠,오버나잇,FullAuto,2026-08-24 15:10:00,171000,진입,,,"오버나잇: 등락 +10.4%, 범위 위치 83%",10.39,0.92,0.828,518.3,0.73,1,,,,,,
000660#2751-S20260825151000,000660,SK하이닉스,오버나잇,FullAuto,2026-08-25 15:10:00,1672000,진입,,,"오버나잇: 등락 +0.5%, 범위 위치 92%",0.48,4.03,0.92,334.1,1.07,1,,,,,,
009150#2752-S20260825151000,009150,삼성전기,오버나잇,FullAuto,2026-08-25 15:10:00,1349000,진입,,,"오버나잇: 등락 +3.3%, 범위 위치 96%",3.29,4.26,0.962,603.1,1.25,1,,,,,,
034020#2753-S20260825151000,034020,두산에너빌리티,오버나잇,FullAuto,2026-08-25 15:10:00,81200,진입,,,"오버나잇: 등락 +7.3%, 범위 위치 96%",7.27,4.86,0.956,436.3,0.84,1,,,,,,
005380#2754-S20260825151000,005380,현대차,오버나잇,FullAuto,2026-08-25 15:10:00,420500,진입,,,"오버나잇: 등락 +1.9%, 범위 위치 68%",1.94,1.13,0.682,988.7,0.94,1,,,,,,
000720#2755-S20260825151000,000720,현대건설,오버나잇,FullAuto,2026-08-25 15:10:00,121100,진입,,,"오버나잇: 등락 +12.0%, 범위 위치 91%",12.03,3.55,0.909,403.1,0.83,1,,,,,,
052690#2758-S20260825151000,052690,한전기술,오버나잇,FullAuto,2026-08-25 15:10:00,109300,진입,,,"오버나잇: 등락 +6.2%, 범위 위치 88%",6.22,6.37,0.878,227.8,0.95,1,,,,,,
278470#2757-S20260825151000,278470,에이피알,오버나잇,FullAuto,2026-08-25 15:10:00,437750,진입,,,"오버나잇: 등락 +6.6%, 범위 위치 94%",6.64,1.84,0.938,476.4,1.72,2,,,,,,
041190#2756-S20260825151000,041190,우리기술투자,오버나잇,FullAuto,2026-08-25 15:10:00,6800,진입,,,"오버나잇: 등락 +15.8%, 범위 위치 65%",15.84,0.93,0.652,268.5,2.43,1,,,,,,
002990#2763-S20260826090520,002990,금호건설,ORB,FullAuto,2026-08-26 09:05:20,15990,진입,,,"ORB5 고가 15,980 돌파 (범위 4.8%, 등락 +4.0%)",3.97,2.45,1,166.7,2.05,1,,,,,,
336260#2761-S20260826090520,336260,두산퓨얼셀,ORB,FullAuto,2026-08-26 09:05:20,46000,진입,,,"ORB5 고가 45,950 돌파 (범위 6.0%, 등락 +8.2%)",8.24,1.92,1,149.0,1.69,1,,,,,,
015760#2766-S20260826090625,015760,한국전력,ORB,FullAuto,2026-08-26 09:06:25,33950,진입,,,"ORB5 고가 33,900 돌파 (범위 2.7%, 등락 +3.7%) · A등급",3.66,0.92,1,899.9,1.81,1,,,,,,
052690#2768-S20260826091727,052690,한전기술,ORB,FullAuto,2026-08-26 09:17:27,112300,진입,,,"ORB5 고가 112,000 돌파 (범위 4.1%, 등락 +3.4%)",3.41,2.41,1,159.5,3.57,1,,,,,,
034020#2769-S20260826151000,034020,두산에너빌리티,오버나잇,FullAuto,2026-08-26 15:10:00,85600,진입,,,"오버나잇: 등락 +6.2%, 범위 위치 80%",6.20,1.16,0.804,429.0,0.89,1,,,,,,
000720#2771-S20260826151000,000720,현대건설,오버나잇,FullAuto,2026-08-26 15:10:00,129800,진입,,,"오버나잇: 등락 +7.4%, 범위 위치 72%",7.36,0.44,0.717,304.7,1.69,1,,,,,,
052690#2770-S20260826151000,052690,한전기술,오버나잇,FullAuto,2026-08-26 15:10:00,121800,진입,,,"오버나잇: 등락 +12.2%, 범위 위치 51%",12.15,-1.99,0.511,214.5,0.38,1,,,,,,
047040#2772-S20260826151000,047040,대우건설,오버나잇,FullAuto,2026-08-26 15:10:00,19100,진입,,,"오버나잇: 등락 +8.4%, 범위 위치 71%",8.40,0.78,0.711,214.8,1.26,1,,,,,,
015760#2773-S20260826151000,015760,한국전력,오버나잇,FullAuto,2026-08-26 15:10:00,34925,진입,,,"오버나잇: 등락 +6.6%, 범위 위치 57%",6.64,-0.68,0.566,401.8,0.67,2,,,,,,
028260#2776-S20260826151000,028260,삼성물산,오버나잇,FullAuto,2026-08-26 15:10:00,387500,진입,,,"오버나잇: 등락 +4.0%, 범위 위치 89%",4.03,1.17,0.891,1713.7,0.55,1,,,,,,
006360#2774-S20260826151000,006360,GS건설,오버나잇,FullAuto,2026-08-26 15:10:00,37800,진입,,,"오버나잇: 등락 +8.0%, 범위 위치 89%",8.00,1.62,0.890,389.2,0.98,1,,,,,,
010170#2775-S20260826151000,010170,대한광통신,오버나잇,FullAuto,2026-08-26 15:10:00,13480,진입,,,"오버나잇: 등락 -+0.1%, 범위 위치 14%",-0.15,-2.66,0.143,275.0,1.01,1,,,,,,
062040#2777-S20260827090722,062040,산일전기,ORB,FullAuto,2026-08-27 09:07:22,191700,진입,,,"ORB5 고가 191,200 돌파 (범위 2.9%, 등락 +7.1%) · A등급",7.09,1.40,1,144.5,3.88,1,,,,,,
096770#2781-S20260827090930,096770,SK이노베이션,ORB,FullAuto,2026-08-27 09:09:30,113500,진입,,,"ORB5 고가 113,400 돌파 (범위 2.7%, 등락 +4.3%) · A등급",4.32,1.22,1,410.7,1.80,1,,,,,,
010170#2778-S20260827091225,010170,대한광통신,ORB,FullAuto,2026-08-27 09:12:25,14700,진입,,,"ORB5 고가 14,670 돌파 (범위 4.8%, 등락 +8.9%)",8.89,1.91,1,156.5,2.92,1,,,,,,
267260#2780-S20260827091727,267260,HD현대일렉트릭,ORB,FullAuto,2026-08-27 09:17:27,799000,진입,,,"ORB5 고가 798,000 돌파 (범위 3.6%, 등락 +9.6%)",9.60,1.29,1,278.0,3.07,1,,,,,,
222800#2783-S20260827092230,222800,심텍,ORB,FullAuto,2026-08-27 09:22:30,123000,진입,,,"ORB5 고가 122,600 돌파 (범위 3.6%, 등락 +9.6%)",9.63,2.83,1,742.5,8.15,1,,,,,,
000660#2784-S20260827151000,000660,SK하이닉스,오버나잇,FullAuto,2026-08-27 15:10:00,1711000,차단,매수 가능 수량 0 (투입금/리스크/예수금 확인),,"오버나잇: 등락 +1.8%, 범위 위치 4%",1.85,-1.77,0.038,367.3,1.21,1,1717000,1720000,,,1723000,1710000
009150#2785-S20260827151000,009150,삼성전기,오버나잇,FullAuto,2026-08-27 15:10:00,1378000,진입,,,"오버나잇: 등락 +4.3%, 범위 위치 68%",4.31,0.26,0.677,267.0,0.96,1,,,,,,
402340#2786-S20260827151000,402340,SK스퀘어,오버나잇,FullAuto,2026-08-27 15:10:00,1067000,진입,,,"오버나잇: 등락 +1.8%, 범위 위치 28%",1.81,-0.75,0.279,535.9,1.35,1,,,,,,
222800#2789-S20260827151000,222800,심텍,오버나잇,FullAuto,2026-08-27 15:10:00,124700,진입,,,"오버나잇: 등락 +11.1%, 범위 위치 65%",11.14,0.31,0.650,249.9,0.66,1,,,,,,
047040#2787-S20260827151000,047040,대우건설,오버나잇,FullAuto,2026-08-27 15:10:00,19900,진입,,,"오버나잇: 등락 +4.2%, 범위 위치 36%",4.19,-2.65,0.357,203.8,1.65,1,,,,,,
010170#2788-S20260827151000,010170,대한광통신,오버나잇,FullAuto,2026-08-27 15:10:00,14860,진입,,,"오버나잇: 등락 +10.1%, 범위 위치 77%",10.07,1.25,0.775,202.6,0.81,1,,,,,,
298040#2790-S20260827151000,298040,효성중공업,오버나잇,FullAuto,2026-08-27 15:10:00,3058000,차단,매수 가능 수량 0 (투입금/리스크/예수금 확인),,"오버나잇: 등락 +9.9%, 범위 위치 91%",9.92,1.94,0.913,371.2,1.62,1,3063000,3066000,,,3077000,3050000
062040#2791-S20260827151000,062040,산일전기,오버나잇,FullAuto,2026-08-27 15:10:00,202000,진입,,,"오버나잇: 등락 +12.8%, 범위 위치 97%",12.85,3.73,0.970,215.6,1.30,1,,,,,,
009150#2801-S20260828151000,009150,삼성전기,오버나잇,FullAuto,2026-08-28 15:10:00,1419000,진입,,,"오버나잇: 등락 +1.7%, 범위 위치 44%",1.72,-0.88,0.438,394.5,2.25,1,,,,,,
034020#2803-S20260828151000,034020,두산에너빌리티,오버나잇,FullAuto,2026-08-28 15:10:00,88400,진입,,,"오버나잇: 등락 +3.2%, 범위 위치 85%",3.15,1.38,0.848,527.0,0.60,1,,,,,,
002990#2802-S20260828151000,002990,금호건설,오버나잇,FullAuto,2026-08-28 15:10:00,16820,진입,,,"오버나잇: 등락 +11.0%, 범위 위치 55%",11.02,-0.36,0.547,178.3,1.67,1,,,,,,
298040#2804-S20260828151000,298040,효성중공업,오버나잇,FullAuto,2026-08-28 15:10:00,3140000,차단,매수 가능 수량 0 (투입금/리스크/예수금 확인),,"오버나잇: 등락 +1.8%, 범위 위치 41%",1.82,-0.96,0.408,256.0,0.60,1,3148000,3153000,,,3159000,3139000
001210#2805-S20260828151000,001210,금호전기,오버나잇,FullAuto,2026-08-28 15:10:00,10225,진입,,,"오버나잇: 등락 +24.4%, 범위 위치 89%",24.39,4.44,0.888,402.1,2.06,2,,,,,,
278470#2807-S20260828151000,278470,에이피알,오버나잇,FullAuto,2026-08-28 15:10:00,464000,진입,,,"오버나잇: 등락 +7.3%, 범위 위치 98%",7.28,2.69,0.983,569.4,0.93,1,,,,,,
096770#2806-S20260828151000,096770,SK이노베이션,오버나잇,FullAuto,2026-08-28 15:10:00,116700,진입,,,"오버나잇: 등락 +4.0%, 범위 위치 65%",4.01,0.46,0.654,439.1,0.85,1,,,,,,
001820#2808-S20260828151000,001820,삼화콘덴서,오버나잇,FullAuto,2026-08-28 15:10:00,110700,진입,,,"오버나잇: 등락 +2.2%, 범위 위치 31%",2.22,-2.90,0.310,574.2,0.78,1,,,,,,
096770#2812-S20260831091427,096770,SK이노베이션,ORB,FullAuto,2026-08-31 09:14:27,120700,진입,,,"ORB5 고가 120,500 돌파 (범위 3.3%, 등락 +3.3%) · A등급",3.34,1.55,1,158.1,2.50,1,,,,,,
009150#2816-S20260831151000,009150,삼성전기,오버나잇,FullAuto,2026-08-31 15:10:00,1448000,진입,,,"오버나잇: 등락 +3.1%, 범위 위치 90%",3.06,2.90,0.9,326.9,1.09,1,,,,,,
402340#2817-S20260831151000,402340,SK스퀘어,오버나잇,FullAuto,2026-08-31 15:10:00,1035500,진입,,,"오버나잇: 등락 +0.6%, 범위 위치 85%",0.63,2.06,0.854,462.1,0.37,2,,,,,,
096770#2818-S20260831151000,096770,SK이노베이션,오버나잇,FullAuto,2026-08-31 15:10:00,125500,진입,,,"오버나잇: 등락 +7.4%, 범위 위치 82%",7.45,1.39,0.822,269.0,0.99,1,,,,,,
005380#2820-S20260831151000,005380,현대차,오버나잇,FullAuto,2026-08-31 15:10:00,404000,진입,,,"오버나잇: 등락 +1.4%, 범위 위치 92%",1.38,1.34,0.919,884.2,0.62,1,,,,,,
001210#2819-S20260831151000,001210,금호전기,오버나잇,FullAuto,2026-08-31 15:10:00,12620,진입,,,"오버나잇: 등락 +18.2%, 범위 위치 63%",18.16,1.56,0.627,117.5,1.20,1,,,,,,
066970#2821-S20260831151000,066970,엘앤에프,오버나잇,FullAuto,2026-08-31 15:10:00,146400,진입,,,"오버나잇: 등락 +8.1%, 범위 위치 90%",8.12,1.88,0.9,440.7,1.66,1,,,,,,
476060#2822-S20260831151000,476060,온코닉테라퓨틱스,오버나잇,FullAuto,2026-08-31 15:10:00,18080,진입,,,"오버나잇: 등락 +19.8%, 범위 위치 86%",19.81,3.17,0.857,147.8,0.96,1,,,,,,
003670#2823-S20260831151000,003670,포스코퓨처엠,오버나잇,FullAuto,2026-08-31 15:10:00,199600,진입,,,"오버나잇: 등락 +7.4%, 범위 위치 92%",7.43,2.27,0.921,282.3,0.97,1,,,,,,
096770#2825-S20260901090520,096770,SK이노베이션,ORB,FullAuto,2026-09-01 09:05:20,133000,진입,,,"ORB5 고가 132,800 돌파 (범위 5.6%, 등락 +5.7%)",5.72,2.20,1,204.6,1.98,1,,,,,,
002990#2827-S20260901090930,002990,금호건설,ORB,FullAuto,2026-09-01 09:09:30,17200,진입,,,"ORB5 고가 17,180 돌파 (범위 4.0%, 등락 +4.5%) · A등급",4.50,1.50,1,280.7,1.83,1,,,,,,
000660#2829-S20260901151000,000660,SK하이닉스,오버나잇,FullAuto,2026-09-01 15:10:00,1696000,진입,,,"오버나잇: 등락 +2.6%, 범위 위치 72%",2.60,0.49,0.721,473.9,1.12,1,,,,,,
402340#2830-S20260901151000,402340,SK스퀘어,오버나잇,FullAuto,2026-09-01 15:10:00,1066000,진입,,,"오버나잇: 등락 +3.5%, 범위 위치 90%",3.50,2.24,0.903,450.9,1.13,1,,,,,,
096770#2831-S20260901151000,096770,SK이노베이션,오버나잇,FullAuto,2026-09-01 15:10:00,135700,진입,,,"오버나잇: 등락 +7.9%, 범위 위치 78%",7.87,0.62,0.780,249.4,0.88,1,,,,,,
055550#2835-S20260901151000,055550,신한지주,오버나잇,FullAuto,2026-09-01 15:10:00,111500,진입,,,"오버나잇: 등락 +2.3%, 범위 위치 88%",2.29,0.40,0.875,560.8,0.76,1,,,,,,
001210#2832-S20260901151000,001210,금호전기,오버나잇,FullAuto,2026-09-01 15:10:00,12820,진입,,,"오버나잇: 등락 +2.7%, 범위 위치 6%",2.72,-5.66,0.061,220.9,1.45,1,,,,,,
005490#2833-S20260901151000,005490,POSCO홀딩스,오버나잇,FullAuto,2026-09-01 15:10:00,342500,진입,,,"오버나잇: 등락 +1.2%, 범위 위치 37%",1.18,-0.77,0.370,420.2,1.10,1,,,,,,
028260#2834-S20260901151000,028260,삼성물산,오버나잇,FullAuto,2026-09-01 15:10:00,389500,진입,,,"오버나잇: 등락 +3.5%, 범위 위치 91%",3.45,1.42,0.909,369.9,0.53,1,,,,,,
064550#2836-S20260901151000,064550,바이오니아,오버나잇,FullAuto,2026-09-01 15:10:00,11090,진입,,,"오버나잇: 등락 +22.3%, 범위 위치 92%",22.27,7.98,0.919,188.9,0.55,1,,,,,,
009150#2845-S20260902151000,009150,삼성전기,오버나잇,FullAuto,2026-09-02 15:10:00,1410000,진입,,,"오버나잇: 등락 +0.6%, 범위 위치 59%",0.64,-0.28,0.594,345.5,0.47,1,,,,,,
002990#2846-S20260902151000,002990,금호건설,오버나잇,FullAuto,2026-09-02 15:10:00,17130,진입,,,"오버나잇: 등락 +3.8%, 범위 위치 44%",3.82,-2.76,0.438,256.2,1.06,1,,,,,,
055550#2848-S20260902151000,055550,신한지주,오버나잇,FullAuto,2026-09-02 15:10:00,110200,진입,,,"오버나잇: 등락 +0.4%, 범위 위치 5%",0.36,-1.55,0.051,885.6,0.37,1,,,,,,
036930#2847-S20260902151000,036930,주성엔지니어링,오버나잇,FullAuto,2026-09-02 15:10:00,175700,진입,,,"오버나잇: 등락 +1.6%, 범위 위치 62%",1.56,-0.36,0.620,421.1,1.27,1,,,,,,
001820#2849-S20260902151000,001820,삼화콘덴서,오버나잇,FullAuto,2026-09-02 15:10:00,112600,진입,,,"오버나잇: 등락 +0.1%, 범위 위치 34%",0.09,-3.87,0.338,301.8,1.47,1,,,,,,
387690#2850-S20260902151000,387690,레메디,오버나잇,FullAuto,2026-09-02 15:10:00,16680,진입,,,"오버나잇: 등락 +15.1%, 범위 위치 59%",15.11,-0.92,0.590,130.2,1.06,1,,,,,,
044490#2851-S20260902151000,044490,태웅,오버나잇,FullAuto,2026-09-02 15:10:00,37250,진입,,,"오버나잇: 등락 +15.7%, 범위 위치 56%",15.68,-2.31,0.565,272.9,0.44,1,,,,,,
024060#2852-S20260902151030,024060,흥구석유,오버나잇,FullAuto,2026-09-02 15:10:30,11340,진입,,,"오버나잇: 등락 +11.1%, 범위 위치 30%",11.07,-1.72,0.302,177.2,1.01,1,,,,,,
000660#2859-S20260903151000,000660,SK하이닉스,오버나잇,FullAuto,2026-09-03 15:10:00,1607000,진입,,,"오버나잇: 등락 +0.6%, 범위 위치 54%",0.63,-0.35,0.538,352.9,1.12,1,,,,,,
402340#2860-S20260903151000,402340,SK스퀘어,오버나잇,FullAuto,2026-09-03 15:10:00,985000,진입,,,"오버나잇: 등락 +1.0%, 범위 위치 64%",1.03,0.20,0.644,445.1,1.18,1,,,,,,
034020#2861-S20260903151000,034020,두산에너빌리티,오버나잇,FullAuto,2026-09-03 15:10:00,79700,진입,,,"오버나잇: 등락 +6.4%, 범위 위치 72%",6.41,0.79,0.719,458.3,1.71,1,,,,,,
105560#2862-S20260903151000,105560,KB금융,오버나잇,FullAuto,2026-09-03 15:10:00,178500,진입,,,"오버나잇: 등락 +6.0%, 범위 위치 81%",6.00,0.60,0.805,322.6,1.57,1,,,,,,
005380#2864-S20260903151000,005380,현대차,오버나잇,FullAuto,2026-09-03 15:10:00,384500,진입,,,"오버나잇: 등락 +2.3%, 범위 위치 80%",2.26,0.66,0.8,793.2,3.85,1,,,,,,
067290#2863-S20260903151000,067290,JW신약,오버나잇,FullAuto,2026-09-03 15:10:00,3370,진입,,,"오버나잇: 등락 +8.7%, 범위 위치 39%",8.71,-3.04,0.392,339.3,0.64,1,,,,,,
096770#2865-S20260903151000,096770,SK이노베이션,오버나잇,FullAuto,2026-09-03 15:10:00,131300,진입,,,"오버나잇: 등락 +3.1%, 범위 위치 47%",3.06,-0.62,0.468,369.9,0.93,1,,,,,,
329180#2866-S20260903151000,329180,HD현대중공업,오버나잇,FullAuto,2026-09-03 15:10:00,436000,진입,,,"오버나잇: 등락 +4.1%, 범위 위치 77%",4.06,1.17,0.767,602.0,1.75,1,,,,,,
096770#2867-S20260904090527,096770,SK이노베이션,ORB,FullAuto,2026-09-04 09:05:27,136600,진입,,,"ORB5 고가 136,450 돌파 (범위 4.4%, 등락 +4.4%)",4.43,1.79,1,271.6,1.68,1,,,,,,
010950#2868-S20260904090527,010950,S-Oil,ORB,FullAuto,2026-09-04 09:05:27,159000,진입,,,"ORB5 고가 158,600 돌파 (범위 4.0%, 등락 +5.4%) · A등급",5.37,1.80,1,83.3,1.52,1,,,,,,
000660#2872-S20260904151000,000660,SK하이닉스,오버나잇,FullAuto,2026-09-04 15:10:00,1650000,진입,,,"오버나잇: 등락 +4.4%, 범위 위치 51%",4.43,0.10,0.507,282.4,0.63,1,,,,,,
009150#2873-S20260904151000,009150,삼성전기,오버나잇,FullAuto,2026-09-04 15:10:00,1399000,진입,,,"오버나잇: 등락 +4.5%, 범위 위치 72%",4.48,0.54,0.716,420.7,0.47,1,,,,,,
402340#2874-S20260904151000,402340,SK스퀘어,오버나잇,FullAuto,2026-09-04 15:10:00,1038000,진입,,,"오버나잇: 등락 +7.6%, 범위 위치 83%",7.56,1.98,0.833,569.2,1.38,1,,,,,,
096770#2875-S20260904151000,096770,SK이노베이션,오버나잇,FullAuto,2026-09-04 15:10:00,138300,진입,,,"오버나잇: 등락 +5.7%, 범위 위치 85%",5.73,0.52,0.854,328.2,0.66,1,,,,,,
005380#2876-S20260904151000,005380,현대차,오버나잇,FullAuto,2026-09-04 15:10:00,383500,진입,,,"오버나잇: 등락 +1.1%, 범위 위치 20%",1.05,-0.41,0.2,448.5,0.45,1,,,,,,
034020#2879-S20260904151000,034020,두산에너빌리티,오버나잇,FullAuto,2026-09-04 15:10:00,79100,진입,,,"오버나잇: 등락 +0.5%, 범위 위치 23%",0.51,-0.39,0.227,567.5,0.77,1,,,,,,
058610#2877-S20260904151000,058610,에스피지,오버나잇,FullAuto,2026-09-04 15:10:00,94700,진입,,,"오버나잇: 등락 +14.4%, 범위 위치 77%",14.37,1.15,0.766,287.1,0.49,1,,,,,,
010950#2878-S20260904151000,010950,S-Oil,오버나잇,FullAuto,2026-09-04 15:10:00,156800,진입,,,"오버나잇: 등락 +3.9%, 범위 위치 35%",3.91,-2.34,0.352,271.9,1.21,1,,,,,,
402340#2881-S20260907091125,402340,SK스퀘어,ORB,FullAuto,2026-09-07 09:11:25,1110000,진입,,,"ORB5 고가 1,109,000 돌파 (범위 2.1%, 등락 +6.9%) · A등급",6.94,0.67,1,239.6,2.96,1,,,,,,
000660#2886-S20260907151000,000660,SK하이닉스,오버나잇,FullAuto,2026-09-07 15:10:00,1779000,차단,매수 가능 수량 0 (투입금/리스크/예수금 확인),,"오버나잇: 등락 +7.0%, 범위 위치 98%",7.04,1.53,0.981,669.6,0.98,1,1781000,1776000,,,1783000,1774000
009150#2887-S20260907151000,009150,삼성전기,오버나잇,FullAuto,2026-09-07 15:10:00,1451000,진입,,,"오버나잇: 등락 +3.2%, 범위 위치 76%",3.20,0.95,0.759,524.5,0.47,1,,,,,,
034020#2888-S20260907151000,034020,두산에너빌리티,오버나잇,FullAuto,2026-09-07 15:10:00,88100,진입,,,"오버나잇: 등락 +10.4%, 범위 위치 88%",10.40,3.23,0.875,355.4,0.89,1,,,,,,
402340#2889-S20260907151000,402340,SK스퀘어,오버나잇,FullAuto,2026-09-07 15:10:00,1118000,진입,,,"오버나잇: 등락 +7.7%, 범위 위치 97%",7.71,0.97,0.970,431.1,1.59,1,,,,,,
336260#2890-S20260907151000,336260,두산퓨얼셀,오버나잇,FullAuto,2026-09-07 15:10:00,49750,진입,,,"오버나잇: 등락 +14.2%, 범위 위치 44%",14.24,-3.35,0.439,293.8,0.87,1,,,,,,
005380#2891-S20260907151000,005380,현대차,오버나잇,FullAuto,2026-09-07 15:10:00,391750,진입,,,"오버나잇: 등락 +1.6%, 범위 위치 62%",1.62,0.26,0.618,945.7,1.16,2,,,,,,
036930#2892-S20260907151000,036930,주성엔지니어링,오버나잇,FullAuto,2026-09-07 15:10:00,187200,진입,,,"오버나잇: 등락 +5.0%, 범위 위치 67%",4.99,0.39,0.667,386.2,1.11,1,,,,,,
067290#2893-S20260907151000,067290,JW신약,오버나잇,FullAuto,2026-09-07 15:10:00,3595,진입,,,"오버나잇: 등락 +10.1%, 범위 위치 57%",10.11,-1.42,0.573,231.6,1.40,1,,,,,,
052690#2895-S20260908090527,052690,한전기술,ORB,FullAuto,2026-09-08 09:05:27,132600,진입,,,"ORB5 고가 132,500 돌파 (범위 3.4%, 등락 +4.3%) · A등급",4.33,1.12,1,195.6,1.65,1,,,,,,
036930#2894-S20260908090625,036930,주성엔지니어링,ORB,FullAuto,2026-09-08 09:06:25,196500,진입,,,"ORB5 고가 196,400 돌파 (범위 4.0%, 등락 +5.0%) · A등급",4.97,1.39,1,243.8,2.07,1,,,,,,
034020#2896-S20260908090810,034020,두산에너빌리티,ORB,FullAuto,2026-09-08 09:08:10,92700,진입,,,"ORB5 고가 92,600 돌파 (범위 2.7%, 등락 +5.5%) · A등급",5.46,1.09,1,192.6,0.66,1,,,,,,
388050#2903-S20260908090822,388050,지투파워,ORB,FullAuto,2026-09-08 09:08:22,10890,진입,,,"ORB5 고가 10,880 돌파 (범위 3.3%, 등락 +4.1%) · A등급",4.11,1.09,1,472.9,2.52,1,,,,,,
000660#2906-S20260908151000,000660,SK하이닉스,오버나잇,FullAuto,2026-09-08 15:10:00,1808000,차단,매수 가능 수량 0 (투입금/리스크/예수금 확인),,"오버나잇: 등락 +1.2%, 범위 위치 28%",1.18,-1.99,0.277,210.5,0.89,1,1801000,1792000,,,1809000,1791000
034020#2907-S20260908151000,034020,두산에너빌리티,오버나잇,FullAuto,2026-09-08 15:10:00,90000,진입,,,"오버나잇: 등락 +2.4%, 범위 위치 10%",2.39,-1.86,0.103,330.4,1.38,1,,,,,,
402340#2908-S20260908151000,402340,SK스퀘어,오버나잇,FullAuto,2026-09-08 15:10:00,1140000,진입,,,"오버나잇: 등락 +1.4%, 범위 위치 28%",1.42,-2.15,0.280,302.2,0.30,1,,,,,,
052690#2909-S20260908151000,052690,한전기술,오버나잇,FullAuto,2026-09-08 15:10:00,142800,진입,,,"오버나잇: 등락 +12.4%, 범위 위치 75%",12.35,2.02,0.754,214.4,1.01,1,,,,,,
036930#2910-S20260908151000,036930,주성엔지니어링,오버나잇,FullAuto,2026-09-08 15:10:00,197800,진입,,,"오버나잇: 등락 +5.7%, 범위 위치 44%",5.66,-1.98,0.443,342.6,0.57,1,,,,,,
000720#2911-S20260908151000,000720,현대건설,오버나잇,FullAuto,2026-09-08 15:10:00,132500,진입,,,"오버나잇: 등락 +3.4%, 범위 위치 50%",3.35,-0.79,0.5,190.2,0.91,1,,,,,,
004310#2912-S20260908151000,004310,현대약품,오버나잇,FullAuto,2026-09-08 15:10:00,10180,진입,,,"오버나잇: 등락 +20.9%, 범위 위치 72%",20.90,1.94,0.720,233.7,1.14,1,,,,,,
067290#2913-S20260908151000,067290,JW신약,오버나잇,FullAuto,2026-09-08 15:10:00,3815,진입,,,"오버나잇: 등락 +6.6%, 범위 위치 41%",6.56,-3.25,0.412,220.2,0.79,1,,,,,,
079650#2921-S20260909090910,079650,서산,ORB,FullAuto,2026-09-09 09:09:10,8220,진입,,,"ORB5 고가 8,210 돌파 (범위 5.9%, 등락 +7.0%)",7.03,3.02,1,74.9,1.13,1,,,,,,
119850#2919-S20260909091130,119850,지엔씨에너지,ORB,FullAuto,2026-09-09 09:11:30,48250,진입,,,"ORB5 고가 48,200 돌파 (범위 2.2%, 등락 +7.3%) · A등급",7.34,1.45,1,180.6,1.57,1,,,,,,
000990#2918-S20260909091320,000990,DB하이텍,ORB,FullAuto,2026-09-09 09:13:20,114800,진입,,,"ORB5 고가 114,700 돌파 (범위 4.7%, 등락 +9.1%)",9.13,1.51,1,159.3,3.45,1,,,,,,
000660#2923-S20260909151000,000660,SK하이닉스,오버나잇,FullAuto,2026-09-09 15:10:00,1854000,차단,매수 가능 수량 0 (투입금/리스크/예수금 확인),,"오버나잇: 등락 +2.2%, 범위 위치 67%",2.21,0.31,0.670,331.9,0.69,1,1859000,1858000,,,1861000,1852000
009150#2924-S20260909151000,009150,삼성전기,오버나잇,FullAuto,2026-09-09 15:10:00,1402000,진입,,,"오버나잇: 등락 +0.6%, 범위 위치 35%",0.57,-0.69,0.35,675.1,1.16,1,,,,,,
034020#2925-S20260909151000,034020,두산에너빌리티,오버나잇,FullAuto,2026-09-09 15:10:00,91700,진입,,,"오버나잇: 등락 +1.2%, 범위 위치 18%",1.21,-1.14,0.182,591.3,0.58,1,,,,,,
096770#2928-S20260909151000,096770,SK이노베이션,오버나잇,FullAuto,2026-09-09 15:10:00,153600,진입,,,"오버나잇: 등락 +11.8%, 범위 위치 95%",11.79,4.19,0.953,377.8,0.99,1,,,,,,
032820#2926-S20260909151000,032820,우리기술,오버나잇,FullAuto,2026-09-09 15:10:00,14085,진입,,,"오버나잇: 등락 +19.3%, 범위 위치 82%",19.26,2.28,0.821,265.3,0.83,2,,,,,,
010170#2927-S20260909151000,010170,대한광통신,오버나잇,FullAuto,2026-09-09 15:10:00,14960,진입,,,"오버나잇: 등락 +9.2%, 범위 위치 45%",9.20,-0.60,0.455,218.5,0.95,1,,,,,,
069540#2929-S20260909151000,069540,빛과전자,오버나잇,FullAuto,2026-09-09 15:10:00,3810,진입,,,"오버나잇: 등락 +4.7%, 범위 위치 17%",4.67,-5.19,0.167,178.0,0.48,1,,,,,,
066970#2930-S20260909151000,066970,엘앤에프,오버나잇,FullAuto,2026-09-09 15:10:00,127300,진입,,,"오버나잇: 등락 +10.5%, 범위 위치 87%",10.50,4.03,0.870,172.8,0.69,1,,,,,,
000660#2934-S20260910151000,000660,SK하이닉스,오버나잇,FullAuto,2026-09-10 15:10:00,1863000,차단,매수 가능 수량 0 (투입금/리스크/예수금 확인),,"오버나잇: 등락 +1.7%, 범위 위치 66%",1.69,0.74,0.658,268.2,0.66,1,1858000,1860000,,,1864000,1856000
009150#2935-S20260910151000,009150,삼성전기,오버나잇,FullAuto,2026-09-10 15:10:00,1397000,진입,,,"오버나잇: 등락 +0.4%, 범위 위치 89%",0.43,1.74,0.891,497.4,0.39,1,,,,,,
402340#2936-S20260910151000,402340,SK스퀘어,오버나잇,FullAuto,2026-09-10 15:10:00,1141000,진입,,,"오버나잇: 등락 +2.2%, 범위 위치 72%",2.24,1.07,0.719,457.8,0.33,1,,,,,,
329180#2937-S20260910151000,329180,HD현대중공업,오버나잇,FullAuto,2026-09-10 15:10:00,457500,진입,,,"오버나잇: 등락 -+0.3%, 범위 위치 17%",-0.33,-2.57,0.169,212.1,0.72,1,,,,,,
222800#2940-S20260910151000,222800,심텍,오버나잇,FullAuto,2026-09-10 15:10:00,135400,진입,,,"오버나잇: 등락 +2.9%, 범위 위치 75%",2.89,1.18,0.746,390.4,0.96,1,,,,,,
000990#2941-S20260910151000,000990,DB하이텍,오버나잇,FullAuto,2026-09-10 15:10:00,117700,진입,,,"오버나잇: 등락 +6.1%, 범위 위치 78%",6.13,1.93,0.777,382.8,1.12,1,,,,,,
240810#2939-S20260910151000,240810,원익IPS,오버나잇,FullAuto,2026-09-10 15:10:00,120100,진입,,,"오버나잇: 등락 +0.0%, 범위 위치 41%",0,-1.32,0.414,387.8,0.74,1,,,,,,
024060#2938-S20260910151000,024060,흥구석유,오버나잇,FullAuto,2026-09-10 15:10:00,14220,진입,,,"오버나잇: 등락 +17.6%, 범위 위치 50%",17.62,-2.90,0.502,177.3,0.32,1,,,,,,
009150#2942-S20260911151000,009150,삼성전기,오버나잇,FullAuto,2026-09-11 15:10:00,1396000,진입,,,"오버나잇: 등락 +0.8%, 범위 위치 56%",0.79,-0.10,0.563,495.2,0.59,1,,,,,,
034020#2945-S20260911151000,034020,두산에너빌리티,오버나잇,FullAuto,2026-09-11 15:10:00,90600,진입,,,"오버나잇: 등락 +0.7%, 범위 위치 84%",0.67,0.57,0.839,929.8,0.41,1,,,,,,
001820#2943-S20260911151000,001820,삼화콘덴서,오버나잇,FullAuto,2026-09-11 15:10:00,137500,진입,,,"오버나잇: 등락 +18.8%, 범위 위치 72%",18.84,0.35,0.718,285.0,0.56,1,,,,,,
052690#2946-S20260911151000,052690,한전기술,오버나잇,FullAuto,2026-09-11 15:10:00,152500,진입,,,"오버나잇: 등락 +4.7%, 범위 위치 84%",4.67,1.95,0.835,315.0,0.53,1,,,,,,
329180#2944-S20260911151000,329180,HD현대중공업,오버나잇,FullAuto,2026-09-11 15:10:00,481500,진입,,,"오버나잇: 등락 +5.1%, 범위 위치 81%",5.13,1.36,0.812,363.3,1.02,1,,,,,,
024060#2947-S20260911151000,024060,흥구석유,오버나잇,FullAuto,2026-09-11 15:10:00,14680,진입,,,"오버나잇: 등락 +1.2%, 범위 위치 3%",1.17,-8.06,0.030,304.5,1.73,1,,,,,,
278470#2948-S20260911151000,278470,에이피알,오버나잇,FullAuto,2026-09-11 15:10:00,371500,진입,,,"오버나잇: 등락 +3.1%, 범위 위치 91%",3.05,1.74,0.907,736.4,0.78,1,,,,,,
003350#2949-S20260911151000,003350,한국화장품제조,오버나잇,FullAuto,2026-09-11 15:10:00,15670,진입,,,"오버나잇: 등락 +19.1%, 범위 위치 69%",19.07,0.55,0.688,172.2,1.70,1,,,,,,
441270#2953-S20260914090507,441270,파인엠텍,ORB,FullAuto,2026-09-14 09:05:07,8670,진입,,,"ORB5 고가 8,660 돌파 (범위 4.3%, 등락 +5.3%)",5.35,1.19,1,142.2,1.05,1,,,,,,
161890#2957-S20260914090712,161890,한국콜마,ORB,FullAuto,2026-09-14 09:07:12,146700,진입,,,"ORB5 고가 146,600 돌파 (범위 3.6%, 등락 +4.4%) · A등급",4.41,1.35,1,186.2,0.69,1,,,,,,
090460#2956-S20260914091027,090460,비에이치,ORB,FullAuto,2026-09-14 09:10:27,19600,진입,,,"ORB5 고가 19,590 돌파 (범위 2.1%, 등락 +3.6%) · A등급",3.65,0.98,1,300.3,1.30,1,,,,,,
069540#2959-S20260914151000,069540,빛과전자,오버나잇,FullAuto,2026-09-14 15:10:00,4305,진입,,,"오버나잇: 등락 +11.2%, 범위 위치 64%",11.24,0.53,0.642,237.7,0.46,1,,,,,,
356680#2960-S20260914151000,356680,엑스게이트,오버나잇,FullAuto,2026-09-14 15:10:00,16990,진입,,,"오버나잇: 등락 +5.8%, 범위 위치 32%",5.79,-3.03,0.319,129.7,0.60,1,,,,,,
012450#2961-S20260914151000,012450,한화에어로스페이스,오버나잇,FullAuto,2026-09-14 15:10:00,1130000,진입,,,"오버나잇: 등락 +5.2%, 범위 위치 73%",5.21,0.81,0.732,297.3,0.55,1,,,,,,
001820#2962-S20260914151000,001820,삼화콘덴서,오버나잇,FullAuto,2026-09-14 15:10:00,140700,진입,,,"오버나잇: 등락 +2.4%, 범위 위치 77%",2.40,1.43,0.771,464.3,1.82,1,,,,,,
105560#2965-S20260914151000,105560,KB금융,오버나잇,FullAuto,2026-09-14 15:10:00,181100,진입,,,"오버나잇: 등락 +2.4%, 범위 위치 98%",2.43,1.29,0.985,419.7,0.97,1,,,,,,
316140#2963-S20260914151000,316140,우리금융지주,오버나잇,FullAuto,2026-09-14 15:10:00,36725,진입,,,"오버나잇: 등락 +5.1%, 범위 위치 90%",5.08,1.49,0.9,445.3,0.64,2,,,,,,
010170#2964-S20260914151000,010170,대한광통신,오버나잇,FullAuto,2026-09-14 15:10:00,14480,진입,,,"오버나잇: 등락 +2.3%, 범위 위치 59%",2.33,-0.25,0.591,582.4,1.28,1,,,,,,
000990#2966-S20260914151000,000990,DB하이텍,오버나잇,FullAuto,2026-09-14 15:10:00,112200,진입,,,"오버나잇: 등락 +2.2%, 범위 위치 74%",2.19,0.67,0.740,308.7,0.63,1,,,,,,
096770#2971-S20260915090930,096770,SK이노베이션,ORB,FullAuto,2026-09-15 09:09:30,144100,진입,,,"ORB5 고가 144,000 돌파 (범위 3.7%, 등락 +7.6%) · A등급",7.62,1.22,1,190.0,1.47,1,,,,,,
000990#2974-S20260915092330,000990,DB하이텍,ORB,FullAuto,2026-09-15 09:23:30,118250,진입,,,"ORB5 고가 118,100 돌파 (범위 3.6%, 등락 +6.1%)",6.15,2.60,1,165.4,4.26,2,,,,,,
000660#2977-S20260915151000,000660,SK하이닉스,오버나잇,FullAuto,2026-09-15 15:10:00,1681500,진입,,,"오버나잇: 등락 -+0.1%, 범위 위치 18%",-0.09,-1.28,0.181,316.9,0.52,2,,,,,,
402340#2978-S20260915151000,402340,SK스퀘어,오버나잇,FullAuto,2026-09-15 15:10:00,999500,진입,,,"오버나잇: 등락 -+0.1%, 범위 위치 20%",-0.05,-0.80,0.196,476.9,0.34,2,,,,,,
052690#2981-S20260915151000,052690,한전기술,오버나잇,FullAuto,2026-09-15 15:10:00,145400,진입,,,"오버나잇: 등락 +8.1%, 범위 위치 89%",8.10,3.77,0.892,204.1,0.45,1,,,,,,
017900#2979-S20260915151000,017900,광전자,오버나잇,FullAuto,2026-09-15 15:10:00,10570,진입,,,"오버나잇: 등락 +2.9%, 범위 위치 34%",2.92,-2.07,0.341,279.2,0.69,1,,,,,,
034020#2982-S20260915151000,034020,두산에너빌리티,오버나잇,FullAuto,2026-09-15 15:10:00,86000,진입,,,"오버나잇: 등락 +0.5%, 범위 위치 64%",0.47,0.34,0.643,444.8,0.80,1,,,,,,
058610#2980-S20260915151000,058610,에스피지,오버나잇,FullAuto,2026-09-15 15:10:00,102100,진입,,,"오버나잇: 등락 +14.8%, 범위 위치 66%",14.85,-0.95,0.665,305.1,1.41,1,,,,,,
014950#2983-S20260915151000,014950,삼익제약,오버나잇,FullAuto,2026-09-15 15:10:00,11680,진입,,,"오버나잇: 등락 +23.2%, 범위 위치 84%",23.21,4.99,0.836,184.7,0.43,1,,,,,,
356680#2984-S20260915151000,356680,엑스게이트,오버나잇,FullAuto,2026-09-15 15:10:00,17470,진입,,,"오버나잇: 등락 +1.7%, 범위 위치 49%",1.69,-0.62,0.486,310.2,2.03,1,,,,,,
000660#2994-S20260916151000,000660,SK하이닉스,오버나잇,FullAuto,2026-09-16 15:10:00,1750000,차단,매수 가능 수량 0 (투입금/리스크/예수금 확인),,"오버나잇: 등락 +2.2%, 범위 위치 100%",2.22,1.40,1,929.8,1.66,1,1759000,1758000,,,1760000,1749000
009150#2995-S20260916151000,009150,삼성전기,오버나잇,FullAuto,2026-09-16 15:10:00,1380000,진입,,,"오버나잇: 등락 +3.8%, 범위 위치 96%",3.76,2.07,0.962,648.1,1.23,1,,,,,,
010170#2996-S20260916151000,010170,대한광통신,오버나잇,FullAuto,2026-09-16 15:10:00,16095,진입,,,"오버나잇: 등락 +12.4%, 범위 위치 82%",12.40,3.20,0.816,249.3,0.61,2,,,,,,
069540#2997-S20260916151000,069540,빛과전자,오버나잇,FullAuto,2026-09-16 15:10:00,4375,진입,,,"오버나잇: 등락 +5.8%, 범위 위치 39%",5.80,-4.19,0.393,185.7,0.49,1,,,,,,
000990#3000-S20260916151000,000990,DB하이텍,오버나잇,FullAuto,2026-09-16 15:10:00,124400,진입,,,"오버나잇: 등락 +3.8%, 범위 위치 97%",3.84,3.01,0.967,463.3,0.84,1,,,,,,
072950#2998-S20260916151000,072950,빛샘전자,오버나잇,FullAuto,2026-09-16 15:10:00,13680,진입,,,"오버나잇: 등락 +27.4%, 범위 위치 93%",27.37,5.09,0.927,336.3,1.63,1,,,,,,
298040#2999-S20260916151000,298040,효성중공업,오버나잇,FullAuto,2026-09-16 15:10:00,2793000,차단,매수 가능 수량 0 (투입금/리스크/예수금 확인),,"오버나잇: 등락 +2.5%, 범위 위치 72%",2.50,0.51,0.715,318.4,0.84,1,2799000,2806000,,,2810000,2791000
000150#3001-S20260916151000,000150,두산,오버나잇,FullAuto,2026-09-16 15:10:00,1383500,진입,,,"오버나잇: 등락 +6.4%, 범위 위치 100%",6.42,2.52,0.995,534.9,0.75,2,,,,,,
043260#3006-S20260917091822,043260,성호전자,ORB,FullAuto,2026-09-17 09:18:22,19990,진입,,,"ORB5 고가 19,980 돌파 (범위 4.7%, 등락 +5.9%)",5.88,2.42,1,165.2,6.46,1,,,,,,
000150#3008-S20260917151000,000150,두산,오버나잇,FullAuto,2026-09-17 15:10:00,1394000,진입,,,"오버나잇: 등락 +0.7%, 범위 위치 10%",0.72,-3.17,0.102,150.0,0.58,1,,,,,,
201490#3009-S20260917151000,201490,미투온,오버나잇,FullAuto,2026-09-17 15:10:00,4620,진입,,,"오버나잇: 등락 +20.3%, 범위 위치 78%",20.31,4.01,0.778,177.4,0.63,1,,,,,,
034020#3010-S20260917151000,034020,두산에너빌리티,오버나잇,FullAuto,2026-09-17 15:10:00,85400,진입,,,"오버나잇: 등락 +1.5%, 범위 위치 52%",1.55,-0.26,0.52,576.8,0.36,1,,,,,,
012450#3012-S20260917151000,012450,한화에어로스페이스,오버나잇,FullAuto,2026-09-17 15:10:00,1092000,진입,,,"오버나잇: 등락 +3.3%, 범위 위치 63%",3.31,-0.17,0.630,576.6,0.94,1,,,,,,
005380#3014-S20260917151000,005380,현대차,오버나잇,FullAuto,2026-09-17 15:10:00,362000,진입,,,"오버나잇: 등락 -+0.1%, 범위 위치 57%",-0.14,0.21,0.571,1092.9,0.37,1,,,,,,
105560#3015-S20260917151000,105560,KB금융,오버나잇,FullAuto,2026-09-17 15:10:00,178800,진입,,,"오버나잇: 등락 +0.9%, 범위 위치 55%",0.90,-0.36,0.548,464.2,0.16,1,,,,,,
004310#3011-S20260917151000,004310,현대약품,오버나잇,FullAuto,2026-09-17 15:10:00,10440,진입,,,"오버나잇: 등락 +2.9%, 범위 위치 13%",2.86,-4.82,0.127,533.2,0.82,1,,,,,,
329180#3013-S20260917151000,329180,HD현대중공업,오버나잇,FullAuto,2026-09-17 15:10:00,466500,진입,,,"오버나잇: 등락 +5.4%, 범위 위치 65%",5.42,-0.13,0.645,881.8,0.57,1,,,,,,
005690#3016-S20260918090510,005690,파미셀,ORB,FullAuto,2026-09-18 09:05:10,12810,진입,,,"ORB5 고가 12,800 돌파 (범위 5.8%, 등락 +9.8%)",9.77,2.17,1,102.2,0.84,1,,,,,,
000660#3021-S20260918151000,000660,SK하이닉스,오버나잇,FullAuto,2026-09-18 15:10:00,1847500,차단,매수 가능 수량 0 (투입금/리스크/예수금 확인),,"오버나잇: 등락 +4.6%, 범위 위치 90%",4.61,0.86,0.904,322.9,1.08,2,1848000,1839000,,,1849000,1839000
009150#3022-S20260918151000,009150,삼성전기,오버나잇,FullAuto,2026-09-18 15:10:00,1393000,진입,,,"오버나잇: 등락 +3.1%, 범위 위치 24%",3.11,-0.42,0.238,317.9,1.37,1,,,,,,
010170#3023-S20260918151000,010170,대한광통신,오버나잇,FullAuto,2026-09-18 15:10:00,18120,진입,,,"오버나잇: 등락 +11.5%, 범위 위치 69%",11.51,0.33,0.691,205.4,1.03,1,,,,,,
402340#3024-S20260918151000,402340,SK스퀘어,오버나잇,FullAuto,2026-09-18 15:10:00,1076000,진입,,,"오버나잇: 등락 +5.5%, 범위 위치 85%",5.49,1.40,0.851,274.9,1.04,1,,,,,,
000150#3026-S20260918151000,000150,두산,오버나잇,FullAuto,2026-09-18 15:10:00,1450000,진입,,,"오버나잇: 등락 +2.4%, 범위 위치 32%",2.40,0.15,0.321,552.9,1.05,1,,,,,,
001820#3025-S20260918151000,001820,삼화콘덴서,오버나잇,FullAuto,2026-09-18 15:10:00,145500,진입,,,"오버나잇: 등락 +4.5%, 범위 위치 50%",4.45,-0.39,0.505,334.1,1.55,1,,,,,,
017900#3027-S20260918151000,017900,광전자,오버나잇,FullAuto,2026-09-18 15:10:00,10550,진입,,,"오버나잇: 등락 +3.4%, 범위 위치 25%",3.43,-2.78,0.252,210.2,1.05,1,,,,,,
072950#3028-S20260918151000,072950,빛샘전자,오버나잇,FullAuto,2026-09-18 15:10:00,14280,진입,,,"오버나잇: 등락 +6.1%, 범위 위치 34%",6.09,-4.81,0.343,153.2,0.56,1,,,,,,
001820#3029-S20260921090627,001820,삼화콘덴서,ORB,FullAuto,2026-09-21 09:06:27,154600,진입,,,"ORB5 고가 154,500 돌파 (범위 5.2%, 등락 +6.9%)",6.92,2.41,1,188.8,1.87,1,,,,,,
000660#3041-S20260921151000,000660,SK하이닉스,오버나잇,FullAuto,2026-09-21 15:10:00,1861000,차단,매수 가능 수량 0 (투입금/리스크/예수금 확인),,"오버나잇: 등락 +0.6%, 범위 위치 34%",0.65,-0.49,0.341,328.2,0.42,1,1860500,1864000,,,1866000,1859000
009150#3042-S20260921151000,009150,삼성전기,오버나잇,FullAuto,2026-09-21 15:10:00,1428000,진입,,,"오버나잇: 등락 +2.9%, 범위 위치 68%",2.88,0.55,0.681,431.7,0.71,1,,,,,,
402340#3043-S20260921151000,402340,SK스퀘어,오버나잇,FullAuto,2026-09-21 15:10:00,1125000,진입,,,"오버나잇: 등락 +5.0%, 범위 위치 79%",5.04,0.57,0.789,504.1,1.04,1,,,,,,
036540#3044-S20260921151000,036540,SFA반도체,오버나잇,FullAuto,2026-09-21 15:10:00,10590,진입,,,"오버나잇: 등락 +17.8%, 범위 위치 76%",17.80,0.30,0.763,245.4,0.63,1,,,,,,
067310#3045-S20260921151000,067310,하나마이크론,오버나잇,FullAuto,2026-09-21 15:10:00,44550,진입,,,"오버나잇: 등락 +15.6%, 범위 위치 87%",15.56,2.28,0.871,331.7,1.36,1,,,,,,
007660#3047-S20260921151000,007660,이수페타시스,오버나잇,FullAuto,2026-09-21 15:10:00,110100,진입,,,"오버나잇: 등락 +7.5%, 범위 위치 79%",7.52,1.02,0.788,2267.6,0.54,1,,,,,,
017900#3046-S20260921151000,017900,광전자,오버나잇,FullAuto,2026-09-21 15:10:00,11040,진입,,,"오버나잇: 등락 +4.9%, 범위 위치 28%",4.94,-4.18,0.281,180.8,0.39,1,,,,,,
240810#3048-S20260921151000,240810,원익IPS,오버나잇,FullAuto,2026-09-21 15:10:00,129000,진입,,,"오버나잇: 등락 +6.2%, 범위 위치 78%",6.17,1.05,0.785,306.5,0.54,1,,,,,,
001820#3049-S20260922090525,001820,삼화콘덴서,ORB,FullAuto,2026-09-22 09:05:25,157100,진입,,,"ORB5 고가 156,800 돌파 (범위 4.5%, 등락 +7.4%)",7.38,2.60,1,280.6,1.77,1,,,,,,
009150#3057-S20260922151000,009150,삼성전기,오버나잇,FullAuto,2026-09-22 15:10:00,1483000,진입,,,"오버나잇: 등락 +3.6%, 범위 위치 23%",3.56,-1.74,0.226,342.3,0.67,1,,,,,,
402340#3058-S20260922151000,402340,SK스퀘어,오버나잇,FullAuto,2026-09-22 15:10:00,1143000,진입,,,"오버나잇: 등락 +1.0%, 범위 위치 15%",0.97,-1.08,0.148,340.4,0.34,1,,,,,,
034020#3061-S20260922151000,034020,두산에너빌리티,오버나잇,FullAuto,2026-09-22 15:10:00,86400,진입,,,"오버나잇: 등락 +0.0%, 범위 위치 41%",0,-0.10,0.414,575.6,0.30,1,,,,,,
052690#3059-S20260922151000,052690,한전기술,오버나잇,FullAuto,2026-09-22 15:10:00,137600,진입,,,"오버나잇: 등락 +4.8%, 범위 위치 66%",4.80,1.43,0.658,212.1,0.70,1,,,,,,
222800#3060-S20260922151000,222800,심텍,오버나잇,FullAuto,2026-09-22 15:10:00,148400,진입,,,"오버나잇: 등락 +12.8%, 범위 위치 55%",12.77,-1.43,0.549,208.8,1.12,1,,,,,,
012210#3062-S20260922151000,012210,삼미금속,오버나잇,FullAuto,2026-09-22 15:10:00,13570,진입,,,"오버나잇: 등락 +22.6%, 범위 위치 83%",22.58,3.06,0.829,206.7,0.73,1,,,,,,
000720#3063-S20260922151000,000720,현대건설,오버나잇,FullAuto,2026-09-22 15:10:00,131100,진입,,,"오버나잇: 등락 +3.9%, 범위 위치 52%",3.88,-0.12,0.519,320.4,0.72,1,,,,,,
001820#3064-S20260922151000,001820,삼화콘덴서,오버나잇,FullAuto,2026-09-22 15:10:00,147600,진입,,,"오버나잇: 등락 +0.9%, 범위 위치 12%",0.89,-2.28,0.122,625.5,0.99,1,,,,,,
010060#3071-S20260923090520,010060,OCI홀딩스,ORB,FullAuto,2026-09-23 09:05:20,197000,진입,,,"ORB5 고가 196,500 돌파 (범위 2.2%, 등락 +4.7%) · A등급",4.68,1.15,1,300,1.93,1,,,,,,
240810#3070-S20260923091730,240810,원익IPS,ORB,FullAuto,2026-09-23 09:17:30,140000,진입,,,"ORB5 고가 139,700 돌파 (범위 5.7%, 등락 +7.3%)",7.28,2.72,1,228.2,5.23,1,,,,,,
000660#3074-S20260923151000,000660,SK하이닉스,오버나잇,FullAuto,2026-09-23 15:10:00,1851000,차단,매수 가능 수량 0 (투입금/리스크/예수금 확인),,"오버나잇: 등락 +0.5%, 범위 위치 23%",0.49,-0.43,0.234,379.0,1.32,1,1855000,1858000,,,1859000,1850000
009150#3075-S20260923151000,009150,삼성전기,오버나잇,FullAuto,2026-09-23 15:10:00,1503000,진입,,,"오버나잇: 등락 +0.9%, 범위 위치 43%",0.94,0.33,0.431,567.2,0.84,1,,,,,,
402340#3076-S20260923151000,402340,SK스퀘어,오버나잇,FullAuto,2026-09-23 15:10:00,1176000,진입,,,"오버나잇: 등락 +3.7%, 범위 위치 43%",3.70,0.15,0.429,590.8,0.38,1,,,,,,
240810#3077-S20260923151000,240810,원익IPS,오버나잇,FullAuto,2026-09-23 15:10:00,133800,진입,,,"오버나잇: 등락 +2.5%, 범위 위치 21%",2.53,-2.19,0.214,467.1,1.31,1,,,,,,
096770#3078-S20260923151000,096770,SK이노베이션,오버나잇,FullAuto,2026-09-23 15:10:00,149300,진입,,,"오버나잇: 등락 +5.7%, 범위 위치 80%",5.66,0.39,0.8,427.6,0.63,1,,,,,,
007660#3081-S20260923151000,007660,이수페타시스,오버나잇,FullAuto,2026-09-23 15:10:00,118200,진입,,,"오버나잇: 등락 +4.1%, 범위 위치 74%",4.14,0.40,0.737,469.0,0.68,1,,,,,,
353200#3080-S20260923151000,353200,대덕전자,오버나잇,FullAuto,2026-09-23 15:10:00,119400,진입,,,"오버나잇: 등락 +6.9%, 범위 위치 90%",6.89,2.66,0.903,482.6,0.73,1,,,,,,
072950#3079-S20260923151000,072950,빛샘전자,오버나잇,FullAuto,2026-09-23 15:10:00,14050,진입,,,"오버나잇: 등락 +9.8%, 범위 위치 43%",9.77,-5.46,0.431,176.6,1.18,1,,,,,,
