매수시각,매도시각,종목코드,종목명,전략,수량,매수평균,매도평균,순손익,수익률%,R,진입근거,청산사유
2026-01-02 15:10,2026-01-05 09:01,005930,삼성전자,오버나잇,5,128100,134600,30958,4.833,0.97,"오버나잇: 등락 +6.4%, 범위 위치 98%",익일 시초 매도
2026-01-02 15:10,2026-01-05 09:01,000660,SK하이닉스,오버나잇,1,677000,698000,19399,2.865,0.59,"오버나잇: 등락 +3.8%, 범위 위치 94%",익일 시초 매도
2026-01-02 15:10,2026-01-05 09:01,042700,한미반도체,오버나잇,5,144100,154900,52227,7.249,1.45,"오버나잇: 등락 +13.1%, 범위 위치 96%",익일 시초 매도
2026-01-02 15:10,2026-01-05 09:01,068270,셀트리온,오버나잇,3,192546,193023,101,0.017,0.00,"오버나잇: 등락 +12.0%, 범위 위치 89%",익일 시초 매도
2026-01-02 15:10,2026-01-05 09:01,042660,한화오션,오버나잇,6,115200,113200,-13562,-1.962,-0.40,"오버나잇: 등락 +1.3%, 범위 위치 95%",익일 시초 매도
2026-01-02 15:10,2026-01-05 09:01,352820,하이브,오버나잇,2,345000,351000,10388,1.506,0.31,"오버나잇: 등락 +2.5%, 범위 위치 68%",익일 시초 매도
2026-01-02 15:10,2026-01-05 09:01,090710,휴림로봇,오버나잇,91,8210,8330,9179,1.229,0.25,"오버나잇: 등락 +10.1%, 범위 위치 60%",익일 시초 매도
2026-01-02 15:10,2026-01-05 09:01,012200,계양전기,오버나잇,102,7291,7877,57935,7.790,1.57,"오버나잇: 등락 +16.3%, 범위 위치 71%",익일 시초 매도
2026-01-05 09:05,2026-01-05 15:05,042700,한미반도체,ORB,6,158500,166300,44514,4.681,1.58,"ORB5 고가 158,400 돌파 (범위 3.4%, 등락 +9.7%)",장마감 강제청산
2026-01-05 09:05,2026-01-05 15:05,034020,두산에너빌리티,ORB,12,80100,82900,31318,3.258,1.09,"ORB5 고가 80,000 돌파 (범위 5.1%, 등락 +5.8%)",장마감 강제청산
2026-01-05 15:10,2026-01-06 09:01,005930,삼성전자,오버나잇,5,138000,135200,-15556,-2.254,-0.45,"오버나잇: 등락 +6.7%, 범위 위치 88%",익일 시초 매도
2026-01-05 15:10,2026-01-06 09:01,000660,SK하이닉스,오버나잇,1,693000,690000,-4586,-0.662,-0.13,"오버나잇: 등락 +2.2%, 범위 위치 56%",익일 시초 매도
2026-01-05 15:10,2026-01-06 09:01,042700,한미반도체,오버나잇,4,166300,168900,8849,1.330,0.27,"오버나잇: 등락 +15.1%, 범위 위치 96%",익일 시초 매도
2026-01-05 15:10,2026-01-06 09:01,034020,두산에너빌리티,오버나잇,9,83100,86000,24324,3.252,0.66,"오버나잇: 등락 +9.8%, 범위 위치 97%",익일 시초 매도
2026-01-05 15:10,2026-01-06 09:01,042660,한화오션,오버나잇,6,117700,118100,772,0.109,0.02,"오버나잇: 등락 +2.5%, 범위 위치 78%",익일 시초 매도
2026-01-05 15:10,2026-01-06 09:01,068270,셀트리온,오버나잇,3,198742,198166,-3094,-0.519,-0.10,"오버나잇: 등락 +3.0%, 범위 위치 70%",익일 시초 매도
2026-01-05 15:10,2026-01-06 09:01,196170,알테오젠,오버나잇,2,359741,358202,-4724,-0.657,-0.13,"오버나잇: 등락 +1.9%, 범위 위치 86%",익일 시초 매도
2026-01-06 15:10,2026-01-07 09:01,000660,SK하이닉스,오버나잇,1,722000,760000,36258,5.022,1.01,"오버나잇: 등락 +3.1%, 범위 위치 91%",익일 시초 매도
2026-01-06 15:10,2026-01-07 09:01,042700,한미반도체,오버나잇,4,183300,194200,41822,5.704,1.15,"오버나잇: 등락 +5.3%, 범위 위치 98%",익일 시초 매도
2026-01-06 15:10,2026-01-07 09:01,034020,두산에너빌리티,오버나잇,8,85400,85000,-4764,-0.697,-0.14,"오버나잇: 등락 +0.9%, 범위 위치 83%",익일 시초 매도
2026-01-06 15:10,2026-01-07 09:01,042660,한화오션,오버나잇,6,119200,119800,1949,0.273,0.06,"오버나잇: 등락 +1.0%, 범위 위치 67%",익일 시초 매도
2026-01-06 15:10,2026-01-07 09:01,402340,SK스퀘어,오버나잇,1,428500,433500,4004,0.934,0.19,"오버나잇: 등락 +1.9%, 범위 위치 81%",익일 시초 매도
2026-01-06 15:10,2026-01-07 09:01,047810,한국항공우주,오버나잇,5,135850,134700,-7299,-1.075,-0.22,"오버나잇: 등락 +9.2%, 범위 위치 72%",익일 시초 매도
2026-01-06 15:10,2026-01-07 09:01,086520,에코프로,오버나잇,8,92400,93500,7082,0.958,0.19,"오버나잇: 등락 +2.2%, 범위 위치 18%",익일 시초 매도
2026-01-07 15:10,2026-01-08 09:01,005930,삼성전자,오버나잇,5,140200,138200,-11590,-1.653,-0.33,"오버나잇: 등락 +2.4%, 범위 위치 38%",익일 시초 매도
2026-01-07 15:10,2026-01-08 09:01,000660,SK하이닉스,오버나잇,1,736500,730000,-8179,-1.111,-0.22,"오버나잇: 등락 +3.2%, 범위 위치 25%",익일 시초 매도
2026-01-07 15:10,2026-01-08 09:01,005380,현대차,오버나잇,2,351000,361000,18343,2.613,0.52,"오버나잇: 등락 +13.8%, 범위 위치 78%",익일 시초 매도
2026-01-07 15:10,2026-01-08 09:01,042700,한미반도체,오버나잇,4,185900,182600,-14880,-2.001,-0.40,"오버나잇: 등락 +4.4%, 범위 위치 33%",익일 시초 매도
2026-01-07 15:10,2026-01-08 09:01,042660,한화오션,오버나잇,6,120700,122600,9711,1.341,0.27,"오버나잇: 등락 +0.8%, 범위 위치 36%",익일 시초 매도
2026-01-07 15:10,2026-01-08 09:01,000270,기아,오버나잇,5,128650,131000,10246,1.593,0.32,"오버나잇: 등락 +5.3%, 범위 위치 80%",익일 시초 매도
2026-01-07 15:10,2026-01-08 09:01,012330,현대모비스,오버나잇,1,392500,404500,11073,2.821,0.57,"오버나잇: 등락 +6.8%, 범위 위치 70%",익일 시초 매도
2026-01-07 15:10,2026-01-08 09:01,298830,슈어소프트테크,오버나잇,82,9300,9450,10521,1.380,0.28,"오버나잇: 등락 +15.8%, 범위 위치 68%",익일 시초 매도
2026-01-08 09:05,2026-01-08 15:05,376900,로킷헬스케어,ORB,14,69200,72000,36888,3.808,1.32,"ORB5 고가 68,800 돌파 (범위 4.2%, 등락 +8.5%)",장마감 강제청산
2026-01-08 15:10,2026-01-09 09:01,042660,한화오션,오버나잇,5,129600,129500,-1989,-0.307,-0.06,"오버나잇: 등락 +7.1%, 범위 위치 77%",익일 시초 매도
2026-01-08 15:10,2026-01-09 09:01,196170,알테오젠,오버나잇,2,370514,369360,-4006,-0.541,-0.11,"오버나잇: 등락 +2.4%, 범위 위치 89%",익일 시초 매도
2026-01-08 15:10,2026-01-09 09:01,047810,한국항공우주,오버나잇,5,143400,145600,9328,1.301,0.26,"오버나잇: 등락 +6.2%, 범위 위치 84%",익일 시초 매도
2026-01-08 15:10,2026-01-09 09:01,402340,SK스퀘어,오버나잇,1,428000,424000,-4975,-1.162,-0.24,"오버나잇: 등락 +0.0%, 범위 위치 27%",익일 시초 매도
2026-01-08 15:10,2026-01-09 09:01,456160,지투지바이오,오버나잇,9,81900,79100,-26839,-3.641,-0.75,"오버나잇: 등락 +27.0%, 범위 위치 96%",익일 시초 매도
2026-01-08 15:10,2026-01-09 09:01,000660,SK하이닉스,오버나잇,1,759000,743000,-17710,-2.333,-0.48,"오버나잇: 등락 +2.4%, 범위 위치 49%",익일 시초 매도
2026-01-09 09:06,2026-01-09 09:13,103140,풍산,ORB,12,122700,119100,-46492,-3.158,-1.08,"ORB5 고가 122,500 돌파 (범위 2.7%, 등락 +6.0%) · A등급","손절 (119,100)"
2026-01-09 09:14,2026-01-09 15:05,214450,파마리서치,ORB,3,488500,484500,-15344,-1.047,-0.35,"ORB5 고가 488,000 돌파 (범위 3.3%, 등락 +5.3%) · A등급",장마감 강제청산
2026-01-09 15:10,2026-01-12 09:01,042660,한화오션,오버나잇,5,134100,135200,3947,0.589,0.12,"오버나잇: 등락 +2.8%, 범위 위치 92%",익일 시초 매도
2026-01-09 15:10,2026-01-12 09:01,005380,현대차,오버나잇,2,366500,383000,31245,4.263,0.87,"오버나잇: 등락 +6.9%, 범위 위치 90%",익일 시초 매도
2026-01-09 15:10,2026-01-12 09:01,034020,두산에너빌리티,오버나잇,9,83900,87600,31493,4.171,0.85,"오버나잇: 등락 +0.0%, 범위 위치 15%",익일 시초 매도
2026-01-09 15:10,2026-01-12 09:01,272210,한화시스템,오버나잇,10,76700,78300,14202,1.852,0.37,"오버나잇: 등락 +26.0%, 범위 위치 97%",익일 시초 매도
2026-01-09 15:10,2026-01-12 09:01,196170,알테오젠,오버나잇,1,393715,382442,-12153,-3.087,-0.62,"오버나잇: 등락 +6.1%, 범위 위치 94%",익일 시초 매도
2026-01-09 15:10,2026-01-12 09:01,307950,현대오토에버,오버나잇,1,464000,475500,10409,2.243,0.45,"오버나잇: 등락 +18.7%, 범위 위치 85%",익일 시초 매도
2026-01-09 15:10,2026-01-12 09:01,476830,알지노믹스,오버나잇,8,96950,92400,-38104,-4.913,-0.98,"오버나잇: 등락 +21.7%, 범위 위치 85%",익일 시초 매도
2026-01-12 09:05,2026-01-12 09:13,101170,우림피티에스,ORB,79,19260,21150,145491,9.562,3.23,"ORB5 고가 19,200 돌파 (범위 3.1%, 등락 +4.3%) · A등급",목표 익절 +10%
2026-01-12 09:06,2026-01-12 09:16,034020,두산에너빌리티,ORB,16,89700,87100,-44811,-3.122,-1.08,"ORB5 고가 89,600 돌파 (범위 3.0%, 등락 +6.3%) · A등급","손절 (87,100)"
2026-01-12 09:06,2026-01-12 12:13,000720,현대건설,ORB,12,81500,89600,94743,9.687,3.29,"ORB5 고가 81,200 돌파 (범위 4.2%, 등락 +7.0%)",목표 익절 +10%
2026-01-12 09:25,2026-01-12 14:42,010120,LS ELECTRIC,ORB,9,101100,98100,-29033,-3.191,-1.08,"ORB5 고가 101,000 돌파 (범위 2.9%, 등락 +6.0%)","손절 (98,100)"
2026-01-12 15:10,2026-01-13 09:01,005380,현대차,오버나잇,2,365000,380000,28257,3.871,0.78,"오버나잇: 등락 -+0.3%, 범위 위치 26%",익일 시초 매도
2026-01-12 15:10,2026-01-13 09:01,042660,한화오션,오버나잇,5,145300,144400,-6160,-0.848,-0.17,"오버나잇: 등락 +8.4%, 범위 위치 78%",익일 시초 매도
2026-01-12 15:10,2026-01-13 09:01,034020,두산에너빌리티,오버나잇,8,87900,88000,-818,-0.116,-0.02,"오버나잇: 등락 +3.7%, 범위 위치 40%",익일 시초 매도
2026-01-12 15:10,2026-01-13 09:01,000720,현대건설,오버나잇,8,91100,88800,-20035,-2.749,-0.56,"오버나잇: 등락 +19.6%, 범위 위치 89%",익일 시초 매도
2026-01-12 15:10,2026-01-13 09:01,047810,한국항공우주,오버나잇,5,153200,151700,-9244,-1.207,-0.24,"오버나잇: 등락 +2.1%, 범위 위치 55%",익일 시초 매도
2026-01-12 15:10,2026-01-13 09:01,086520,에코프로,오버나잇,8,93200,95300,15051,2.019,0.41,"오버나잇: 등락 +5.5%, 범위 위치 73%",익일 시초 매도
2026-01-13 09:05,2026-01-13 09:47,012330,현대모비스,ORB,3,413000,454000,119887,9.676,3.33,"ORB5 고가 411,500 돌파 (범위 2.4%, 등락 +4.3%) · A등급",목표 익절 +10%
2026-01-13 09:05,2026-01-13 14:07,307950,현대오토에버,ORB,2,503000,488500,-31250,-3.106,-1.08,"ORB5 고가 501,000 돌파 (범위 3.7%, 등락 +9.3%)","손절 (488,500)"
2026-01-13 09:05,2026-01-13 15:05,005380,현대차,ORB,2,384500,407000,43135,5.609,1.88,"ORB5 고가 384,000 돌파 (범위 1.6%, 등락 +4.8%)",장마감 강제청산
2026-01-13 09:07,2026-01-13 15:05,007660,이수페타시스,ORB,12,117000,115800,-17597,-1.253,-0.42,"ORB5 고가 116,900 돌파 (범위 3.9%, 등락 +6.4%) · A등급",장마감 강제청산
2026-01-13 15:10,2026-01-14 09:01,005380,현대차,오버나잇,1,405000,406500,567,0.140,0.03,"오버나잇: 등락 +10.4%, 범위 위치 76%",익일 시초 매도
2026-01-13 15:10,2026-01-14 09:01,042660,한화오션,오버나잇,5,149500,148200,-8205,-1.098,-0.22,"오버나잇: 등락 +3.8%, 범위 위치 93%",익일 시초 매도
2026-01-13 15:10,2026-01-14 09:01,272210,한화시스템,오버나잇,8,89800,86400,-28792,-4.008,-0.82,"오버나잇: 등락 +13.1%, 범위 위치 92%",익일 시초 매도
2026-01-13 15:10,2026-01-14 09:01,000270,기아,오버나잇,5,135500,139600,18899,2.790,0.56,"오버나잇: 등락 +4.7%, 범위 위치 90%",익일 시초 매도
2026-01-13 15:10,2026-01-14 09:01,005490,POSCO홀딩스,오버나잇,2,352500,352500,-1620,-0.230,-0.05,"오버나잇: 등락 +13.9%, 범위 위치 96%",익일 시초 매도
2026-01-13 15:10,2026-01-14 09:01,012330,현대모비스,오버나잇,1,452000,448000,-5030,-1.113,-0.22,"오버나잇: 등락 +14.0%, 범위 위치 74%",익일 시초 매도
2026-01-13 15:10,2026-01-14 09:01,307950,현대오토에버,오버나잇,1,499000,490500,-9628,-1.929,-0.39,"오버나잇: 등락 +8.5%, 범위 위치 30%",익일 시초 매도
2026-01-14 09:06,2026-01-14 09:10,042700,한미반도체,ORB,5,185500,179600,-31569,-3.404,-1.15,"ORB5 고가 185,300 돌파 (범위 4.7%, 등락 +7.0%)","손절 (180,000)"
2026-01-14 09:05,2026-01-14 09:24,066570,LG전자,ORB,10,96700,93800,-31161,-3.222,-1.07,"ORB5 고가 96,500 돌파 (범위 5.5%, 등락 +6.5%)","손절 (93,800)"
2026-01-14 09:09,2026-01-14 15:05,000270,기아,ORB,10,140800,142200,10732,0.762,0.26,"ORB5 고가 140,600 돌파 (범위 3.2%, 등락 +3.6%) · A등급",장마감 강제청산
2026-01-14 15:10,2026-01-15 09:01,005930,삼성전자,오버나잇,5,140000,139000,-6599,-0.943,-0.19,"오버나잇: 등락 +1.3%, 범위 위치 89%",익일 시초 매도
2026-01-14 15:10,2026-01-15 09:01,000660,SK하이닉스,오버나잇,1,741000,732000,-10684,-1.442,-0.29,"오버나잇: 등락 +0.3%, 범위 위치 59%",익일 시초 매도
2026-01-14 15:10,2026-01-15 09:01,005380,현대차,오버나잇,1,409000,409500,-441,-0.108,-0.02,"오버나잇: 등락 +0.6%, 범위 위치 81%",익일 시초 매도
2026-01-14 15:10,2026-01-15 09:01,272210,한화시스템,오버나잇,8,88300,94800,50266,7.116,1.43,"오버나잇: 등락 +2.3%, 범위 위치 42%",익일 시초 매도
2026-01-14 15:10,2026-01-15 09:01,000880,한화,오버나잇,5,153784,157145,15002,1.951,0.39,"오버나잇: 등락 +25.1%, 범위 위치 92%",익일 시초 매도
2026-01-14 15:10,2026-01-15 09:01,034020,두산에너빌리티,오버나잇,8,89500,90000,2345,0.328,0.07,"오버나잇: 등락 +2.3%, 범위 위치 70%",익일 시초 매도
2026-01-14 15:10,2026-01-15 09:01,042700,한미반도체,오버나잇,4,178100,173400,-20397,-2.863,-0.57,"오버나잇: 등락 +2.8%, 범위 위치 27%",익일 시초 매도
2026-01-14 15:10,2026-01-15 09:01,000720,현대건설,오버나잇,8,94500,94000,-5729,-0.758,-0.15,"오버나잇: 등락 +1.7%, 범위 위치 36%",익일 시초 매도
2026-01-15 09:08,2026-01-15 09:12,272210,한화시스템,ORB,10,96400,93600.00,-30156,-3.128,-1.08,"ORB5 고가 96,300 돌파 (범위 3.7%, 등락 +9.0%)","손절 (93,600)"
2026-01-15 09:07,2026-01-15 15:05,007660,이수페타시스,ORB,12,121600,121600,-3354,-0.230,-0.08,"ORB5 고가 121,400 돌파 (범위 3.5%, 등락 +4.6%) · A등급",장마감 강제청산
2026-01-15 15:10,2026-01-16 09:01,005930,삼성전자,오버나잇,5,143400,145300,7832,1.092,0.22,"오버나잇: 등락 +2.8%, 범위 위치 89%",익일 시초 매도
2026-01-15 15:10,2026-01-16 09:01,000660,SK하이닉스,오버나잇,1,746000,750000,2277,0.305,0.06,"오버나잇: 등락 +1.4%, 범위 위치 90%",익일 시초 매도
2026-01-15 15:10,2026-01-16 09:01,005380,현대차,오버나잇,1,420000,426500,5521,1.315,0.26,"오버나잇: 등락 +1.4%, 범위 위치 75%",익일 시초 매도
2026-01-15 15:10,2026-01-16 09:01,090710,휴림로봇,오버나잇,70,11200,11510,19852,2.532,0.51,"오버나잇: 등락 +17.6%, 범위 위치 75%",익일 시초 매도
2026-01-15 15:10,2026-01-16 09:01,272210,한화시스템,오버나잇,8,97000,95100,-16951,-2.184,-0.44,"오버나잇: 등락 +9.6%, 범위 위치 66%",익일 시초 매도
2026-01-15 15:10,2026-01-16 09:01,000270,기아,오버나잇,5,151700,158000,29689,3.914,0.79,"오버나잇: 등락 +6.2%, 범위 위치 93%",익일 시초 매도
2026-01-15 15:10,2026-01-16 09:01,042660,한화오션,오버나잇,5,148400,149800,5279,0.711,0.14,"오버나잇: 등락 +5.0%, 범위 위치 53%",익일 시초 매도
2026-01-15 15:10,2026-01-16 09:01,000880,한화,오버나잇,4,164689,161127,-15731,-2.388,-0.47,"오버나잇: 등락 +6.4%, 범위 위치 84%",익일 시초 매도
2026-01-16 09:11,2026-01-16 09:18,022100,포스코DX,ORB,24,42400,41100,-33471,-3.289,-1.12,"ORB5 고가 42,350 돌파 (범위 3.8%, 등락 +9.7%)","손절 (41,150)"
2026-01-16 09:05,2026-01-16 09:46,090710,휴림로봇,ORB,85,12200,13410,100246,9.667,3.28,"ORB5 고가 12,180 돌파 (범위 5.8%, 등락 +9.2%)",목표 익절 +10%
2026-01-16 15:10,2026-01-19 09:01,005930,삼성전자,오버나잇,5,148800,147100,-10192,-1.370,-0.28,"오버나잇: 등락 +2.6%, 범위 위치 87%",익일 시초 매도
2026-01-16 15:10,2026-01-19 09:01,034020,두산에너빌리티,오버나잇,8,95150,97000,13018,1.710,0.34,"오버나잇: 등락 +6.0%, 범위 위치 81%",익일 시초 매도
2026-01-16 15:10,2026-01-19 09:01,196170,알테오젠,오버나잇,1,396293,390906,-6285,-1.586,-0.32,"오버나잇: 등락 +9.6%, 범위 위치 83%",익일 시초 매도
2026-01-16 15:10,2026-01-19 09:01,066570,LG전자,오버나잇,8,98000,97600,-4995,-0.637,-0.13,"오버나잇: 등락 +3.8%, 범위 위치 39%",익일 시초 매도
2026-01-16 15:10,2026-01-19 09:01,022100,포스코DX,오버나잇,18,42200,41400,-16114,-2.121,-0.43,"오버나잇: 등락 +9.1%, 범위 위치 59%",익일 시초 매도
2026-01-16 15:10,2026-01-19 09:01,052690,한전기술,오버나잇,6,126100,130000,21610,2.856,0.57,"오버나잇: 등락 +10.6%, 범위 위치 80%",익일 시초 매도
2026-01-16 15:10,2026-01-19 09:01,456160,지투지바이오,오버나잇,9,82600,83300,4578,0.616,0.12,"오버나잇: 등락 +8.0%, 범위 위치 56%",익일 시초 매도
2026-01-16 15:10,2026-01-19 09:03,090710,휴림로봇,오버나잇,62,12620,14190,95333,12.184,2.44,"오버나잇: 등락 +13.0%, 범위 위치 51%",익일 시초 매도
2026-01-19 09:05,2026-01-19 11:49,005380,현대차,ORB,2,439500,483000,84793,9.647,3.26,"ORB5 고가 439,000 돌파 (범위 4.6%, 등락 +5.6%)",목표 익절 +10%
2026-01-19 09:26,2026-01-19 15:05,052690,한전기술,ORB,7,131600,133200,9059,0.983,0.33,"ORB5 고가 131,500 돌파 (범위 3.7%, 등락 +4.6%)",장마감 강제청산
2026-01-19 09:07,2026-01-19 15:05,456160,지투지바이오,ORB,12,86500,87200,5997,0.578,0.20,"ORB5 고가 86,300 돌파 (범위 4.6%, 등락 +4.3%)",장마감 강제청산
2026-01-19 15:10,2026-01-20 09:01,005930,삼성전자,오버나잇,5,149700,148400,-8207,-1.096,-0.22,"오버나잇: 등락 +0.1%, 범위 위치 78%",익일 시초 매도
2026-01-19 15:10,2026-01-20 09:01,005380,현대차,오버나잇,1,478000,494000,14867,3.110,0.63,"오버나잇: 등락 +14.9%, 범위 위치 87%",익일 시초 매도
2026-01-19 15:10,2026-01-20 09:01,000660,SK하이닉스,오버나잇,1,767000,764000,-4757,-0.620,-0.13,"오버나잇: 등락 +1.2%, 범위 위치 72%",익일 시초 매도
2026-01-19 15:10,2026-01-20 09:01,034020,두산에너빌리티,오버나잇,8,95500,96100,3034,0.397,0.08,"오버나잇: 등락 +1.4%, 범위 위치 55%",익일 시초 매도
2026-01-19 15:10,2026-01-20 09:01,000270,기아,오버나잇,4,169500,173900,16004,2.360,0.48,"오버나잇: 등락 +11.1%, 범위 위치 85%",익일 시초 매도
2026-01-19 15:10,2026-01-20 09:01,466100,클로봇,오버나잇,11,71324,76244,52201,6.654,1.35,"오버나잇: 등락 +11.6%, 범위 위치 74%",익일 시초 매도
2026-01-19 15:10,2026-01-20 09:01,058610,에스피지,오버나잇,7,113650,112900,-7067,-0.888,-0.18,"오버나잇: 등락 +22.3%, 범위 위치 85%",익일 시초 매도
2026-01-19 15:10,2026-01-20 09:03,454910,두산로보틱스,오버나잇,7,107300,123100,108636,14.464,2.93,"오버나잇: 등락 +18.7%, 범위 위치 79%",익일 시초 매도
2026-01-20 09:05,2026-01-20 09:06,022100,포스코DX,ORB,36,44900,43450,-55804,-3.452,-1.19,"ORB5 고가 44,850 돌파 (범위 2.9%, 등락 +3.9%) · A등급","손절 (43,600)"
2026-01-20 15:10,2026-01-21 09:01,005380,현대차,오버나잇,1,481000,467500,-14577,-3.031,-0.61,"오버나잇: 등락 +1.4%, 범위 위치 53%",익일 시초 매도
2026-01-20 15:10,2026-01-21 09:01,015760,한국전력,오버나잇,12,66200,65300,-12603,-1.586,-0.32,"오버나잇: 등락 +17.6%, 범위 위치 90%",익일 시초 매도
2026-01-20 15:10,2026-01-21 09:01,034020,두산에너빌리티,오버나잇,8,95700,91400,-36085,-4.713,-0.96,"오버나잇: 등락 +0.5%, 범위 위치 55%",익일 시초 매도
2026-01-20 15:10,2026-01-21 09:01,319400,현대무벡스,오버나잇,21,38350,36950,-31187,-3.872,-0.78,"오버나잇: 등락 +9.6%, 범위 위치 64%",익일 시초 매도
2026-01-20 15:10,2026-01-21 09:01,454910,두산로보틱스,오버나잇,6,117150,113000,-26462,-3.765,-0.75,"오버나잇: 등락 +8.7%, 범위 위치 53%",익일 시초 매도
2026-01-20 15:10,2026-01-21 09:01,005490,POSCO홀딩스,오버나잇,2,358500,350000,-18612,-2.596,-0.53,"오버나잇: 등락 +3.8%, 범위 위치 87%",익일 시초 매도
2026-01-20 15:10,2026-01-21 09:01,457190,이수스페셜티케미컬,오버나잇,9,83000,81600,-14290,-1.913,-0.39,"오버나잇: 등락 +6.1%, 범위 위치 39%",익일 시초 매도
2026-01-20 15:10,2026-01-21 09:01,086520,에코프로,오버나잇,8,98600,95300,-28156,-3.569,-0.72,"오버나잇: 등락 +4.2%, 범위 위치 63%",익일 시초 매도
2026-01-21 15:10,2026-01-22 09:01,005930,삼성전자,오버나잇,5,149300,155000,26723,3.580,0.72,"오버나잇: 등락 +4.8%, 범위 위치 94%",익일 시초 매도
2026-01-21 15:10,2026-01-22 09:01,000660,SK하이닉스,오버나잇,1,740000,765000,23245,3.141,0.63,"오버나잇: 등락 +1.4%, 범위 위치 43%",익일 시초 매도
2026-01-21 15:10,2026-01-22 09:01,012330,현대모비스,오버나잇,1,487500,497000,8359,1.715,0.35,"오버나잇: 등락 +10.6%, 범위 위치 93%",익일 시초 매도
2026-01-21 15:10,2026-01-22 09:01,000270,기아,오버나잇,4,171700,172800,2812,0.409,0.08,"오버나잇: 등락 +6.6%, 범위 위치 81%",익일 시초 매도
2026-01-21 15:10,2026-01-22 09:01,015760,한국전력,오버나잇,12,67900,67800,-3071,-0.377,-0.08,"오버나잇: 등락 +3.2%, 범위 위치 65%",익일 시초 매도
2026-01-21 15:10,2026-01-22 09:01,348340,뉴로메카,오버나잇,11,72143,78677,69896,8.808,1.74,"오버나잇: 등락 +21.4%, 범위 위치 75%",익일 시초 매도
2026-01-21 15:10,2026-01-22 09:01,032820,우리기술,오버나잇,97,8400,9290,84271,10.343,2.07,"오버나잇: 등락 +5.1%, 범위 위치 19%",익일 시초 매도
2026-01-22 09:06,2026-01-22 09:15,457190,이수스페셜티케미컬,ORB,11,96100,105900,105139,9.946,3.41,"ORB5 고가 96,000 돌파 (범위 4.8%, 등락 +8.0%)",목표 익절 +10%
2026-01-22 09:10,2026-01-22 11:39,298830,슈어소프트테크,ORB,115,9160,10070,102003,9.683,3.29,"ORB5 고가 9,150 돌파 (범위 5.2%, 등락 +7.6%)",목표 익절 +10%
2026-01-22 09:19,2026-01-22 15:05,402340,SK스퀘어,ORB,2,449000,443500,-13041,-1.452,-0.50,"ORB5 고가 448,500 돌파 (범위 4.3%, 등락 +4.3%)",장마감 강제청산
2026-01-22 15:10,2026-01-23 09:01,005930,삼성전자,오버나잇,5,151600,154700,13724,1.811,0.37,"오버나잇: 등락 +1.2%, 범위 위치 4%",익일 시초 매도
2026-01-22 15:10,2026-01-23 09:01,000660,SK하이닉스,오버나잇,1,754000,754000,-1734,-0.230,-0.05,"오버나잇: 등락 +1.2%, 범위 위치 10%",익일 시초 매도
2026-01-22 15:10,2026-01-23 09:01,006400,삼성SDI,오버나잇,2,379500,402000,43159,5.686,1.17,"오버나잇: 등락 +16.1%, 범위 위치 90%",익일 시초 매도
2026-01-22 15:10,2026-01-23 09:01,005490,POSCO홀딩스,오버나잇,2,359000,371000,22298,3.106,0.64,"오버나잇: 등락 +2.0%, 범위 위치 40%",익일 시초 매도
2026-01-21 15:10,2026-01-23 09:01,319400,현대무벡스,오버나잇,17,46075,48700,42729,5.455,1.08,"오버나잇: 등락 +18.3%, 범위 위치 81%",익일 시초 매도
2026-01-22 15:10,2026-01-23 09:01,086520,에코프로,오버나잇,7,103900,109700,38841,5.340,1.09,"오버나잇: 등락 +8.5%, 범위 위치 68%",익일 시초 매도
2026-01-22 15:10,2026-01-23 09:01,457190,이수스페셜티케미컬,오버나잇,7,101400,99700,-13505,-1.903,-0.39,"오버나잇: 등락 +13.8%, 범위 위치 49%",익일 시초 매도
2026-01-22 15:10,2026-01-23 09:01,298830,슈어소프트테크,오버나잇,80,10000,10290,21311,2.664,0.53,"오버나잇: 등락 +17.5%, 범위 위치 60%",익일 시초 매도
2026-01-23 09:05,2026-01-23 09:07,005490,POSCO홀딩스,ORB,2,389500,378000,-24741,-3.176,-1.08,"ORB5 고가 389,000 돌파 (범위 6.0%, 등락 +8.2%)","손절 (378,000)"
2026-01-23 09:07,2026-01-23 09:54,064260,다날,ORB,153,7310,8070,113459,10.144,3.53,"ORB5 고가 7,300 돌파 (범위 5.6%, 등락 +6.7%)",목표 익절 +10%
2026-01-23 15:10,2026-01-26 09:01,000660,SK하이닉스,오버나잇,1,769000,753000,-17733,-2.306,-0.47,"오버나잇: 등락 +1.1%, 범위 위치 75%",익일 시초 매도
2026-01-23 15:10,2026-01-26 09:01,298380,에이비엘바이오,오버나잇,4,197000,203000,22137,2.809,0.56,"오버나잇: 등락 +10.1%, 범위 위치 91%",익일 시초 매도
2026-01-23 15:10,2026-01-26 09:01,034020,두산에너빌리티,오버나잇,8,93700,94600,5462,0.729,0.15,"오버나잇: 등락 +3.2%, 범위 위치 76%",익일 시초 매도
2026-01-23 15:10,2026-01-26 09:01,006800,미래에셋증권,오버나잇,24,34551,33555,-25758,-3.106,-0.63,"오버나잇: 등락 +14.9%, 범위 위치 82%",익일 시초 매도
2026-01-23 15:10,2026-01-26 09:01,000250,삼천당제약,오버나잇,2,359500,368000,15311,2.129,0.44,"오버나잇: 등락 +16.2%, 범위 위치 73%",익일 시초 매도
2026-01-23 15:10,2026-01-26 09:01,005490,POSCO홀딩스,오버나잇,2,365500,372000,11292,1.545,0.31,"오버나잇: 등락 +1.1%, 범위 위치 17%",익일 시초 매도
2026-01-23 15:10,2026-01-26 09:01,042660,한화오션,오버나잇,6,139900,142300,12440,1.482,0.30,"오버나잇: 등락 +1.4%, 범위 위치 16%",익일 시초 매도
2026-01-23 15:10,2026-01-26 09:01,000720,현대건설,오버나잇,7,108900,109000,-1054,-0.138,-0.03,"오버나잇: 등락 +3.6%, 범위 위치 22%",익일 시초 매도
2026-01-22 15:10,2026-01-26 09:03,348340,뉴로메카,오버나잇,10,74965,68104,-70186,-9.363,-1.86,"오버나잇: 등락 +2.6%, 범위 위치 39%",익일 시초 매도
2026-01-26 09:05,2026-01-26 12:07,247540,에코프로비엠,ORB,9,180600,198729,159073,9.787,3.27,"ORB5 고가 180,521 돌파 (범위 3.0%, 등락 +5.9%) · A등급",목표 익절 +10%
2026-01-26 15:10,2026-01-27 09:01,005930,삼성전자,오버나잇,5,152000,150500,-9231,-1.215,-0.24,"오버나잇: 등락 +0.2%, 범위 위치 10%",익일 시초 매도
2026-01-26 15:10,2026-01-27 09:01,086520,에코프로,오버나잇,6,129100,126700,-16150,-2.085,-0.42,"오버나잇: 등락 +22.5%, 범위 위치 96%",익일 시초 매도
2026-01-26 15:10,2026-01-27 09:01,006400,삼성SDI,오버나잇,2,385000,373000,-25718,-3.340,-0.68,"오버나잇: 등락 +2.1%, 범위 위치 68%",익일 시초 매도
2026-01-26 15:10,2026-01-27 09:01,277810,레인보우로보틱스,오버나잇,1,682000,649000,-34497,-5.058,-1.01,"오버나잇: 등락 +27.5%, 범위 위치 89%",익일 시초 매도
2026-01-26 15:10,2026-01-27 09:01,377300,카카오페이,오버나잇,12,70700,68500,-28294,-3.335,-0.67,"오버나잇: 등락 +4.1%, 범위 위치 20%",익일 시초 매도
2026-01-26 15:10,2026-01-27 09:01,064260,다날,오버나잇,86,9860,9550,-28552,-3.367,-0.68,"오버나잇: 등락 +10.7%, 범위 위치 48%",익일 시초 매도
2026-01-26 15:10,2026-01-27 09:01,058610,에스피지,오버나잇,7,119900,116900,-22883,-2.726,-0.55,"오버나잇: 등락 +14.5%, 범위 위치 72%",익일 시초 매도
2026-01-26 15:10,2026-01-27 09:03,032820,우리기술,오버나잇,103,8290,9840,157343,18.427,3.73,"오버나잇: 등락 +16.9%, 범위 위치 73%",익일 시초 매도
2026-01-27 15:10,2026-01-28 09:01,000660,SK하이닉스,오버나잇,1,801000,810000,7139,0.891,0.18,"오버나잇: 등락 +8.1%, 범위 위치 100%",익일 시초 매도
2026-01-27 15:10,2026-01-28 09:01,005930,삼성전자,오버나잇,5,159400,162600,14134,1.773,0.36,"오버나잇: 등락 +4.6%, 범위 위치 100%",익일 시초 매도
2026-01-27 15:10,2026-01-28 09:01,086520,에코프로,오버나잇,6,136700,139600,15477,1.887,0.38,"오버나잇: 등락 +4.0%, 범위 위치 76%",익일 시초 매도
2026-01-27 15:10,2026-01-28 09:01,006400,삼성SDI,오버나잇,2,387500,394000,11190,1.444,0.29,"오버나잇: 등락 +1.4%, 범위 위치 66%",익일 시초 매도
2026-01-27 15:10,2026-01-28 09:01,090710,휴림로봇,오버나잇,57,15000,15550,29318,3.429,0.69,"오버나잇: 등락 +1.2%, 범위 위치 63%",익일 시초 매도
2026-01-27 15:10,2026-01-28 09:01,010120,LS ELECTRIC,오버나잇,7,108200,111900,24104,3.182,0.64,"오버나잇: 등락 +8.2%, 범위 위치 78%",익일 시초 매도
2026-01-27 15:10,2026-01-28 09:01,017670,SK텔레콤,오버나잇,12,69300,70000,6470,0.778,0.16,"오버나잇: 등락 +12.3%, 범위 위치 75%",익일 시초 매도
2026-01-27 15:10,2026-01-28 09:01,067310,하나마이크론,오버나잇,25,33300,34100,18044,2.167,0.44,"오버나잇: 등락 +17.9%, 범위 위치 97%",익일 시초 매도
2026-01-28 09:11,2026-01-28 09:47,007660,이수페타시스,ORB,13,126100,122400,-51765,-3.158,-1.08,"ORB5 고가 126,000 돌파 (범위 3.1%, 등락 +5.8%) · A등급","손절 (122,400)"
2026-01-28 09:05,2026-01-28 10:24,373220,LG에너지솔루션,ORB,2,441000,428000,-27972,-3.171,-1.08,"ORB5 고가 440,500 돌파 (범위 4.5%, 등락 +6.0%)","손절 (428,000)"
2026-01-28 09:05,2026-01-28 11:19,086520,에코프로,ORB,10,144400,158800,140370,9.721,3.26,"ORB5 고가 144,200 돌파 (범위 3.9%, 등락 +5.1%) · A등급",목표 익절 +10%
2026-01-28 09:05,2026-01-28 13:08,403870,HPSP,ORB,28,39300,43200,106435,9.672,3.31,"ORB5 고가 39,200 돌파 (범위 2.0%, 등락 +4.7%)",목표 익절 +10%
2026-01-28 09:11,2026-01-28 15:05,090710,휴림로봇,ORB,108,15970,15790,-23363,-1.355,-0.46,"ORB5 고가 15,950 돌파 (범위 3.8%, 등락 +6.3%) · A등급",장마감 강제청산
2026-01-28 15:10,2026-01-29 09:01,000660,SK하이닉스,오버나잇,1,841000,878000,34987,4.160,0.83,"오버나잇: 등락 +4.5%, 범위 위치 75%",익일 시초 매도
2026-01-28 15:10,2026-01-29 09:01,005930,삼성전자,오버나잇,5,163200,166200,13092,1.604,0.32,"오버나잇: 등락 +2.1%, 범위 위치 97%",익일 시초 매도
2026-01-28 15:10,2026-01-29 09:01,005380,현대차,오버나잇,1,493500,501000,6349,1.287,0.26,"오버나잇: 등락 -+0.1%, 범위 위치 19%",익일 시초 매도
2026-01-28 15:10,2026-01-29 09:01,086520,에코프로,오버나잇,5,168600,174700,28496,3.380,0.68,"오버나잇: 등락 +23.3%, 범위 위치 96%",익일 시초 매도
2026-01-28 15:10,2026-01-29 09:01,277810,레인보우로보틱스,오버나잇,1,692000,701000,7390,1.068,0.22,"오버나잇: 등락 +5.8%, 범위 위치 49%",익일 시초 매도
2026-01-28 15:10,2026-01-29 09:01,006400,삼성SDI,오버나잇,2,397000,397000,-1826,-0.230,-0.05,"오버나잇: 등락 +2.6%, 범위 위치 33%",익일 시초 매도
2026-01-28 15:10,2026-01-29 09:01,196170,알테오젠,오버나잇,2,334348,337811,5374,0.804,0.16,"오버나잇: 등락 +6.8%, 범위 위치 77%",익일 시초 매도
2026-01-28 15:10,2026-01-29 09:01,373220,LG에너지솔루션,오버나잇,2,431500,435000,5001,0.579,0.12,"오버나잇: 등락 +3.6%, 범위 위치 28%",익일 시초 매도
2026-01-29 09:05,2026-01-29 09:08,080220,제주반도체,ORB,29,39050,37900.00,-35881,-3.168,-1.08,"ORB5 고가 38,900 돌파 (범위 1.7%, 등락 +7.0%)","손절 (37,900)"
2026-01-29 15:10,2026-01-30 09:01,000660,SK하이닉스,오버나잇,1,863000,853000,-11962,-1.386,-0.28,"오버나잇: 등락 +0.1%, 범위 위치 68%",익일 시초 매도
2026-01-29 15:10,2026-01-30 09:01,086520,에코프로,오버나잇,5,171700,171100,-4967,-0.579,-0.12,"오버나잇: 등락 +3.2%, 범위 위치 54%",익일 시초 매도
2026-01-29 15:10,2026-01-30 09:01,006800,미래에셋증권,오버나잇,21,40525,39728,-18657,-2.192,-0.44,"오버나잇: 등락 +16.5%, 범위 위치 91%",익일 시초 매도
2026-01-29 15:10,2026-01-30 09:01,277810,레인보우로보틱스,오버나잇,1,756000,780000,22210,2.938,0.60,"오버나잇: 등락 +9.6%, 범위 위치 76%",익일 시초 매도
2026-01-29 15:10,2026-01-30 09:01,000270,기아,오버나잇,5,155500,153300,-12763,-1.642,-0.33,"오버나잇: 등락 +3.1%, 범위 위치 84%",익일 시초 매도
2026-01-29 15:10,2026-01-30 09:01,034020,두산에너빌리티,오버나잇,9,94200,92900,-13624,-1.607,-0.32,"오버나잇: 등락 +2.2%, 범위 위치 59%",익일 시초 매도
2026-01-29 15:10,2026-01-30 09:01,307950,현대오토에버,오버나잇,1,484000,472000,-13086,-2.704,-0.55,"오버나잇: 등락 +8.7%, 범위 위치 78%",익일 시초 매도
2026-01-29 15:10,2026-01-30 09:01,058610,에스피지,오버나잇,5,158300,157200,-7307,-0.923,-0.18,"오버나잇: 등락 +5.9%, 범위 위치 59%",익일 시초 매도
2026-01-30 09:05,2026-01-30 09:06,027360,아주IB투자,ORB,236,4845,4700,-36775,-3.216,-1.07,"ORB5 고가 4,830 돌파 (범위 5.9%, 등락 +7.4%)","손절 (4,700)"
2026-01-30 09:21,2026-01-30 09:23,457190,이수스페셜티케미컬,ORB,10,112700,109100,-38514,-3.417,-1.17,"ORB5 고가 112,500 돌파 (범위 3.6%, 등락 +8.9%)","손절 (109,400)"
2026-01-30 09:11,2026-01-30 09:24,108490,로보티즈,ORB,3,355000,344500,-33881,-3.181,-1.08,"ORB5 고가 354,000 돌파 (범위 5.4%, 등락 +8.2%)","손절 (344,500)"
2026-01-30 09:09,2026-01-30 09:35,058470,리노공업,ORB,11,97000,106900,106213,9.954,3.33,"ORB5 고가 96,900 돌파 (범위 5.0%, 등락 +5.3%)",목표 익절 +10%
2026-01-30 09:07,2026-01-30 09:39,103140,풍산,ORB,12,139200,135100,-52935,-3.169,-1.08,"ORB5 고가 139,100 돌파 (범위 3.0%, 등락 +6.4%) · A등급","손절 (135,100)"
2026-01-30 09:05,2026-01-30 15:05,017670,SK텔레콤,ORB,15,74300,72650,-27259,-2.446,-0.83,"ORB5 고가 74,200 돌파 (범위 5.4%, 등락 +6.8%)",장마감 강제청산
2026-01-30 15:10,2026-02-02 09:01,272210,한화시스템,오버나잇,9,94800,92200,-25310,-2.966,-0.60,"오버나잇: 등락 +1.1%, 범위 위치 27%",익일 시초 매도
2026-01-30 15:10,2026-02-02 09:01,006800,미래에셋증권,오버나잇,20,42865,42915,-972,-0.113,-0.02,"오버나잇: 등락 +5.5%, 범위 위치 69%",익일 시초 매도
2026-01-30 15:10,2026-02-02 09:01,108490,로보티즈,오버나잇,2,342000,330500,-24523,-3.585,-0.72,"오버나잇: 등락 +4.3%, 범위 위치 30%",익일 시초 매도
2026-01-30 15:10,2026-02-02 09:01,058470,리노공업,오버나잇,8,107600,100700,-57060,-6.629,-1.35,"오버나잇: 등락 +16.8%, 범위 위치 62%",익일 시초 매도
2026-01-30 15:10,2026-02-02 09:01,038500,삼표시멘트,오버나잇,105,8410,8920,51405,5.821,1.17,"오버나잇: 등락 +27.3%, 범위 위치 95%",익일 시초 매도
2026-01-30 15:10,2026-02-02 09:01,005930,삼성전자,오버나잇,5,163300,155600,-40294,-4.935,-0.99,"오버나잇: 등락 +1.4%, 범위 위치 50%",익일 시초 매도
2026-01-30 15:10,2026-02-02 09:01,080220,제주반도체,오버나잇,20,43450,42550,-19959,-2.297,-0.46,"오버나잇: 등락 +17.9%, 범위 위치 87%",익일 시초 매도
2026-02-02 09:07,2026-02-02 15:05,086790,하나금융지주,ORB,15,104600,103200,-24563,-1.566,-0.53,"ORB5 고가 104,500 돌파 (범위 3.8%, 등락 +4.1%) · A등급",장마감 강제청산
2026-02-02 15:10,2026-02-02 15:19,0001A0,덕양에너젠,오버나잇,22,39250,37300,-44793,-5.187,-1.04,"오버나잇: 등락 +12.5%, 범위 위치 61%","손절 (37,300)"
2026-02-02 15:10,2026-02-03 09:01,272210,한화시스템,오버나잇,9,93200,96900,31301,3.732,0.76,"오버나잇: 등락 +1.4%, 범위 위치 21%",익일 시초 매도
2026-02-02 15:10,2026-02-03 09:01,298380,에이비엘바이오,오버나잇,4,197700,204500,25324,3.202,0.65,"오버나잇: 등락 +0.6%, 범위 위치 29%",익일 시초 매도
2026-02-02 15:10,2026-02-03 09:01,012210,삼미금속,오버나잇,52,16620,16330,-17034,-1.971,-0.39,"오버나잇: 등락 +20.0%, 범위 위치 75%",익일 시초 매도
2026-02-02 15:10,2026-02-03 09:01,474170,루미르,오버나잇,49,17800,18100,12664,1.452,0.29,"오버나잇: 등락 +12.7%, 범위 위치 58%",익일 시초 매도
2026-02-02 15:13,2026-02-03 09:01,380550,뉴로핏,오버나잇,24,36100,35450,-17557,-2.026,-0.41,"오버나잇: 등락 +27.6%, 범위 위치 91%",익일 시초 매도
2026-02-02 15:10,2026-02-03 09:01,319400,현대무벡스,오버나잇,26,33600,35350,43394,4.967,1.01,"오버나잇: 등락 +6.3%, 범위 위치 57%",익일 시초 매도
2026-02-02 15:10,2026-02-03 09:01,006220,제주은행,오버나잇,50,17340,16300,-53882,-6.215,-1.25,"오버나잇: 등락 +22.3%, 범위 위치 94%",익일 시초 매도
2026-02-03 09:05,2026-02-03 09:40,474170,루미르,ORB,91,18330,20150,161428,9.678,3.23,"ORB5 고가 18,310 돌파 (범위 2.6%, 등락 +4.4%) · A등급",목표 익절 +10%
2026-02-03 09:17,2026-02-03 15:05,010120,LS ELECTRIC,ORB,9,113900,120500,56916,5.552,1.86,"ORB5 고가 113,600 돌파 (범위 4.4%, 등락 +7.0%)",장마감 강제청산
2026-02-03 15:10,2026-02-04 09:01,005930,삼성전자,오버나잇,5,166500,163400,-17380,-2.088,-0.42,"오버나잇: 등락 +10.1%, 범위 위치 98%",익일 시초 매도
2026-02-03 15:10,2026-02-04 09:01,034020,두산에너빌리티,오버나잇,9,91100,94400,27752,3.385,0.69,"오버나잇: 등락 +5.9%, 범위 위치 100%",익일 시초 매도
2026-02-03 15:10,2026-02-04 09:01,086520,에코프로,오버나잇,5,170100,168300,-10936,-1.286,-0.26,"오버나잇: 등락 +4.0%, 범위 위치 97%",익일 시초 매도
2026-02-03 15:10,2026-02-04 09:01,005380,현대차,오버나잇,1,492000,501000,7850,1.596,0.32,"오버나잇: 등락 +3.0%, 범위 위치 86%",익일 시초 매도
2026-02-03 15:10,2026-02-04 09:01,272210,한화시스템,오버나잇,7,119900,124800,32297,3.848,0.78,"오버나잇: 등락 +26.5%, 범위 위치 98%",익일 시초 매도
2026-02-03 15:10,2026-02-04 09:01,006800,미래에셋증권,오버나잇,17,49785,51279,23399,2.765,0.55,"오버나잇: 등락 +24.5%, 범위 위치 90%",익일 시초 매도
2026-02-03 15:10,2026-02-04 09:01,006400,삼성SDI,오버나잇,2,374500,373500,-3718,-0.496,-0.10,"오버나잇: 등락 +5.3%, 범위 위치 72%",익일 시초 매도
2026-02-04 09:13,2026-02-04 15:05,052690,한전기술,ORB,12,140200,148100,90728,5.393,1.80,"ORB5 고가 140,100 돌파 (범위 2.6%, 등락 +5.0%) · A등급",장마감 강제청산
2026-02-04 09:05,2026-02-04 15:05,267260,HD현대일렉트릭,ORB,1,925000,922000,-5120,-0.554,-0.19,"ORB5 고가 924,000 돌파 (범위 4.4%, 등락 +3.8%)",장마감 강제청산
2026-02-04 15:10,2026-02-05 09:01,086520,에코프로,오버나잇,4,176500,174900,-8008,-1.134,-0.23,"오버나잇: 등락 +3.3%, 범위 위치 53%",익일 시초 매도
2026-02-04 15:10,2026-02-05 09:01,006400,삼성SDI,오버나잇,2,393000,387500,-12783,-1.626,-0.33,"오버나잇: 등락 +4.2%, 범위 위치 85%",익일 시초 매도
2026-02-04 15:10,2026-02-05 09:01,042660,한화오션,오버나잇,6,144100,142100,-13961,-1.615,-0.32,"오버나잇: 등락 +1.3%, 범위 위치 83%",익일 시초 매도
2026-02-04 15:10,2026-02-05 09:01,052690,한전기술,오버나잇,5,149200,145700,-19177,-2.571,-0.52,"오버나잇: 등락 +11.8%, 범위 위치 73%",익일 시초 매도
2026-02-04 15:10,2026-02-05 09:01,001440,대한전선,오버나잇,26,33350,34000,14870,1.715,0.35,"오버나잇: 등락 +8.3%, 범위 위치 75%",익일 시초 매도
2026-02-04 15:10,2026-02-05 09:01,005930,삼성전자,오버나잇,5,168900,161900,-36866,-4.365,-0.88,"오버나잇: 등락 +0.8%, 범위 위치 90%",익일 시초 매도
2026-02-04 15:10,2026-02-05 09:01,034020,두산에너빌리티,오버나잇,9,96500,93900,-25346,-2.918,-0.59,"오버나잇: 등락 +4.9%, 범위 위치 98%",익일 시초 매도
2026-02-04 15:10,2026-02-05 09:01,272210,한화시스템,오버나잇,7,123300,117900,-39702,-4.600,-0.93,"오버나잇: 등락 +2.1%, 범위 위치 72%",익일 시초 매도
2026-02-05 15:10,2026-02-05 15:12,322000,HD현대에너지솔루션,오버나잇,10,87400,82900,-46913,-5.368,-1.09,"오버나잇: 등락 +24.0%, 범위 위치 90%","손절 (83,100)"
2026-02-05 15:10,2026-02-06 09:01,009830,한화솔루션,오버나잇,25,35417,33434,-51503,-5.817,-1.17,"오버나잇: 등락 +3.0%, 범위 위치 68%",익일 시초 매도
2026-02-05 15:12,2026-02-06 09:01,139480,이마트,오버나잇,8,104200,115500,88289,10.591,2.12,"오버나잇: 등락 +9.5%, 범위 위치 39%",익일 시초 매도
2026-02-05 15:10,2026-02-06 09:01,440110,파두,오버나잇,19,44800,44650,-4800,-0.564,-0.11,"오버나잇: 등락 +25.0%, 범위 위치 67%",익일 시초 매도
2026-02-05 15:10,2026-02-06 09:01,008830,대동기어,오버나잇,58,15189,15525,17421,1.977,0.40,"오버나잇: 등락 +19.0%, 범위 위치 67%",익일 시초 매도
2026-02-05 15:10,2026-02-06 09:01,005490,POSCO홀딩스,오버나잇,2,367000,356500,-22642,-3.085,-0.63,"오버나잇: 등락 +0.8%, 범위 위치 18%",익일 시초 매도
2026-02-05 15:10,2026-02-06 09:01,130660,한전산업,오버나잇,50,17590,17000,-31458,-3.577,-0.72,"오버나잇: 등락 +9.2%, 범위 위치 37%",익일 시초 매도
2026-02-05 15:10,2026-02-06 09:01,004310,현대약품,오버나잇,67,13250,13130,-10063,-1.134,-0.23,"오버나잇: 등락 +13.0%, 범위 위치 42%",익일 시초 매도
2026-02-05 15:10,2026-02-06 09:01,098460,고영,오버나잇,25,34850,33450,-36927,-4.238,-0.87,"오버나잇: 등락 +3.1%, 범위 위치 24%",익일 시초 매도
2026-02-06 15:10,2026-02-09 09:01,009830,한화솔루션,오버나잇,21,39897,39470,-10873,-1.298,-0.26,"오버나잇: 등락 +16.2%, 범위 위치 69%",익일 시초 매도
2026-02-06 15:10,2026-02-09 09:01,038500,삼표시멘트,오버나잇,46,18830,20300,65484,7.560,1.51,"오버나잇: 등락 +2.1%, 범위 위치 43%",익일 시초 매도
2026-02-06 15:10,2026-02-09 09:01,105560,KB금융,오버나잇,5,148700,150400,6773,0.911,0.18,"오버나잇: 등락 +4.8%, 범위 위치 61%",익일 시초 매도
2026-02-06 15:10,2026-02-09 09:01,055550,신한지주,오버나잇,9,93300,95900,21420,2.551,0.52,"오버나잇: 등락 +2.4%, 범위 위치 95%",익일 시초 매도
2026-02-06 15:10,2026-02-09 09:01,322000,HD현대에너지솔루션,오버나잇,10,85300,82900,-25909,-3.037,-0.62,"오버나잇: 등락 +4.2%, 범위 위치 42%",익일 시초 매도
2026-02-06 15:10,2026-02-09 09:01,090710,휴림로봇,오버나잇,62,13890,14260,20911,2.428,0.49,"오버나잇: 등락 +4.0%, 범위 위치 60%",익일 시초 매도
2026-02-06 15:10,2026-02-09 09:01,010060,OCI홀딩스,오버나잇,5,152100,148700,-18712,-2.460,-0.49,"오버나잇: 등락 +8.7%, 범위 위치 74%",익일 시초 매도
2026-02-06 15:10,2026-02-09 09:03,440110,파두,오버나잇,19,44900,50700,108003,12.660,2.58,"오버나잇: 등락 +0.3%, 범위 위치 54%",익일 시초 매도
2026-02-09 09:06,2026-02-09 11:17,086390,유니테스트,ORB,61,18750,20650,113022,9.882,3.31,"ORB5 고가 18,720 돌파 (범위 3.4%, 등락 +9.6%)",목표 익절 +10%
2026-02-09 09:07,2026-02-09 15:05,267260,HD현대일렉트릭,ORB,1,905000,929000,21868,2.416,0.81,"ORB5 고가 904,000 돌파 (범위 2.1%, 등락 +6.0%) · A등급",장마감 강제청산
2026-02-09 15:10,2026-02-10 09:01,005930,삼성전자,오버나잇,5,166600,167400,2077,0.249,0.05,"오버나잇: 등락 +3.5%, 범위 위치 43%",익일 시초 매도
2026-02-09 15:10,2026-02-10 09:01,005380,현대차,오버나잇,1,478000,498500,19358,4.050,0.82,"오버나잇: 등락 +1.2%, 범위 위치 36%",익일 시초 매도
2026-02-09 15:10,2026-02-10 09:01,034020,두산에너빌리티,오버나잇,9,95500,95100,-5567,-0.648,-0.13,"오버나잇: 등락 +6.0%, 범위 위치 73%",익일 시초 매도
2026-02-09 15:10,2026-02-10 09:01,009830,한화솔루션,오버나잇,19,45179,45085,-3755,-0.437,-0.09,"오버나잇: 등락 +14.0%, 범위 위치 78%",익일 시초 매도
2026-02-09 15:10,2026-02-10 09:01,086520,에코프로,오버나잇,5,161700,160100,-9842,-1.217,-0.25,"오버나잇: 등락 +4.1%, 범위 위치 72%",익일 시초 매도
2026-02-09 15:10,2026-02-10 09:01,090430,아모레퍼시픽,오버나잇,5,164700,163100,-9876,-1.199,-0.24,"오버나잇: 등락 +17.5%, 범위 위치 83%",익일 시초 매도
2026-02-10 15:10,2026-02-11 09:01,005930,삼성전자,오버나잇,5,166700,163900,-15886,-1.906,-0.38,"오버나잇: 등락 +1.9%, 범위 위치 42%",익일 시초 매도
2026-02-10 15:10,2026-02-11 09:01,005380,현대차,오버나잇,1,483000,480500,-3605,-0.746,-0.15,"오버나잇: 등락 +0.9%, 범위 위치 13%",익일 시초 매도
2026-02-10 15:10,2026-02-11 09:01,034020,두산에너빌리티,오버나잇,9,94900,95300,1629,0.191,0.04,"오버나잇: 등락 +1.3%, 범위 위치 71%",익일 시초 매도
2026-02-10 15:10,2026-02-11 09:01,086520,에코프로,오버나잇,5,156400,156600,-800,-0.102,-0.02,"오버나잇: 등락 +0.1%, 범위 위치 10%",익일 시초 매도
2026-02-10 15:10,2026-02-11 09:01,056080,유진로봇,오버나잇,19,45400,48050,48260,5.595,1.13,"오버나잇: 등락 +20.9%, 범위 위치 70%",익일 시초 매도
2026-02-10 15:10,2026-02-11 09:01,018880,한온시스템,오버나잇,197,4545,4855,58881,6.576,1.33,"오버나잇: 등락 +17.3%, 범위 위치 72%",익일 시초 매도
2026-02-10 15:10,2026-02-11 09:01,000660,SK하이닉스,오버나잇,1,882000,859000,-24978,-2.832,-0.57,"오버나잇: 등락 +1.4%, 범위 위치 4%",익일 시초 매도
2026-02-10 15:10,2026-02-11 09:01,090710,휴림로봇,오버나잇,61,14650,14750,4033,0.451,0.09,"오버나잇: 등락 +5.2%, 범위 위치 34%",익일 시초 매도
2026-02-11 09:06,2026-02-11 09:42,006910,보성파워텍,ORB,207,8610,9500,179736,10.085,3.47,"ORB5 고가 8,590 돌파 (범위 3.0%, 등락 +5.5%) · A등급",목표 익절 +10%
2026-02-11 09:11,2026-02-11 09:43,047040,대우건설,ORB,234,7520,7300,-55415,-3.149,-1.08,"ORB5 고가 7,490 돌파 (범위 3.9%, 등락 +6.5%) · A등급","손절 (7,300)"
2026-02-11 15:10,2026-02-12 09:01,005930,삼성전자,오버나잇,5,167500,171100,16036,1.915,0.39,"오버나잇: 등락 +0.6%, 범위 위치 83%",익일 시초 매도
2026-02-11 15:10,2026-02-12 09:01,066570,LG전자,오버나잇,7,128000,127800,-3457,-0.386,-0.08,"오버나잇: 등락 +22.4%, 범위 위치 97%",익일 시초 매도
2026-02-11 15:10,2026-02-12 09:01,034020,두산에너빌리티,오버나잇,9,95600,94700,-10060,-1.169,-0.24,"오버나잇: 등락 +1.1%, 범위 위치 60%",익일 시초 매도
2026-02-11 15:10,2026-02-12 09:01,105560,KB금융,오버나잇,5,164400,163800,-4883,-0.594,-0.12,"오버나잇: 등락 +5.0%, 범위 위치 93%",익일 시초 매도
2026-02-11 15:10,2026-02-12 09:01,009830,한화솔루션,오버나잇,19,45465,45085,-9190,-1.064,-0.21,"오버나잇: 등락 +3.3%, 범위 위치 67%",익일 시초 매도
2026-02-11 15:10,2026-02-12 09:01,139480,이마트,오버나잇,7,126800,129700,18216,2.052,0.41,"오버나잇: 등락 +4.5%, 범위 위치 44%",익일 시초 매도
2026-02-11 15:10,2026-02-12 09:01,006910,보성파워텍,오버나잇,97,9215,9110,-12218,-1.367,-0.27,"오버나잇: 등락 +12.8%, 범위 위치 50%",익일 시초 매도
2026-02-11 15:10,2026-02-12 09:01,241520,DSC인베스트먼트,오버나잇,75,11870,11670,-17014,-1.911,-0.38,"오버나잇: 등락 +3.1%, 범위 위치 11%",익일 시초 매도
2026-02-12 09:11,2026-02-12 09:15,397030,에이프릴바이오,ORB,16,73100,71000,-36217,-3.097,-1.08,"ORB5 고가 73,000 돌파 (범위 4.1%, 등락 +5.6%)","손절 (71,000)"
2026-02-12 15:10,2026-02-13 09:01,005930,삼성전자,오버나잇,5,178100,179400,4439,0.498,0.10,"오버나잇: 등락 +6.8%, 범위 위치 84%",익일 시초 매도
2026-02-12 15:10,2026-02-13 09:01,000660,SK하이닉스,오버나잇,1,888000,889000,-1044,-0.118,-0.02,"오버나잇: 등락 +3.3%, 범위 위치 63%",익일 시초 매도
2026-02-12 15:10,2026-02-13 09:01,105560,KB금융,오버나잇,5,167000,166800,-2918,-0.349,-0.07,"오버나잇: 등락 +1.8%, 범위 위치 71%",익일 시초 매도
2026-02-12 15:10,2026-02-13 09:01,032820,우리기술,오버나잇,66,13590,13200,-27746,-3.093,-0.63,"오버나잇: 등락 +10.0%, 범위 위치 57%",익일 시초 매도
2026-02-12 15:10,2026-02-13 09:01,005490,POSCO홀딩스,오버나잇,2,386500,378500,-17742,-2.295,-0.47,"오버나잇: 등락 +3.9%, 범위 위치 56%",익일 시초 매도
2026-02-12 15:10,2026-02-13 09:01,086520,에코프로,오버나잇,5,155200,152100,-17251,-2.223,-0.45,"오버나잇: 등락 +2.2%, 범위 위치 78%",익일 시초 매도
2026-02-12 15:10,2026-02-13 09:01,006400,삼성SDI,오버나잇,2,382500,377000,-12735,-1.665,-0.34,"오버나잇: 등락 +1.5%, 범위 위치 73%",익일 시초 매도
2026-02-13 15:10,2026-02-19 09:01,005930,삼성전자,오버나잇,4,181500,187900,23877,3.289,0.66,"오버나잇: 등락 +0.8%, 범위 위치 49%",익일 시초 매도
2026-02-13 15:10,2026-02-19 09:01,034020,두산에너빌리티,오버나잇,9,96700,100500,32126,3.691,0.74,"오버나잇: 등락 +1.8%, 범위 위치 48%",익일 시초 매도
2026-02-13 15:10,2026-02-19 09:01,018880,한온시스템,오버나잇,202,4485,4495,-66,-0.007,0.00,"오버나잇: 등락 +2.1%, 범위 위치 33%",익일 시초 매도
2026-02-13 15:10,2026-02-19 09:01,003530,한화투자증권,오버나잇,122,7420,8040,73397,8.108,1.63,"오버나잇: 등락 +14.0%, 범위 위치 58%",익일 시초 매도
2026-02-13 15:10,2026-02-19 09:01,017670,SK텔레콤,오버나잇,10,86000,84200,-19939,-2.318,-0.46,"오버나잇: 등락 +10.4%, 범위 위치 71%",익일 시초 매도
2026-02-13 15:10,2026-02-19 09:01,047810,한국항공우주,오버나잇,5,177550,179200,6191,0.697,0.14,"오버나잇: 등락 +6.8%, 범위 위치 55%",익일 시초 매도
2026-02-13 15:10,2026-02-19 09:01,352820,하이브,오버나잇,2,389250,395000,9686,1.244,0.25,"오버나잇: 등락 +2.8%, 범위 위치 43%",익일 시초 매도
2026-02-13 15:10,2026-02-19 09:01,080220,제주반도체,오버나잇,19,45900,47200,22643,2.596,0.53,"오버나잇: 등락 +2.9%, 범위 위치 39%",익일 시초 매도
2026-02-19 09:12,2026-02-19 09:25,032820,우리기술,ORB,90,13320,12920,-38678,-3.226,-1.10,"ORB5 고가 13,310 돌파 (범위 4.9%, 등락 +7.9%)","손절 (12,930)"
2026-02-19 09:14,2026-02-19 09:51,241520,DSC인베스트먼트,ORB,138,12810,14090,172196,9.741,3.28,"ORB5 고가 12,790 돌파 (범위 3.1%, 등락 +5.4%) · A등급",목표 익절 +10%
2026-02-19 09:05,2026-02-19 10:08,009830,한화솔루션,ORB,25,45850,50456,112268,9.794,3.33,"ORB5 고가 45,745 돌파 (범위 4.2%, 등락 +5.9%)",목표 익절 +10%
2026-02-19 09:08,2026-02-19 15:05,005490,POSCO홀딩스,ORB,4,393500,390500,-15594,-0.991,-0.34,"ORB5 고가 392,500 돌파 (범위 2.5%, 등락 +4.0%) · A등급",장마감 강제청산
2026-02-19 15:10,2026-02-20 09:01,000660,SK하이닉스,오버나잇,1,898000,892000,-8051,-0.897,-0.18,"오버나잇: 등락 +1.4%, 범위 위치 40%",익일 시초 매도
2026-02-19 15:10,2026-02-20 09:01,005930,삼성전자,오버나잇,4,189100,190000,1853,0.245,0.05,"오버나잇: 등락 +3.7%, 범위 위치 53%",익일 시초 매도
2026-02-19 15:10,2026-02-20 09:01,034020,두산에너빌리티,오버나잇,9,98600,99200,3349,0.377,0.08,"오버나잇: 등락 +1.5%, 범위 위치 13%",익일 시초 매도
2026-02-19 15:10,2026-02-20 09:01,042660,한화오션,오버나잇,6,140700,143000,11830,1.401,0.28,"오버나잇: 등락 +8.1%, 범위 위치 79%",익일 시초 매도
2026-02-19 15:10,2026-02-20 09:01,006800,미래에셋증권,오버나잇,12,70446,73981,40386,4.777,0.95,"오버나잇: 등락 +15.4%, 범위 위치 63%",익일 시초 매도
2026-02-19 15:10,2026-02-20 09:01,086520,에코프로,오버나잇,5,172500,175500,12985,1.506,0.30,"오버나잇: 등락 +14.8%, 범위 위치 94%",익일 시초 매도
2026-02-19 15:10,2026-02-20 09:01,006400,삼성SDI,오버나잇,2,404500,401500,-7847,-0.970,-0.20,"오버나잇: 등락 +7.2%, 범위 위치 93%",익일 시초 매도
2026-02-19 15:10,2026-02-20 09:01,009150,삼성전기,오버나잇,2,358500,356500,-5639,-0.786,-0.16,"오버나잇: 등락 +14.7%, 범위 위치 89%",익일 시초 매도
2026-02-20 09:05,2026-02-20 09:08,004090,한국석유,ORB,68,17870,17320,-40113,-3.301,-1.11,"ORB5 고가 17,850 돌파 (범위 4.6%, 등락 +9.3%)","손절 (17,340)"
2026-02-20 09:05,2026-02-20 15:05,034220,LG디스플레이,ORB,90,13380,13290,-10851,-0.901,-0.30,"ORB5 고가 13,350 돌파 (범위 5.5%, 등락 +9.0%)",장마감 강제청산
2026-02-20 15:10,2026-02-23 09:01,005930,삼성전자,오버나잇,4,189900,194300,15817,2.082,0.42,"오버나잇: 등락 +0.5%, 범위 위치 72%",익일 시초 매도
2026-02-20 15:10,2026-02-23 09:01,034020,두산에너빌리티,오버나잇,8,104000,105300,8466,1.018,0.20,"오버나잇: 등락 +5.5%, 범위 위치 65%",익일 시초 매도
2026-02-20 15:10,2026-02-23 09:01,032820,우리기술,오버나잇,62,14910,15530,36233,3.920,0.79,"오버나잇: 등락 +15.1%, 범위 위치 61%",익일 시초 매도
2026-02-20 15:10,2026-02-23 09:01,042660,한화오션,오버나잇,6,149900,148800,-8652,-0.962,-0.19,"오버나잇: 등락 +6.4%, 범위 위치 86%",익일 시초 매도
2026-02-20 15:10,2026-02-23 09:01,006400,삼성SDI,오버나잇,2,402000,407500,9128,1.135,0.23,"오버나잇: 등락 +0.4%, 범위 위치 12%",익일 시초 매도
2026-02-20 15:10,2026-02-23 09:01,272210,한화시스템,오버나잇,8,116100,114900,-11714,-1.261,-0.25,"오버나잇: 등락 +5.6%, 범위 위치 31%",익일 시초 매도
2026-02-23 09:13,2026-02-23 15:05,032820,우리기술,ORB,75,16310,16890,40594,3.319,1.13,"ORB5 고가 16,300 돌파 (범위 4.9%, 등락 +9.8%)",장마감 강제청산
2026-02-23 09:07,2026-02-23 15:05,062040,산일전기,ORB,10,158400,164250,54732,3.455,1.16,"ORB5 고가 158,200 돌파 (범위 3.5%, 등락 +6.2%) · A등급",장마감 강제청산
2026-02-23 15:10,2026-02-24 09:01,005930,삼성전자,오버나잇,4,192700,192900,-973,-0.126,-0.03,"오버나잇: 등락 +1.3%, 범위 위치 31%",익일 시초 매도
2026-02-23 15:10,2026-02-24 09:01,009150,삼성전기,오버나잇,2,426000,425500,-2956,-0.347,-0.07,"오버나잇: 등락 +13.3%, 범위 위치 76%",익일 시초 매도
2026-02-23 15:10,2026-02-24 09:01,086520,에코프로,오버나잇,5,169800,172900,13515,1.592,0.32,"오버나잇: 등락 -+0.6%, 범위 위치 17%",익일 시초 매도
2026-02-23 15:10,2026-02-24 09:01,066570,LG전자,오버나잇,7,132000,134700,16736,1.811,0.36,"오버나잇: 등락 +7.1%, 범위 위치 50%",익일 시초 매도
2026-02-23 15:10,2026-02-24 09:01,032820,우리기술,오버나잇,55,16870,17290,20918,2.254,0.45,"오버나잇: 등락 +13.6%, 범위 위치 64%",익일 시초 매도
2026-02-23 15:10,2026-02-24 09:01,000720,현대건설,오버나잇,6,134500,136200,8323,1.031,0.21,"오버나잇: 등락 +5.1%, 범위 위치 34%",익일 시초 매도
2026-02-23 15:10,2026-02-24 09:01,001440,대한전선,오버나잇,26,34500,34250,-8548,-0.953,-0.19,"오버나잇: 등락 +4.7%, 범위 위치 55%",익일 시초 매도
2026-02-24 09:05,2026-02-24 09:10,066970,엘앤에프,ORB,10,122600,118800,-40737,-3.323,-1.13,"ORB5 고가 122,300 돌파 (범위 5.9%, 등락 +6.4%)","손절 (119,000)"
2026-02-24 09:05,2026-02-24 15:05,006400,삼성SDI,ORB,2,418000,421000,4065,0.486,0.16,"ORB5 고가 417,500 돌파 (범위 5.0%, 등락 +6.2%)",장마감 강제청산
2026-02-24 15:10,2026-02-25 09:01,005930,삼성전자,오버나잇,4,199700,202000,7344,0.919,0.19,"오버나잇: 등락 +2.8%, 범위 위치 96%",익일 시초 매도
2026-02-24 15:10,2026-02-25 09:01,006400,삼성SDI,오버나잇,2,421000,422000,60,0.007,0.00,"오버나잇: 등락 +7.0%, 범위 위치 80%",익일 시초 매도
2026-02-24 15:10,2026-02-25 09:01,009150,삼성전기,오버나잇,2,444500,469000,46851,5.270,1.06,"오버나잇: 등락 +3.0%, 범위 위치 88%",익일 시초 매도
2026-02-24 15:10,2026-02-25 09:01,007660,이수페타시스,오버나잇,8,112000,116900,37056,4.136,0.83,"오버나잇: 등락 +3.6%, 범위 위치 77%",익일 시초 매도
2026-02-24 15:10,2026-02-25 09:01,032820,우리기술,오버나잇,54,17210,17820,30733,3.307,0.66,"오버나잇: 등락 +1.6%, 범위 위치 52%",익일 시초 매도
2026-02-24 15:10,2026-02-25 09:01,048410,현대바이오,오버나잇,46,20100,20550,18531,2.004,0.42,"오버나잇: 등락 +13.1%, 범위 위치 73%",익일 시초 매도
2026-02-24 15:10,2026-02-25 09:01,222080,SFA넥셀,오버나잇,62,15030,15100,2189,0.235,0.05,"오버나잇: 등락 +17.3%, 범위 위치 74%",익일 시초 매도
2026-02-25 09:05,2026-02-25 15:05,000270,기아,ORB,6,184300,196400,69903,6.321,2.12,"ORB5 고가 184,100 돌파 (범위 5.3%, 등락 +5.6%)",장마감 강제청산
2026-02-25 15:10,2026-02-26 09:01,086520,에코프로,오버나잇,5,174400,178400,17953,2.059,0.41,"오버나잇: 등락 +2.5%, 범위 위치 53%",익일 시초 매도
2026-02-25 15:10,2026-02-26 09:01,006400,삼성SDI,오버나잇,2,433500,439500,9981,1.151,0.23,"오버나잇: 등락 +2.8%, 범위 위치 65%",익일 시초 매도
2026-02-25 15:10,2026-02-26 09:01,034020,두산에너빌리티,오버나잇,9,103000,104100,7748,0.836,0.17,"오버나잇: 등락 +1.5%, 범위 위치 57%",익일 시초 매도
2026-02-25 15:10,2026-02-26 09:01,006800,미래에셋증권,오버나잇,12,73085,72089,-13942,-1.590,-0.32,"오버나잇: 등락 +2.5%, 범위 위치 65%",익일 시초 매도
2026-02-25 15:10,2026-02-26 09:01,000270,기아,오버나잇,4,196600,197400,1386,0.176,0.04,"오버나잇: 등락 +12.7%, 범위 위치 87%",익일 시초 매도
2026-02-25 15:10,2026-02-26 09:01,000720,현대건설,오버나잇,6,154600,160200,31395,3.385,0.68,"오버나잇: 등락 +11.6%, 범위 위치 75%",익일 시초 매도
2026-02-25 15:10,2026-02-26 09:01,307950,현대오토에버,오버나잇,1,494250,491500,-3880,-0.785,-0.16,"오버나잇: 등락 +14.3%, 범위 위치 60%",익일 시초 매도
2026-02-26 09:09,2026-02-26 15:05,066570,LG전자,ORB,8,146000,146300,-290,-0.025,-0.01,"ORB5 고가 145,800 돌파 (범위 3.8%, 등락 +9.5%)",장마감 강제청산
2026-02-26 09:05,2026-02-26 15:05,012330,현대모비스,ORB,3,498500,525000,75890,5.075,1.74,"ORB5 고가 497,000 돌파 (범위 3.2%, 등락 +5.6%) · A등급",장마감 강제청산
2026-02-26 09:07,2026-02-26 15:05,018880,한온시스템,ORB,396,4705,4802,34045,1.827,0.61,"ORB5 고가 4,700 돌파 (범위 3.5%, 등락 +3.9%) · A등급",장마감 강제청산
2026-02-26 15:10,2026-02-27 09:01,006400,삼성SDI,오버나잇,2,448500,439000,-21021,-2.343,-0.48,"오버나잇: 등락 +3.0%, 범위 위치 59%",익일 시초 매도
2026-02-26 15:10,2026-02-27 09:01,086520,에코프로,오버나잇,5,183300,180500,-16077,-1.754,-0.35,"오버나잇: 등락 +4.3%, 범위 위치 55%",익일 시초 매도
2026-02-26 15:10,2026-02-27 09:01,066570,LG전자,오버나잇,6,146200,144600,-11596,-1.322,-0.26,"오버나잇: 등락 +9.7%, 범위 위치 66%",익일 시초 매도
2026-02-26 15:10,2026-02-27 09:01,489790,한화비전,오버나잇,10,87500,81800,-58889,-6.730,-1.37,"오버나잇: 등락 +15.3%, 범위 위치 67%",익일 시초 매도
2026-02-26 15:10,2026-02-27 09:01,277810,레인보우로보틱스,오버나잇,1,879500,850000,-31458,-3.577,-0.72,"오버나잇: 등락 +11.9%, 범위 위치 79%",익일 시초 매도
2026-02-26 15:10,2026-02-27 09:01,001510,SK증권,오버나잇,222,4290,4305,1134,0.119,0.02,"오버나잇: 등락 +18.4%, 범위 위치 68%",익일 시초 매도
2026-02-26 15:10,2026-02-27 09:01,047040,대우건설,오버나잇,94,10160,10040,-13451,-1.408,-0.29,"오버나잇: 등락 +16.0%, 범위 위치 67%",익일 시초 매도
2026-02-27 09:05,2026-02-27 12:15,004020,현대제철,ORB,30,40900,45050,121411,9.895,3.37,"ORB5 고가 40,800 돌파 (범위 6.0%, 등락 +3.9%)",목표 익절 +10%
2026-02-27 09:09,2026-02-27 13:42,034020,두산에너빌리티,ORB,16,109400,106200,-55114,-3.149,-1.08,"ORB5 고가 109,300 돌파 (범위 3.6%, 등락 +5.2%) · A등급","손절 (106,200)"
2026-02-27 15:10,2026-03-03 09:01,034020,두산에너빌리티,오버나잇,9,106300,104600,-17466,-1.826,-0.37,"오버나잇: 등락 +2.2%, 범위 위치 17%",익일 시초 매도
2026-02-27 15:10,2026-03-03 09:01,086520,에코프로,오버나잇,5,185100,178900,-33061,-3.572,-0.72,"오버나잇: 등락 +0.2%, 범위 위치 67%",익일 시초 매도
2026-02-27 15:10,2026-03-03 09:01,000250,삼천당제약,오버나잇,1,828000,816000,-13878,-1.676,-0.34,"오버나잇: 등락 +9.4%, 범위 위치 48%",익일 시초 매도
2026-02-27 15:10,2026-03-03 09:01,004020,현대제철,오버나잇,20,46450,48300,34785,3.744,0.76,"오버나잇: 등락 +18.0%, 범위 위치 67%",익일 시초 매도
2026-02-27 15:10,2026-03-03 09:01,038500,삼표시멘트,오버나잇,55,17380,16790,-34577,-3.617,-0.73,"오버나잇: 등락 +13.8%, 범위 위치 53%",익일 시초 매도
2026-02-27 15:10,2026-03-03 09:01,187660,페니트리움바이오,오버나잇,53,18253,17000,-68491,-7.080,-1.42,"오버나잇: 등락 +0.6%, 범위 위치 70%",익일 시초 매도
2026-02-27 15:10,2026-03-03 09:01,005380,현대차,오버나잇,1,674000,653000,-22504,-3.339,-0.68,"오버나잇: 등락 +11.4%, 범위 위치 87%",익일 시초 매도
2026-02-27 15:10,2026-03-03 09:01,006400,삼성SDI,오버나잇,2,469000,453500,-33090,-3.528,-0.72,"오버나잇: 등락 +4.5%, 범위 위치 86%",익일 시초 매도
2026-03-03 09:05,2026-03-03 09:06,322000,HD현대에너지솔루션,ORB,11,110300,107000,-39011,-3.215,-1.07,"ORB5 고가 110,000 돌파 (범위 4.7%, 등락 +6.1%)","손절 (107,000)"
2026-03-03 09:06,2026-03-03 10:17,439260,대한조선,ORB,18,104100,101000,-59989,-3.201,-1.08,"ORB5 고가 103,900 돌파 (범위 2.8%, 등락 +3.9%) · A등급","손절 (101,000)"
2026-03-03 09:19,2026-03-03 11:03,000880,한화,ORB,7,171311,166149,-38813,-3.237,-1.08,"ORB5 고가 171,191 돌파 (범위 3.4%, 등락 +5.1%)","손절 (166,200)"
2026-03-03 15:10,2026-03-04 09:01,103140,풍산,오버나잇,7,130400,150900,141094,15.457,3.10,"오버나잇: 등락 +12.1%, 범위 위치 46%",익일 시초 매도
2026-03-03 15:10,2026-03-04 09:01,047810,한국항공우주,오버나잇,4,196600,195000,-8194,-1.042,-0.21,"오버나잇: 등락 +2.1%, 범위 위치 21%",익일 시초 매도
2026-03-03 15:10,2026-03-04 09:01,096770,SK이노베이션,오버나잇,7,131500,136700,34206,3.716,0.75,"오버나잇: 등락 +1.9%, 범위 위치 17%",익일 시초 매도
2026-03-03 15:10,2026-03-04 09:01,058470,리노공업,오버나잇,8,112600,112700,-1273,-0.141,-0.03,"오버나잇: 등락 +4.8%, 범위 위치 34%",익일 시초 매도
2026-03-03 15:10,2026-03-04 09:01,032820,우리기술,오버나잇,56,17150,16690,-27913,-2.906,-0.59,"오버나잇: 등락 +0.2%, 범위 위치 63%",익일 시초 매도
2026-03-03 15:10,2026-03-04 09:01,226950,올릭스,오버나잇,4,195000,190100,-21351,-2.737,-0.55,"오버나잇: 등락 +9.7%, 범위 위치 44%",익일 시초 매도
2026-03-03 15:10,2026-03-04 09:01,010170,대한광통신,오버나잇,208,4595,4575,-6348,-0.664,-0.14,"오버나잇: 등락 +7.0%, 범위 위치 31%",익일 시초 매도
2026-03-04 15:10,2026-03-05 09:01,439260,대한조선,오버나잇,9,94600,100300,49233,5.783,1.16,"오버나잇: 등락 +5.7%, 범위 위치 34%",익일 시초 매도
2026-03-05 09:05,2026-03-05 10:37,066570,LG전자,ORB,10,120300,116700,-38689,-3.216,-1.07,"ORB5 고가 120,200 돌파 (범위 2.0%, 등락 +4.4%)","손절 (116,700)"
2026-03-05 09:22,2026-03-05 10:58,058470,리노공업,ORB,10,116000,112600,-36594,-3.155,-1.08,"ORB5 고가 115,900 돌파 (범위 3.5%, 등락 +8.0%)","손절 (112,600)"
2026-03-05 09:05,2026-03-05 12:50,005930,삼성전자,ORB,9,195500,189600.0,-57030,-3.241,-1.09,"ORB5 고가 195,300 돌파 (범위 2.1%, 등락 +7.7%) · A등급","손절 (189,700)"
2026-03-05 15:10,2026-03-06 09:01,079550,LIG디펜스앤에어로스페이스,오버나잇,1,764500,879000,112497,14.715,2.92,"오버나잇: 등락 +18.3%, 범위 위치 84%",익일 시초 매도
2026-03-05 15:10,2026-03-06 09:01,272210,한화시스템,오버나잇,6,150800,163600,74555,8.240,1.66,"오버나잇: 등락 +23.6%, 범위 위치 100%",익일 시초 매도
2026-03-05 15:10,2026-03-06 09:01,086520,에코프로,오버나잇,5,163600,161800,-10861,-1.328,-0.27,"오버나잇: 등락 +13.5%, 범위 위치 70%",익일 시초 매도
2026-03-05 15:10,2026-03-06 09:01,010950,S-Oil,오버나잇,7,131600,141700,68431,7.428,1.50,"오버나잇: 등락 +11.1%, 범위 위치 92%",익일 시초 매도
2026-03-05 15:10,2026-03-06 09:01,024060,흥구석유,오버나잇,28,33500,35450,52327,5.579,1.13,"오버나잇: 등락 +12.6%, 범위 위치 78%",익일 시초 매도
2026-03-05 15:10,2026-03-06 09:01,005930,삼성전자,오버나잇,4,190500,186000,-19713,-2.587,-0.52,"오버나잇: 등락 +4.9%, 범위 위치 21%",익일 시초 매도
2026-03-05 15:10,2026-03-06 09:01,000660,SK하이닉스,오버나잇,1,944000,911000,-35099,-3.718,-0.75,"오버나잇: 등락 +4.9%, 범위 위치 26%",익일 시초 매도
2026-03-06 09:05,2026-03-06 09:23,078600,대주전자재료,ORB,11,106500,117400,116950,9.983,3.43,"ORB5 고가 106,400 돌파 (범위 5.7%, 등락 +5.4%)",목표 익절 +10%
2026-03-06 09:24,2026-03-06 10:08,032820,우리기술,ORB,68,18010,17460.00,-40135,-3.277,-1.09,"ORB5 고가 17,980 돌파 (범위 5.6%, 등락 +8.6%)","손절 (17,470)"
2026-03-06 09:05,2026-03-06 10:18,403870,HPSP,ORB,37,46900,45500.0,-55679,-3.209,-1.07,"ORB5 고가 46,800 돌파 (범위 3.4%, 등락 +4.3%) · A등급","손절 (45,500)"
2026-03-06 09:05,2026-03-06 12:44,009830,한화솔루션,ORB,39,45200,49700,171070,9.704,3.25,"ORB5 고가 45,132 돌파 (범위 3.9%, 등락 +7.9%) · A등급",목표 익절 +10%
2026-03-06 15:10,2026-03-09 09:01,272210,한화시스템,오버나잇,6,156100,173100,99628,10.637,2.13,"오버나잇: 등락 +3.5%, 범위 위치 23%",익일 시초 매도
2026-03-06 15:10,2026-03-09 09:01,034020,두산에너빌리티,오버나잇,9,98000,98600,3361,0.381,0.08,"오버나잇: 등락 +6.3%, 범위 위치 99%",익일 시초 매도
2026-03-06 15:10,2026-03-09 09:01,079550,LIG디펜스앤에어로스페이스,오버나잇,1,817000,876000,56995,6.976,1.42,"오버나잇: 등락 +1.6%, 범위 위치 20%",익일 시초 매도
2026-03-06 15:10,2026-03-09 09:01,086520,에코프로,오버나잇,5,168100,160400,-40350,-4.801,-0.96,"오버나잇: 등락 +1.6%, 범위 위치 61%",익일 시초 매도
2026-03-06 15:10,2026-03-09 09:01,032820,우리기술,오버나잇,54,17145,16600,-31494,-3.402,-0.68,"오버나잇: 등락 +3.4%, 범위 위치 25%",익일 시초 매도
2026-03-06 15:10,2026-03-09 09:01,009830,한화솔루션,오버나잇,19,49096,47959,-23700,-2.541,-0.50,"오버나잇: 등락 +17.1%, 범위 위치 69%",익일 시초 매도
2026-03-06 15:10,2026-03-09 09:01,089030,테크윙,오버나잇,13,71800,64900,-91653,-9.819,-2.01,"오버나잇: 등락 +8.1%, 범위 위치 87%",익일 시초 매도
2026-03-09 15:10,2026-03-09 15:14,117580,대성에너지,오버나잇,64,15100,14350,-50117,-5.186,-1.04,"오버나잇: 등락 +27.2%, 범위 위치 86%","손절 (14,350)"
2026-03-09 15:10,2026-03-10 09:01,032820,우리기술,오버나잇,56,17300,18500,64828,6.692,1.35,"오버나잇: 등락 +0.4%, 범위 위치 39%",익일 시초 매도
2026-03-09 15:10,2026-03-10 09:01,272210,한화시스템,오버나잇,6,161900,151400,-65097,-6.701,-1.36,"오버나잇: 등락 +4.1%, 범위 위치 22%",익일 시초 매도
2026-03-09 15:10,2026-03-10 09:01,047050,포스코인터내셔널,오버나잇,12,75700,72900,-35616,-3.921,-0.80,"오버나잇: 등락 +4.9%, 범위 위치 34%",익일 시초 매도
2026-03-09 15:10,2026-03-10 09:01,247540,에코프로비엠,오버나잇,4,195777,212117,63420,8.098,1.62,"오버나잇: 등락 -+0.3%, 범위 위치 53%",익일 시초 매도
2026-03-09 15:10,2026-03-10 09:01,187660,페니트리움바이오,오버나잇,57,16922,18457,85090,8.822,1.77,"오버나잇: 등락 +12.0%, 범위 위치 66%",익일 시초 매도
2026-03-09 15:10,2026-03-10 09:01,476830,알지노믹스,오버나잇,11,84100,88350,44524,4.813,0.96,"오버나잇: 등락 +3.9%, 범위 위치 59%",익일 시초 매도
2026-03-09 15:10,2026-03-10 09:01,010950,S-Oil,오버나잇,7,126900,119000,-57223,-6.442,-1.30,"오버나잇: 등락 -+1.2%, 범위 위치 17%",익일 시초 매도
2026-03-09 15:14,2026-03-10 09:01,017960,한국카본,오버나잇,21,44650,43950,-16823,-1.794,-0.36,"오버나잇: 등락 +8.2%, 범위 위치 79%",익일 시초 매도
2026-03-10 09:05,2026-03-10 09:46,032820,우리기술,ORB,103,18570,20400,183687,9.603,3.24,"ORB5 고가 18,550 돌파 (범위 3.6%, 등락 +7.3%) · A등급",목표 익절 +10%
2026-03-10 09:05,2026-03-10 09:51,115180,큐리언트,ORB,25,48700,47200,-40219,-3.303,-1.11,"ORB5 고가 48,500 돌파 (범위 5.4%, 등락 +7.2%)","손절 (47,250)"
2026-03-10 09:18,2026-03-10 15:05,034020,두산에너빌리티,ORB,12,102800,102300,-8824,-0.715,-0.25,"ORB5 고가 102,600 돌파 (범위 2.7%, 등락 +9.9%)",장마감 강제청산
2026-03-10 15:10,2026-03-11 09:01,005930,삼성전자,오버나잇,5,188100,192900,21786,2.316,0.46,"오버나잇: 등락 +9.7%, 범위 위치 53%",익일 시초 매도
2026-03-10 15:10,2026-03-11 09:01,000660,SK하이닉스,오버나잇,1,940000,954000,11808,1.256,0.25,"오버나잇: 등락 +13.1%, 범위 위치 80%",익일 시초 매도
2026-03-10 15:10,2026-03-11 09:01,034020,두산에너빌리티,오버나잇,9,102400,103800,10454,1.134,0.23,"오버나잇: 등락 +9.5%, 범위 위치 51%",익일 시초 매도
2026-03-10 15:10,2026-03-11 09:01,086520,에코프로,오버나잇,5,163900,167800,17575,2.145,0.43,"오버나잇: 등락 +1.7%, 범위 위치 19%",익일 시초 매도
2026-03-10 15:10,2026-03-11 09:01,006400,삼성SDI,오버나잇,2,403000,413000,18105,2.246,0.45,"오버나잇: 등락 +4.3%, 범위 위치 41%",익일 시초 매도
2026-03-10 15:10,2026-03-11 09:01,009150,삼성전기,오버나잇,2,399000,414500,29099,3.646,0.75,"오버나잇: 등락 +6.3%, 범위 위치 46%",익일 시초 매도
2026-03-10 15:10,2026-03-11 09:01,036930,주성엔지니어링,오버나잇,14,69000,70900,24323,2.518,0.51,"오버나잇: 등락 +15.2%, 범위 위치 49%",익일 시초 매도
2026-03-11 09:05,2026-03-11 09:21,050890,쏠리드,ORB,131,9720,10700,125177,9.831,3.29,"ORB5 고가 9,700 돌파 (범위 4.8%, 등락 +7.9%)",목표 익절 +10%
2026-03-11 09:06,2026-03-11 14:55,009830,한화솔루션,ORB,39,49707,48250,-61158,-3.155,-1.08,"ORB5 고가 49,612 돌파 (범위 3.7%, 등락 +4.4%) · A등급","손절 (48,250)"
2026-03-11 09:17,2026-03-11 15:01,042660,한화오션,ORB,9,136300,132300.0,-38743,-3.158,-1.08,"ORB5 고가 136,000 돌파 (범위 4.3%, 등락 +8.7%)","손절 (132,300)"
2026-03-11 15:10,2026-03-12 09:01,000660,SK하이닉스,오버나잇,1,956000,937000,-21157,-2.213,-0.45,"오버나잇: 등락 +1.8%, 범위 위치 34%",익일 시초 매도
2026-03-11 15:10,2026-03-12 09:01,006800,미래에셋증권,오버나잇,13,70595,71193,5648,0.615,0.12,"오버나잇: 등락 +8.2%, 범위 위치 48%",익일 시초 매도
2026-03-11 15:10,2026-03-12 09:01,042660,한화오션,오버나잇,7,133700,132200,-12628,-1.349,-0.27,"오버나잇: 등락 +6.6%, 범위 위치 31%",익일 시초 매도
2026-03-11 15:10,2026-03-12 09:01,010950,S-Oil,오버나잇,8,114900,118800,29021,3.157,0.64,"오버나잇: 등락 -+2.0%, 범위 위치 48%",익일 시초 매도
2026-03-11 15:10,2026-03-12 09:01,009830,한화솔루션,오버나잇,20,48575,47676,-20175,-2.077,-0.42,"오버나잇: 등락 +2.0%, 범위 위치 29%",익일 시초 매도
2026-03-11 15:10,2026-03-12 09:01,015750,성우하이텍,오버나잇,93,10580,11830,113738,11.559,2.35,"오버나잇: 등락 +5.9%, 범위 위치 19%",익일 시초 매도
2026-03-11 15:10,2026-03-12 09:01,218410,RFHIC,오버나잇,11,89300,87600,-20918,-2.129,-0.43,"오버나잇: 등락 +18.3%, 범위 위치 72%",익일 시초 매도
2026-03-11 15:10,2026-03-12 09:01,006910,보성파워텍,오버나잇,84,11650,11470,-17336,-1.772,-0.36,"오버나잇: 등락 +13.2%, 범위 위치 64%",익일 시초 매도
2026-03-12 09:08,2026-03-12 09:34,047050,포스코인터내셔널,ORB,22,81300,78900,-56799,-3.176,-1.08,"ORB5 고가 81,200 돌파 (범위 3.8%, 등락 +7.1%) · A등급","손절 (78,900)"
2026-03-12 15:10,2026-03-13 09:01,034020,두산에너빌리티,오버나잇,9,102600,100600,-20083,-2.175,-0.44,"오버나잇: 등락 +1.7%, 범위 위치 46%",익일 시초 매도
2026-03-12 15:10,2026-03-13 09:01,079550,LIG디펜스앤에어로스페이스,오버나잇,1,749000,756000,5263,0.703,0.14,"오버나잇: 등락 +1.1%, 범위 위치 24%",익일 시초 매도
2026-03-12 15:10,2026-03-13 09:01,272210,한화시스템,오버나잇,6,145900,148600,14153,1.617,0.33,"오버나잇: 등락 -+0.1%, 범위 위치 24%",익일 시초 매도
2026-03-12 15:10,2026-03-13 09:01,010170,대한광통신,오버나잇,129,7650,7210,-58907,-5.969,-1.20,"오버나잇: 등락 +6.8%, 범위 위치 26%",익일 시초 매도
2026-03-12 15:10,2026-03-13 09:01,322000,HD현대에너지솔루션,오버나잇,7,131100,127100,-30049,-3.274,-0.66,"오버나잇: 등락 +24.9%, 범위 위치 87%",익일 시초 매도
2026-03-12 15:10,2026-03-13 09:01,050890,쏠리드,오버나잇,80,12400,12120,-24632,-2.483,-0.50,"오버나잇: 등락 +5.8%, 범위 위치 39%",익일 시초 매도
2026-03-12 15:10,2026-03-13 09:01,0009K0,에임드바이오,오버나잇,13,71300,68200,-42344,-4.568,-0.93,"오버나잇: 등락 +8.7%, 범위 위치 94%",익일 시초 매도
2026-03-12 15:10,2026-03-13 09:01,038500,삼표시멘트,오버나잇,50,19900,19390,-27733,-2.787,-0.56,"오버나잇: 등락 +9.7%, 범위 위치 47%",익일 시초 매도
2026-03-13 09:05,2026-03-13 09:21,0007C0,아크릴,ORB,30,41800,46250,130329,10.393,3.48,"ORB5 고가 41,700 돌파 (범위 4.6%, 등락 +8.6%)",목표 익절 +10%
2026-03-13 09:06,2026-03-13 10:25,475150,SK이터닉스,ORB,31,40450,39250,-40003,-3.190,-1.08,"ORB5 고가 40,400 돌파 (범위 3.6%, 등락 +8.3%)","손절 (39,250)"
2026-03-13 15:10,2026-03-16 09:01,034020,두산에너빌리티,오버나잇,9,106200,107900,13070,1.367,0.27,"오버나잇: 등락 +2.6%, 범위 위치 71%",익일 시초 매도
2026-03-13 15:10,2026-03-16 09:01,047040,대우건설,오버나잇,81,12280,12700,31660,3.183,0.64,"오버나잇: 등락 +17.3%, 범위 위치 62%",익일 시초 매도
2026-03-13 15:10,2026-03-16 09:01,000720,현대건설,오버나잇,6,162900,166400,18709,1.914,0.38,"오버나잇: 등락 +3.9%, 범위 위치 65%",익일 시초 매도
2026-03-13 15:10,2026-03-16 09:01,052690,한전기술,오버나잇,5,176900,183000,28401,3.211,0.65,"오버나잇: 등락 +6.3%, 범위 위치 69%",익일 시초 매도
2026-03-13 15:10,2026-03-16 09:01,476830,알지노믹스,오버나잇,10,96200,98150,17246,1.793,0.36,"오버나잇: 등락 +6.1%, 범위 위치 64%",익일 시초 매도
2026-03-13 15:10,2026-03-16 09:01,015760,한국전력,오버나잇,20,48450,48550,-232,-0.024,0.00,"오버나잇: 등락 +1.0%, 범위 위치 61%",익일 시초 매도
2026-03-13 15:10,2026-03-16 09:01,475150,SK이터닉스,오버나잇,25,39000,41050,48899,5.015,1.00,"오버나잇: 등락 +4.4%, 범위 위치 10%",익일 시초 매도
2026-03-16 15:10,2026-03-17 09:01,005930,삼성전자,오버나잇,5,188600,198000,44731,4.743,0.95,"오버나잇: 등락 +2.5%, 범위 위치 93%",익일 시초 매도
2026-03-16 15:10,2026-03-17 09:01,000660,SK하이닉스,오버나잇,1,967000,1009000,39686,4.104,0.83,"오버나잇: 등락 +5.7%, 범위 위치 90%",익일 시초 매도
2026-03-16 15:10,2026-03-17 09:01,009150,삼성전기,오버나잇,2,413250,428500,28535,3.453,0.69,"오버나잇: 등락 +2.7%, 범위 위치 52%",익일 시초 매도
2026-03-16 15:10,2026-03-17 09:01,006800,미래에셋증권,오버나잇,13,70900,72600,19934,2.163,0.44,"오버나잇: 등락 +2.8%, 범위 위치 45%",익일 시초 매도
2026-03-16 15:10,2026-03-17 09:01,047810,한국항공우주,오버나잇,5,191800,199600,36712,3.828,0.77,"오버나잇: 등락 +6.0%, 범위 위치 45%",익일 시초 매도
2026-03-16 15:10,2026-03-17 09:01,079550,LIG디펜스앤에어로스페이스,오버나잇,1,731000,725000,-7667,-1.049,-0.21,"오버나잇: 등락 +2.5%, 범위 위치 34%",익일 시초 매도
2026-03-16 15:10,2026-03-17 09:01,006910,보성파워텍,오버나잇,81,12100,12360,18761,1.914,0.39,"오버나잇: 등락 +4.0%, 범위 위치 18%",익일 시초 매도
2026-03-17 09:13,2026-03-17 09:56,047040,대우건설,ORB,105,12600,12230.00,-41808,-3.160,-1.08,"ORB5 고가 12,580 돌파 (범위 4.6%, 등락 +5.2%)","손절 (12,230)"
2026-03-17 09:05,2026-03-17 15:05,009830,한화솔루션,ORB,42,45550,47042,58131,3.039,1.03,"ORB5 고가 45,462 돌파 (범위 3.9%, 등락 +4.9%) · A등급",장마감 강제청산
2026-03-17 09:21,2026-03-17 15:05,006910,보성파워텍,ORB,102,12720,12610,-14178,-1.093,-0.37,"ORB5 고가 12,680 돌파 (범위 2.7%, 등락 +5.2%)",장마감 강제청산
2026-03-17 15:10,2026-03-18 09:01,005930,삼성전자,오버나잇,5,194200,200500,29200,3.007,0.60,"오버나잇: 등락 +1.6%, 범위 위치 20%",익일 시초 매도
2026-03-17 15:10,2026-03-18 09:01,009150,삼성전기,오버나잇,2,445500,462500,31879,3.578,0.72,"오버나잇: 등락 +7.1%, 범위 위치 73%",익일 시초 매도
2026-03-17 15:10,2026-03-18 09:01,090710,휴림로봇,오버나잇,74,13400,13800,27257,2.749,0.55,"오버나잇: 등락 +12.0%, 범위 위치 55%",익일 시초 매도
2026-03-17 15:10,2026-03-18 09:01,272210,한화시스템,오버나잇,7,139300,138900,-5035,-0.516,-0.10,"오버나잇: 등락 -+0.1%, 범위 위치 51%",익일 시초 매도
2026-03-17 15:10,2026-03-18 09:01,322000,HD현대에너지솔루션,오버나잇,7,127800,129000,6325,0.707,0.14,"오버나잇: 등락 +7.0%, 범위 위치 27%",익일 시초 매도
2026-03-17 15:10,2026-03-18 09:01,009830,한화솔루션,오버나잇,21,47021,48009,18433,1.867,0.37,"오버나잇: 등락 +8.1%, 범위 위치 58%",익일 시초 매도
2026-03-17 15:10,2026-03-18 09:01,003280,흥아해운,오버나잇,282,3535,3360,-51536,-5.170,-1.04,"오버나잇: 등락 +16.5%, 범위 위치 70%",익일 시초 매도
2026-03-17 15:10,2026-03-18 09:01,027360,아주IB투자,오버나잇,133,7500,7620,13633,1.367,0.28,"오버나잇: 등락 +18.3%, 범위 위치 74%",익일 시초 매도
2026-03-18 09:06,2026-03-18 09:24,445680,큐리옥스바이오시스템즈,ORB,10,126200,121900,-45809,-3.630,-1.24,"ORB5 고가 125,700 돌파 (범위 4.5%, 등락 +9.2%)","손절 (122,500)"
2026-03-18 09:05,2026-03-18 09:40,047040,대우건설,ORB,103,12920,14240,132608,9.965,3.39,"ORB5 고가 12,870 돌파 (범위 4.5%, 등락 +6.7%)",목표 익절 +10%
2026-03-18 09:07,2026-03-18 10:05,001510,SK증권,ORB,550,3610,3969,192461,9.693,3.33,"ORB5 고가 3,604 돌파 (범위 2.5%, 등락 +4.2%) · A등급",목표 익절 +10%
2026-03-18 09:05,2026-03-18 15:05,403870,HPSP,ORB,40,46750,49850,119433,6.387,2.13,"ORB5 고가 46,650 돌파 (범위 3.7%, 등락 +6.1%) · A등급",장마감 강제청산
2026-03-18 09:06,2026-03-18 15:05,007660,이수페타시스,ORB,15,121600,125100,48193,2.642,0.89,"ORB5 고가 121,500 돌파 (범위 3.3%, 등락 +5.7%) · A등급",장마감 강제청산
2026-03-18 09:10,2026-03-18 15:05,353200,대덕전자,ORB,18,72800,74500,27521,2.100,0.73,"ORB5 고가 72,500 돌파 (범위 5.7%, 등락 +8.3%)",장마감 강제청산
2026-03-18 09:24,2026-03-18 15:05,322000,HD현대에너지솔루션,ORB,10,131300,132700,10951,0.834,0.28,"ORB5 고가 131,000 돌파 (범위 2.2%, 등락 +4.2%)",장마감 강제청산
2026-03-18 15:10,2026-03-19 09:01,047040,대우건설,오버나잇,67,14850,14550,-22344,-2.246,-0.45,"오버나잇: 등락 +22.5%, 범위 위치 83%",익일 시초 매도
2026-03-18 15:10,2026-03-19 09:01,034020,두산에너빌리티,오버나잇,9,107100,105000,-21075,-2.186,-0.44,"오버나잇: 등락 +2.1%, 범위 위치 35%",익일 시초 매도
2026-03-18 15:10,2026-03-19 09:01,009150,삼성전기,오버나잇,2,464000,447500,-35063,-3.778,-0.76,"오버나잇: 등락 +0.2%, 범위 위치 93%",익일 시초 매도
2026-03-18 15:10,2026-03-19 09:01,007660,이수페타시스,오버나잇,8,125100,120200,-41417,-4.138,-0.84,"오버나잇: 등락 +8.7%, 범위 위치 91%",익일 시초 매도
2026-03-18 15:10,2026-03-19 09:01,403870,HPSP,오버나잇,20,49850,48250,-34223,-3.433,-0.70,"오버나잇: 등락 +13.2%, 범위 위치 76%",익일 시초 매도
2026-03-18 15:10,2026-03-19 09:01,476830,알지노믹스,오버나잇,10,97250,96500,-9719,-0.999,-0.20,"오버나잇: 등락 +4.2%, 범위 위치 49%",익일 시초 매도
2026-03-18 15:10,2026-03-19 09:01,090710,휴림로봇,오버나잇,68,14810,14580,-17921,-1.780,-0.36,"오버나잇: 등락 +10.1%, 범위 위치 74%",익일 시초 매도
2026-03-19 15:10,2026-03-20 09:01,047040,대우건설,오버나잇,65,16120,16850,44939,4.289,0.86,"오버나잇: 등락 +8.3%, 범위 위치 59%",익일 시초 매도
2026-03-19 15:10,2026-03-20 09:01,001510,SK증권,오버나잇,245,4305,4475,39136,3.711,0.74,"오버나잇: 등락 +14.4%, 범위 위치 70%",익일 시초 매도
2026-03-19 15:10,2026-03-20 09:01,000250,삼천당제약,오버나잇,1,797000,805000,6151,0.772,0.16,"오버나잇: 등락 +1.8%, 범위 위치 42%",익일 시초 매도
2026-03-19 15:10,2026-03-20 09:01,009150,삼성전기,오버나잇,2,481000,487500,10760,1.119,0.22,"오버나잇: 등락 +3.8%, 범위 위치 88%",익일 시초 매도
2026-03-19 15:10,2026-03-20 09:01,079550,LIG디펜스앤에어로스페이스,오버나잇,1,704000,683000,-22573,-3.206,-0.64,"오버나잇: 등락 +1.6%, 범위 위치 56%",익일 시초 매도
2026-03-19 15:10,2026-03-20 09:01,007660,이수페타시스,오버나잇,8,129500,131200,11189,1.080,0.22,"오버나잇: 등락 +2.9%, 범위 위치 76%",익일 시초 매도
2026-03-19 15:10,2026-03-20 09:01,322000,HD현대에너지솔루션,오버나잇,7,137200,141000,24334,2.534,0.51,"오버나잇: 등락 +4.1%, 범위 위치 51%",익일 시초 매도
2026-03-19 15:10,2026-03-20 09:01,476830,알지노믹스,오버나잇,9,106000,105000,-11174,-1.171,-0.23,"오버나잇: 등락 +7.2%, 범위 위치 65%",익일 시초 매도
2026-03-20 09:13,2026-03-20 09:20,353200,대덕전자,ORB,16,84800,82300,-43033,-3.172,-1.08,"ORB5 고가 84,600 돌파 (범위 5.6%, 등락 +9.7%)","손절 (82,300)"
2026-03-20 09:05,2026-03-20 09:39,046120,오르비텍,ORB,115,11900,13090,133410,9.749,3.31,"ORB5 고가 11,870 돌파 (범위 4.8%, 등락 +8.4%)",목표 익절 +10%
2026-03-20 09:08,2026-03-20 11:14,047040,대우건설,ORB,78,17510,19280,134624,9.857,3.32,"ORB5 고가 17,430 돌파 (범위 3.5%, 등락 +8.3%)",목표 익절 +10%
2026-03-20 15:10,2026-03-23 09:01,005930,삼성전자,오버나잇,5,200000,190400,-50196,-5.020,-1.05,"오버나잇: 등락 +0.7%, 범위 위치 29%",익일 시초 매도
2026-03-20 15:10,2026-03-23 09:01,000660,SK하이닉스,오버나잇,1,1016000,951000,-67196,-6.614,-1.34,"오버나잇: 등락 +1.4%, 범위 위치 52%",익일 시초 매도
2026-03-20 15:10,2026-03-23 09:01,047040,대우건설,오버나잇,55,18930,19730,41512,3.987,0.80,"오버나잇: 등락 +17.1%, 범위 위치 81%",익일 시초 매도
2026-03-20 15:10,2026-03-23 09:01,000250,삼천당제약,오버나잇,1,908000,930000,19865,2.188,0.44,"오버나잇: 등락 +16.1%, 범위 위치 74%",익일 시초 매도
2026-03-20 15:10,2026-03-23 09:01,009830,한화솔루션,오버나잇,21,49329,49990,11470,1.107,0.22,"오버나잇: 등락 +5.1%, 범위 위치 12%",익일 시초 매도
2026-03-20 15:10,2026-03-23 09:01,036930,주성엔지니어링,오버나잇,14,72800,71400,-21900,-2.149,-0.43,"오버나잇: 등락 +19.2%, 범위 위치 49%",익일 시초 매도
2026-03-20 15:10,2026-03-23 09:01,034020,두산에너빌리티,오버나잇,9,109200,107100,-21118,-2.149,-0.43,"오버나잇: 등락 +3.3%, 범위 위치 55%",익일 시초 매도
2026-03-20 15:10,2026-03-23 09:01,050890,쏠리드,오버나잇,79,13190,12560,-52058,-4.996,-1.01,"오버나잇: 등락 +2.2%, 범위 위치 27%",익일 시초 매도
2026-03-23 09:21,2026-03-23 09:29,322000,HD현대에너지솔루션,ORB,9,141100,136900,-40638,-3.200,-1.08,"ORB5 고가 140,500 돌파 (범위 4.5%, 등락 +7.7%)","손절 (136,900)"
2026-03-23 15:10,2026-03-24 09:01,000250,삼천당제약,오버나잇,1,937000,990000,50732,5.414,1.10,"오버나잇: 등락 +4.0%, 범위 위치 37%",익일 시초 매도
2026-03-23 15:10,2026-03-24 09:01,263750,펄어비스,오버나잇,25,42100,42400,5064,0.481,0.10,"오버나잇: 등락 +2.4%, 범위 위치 43%",익일 시초 매도
2026-03-23 15:10,2026-03-24 09:01,046120,오르비텍,오버나잇,76,13965,14600,45716,4.307,0.87,"오버나잇: 등락 +1.9%, 범위 위치 44%",익일 시초 매도
2026-03-23 15:10,2026-03-24 09:01,322000,HD현대에너지솔루션,오버나잇,7,135800,138200,14579,1.534,0.31,"오버나잇: 등락 +3.7%, 범위 위치 26%",익일 시초 매도
2026-03-23 15:10,2026-03-24 09:01,028050,삼성E&A,오버나잇,30,35375,38000,76140,7.175,1.43,"오버나잇: 등락 +0.2%, 범위 위치 5%",익일 시초 매도
2026-03-23 15:10,2026-03-24 09:01,090710,휴림로봇,오버나잇,74,14370,15300,66228,6.228,1.26,"오버나잇: 등락 +2.5%, 범위 위치 70%",익일 시초 매도
2026-03-23 15:10,2026-03-24 09:01,131970,두산테스나,오버나잇,10,102900,110600,74469,7.237,1.46,"오버나잇: 등락 +3.0%, 범위 위치 27%",익일 시초 매도
2026-03-23 15:10,2026-03-24 09:03,003280,흥아해운,오버나잇,292,3635,3095,-159781,-15.054,-3.04,"오버나잇: 등락 +19.8%, 범위 위치 65%",익일 시초 매도
2026-03-24 09:07,2026-03-24 09:24,036930,주성엔지니어링,ORB,25,77100,84800,187653,9.736,3.26,"ORB5 고가 77,000 돌파 (범위 3.5%, 등락 +7.8%) · A등급",목표 익절 +10%
2026-03-24 09:15,2026-03-24 09:45,001510,SK증권,ORB,263,5150,5000,-42480,-3.136,-1.08,"ORB5 고가 5,146 돌파 (범위 3.6%, 등락 +8.3%)","손절 (5,000)"
2026-03-24 09:05,2026-03-24 10:55,050890,쏠리드,ORB,157,13160,12760.00,-67415,-3.263,-1.10,"ORB5 고가 13,150 돌파 (범위 3.1%, 등락 +6.4%) · A등급","손절 (12,770)"
2026-03-24 15:10,2026-03-25 09:01,005930,삼성전자,오버나잇,5,190100,193700,15776,1.660,0.33,"오버나잇: 등락 +2.6%, 범위 위치 44%",익일 시초 매도
2026-03-24 15:10,2026-03-25 09:01,000660,SK하이닉스,오버나잇,1,988000,1016000,25668,2.598,0.52,"오버나잇: 등락 +5.9%, 범위 위치 89%",익일 시초 매도
2026-03-24 15:10,2026-03-25 09:01,005380,현대차,오버나잇,2,494000,508000,25668,2.598,0.52,"오버나잇: 등락 +2.3%, 범위 위치 40%",익일 시초 매도
2026-03-24 15:10,2026-03-25 09:01,034020,두산에너빌리티,오버나잇,10,100300,102400,18649,1.859,0.37,"오버나잇: 등락 +1.3%, 범위 위치 32%",익일 시초 매도
2026-03-24 15:10,2026-03-25 09:01,086520,에코프로,오버나잇,7,148100,151400,20668,1.994,0.40,"오버나잇: 등락 +7.9%, 범위 위치 45%",익일 시초 매도
2026-03-24 15:10,2026-03-25 09:01,000720,현대건설,오버나잇,7,150200,153600,21332,2.029,0.41,"오버나잇: 등락 +0.4%, 범위 위치 38%",익일 시초 매도
2026-03-24 15:10,2026-03-25 09:01,001510,SK증권,오버나잇,220,4775,4925,30514,2.905,0.59,"오버나잇: 등락 +0.4%, 범위 위치 18%",익일 시초 매도
2026-03-24 15:10,2026-03-25 09:01,036930,주성엔지니어링,오버나잇,13,76600,77000,2899,0.291,0.06,"오버나잇: 등락 +7.1%, 범위 위치 22%",익일 시초 매도
2026-03-25 09:05,2026-03-25 09:24,050890,쏠리드,ORB,153,13980,15370,207295,9.691,3.30,"ORB5 고가 13,930 돌파 (범위 3.8%, 등락 +5.0%) · A등급",목표 익절 +10%
2026-03-25 09:11,2026-03-25 10:17,066970,엘앤에프,ORB,10,133300,146600,129650,9.726,3.24,"ORB5 고가 133,000 돌파 (범위 4.6%, 등락 +5.9%)",목표 익절 +10%
2026-03-25 09:05,2026-03-25 10:30,263750,펄어비스,ORB,30,46500,51100,134496,9.641,3.32,"ORB5 고가 46,400 돌파 (범위 4.4%, 등락 +6.9%)",목표 익절 +10%
2026-03-25 15:10,2026-03-26 09:01,000660,SK하이닉스,오버나잇,1,999000,964000,-37221,-3.726,-0.76,"오버나잇: 등락 +1.1%, 범위 위치 19%",익일 시초 매도
2026-03-25 15:10,2026-03-26 09:01,079550,LIG디펜스앤에어로스페이스,오버나잇,1,731000,754000,21270,2.910,0.59,"오버나잇: 등락 +14.8%, 범위 위치 88%",익일 시초 매도
2026-03-25 15:10,2026-03-26 09:01,006800,미래에셋증권,오버나잇,15,67500,69700,30602,3.022,0.62,"오버나잇: 등락 +8.9%, 범위 위치 76%",익일 시초 매도
2026-03-25 15:10,2026-03-26 09:01,047040,대우건설,오버나잇,65,16450,16390,-6349,-0.594,-0.12,"오버나잇: 등락 +0.2%, 범위 위치 33%",익일 시초 매도
2026-03-25 15:10,2026-03-26 09:01,066970,엘앤에프,오버나잇,7,144300,144200,-3020,-0.299,-0.06,"오버나잇: 등락 +14.6%, 범위 위치 82%",익일 시초 매도
2026-03-25 15:10,2026-03-26 09:01,050890,쏠리드,오버나잇,66,16090,15390,-48542,-4.571,-0.92,"오버나잇: 등락 +20.7%, 범위 위치 88%",익일 시초 매도
2026-03-25 15:10,2026-03-26 09:01,489790,한화비전,오버나잇,11,91900,90700,-15495,-1.533,-0.31,"오버나잇: 등락 +6.4%, 범위 위치 43%",익일 시초 매도
2026-03-26 09:13,2026-03-26 09:42,079550,LIG디펜스앤에어로스페이스,ORB,1,760000,738000,-23700,-3.118,-1.08,"ORB5 고가 758,000 돌파 (범위 2.7%, 등락 +3.8%) · A등급","손절 (738,000)"
2026-03-26 09:05,2026-03-26 11:16,062040,산일전기,ORB,8,175100,169800,-45529,-3.250,-1.09,"ORB5 고가 174,600 돌파 (범위 5.0%, 등락 +5.5%)","손절 (169,900)"
2026-03-26 15:10,2026-03-27 09:01,079550,LIG디펜스앤에어로스페이스,오버나잇,1,734000,722000,-13662,-1.861,-0.38,"오버나잇: 등락 +1.9%, 범위 위치 14%",익일 시초 매도
2026-03-26 15:10,2026-03-27 09:01,038110,에코플라스틱,오버나잇,266,4195,4540,89007,7.976,1.63,"오버나잇: 등락 +19.9%, 범위 위치 66%",익일 시초 매도
2026-03-26 15:10,2026-03-27 09:01,108860,셀바스AI,오버나잇,65,17100,16000,-73902,-6.649,-1.34,"오버나잇: 등락 +27.5%, 범위 위치 94%",익일 시초 매도
2026-03-26 15:10,2026-03-27 09:01,027360,아주IB투자,오버나잇,124,8980,8680,-39680,-3.563,-0.73,"오버나잇: 등락 +5.3%, 범위 위치 43%",익일 시초 매도
2026-03-26 15:10,2026-03-27 09:01,298380,에이비엘바이오,오버나잇,6,179100,180900,8307,0.773,0.16,"오버나잇: 등락 +2.0%, 범위 위치 10%",익일 시초 매도
2026-03-26 15:10,2026-03-27 09:01,476830,알지노믹스,오버나잇,9,115100,113500,-16751,-1.617,-0.33,"오버나잇: 등락 +3.6%, 범위 위치 45%",익일 시초 매도
2026-03-26 15:10,2026-03-27 09:01,060280,큐렉소,오버나잇,65,17140,17010,-10993,-0.987,-0.20,"오버나잇: 등락 +14.3%, 범위 위치 52%",익일 시초 매도
2026-03-27 15:10,2026-03-30 09:01,006400,삼성SDI,오버나잇,2,403500,388500,-31791,-3.939,-0.79,"오버나잇: 등락 +2.8%, 범위 위치 82%",익일 시초 매도
2026-03-27 15:10,2026-03-30 09:01,047040,대우건설,오버나잇,64,17170,16550,-42120,-3.833,-0.77,"오버나잇: 등락 +8.0%, 범위 위치 80%",익일 시초 매도
2026-03-27 15:10,2026-03-30 09:01,066970,엘앤에프,오버나잇,7,155000,153900,-10177,-0.938,-0.19,"오버나잇: 등락 +7.9%, 범위 위치 81%",익일 시초 매도
2026-03-27 15:10,2026-03-30 09:01,086520,에코프로,오버나잇,7,148600,141500,-51985,-4.998,-1.00,"오버나잇: 등락 +2.6%, 범위 위치 81%",익일 시초 매도
2026-03-27 15:10,2026-03-30 09:01,010170,대한광통신,오버나잇,119,9290,9080,-27478,-2.486,-0.50,"오버나잇: 등락 -+0.1%, 범위 위치 49%",익일 시초 매도
2026-03-27 15:10,2026-03-30 09:01,005380,현대차,오버나잇,2,492500,468000,-51159,-5.194,-1.04,"오버나잇: 등락 +0.9%, 범위 위치 81%",익일 시초 매도
2026-03-27 15:10,2026-03-30 09:01,006800,미래에셋증권,오버나잇,16,66500,63000,-58326,-5.482,-1.10,"오버나잇: 등락 +2.9%, 범위 위치 85%",익일 시초 매도
2026-03-27 15:10,2026-03-30 09:01,115440,우리넷,오버나잇,79,13930,13140,-64806,-5.889,-1.19,"오버나잇: 등락 +8.3%, 범위 위치 49%",익일 시초 매도
2026-03-30 15:10,2026-03-31 09:01,006400,삼성SDI,오버나잇,2,412500,419500,12074,1.464,0.29,"오버나잇: 등락 +3.4%, 범위 위치 80%",익일 시초 매도
2026-03-30 15:10,2026-03-31 09:01,263750,펄어비스,오버나잇,16,67700,66400,-23245,-2.146,-0.44,"오버나잇: 등락 +17.8%, 범위 위치 77%",익일 시초 매도
2026-03-30 15:10,2026-03-31 09:01,322000,HD현대에너지솔루션,오버나잇,8,134500,137600,22273,2.070,0.42,"오버나잇: 등락 +9.2%, 범위 위치 56%",익일 시초 매도
2026-03-30 15:10,2026-03-31 09:01,047040,대우건설,오버나잇,63,17320,17530,10694,0.980,0.20,"오버나잇: 등락 +0.3%, 범위 위치 86%",익일 시초 매도
2026-03-30 15:10,2026-03-31 09:01,373220,LG에너지솔루션,오버나잇,2,405500,405500,-1864,-0.230,-0.05,"오버나잇: 등락 +5.1%, 범위 위치 76%",익일 시초 매도
2026-03-30 15:10,2026-03-31 09:01,066970,엘앤에프,오버나잇,7,155100,156700,8681,0.800,0.16,"오버나잇: 등락 +1.4%, 범위 위치 15%",익일 시초 매도
2026-03-30 15:10,2026-03-31 09:01,009150,삼성전기,오버나잇,2,429000,412000,-35899,-4.184,-0.85,"오버나잇: 등락 +0.8%, 범위 위치 77%",익일 시초 매도
2026-03-31 15:10,2026-04-01 09:01,263750,펄어비스,오버나잇,15,68900,65500,-53267,-5.154,-1.04,"오버나잇: 등락 -+0.4%, 범위 위치 65%",익일 시초 매도
2026-03-31 15:10,2026-04-01 09:01,042660,한화오션,오버나잇,9,119900,125400,46913,4.347,0.88,"오버나잇: 등락 +0.6%, 범위 위치 1%",익일 시초 매도
2026-03-31 15:10,2026-04-01 09:01,006110,삼아알미늄,오버나잇,26,40200,36400,-100989,-9.662,-1.94,"오버나잇: 등락 +25.6%, 범위 위치 100%",익일 시초 매도
2026-03-31 15:10,2026-04-01 09:01,009830,한화솔루션,오버나잇,30,35137,35983,22903,2.173,0.43,"오버나잇: 등락 +1.6%, 범위 위치 52%",익일 시초 매도
2026-03-31 15:10,2026-04-01 09:01,322000,HD현대에너지솔루션,오버나잇,7,141100,141800,2619,0.265,0.05,"오버나잇: 등락 +4.4%, 범위 위치 49%",익일 시초 매도
2026-03-31 15:10,2026-04-01 09:01,425040,티이엠씨,오버나잇,80,13350,12650,-58335,-5.462,-1.10,"오버나잇: 등락 +2.9%, 범위 위치 34%",익일 시초 매도
2026-03-31 15:10,2026-04-01 09:01,028050,삼성E&A,오버나잇,30,35750,37250,42438,3.957,0.81,"오버나잇: 등락 +7.4%, 범위 위치 61%",익일 시초 매도
2026-03-31 15:10,2026-04-01 09:03,003280,흥아해운,오버나잇,275,3910,3585,-91654,-8.524,-1.71,"오버나잇: 등락 +27.6%, 범위 위치 94%",익일 시초 매도
2026-04-01 09:05,2026-04-01 09:28,375500,DL이앤씨,ORB,18,73300,71000,-44344,-3.361,-1.12,"ORB5 고가 73,200 돌파 (범위 2.4%, 등락 +9.7%)","손절 (71,100)"
2026-04-01 15:10,2026-04-02 09:01,005930,삼성전자,오버나잇,5,189500,192500,12789,1.350,0.27,"오버나잇: 등락 +13.6%, 범위 위치 89%",익일 시초 매도
2026-04-01 15:10,2026-04-02 09:01,000660,SK하이닉스,오버나잇,1,898000,912000,11906,1.326,0.27,"오버나잇: 등락 +11.3%, 범위 위치 83%",익일 시초 매도
2026-04-01 15:10,2026-04-02 09:01,006400,삼성SDI,오버나잇,2,431000,434500,5003,0.580,0.12,"오버나잇: 등락 +5.6%, 범위 위치 86%",익일 시초 매도
2026-04-01 15:10,2026-04-02 09:01,005380,현대차,오버나잇,2,488000,499000,19709,2.019,0.41,"오버나잇: 등락 +10.5%, 범위 위치 83%",익일 시초 매도
2026-04-01 15:10,2026-04-02 09:01,034020,두산에너빌리티,오버나잇,10,99500,100500,7691,0.773,0.16,"오버나잇: 등락 +9.1%, 범위 위치 80%",익일 시초 매도
2026-04-01 15:10,2026-04-02 09:01,047040,대우건설,오버나잇,55,19290,19650,17318,1.632,0.33,"오버나잇: 등락 +24.1%, 범위 위치 81%",익일 시초 매도
2026-04-01 15:10,2026-04-02 09:01,263750,펄어비스,오버나잇,14,71850,72200,2578,0.256,0.05,"오버나잇: 등락 +6.3%, 범위 위치 53%",익일 시초 매도
2026-04-02 09:06,2026-04-02 15:05,064350,현대로템,ORB,9,200000,198400,-18508,-1.028,-0.37,"ORB5 고가 199,900 돌파 (범위 3.1%, 등락 +5.5%) · A등급",장마감 강제청산
2026-04-02 15:10,2026-04-03 09:01,006400,삼성SDI,오버나잇,2,443500,451500,13926,1.570,0.32,"오버나잇: 등락 +2.3%, 범위 위치 43%",익일 시초 매도
2026-04-02 15:10,2026-04-03 09:01,322000,HD현대에너지솔루션,오버나잇,7,145700,144900,-7932,-0.778,-0.16,"오버나잇: 등락 +6.7%, 범위 위치 66%",익일 시초 매도
2026-04-02 15:10,2026-04-03 09:01,050890,쏠리드,오버나잇,70,14960,15690,48583,4.639,0.94,"오버나잇: 등락 +2.6%, 범위 위치 49%",익일 시초 매도
2026-04-02 15:10,2026-04-03 09:01,066970,엘앤에프,오버나잇,6,161000,166100,28314,2.931,0.59,"오버나잇: 등락 +9.8%, 범위 위치 55%",익일 시초 매도
2026-04-02 15:10,2026-04-03 09:01,064350,현대로템,오버나잇,5,201000,202000,2679,0.267,0.06,"오버나잇: 등락 +5.8%, 범위 위치 35%",익일 시초 매도
2026-04-02 15:10,2026-04-03 09:03,010170,대한광통신,오버나잇,105,10020,11660,169412,16.102,3.23,"오버나잇: 등락 +6.5%, 범위 위치 20%",익일 시초 매도
2026-04-02 15:10,2026-04-03 09:03,008350,남선알미늄,오버나잇,614,1729,2040,188103,17.719,3.56,"오버나잇: 등락 +5.9%, 범위 위치 30%",익일 시초 매도
2026-04-03 09:05,2026-04-03 09:48,050890,쏠리드,ORB,85,16420,15910,-46465,-3.329,-1.12,"ORB5 고가 16,400 돌파 (범위 5.9%, 등락 +9.0%)","손절 (15,930)"
2026-04-03 09:05,2026-04-03 10:17,028050,삼성E&A,ORB,37,38075,41850,136136,9.663,3.27,"ORB5 고가 38,000 돌파 (범위 4.0%, 등락 +8.5%)",목표 익절 +10%
2026-04-03 09:12,2026-04-03 10:31,046970,우리로,ORB,178,7960,7730.00,-44109,-3.113,-1.08,"ORB5 고가 7,950 돌파 (범위 6.0%, 등락 +7.6%)","손절 (7,730)"
2026-04-03 09:11,2026-04-03 15:05,375500,DL이앤씨,ORB,27,73500,75300,43933,2.214,0.74,"ORB5 고가 73,400 돌파 (범위 3.4%, 등락 +7.9%) · A등급",장마감 강제청산
2026-04-03 15:10,2026-04-06 09:01,005930,삼성전자,오버나잇,5,186500,190800,19310,2.071,0.42,"오버나잇: 등락 +6.2%, 범위 위치 84%",익일 시초 매도
2026-04-03 15:10,2026-04-06 09:01,000660,SK하이닉스,오버나잇,1,883000,876000,-9015,-1.021,-0.20,"오버나잇: 등락 +7.3%, 범위 위치 88%",익일 시초 매도
2026-04-03 15:10,2026-04-06 09:01,010170,대한광통신,오버나잇,82,12960,13190,16376,1.541,0.31,"오버나잇: 등락 +28.0%, 범위 위치 93%",익일 시초 매도
2026-04-03 15:10,2026-04-06 09:01,079550,LIG디펜스앤에어로스페이스,오버나잇,1,864000,856000,-9969,-1.154,-0.23,"오버나잇: 등락 +9.9%, 범위 위치 77%",익일 시초 매도
2026-04-03 15:10,2026-04-06 09:01,047040,대우건설,오버나잇,63,16930,17020,3207,0.301,0.06,"오버나잇: 등락 +3.0%, 범위 위치 26%",익일 시초 매도
2026-04-03 15:10,2026-04-06 09:01,011930,신성이엔지,오버나잇,30,34650,34750,604,0.058,0.01,"오버나잇: 등락 +26.0%, 범위 위치 85%",익일 시초 매도
2026-04-03 15:10,2026-04-06 09:01,009150,삼성전기,오버나잇,2,456000,455000,-4092,-0.449,-0.09,"오버나잇: 등락 +10.9%, 범위 위치 81%",익일 시초 매도
2026-04-03 15:10,2026-04-06 09:01,475150,SK이터닉스,오버나잇,15,67700,66000,-27780,-2.736,-0.56,"오버나잇: 등락 +23.1%, 범위 위치 89%",익일 시초 매도
2026-04-06 09:05,2026-04-06 10:39,375500,DL이앤씨,ORB,27,79100,76800,-66878,-3.131,-1.08,"ORB5 고가 79,000 돌파 (범위 3.8%, 등락 +5.5%) · A등급","손절 (76,800)"
2026-04-06 09:05,2026-04-06 15:05,047040,대우건설,ORB,124,17490,17330,-24784,-1.143,-0.38,"ORB5 고가 17,470 돌파 (범위 2.7%, 등락 +4.0%) · A등급",장마감 강제청산
2026-04-06 15:10,2026-04-07 09:01,005930,삼성전자,오버나잇,5,192800,201500,41190,4.273,0.86,"오버나잇: 등락 +3.8%, 범위 위치 60%",익일 시초 매도
2026-04-06 15:10,2026-04-07 09:01,000660,SK하이닉스,오버나잇,1,881000,917000,33897,3.848,0.77,"오버나잇: 등락 +0.7%, 범위 위치 37%",익일 시초 매도
2026-04-06 15:10,2026-04-07 09:01,006400,삼성SDI,오버나잇,2,452500,448500,-10063,-1.112,-0.22,"오버나잇: 등락 +3.1%, 범위 위치 45%",익일 시초 매도
2026-04-06 15:10,2026-04-07 09:01,047040,대우건설,오버나잇,63,17300,17840,31442,2.885,0.58,"오버나잇: 등락 +2.9%, 범위 위치 28%",익일 시초 매도
2026-04-06 15:10,2026-04-07 09:01,010170,대한광통신,오버나잇,82,13400,13600,13839,1.259,0.25,"오버나잇: 등락 +5.2%, 범위 위치 39%",익일 시초 매도
2026-04-06 15:10,2026-04-07 09:01,103140,풍산,오버나잇,10,109000,108200,-10489,-0.962,-0.19,"오버나잇: 등락 +4.2%, 범위 위치 29%",익일 시초 매도
2026-04-06 15:10,2026-04-07 09:01,011930,신성이엔지,오버나잇,30,35800,35850,-973,-0.091,-0.02,"오버나잇: 등락 +3.9%, 범위 위치 54%",익일 시초 매도
2026-04-06 15:10,2026-04-07 09:03,028050,삼성E&A,오버나잇,24,45750,51200,127995,11.657,2.37,"오버나잇: 등락 +12.7%, 범위 위치 61%",익일 시초 매도
2026-04-07 09:05,2026-04-07 15:05,079550,LIG디펜스앤에어로스페이스,ORB,1,838000,832000,-7913,-0.944,-0.32,"ORB5 고가 837,000 돌파 (범위 5.5%, 등락 +4.5%)",장마감 강제청산
2026-04-07 15:10,2026-04-08 09:01,000660,SK하이닉스,오버나잇,1,918000,1007000,86698,9.444,1.93,"오버나잇: 등락 +2.0%, 범위 위치 67%",익일 시초 매도
2026-04-07 15:10,2026-04-08 09:01,047040,대우건설,오버나잇,62,17490,18770,76697,7.073,1.42,"오버나잇: 등락 +1.0%, 범위 위치 33%",익일 시초 매도
2026-04-07 15:10,2026-04-08 09:01,006400,삼성SDI,오버나잇,2,457500,471000,24838,2.715,0.55,"오버나잇: 등락 +0.1%, 범위 위치 51%",익일 시초 매도
2026-04-07 15:10,2026-04-08 09:01,079550,LIG디펜스앤에어로스페이스,오버나잇,1,832000,802000,-31848,-3.828,-0.78,"오버나잇: 등락 +3.6%, 범위 위치 53%",익일 시초 매도
2026-04-07 15:10,2026-04-08 09:01,028050,삼성E&A,오버나잇,22,48700,52400,78763,7.351,1.49,"오버나잇: 등락 +6.6%, 범위 위치 42%",익일 시초 매도
2026-04-07 15:10,2026-04-08 09:01,066970,엘앤에프,오버나잇,5,184600,191800,33801,3.662,0.73,"오버나잇: 등락 +7.8%, 범위 위치 62%",익일 시초 매도
2026-04-07 15:10,2026-04-08 09:01,450080,에코프로머티,오버나잇,14,73400,76100,35357,3.441,0.70,"오버나잇: 등락 +6.5%, 범위 위치 45%",익일 시초 매도
2026-04-08 09:05,2026-04-08 09:28,375500,DL이앤씨,ORB,17,81700,90000,137603,9.907,3.37,"ORB5 고가 81,400 돌파 (범위 2.0%, 등락 +8.1%)",목표 익절 +10%
2026-04-08 09:07,2026-04-08 09:33,058470,리노공업,ORB,12,116800,113300.00,-45132,-3.220,-1.07,"ORB5 고가 116,700 돌파 (범위 2.3%, 등락 +9.5%)","손절 (113,300)"
2026-04-08 15:10,2026-04-09 09:01,000660,SK하이닉스,오버나잇,1,1040000,1015000,-27338,-2.629,-0.53,"오버나잇: 등락 +16.2%, 범위 위치 75%",익일 시초 매도
2026-04-08 15:10,2026-04-09 09:01,006400,삼성SDI,오버나잇,2,469000,474500,8820,0.940,0.19,"오버나잇: 등락 +4.5%, 범위 위치 85%",익일 시초 매도
2026-04-08 15:10,2026-04-09 09:01,000250,삼천당제약,오버나잇,2,472500,548000,148503,15.715,3.16,"오버나잇: 등락 +9.1%, 범위 위치 64%",익일 시초 매도
2026-04-08 15:10,2026-04-09 09:01,000720,현대건설,오버나잇,5,189100,182500,-35102,-3.713,-0.75,"오버나잇: 등락 +23.1%, 범위 위치 72%",익일 시초 매도
2026-04-08 15:10,2026-04-09 09:01,034020,두산에너빌리티,오버나잇,10,101000,100100,-11303,-1.119,-0.23,"오버나잇: 등락 +7.6%, 범위 위치 75%",익일 시초 매도
2026-04-08 15:10,2026-04-09 09:01,010170,대한광통신,오버나잇,75,14665,14650,-3650,-0.332,-0.07,"오버나잇: 등락 +16.0%, 범위 위치 78%",익일 시초 매도
2026-04-08 15:10,2026-04-09 09:01,006800,미래에셋증권,오버나잇,16,67500,66900,-12062,-1.117,-0.23,"오버나잇: 등락 +9.9%, 범위 위치 81%",익일 시초 매도
2026-04-08 15:10,2026-04-09 09:01,375500,DL이앤씨,오버나잇,11,96600,90800,-66105,-6.221,-1.25,"오버나잇: 등락 +27.8%, 범위 위치 97%",익일 시초 매도
2026-04-09 09:16,2026-04-09 15:05,051910,LG화학,ORB,4,357000,358000,708,0.050,0.02,"ORB5 고가 356,500 돌파 (범위 4.2%, 등락 +3.6%)",장마감 강제청산
2026-04-09 15:10,2026-04-09 15:18,065440,이루온,오버나잇,238,4805,4565,-59625,-5.214,-1.04,"오버나잇: 등락 +22.8%, 범위 위치 66%","손절 (4,565)"
2026-04-09 15:10,2026-04-10 09:01,079550,LIG디펜스앤에어로스페이스,오버나잇,1,891000,889000,-4044,-0.454,-0.09,"오버나잇: 등락 +6.8%, 범위 위치 68%",익일 시초 매도
2026-04-09 15:10,2026-04-10 09:01,006400,삼성SDI,오버나잇,2,480500,482500,1782,0.185,0.04,"오버나잇: 등락 +1.3%, 범위 위치 45%",익일 시초 매도
2026-04-09 15:10,2026-04-10 09:01,278470,에이피알,오버나잇,3,364500,372500,21434,1.960,0.40,"오버나잇: 등락 +7.5%, 범위 위치 36%",익일 시초 매도
2026-04-09 15:10,2026-04-10 09:01,017670,SK텔레콤,오버나잇,12,94300,95000,5780,0.511,0.10,"오버나잇: 등락 +5.5%, 범위 위치 35%",익일 시초 매도
2026-04-09 15:10,2026-04-10 09:01,373220,LG에너지솔루션,오버나잇,2,419750,421000,565,0.067,0.01,"오버나잇: 등락 +2.1%, 범위 위치 86%",익일 시초 매도
2026-04-09 15:10,2026-04-10 09:01,093370,후성,오버나잇,103,11105,10940,-19588,-1.713,-0.34,"오버나잇: 등락 +14.3%, 범위 위치 59%",익일 시초 매도
2026-04-09 15:10,2026-04-10 09:01,051910,LG화학,오버나잇,3,356500,359000,5025,0.470,0.10,"오버나잇: 등락 +3.5%, 범위 위치 58%",익일 시초 매도
2026-04-10 09:07,2026-04-10 09:28,010170,대한광통신,ORB,97,15360,16900,145634,9.775,3.26,"ORB5 고가 15,300 돌파 (범위 5.6%, 등락 +8.3%)",목표 익절 +10%
2026-04-10 09:11,2026-04-10 10:12,038500,삼표시멘트,ORB,81,18380,17820,-48685,-3.270,-1.09,"ORB5 고가 18,320 돌파 (범위 3.4%, 등락 +9.0%)","손절 (17,830)"
2026-04-10 09:05,2026-04-10 15:05,278470,에이피알,ORB,3,391500,392500,293,0.025,0.01,"ORB5 고가 390,000 돌파 (범위 5.0%, 등락 +6.8%)",장마감 강제청산
2026-04-10 15:10,2026-04-13 09:01,000660,SK하이닉스,오버나잇,1,1028000,999000,-31301,-3.045,-0.61,"오버나잇: 등락 +3.2%, 범위 위치 12%",익일 시초 매도
2026-04-10 15:10,2026-04-13 09:01,010170,대한광통신,오버나잇,63,18055,17800,-18645,-1.639,-0.33,"오버나잇: 등락 +27.3%, 범위 위치 92%",익일 시초 매도
2026-04-10 15:10,2026-04-13 09:01,079550,LIG디펜스앤에어로스페이스,오버나잇,1,925000,978000,50760,5.488,1.10,"오버나잇: 등락 +3.9%, 범위 위치 64%",익일 시초 매도
2026-04-10 15:10,2026-04-13 09:01,006400,삼성SDI,오버나잇,2,481250,476000,-12690,-1.318,-0.26,"오버나잇: 등락 +0.4%, 범위 위치 49%",익일 시초 매도
2026-04-10 15:10,2026-04-13 09:01,050890,쏠리드,오버나잇,66,17280,16700,-40820,-3.579,-0.72,"오버나잇: 등락 +21.5%, 범위 위치 79%",익일 시초 매도
2026-04-10 15:10,2026-04-13 09:01,034020,두산에너빌리티,오버나잇,11,100300,97900,-28879,-2.618,-0.53,"오버나잇: 등락 +0.3%, 범위 위치 47%",익일 시초 매도
2026-04-10 15:10,2026-04-13 09:01,011930,신성이엔지,오버나잇,30,37700,38050,7877,0.696,0.14,"오버나잇: 등락 +19.3%, 범위 위치 75%",익일 시초 매도
2026-04-10 15:10,2026-04-13 09:01,000720,현대건설,오버나잇,6,180400,171900,-53378,-4.931,-0.99,"오버나잇: 등락 +0.1%, 범위 위치 11%",익일 시초 매도
2026-04-13 09:08,2026-04-13 13:29,046970,우리로,ORB,183,8230,9060,148102,9.834,3.37,"ORB5 고가 8,220 돌파 (범위 5.4%, 등락 +7.0%)",목표 익절 +10%
2026-04-13 15:10,2026-04-14 09:01,000660,SK하이닉스,오버나잇,1,1034000,1092000,55498,5.367,1.09,"오버나잇: 등락 +0.8%, 범위 위치 82%",익일 시초 매도
2026-04-13 15:10,2026-04-14 09:01,010170,대한광통신,오버나잇,58,19720,21650,109070,9.536,1.92,"오버나잇: 등락 +11.0%, 범위 위치 55%",익일 시초 매도
2026-04-13 15:10,2026-04-14 09:01,079550,LIG디펜스앤에어로스페이스,오버나잇,1,939000,934000,-7148,-0.761,-0.16,"오버나잇: 등락 +2.0%, 범위 위치 38%",익일 시초 매도
2026-04-13 15:10,2026-04-14 09:01,062040,산일전기,오버나잇,6,171900,182900,63488,6.156,1.24,"오버나잇: 등락 +11.6%, 범위 위치 90%",익일 시초 매도
2026-04-13 15:10,2026-04-14 09:01,490470,세미파이브,오버나잇,31,36450,37150,19056,1.686,0.34,"오버나잇: 등락 +16.3%, 범위 위치 77%",익일 시초 매도
2026-04-13 15:10,2026-04-14 09:01,025860,남해화학,오버나잇,120,9540,9420,-17000,-1.485,-0.30,"오버나잇: 등락 +20.0%, 범위 위치 83%",익일 시초 매도
2026-04-13 15:10,2026-04-14 09:01,050890,쏠리드,오버나잇,65,17370,17730,20755,1.838,0.37,"오버나잇: 등락 +1.7%, 범위 위치 42%",익일 시초 매도
2026-04-14 15:10,2026-04-15 09:01,000660,SK하이닉스,오버나잇,1,1104000,1165000,58331,5.284,1.06,"오버나잇: 등락 +6.9%, 범위 위치 50%",익일 시초 매도
2026-04-14 15:10,2026-04-15 09:01,034020,두산에너빌리티,오버나잇,11,99800,101800,19430,1.770,0.36,"오버나잇: 등락 +1.1%, 범위 위치 12%",익일 시초 매도
2026-04-14 15:10,2026-04-15 09:01,005380,현대차,오버나잇,2,491000,510000,35660,3.631,0.73,"오버나잇: 등락 +2.3%, 범위 위치 16%",익일 시초 매도
2026-04-14 15:10,2026-04-15 09:01,006800,미래에셋증권,오버나잇,15,71900,73400,19972,1.852,0.38,"오버나잇: 등락 +10.3%, 범위 위치 69%",익일 시초 매도
2026-04-14 15:10,2026-04-15 09:01,010120,LS ELECTRIC,오버나잇,6,187900,191200,17165,1.523,0.31,"오버나잇: 등락 +3.1%, 범위 위치 21%",익일 시초 매도
2026-04-14 15:10,2026-04-15 09:01,062040,산일전기,오버나잇,6,185100,186300,4632,0.417,0.08,"오버나잇: 등락 +5.8%, 범위 위치 76%",익일 시초 매도
2026-04-14 15:10,2026-04-15 09:01,375500,DL이앤씨,오버나잇,11,99400,101600,21634,1.979,0.40,"오버나잇: 등락 +5.2%, 범위 위치 55%",익일 시초 매도
2026-04-14 15:10,2026-04-15 09:03,046970,우리로,오버나잇,94,12200,12830,56456,4.923,0.98,"오버나잇: 등락 +22.0%, 범위 위치 68%",익일 시초 매도
2026-04-15 09:12,2026-04-15 09:22,050890,쏠리드,ORB,86,17940,19800,156069,10.116,3.42,"ORB5 고가 17,930 돌파 (범위 4.2%, 등락 +6.3%)",목표 익절 +10%
2026-04-15 09:06,2026-04-15 15:05,078600,대주전자재료,ORB,12,124700,134700,116302,7.772,2.62,"ORB5 고가 124,400 돌파 (범위 4.9%, 등락 +6.0%)",장마감 강제청산
2026-04-15 15:10,2026-04-16 09:01,000660,SK하이닉스,오버나잇,1,1141000,1141000,-2624,-0.230,-0.05,"오버나잇: 등락 +2.1%, 범위 위치 25%",익일 시초 매도
2026-04-15 15:10,2026-04-16 09:01,034020,두산에너빌리티,오버나잇,11,104000,107800,39081,3.416,0.68,"오버나잇: 등락 +3.7%, 범위 위치 59%",익일 시초 매도
2026-04-15 15:10,2026-04-16 09:01,011930,신성이엔지,오버나잇,28,41520,41950,9341,0.803,0.16,"오버나잇: 등락 +11.0%, 범위 위치 66%",익일 시초 매도
2026-04-15 15:10,2026-04-16 09:01,000720,현대건설,오버나잇,6,178700,181600,14898,1.389,0.28,"오버나잇: 등락 +0.4%, 범위 위치 15%",익일 시초 매도
2026-04-15 15:10,2026-04-16 09:01,050890,쏠리드,오버나잇,64,18155,18410,13614,1.172,0.24,"오버나잇: 등락 +7.6%, 범위 위치 35%",익일 시초 매도
2026-04-15 15:10,2026-04-16 09:01,100790,미래에셋벤처투자,오버나잇,29,39200,40500,35005,3.079,0.62,"오버나잇: 등락 +0.8%, 범위 위치 31%",익일 시초 매도
2026-04-16 09:05,2026-04-16 09:23,011930,신성이엔지,ORB,35,44550,49000,151830,9.737,3.34,"ORB5 고가 44,400 돌파 (범위 5.8%, 등락 +8.1%)",목표 익절 +10%
2026-04-16 09:06,2026-04-16 12:25,059090,미코,ORB,136,17350,19140,237491,10.065,3.36,"ORB5 고가 17,340 돌파 (범위 2.9%, 등락 +4.1%) · A등급",목표 익절 +10%
2026-04-16 09:11,2026-04-16 15:05,034020,두산에너빌리티,ORB,21,109100,110500,24068,1.050,0.36,"ORB5 고가 109,000 돌파 (범위 2.3%, 등락 +4.6%) · A등급",장마감 강제청산
2026-04-16 15:10,2026-04-17 09:01,000660,SK하이닉스,오버나잇,1,1154000,1148000,-8641,-0.749,-0.15,"오버나잇: 등락 +1.3%, 범위 위치 74%",익일 시초 매도
2026-04-16 15:10,2026-04-17 09:01,034020,두산에너빌리티,오버나잇,10,110400,111600,9436,0.855,0.17,"오버나잇: 등락 +5.8%, 범위 위치 71%",익일 시초 매도
2026-04-16 15:10,2026-04-17 09:01,402340,SK스퀘어,오버나잇,1,688000,695000,5403,0.785,0.16,"오버나잇: 등락 +3.6%, 범위 위치 100%",익일 시초 매도
2026-04-16 15:10,2026-04-17 09:01,042660,한화오션,오버나잇,9,130800,131900,7172,0.609,0.12,"오버나잇: 등락 +3.8%, 범위 위치 76%",익일 시초 매도
2026-04-16 15:10,2026-04-17 09:01,001440,대한전선,오버나잇,28,41800,42100,5692,0.486,0.10,"오버나잇: 등락 +1.3%, 범위 위치 59%",익일 시초 매도
2026-04-16 15:10,2026-04-17 09:01,011790,SKC,오버나잇,9,120800,117000,-36626,-3.369,-0.68,"오버나잇: 등락 +21.1%, 범위 위치 94%",익일 시초 매도
2026-04-16 15:10,2026-04-17 09:01,011930,신성이엔지,오버나잇,27,43300,43200,-5381,-0.460,-0.09,"오버나잇: 등락 +5.1%, 범위 위치 17%",익일 시초 매도
2026-04-16 15:10,2026-04-17 09:01,158430,아톤,오버나잇,131,9140,9110,-6674,-0.557,-0.11,"오버나잇: 등락 +3.6%, 범위 위치 2%",익일 시초 매도
2026-04-15 15:10,2026-04-17 09:03,046970,우리로,오버나잇,81,14270,12000,-186132,-16.103,-3.24,"오버나잇: 등락 +20.3%, 범위 위치 77%",익일 시초 매도
2026-04-17 09:05,2026-04-17 15:05,005490,POSCO홀딩스,ORB,4,384000,385000,459,0.030,0.01,"ORB5 고가 383,500 돌파 (범위 1.9%, 등락 +3.6%)",장마감 강제청산
2026-04-17 15:10,2026-04-17 15:19,017900,광전자,오버나잇,86,14310,13570,-66333,-5.390,-1.09,"오버나잇: 등락 +10.9%, 범위 위치 79%","손절 (13,600)"
2026-04-17 15:10,2026-04-20 09:01,009150,삼성전기,오버나잇,1,678000,691000,11414,1.683,0.35,"오버나잇: 등락 +5.4%, 범위 위치 71%",익일 시초 매도
2026-04-17 15:10,2026-04-20 09:01,010170,대한광통신,오버나잇,78,15790,15590,-18398,-1.494,-0.30,"오버나잇: 등락 +5.1%, 범위 위치 33%",익일 시초 매도
2026-04-17 15:10,2026-04-20 09:01,005490,POSCO홀딩스,오버나잇,3,385500,386500,335,0.029,0.01,"오버나잇: 등락 +4.0%, 범위 위치 95%",익일 시초 매도
2026-04-17 15:10,2026-04-20 09:01,066970,엘앤에프,오버나잇,6,185400,184600,-7347,-0.660,-0.13,"오버나잇: 등락 +9.3%, 범위 위치 96%",익일 시초 매도
2026-04-17 15:10,2026-04-20 09:01,100790,미래에셋벤처투자,오버나잇,26,46600,45300,-36512,-3.014,-0.61,"오버나잇: 등락 +20.4%, 범위 위치 82%",익일 시초 매도
2026-04-17 15:10,2026-04-20 09:01,027360,아주IB투자,오버나잇,103,11960,11880,-11054,-0.897,-0.18,"오버나잇: 등락 +9.0%, 범위 위치 52%",익일 시초 매도
2026-04-17 15:10,2026-04-20 09:01,093370,후성,오버나잇,89,13870,13280,-55235,-4.475,-0.90,"오버나잇: 등락 +22.7%, 범위 위치 76%",익일 시초 매도
2026-04-20 09:05,2026-04-20 15:05,007660,이수페타시스,ORB,12,127100,133300,70734,4.638,1.55,"ORB5 고가 126,800 돌파 (범위 5.0%, 등락 +5.0%)",장마감 강제청산
2026-04-20 09:05,2026-04-20 15:05,001440,대한전선,ORB,58,40850,40400,-31492,-1.329,-0.45,"ORB5 고가 40,800 돌파 (범위 3.9%, 등락 +3.9%) · A등급",장마감 강제청산
2026-04-20 15:10,2026-04-21 09:01,000660,SK하이닉스,오버나잇,1,1166000,1195000,26257,2.252,0.45,"오버나잇: 등락 +1.8%, 범위 위치 71%",익일 시초 매도
2026-04-20 15:10,2026-04-21 09:01,034020,두산에너빌리티,오버나잇,10,111100,113500,21394,1.926,0.39,"오버나잇: 등락 +1.7%, 범위 위치 41%",익일 시초 매도
2026-04-20 15:10,2026-04-21 09:01,086520,에코프로,오버나잇,7,155300,159700,28235,2.597,0.52,"오버나잇: 등락 +2.2%, 범위 위치 51%",익일 시초 매도
2026-04-20 15:10,2026-04-21 09:01,079550,LIG디펜스앤에어로스페이스,오버나잇,1,928000,918000,-12112,-1.305,-0.26,"오버나잇: 등락 +5.8%, 범위 위치 71%",익일 시초 매도
2026-04-20 15:10,2026-04-21 09:01,402340,SK스퀘어,오버나잇,1,701000,713000,10363,1.478,0.30,"오버나잇: 등락 +1.4%, 범위 위치 33%",익일 시초 매도
2026-04-20 15:10,2026-04-21 09:01,001440,대한전선,오버나잇,30,40600,40550,-4297,-0.353,-0.07,"오버나잇: 등락 +3.3%, 범위 위치 38%",익일 시초 매도
2026-04-20 15:10,2026-04-21 09:01,007660,이수페타시스,오버나잇,9,133250,134800,11164,0.931,0.19,"오버나잇: 등락 +10.0%, 범위 위치 76%",익일 시초 매도
2026-04-20 15:10,2026-04-21 09:01,356680,엑스게이트,오버나잇,74,16340,16630,18634,1.541,0.31,"오버나잇: 등락 +8.9%, 범위 위치 42%",익일 시초 매도
2026-04-21 09:07,2026-04-21 11:40,006360,GS건설,ORB,58,40150,44200,229040,9.836,3.29,"ORB5 고가 40,100 돌파 (범위 2.8%, 등락 +5.5%) · A등급",목표 익절 +10%
2026-04-21 09:05,2026-04-21 15:05,034020,두산에너빌리티,ORB,19,116400,115100,-29732,-1.344,-0.46,"ORB5 고가 116,300 돌파 (범위 3.3%, 등락 +4.8%) · A등급",장마감 강제청산
2026-04-21 09:11,2026-04-21 15:05,005490,POSCO홀딩스,ORB,4,405000,418750,51156,3.158,1.07,"ORB5 고가 404,500 돌파 (범위 2.1%, 등락 +3.6%) · A등급",장마감 강제청산
2026-04-21 09:06,2026-04-21 15:05,375500,DL이앤씨,ORB,24,98700,100200,30476,1.287,0.44,"ORB5 고가 98,600 돌파 (범위 2.6%, 등락 +3.4%) · A등급",장마감 강제청산
2026-04-21 15:10,2026-04-22 09:01,009150,삼성전기,오버나잇,1,769000,798000,27170,3.533,0.72,"오버나잇: 등락 +12.6%, 범위 위치 89%",익일 시초 매도
2026-04-21 15:10,2026-04-22 09:01,034020,두산에너빌리티,오버나잇,10,115400,114900,-7643,-0.662,-0.13,"오버나잇: 등락 +3.9%, 범위 위치 74%",익일 시초 매도
2026-04-21 15:10,2026-04-22 09:01,373220,LG에너지솔루션,오버나잇,2,473500,491500,33745,3.563,0.72,"오버나잇: 등락 +9.6%, 범위 위치 94%",익일 시초 매도
2026-04-21 15:10,2026-04-22 09:01,086520,에코프로,오버나잇,7,163100,166600,21823,1.911,0.38,"오버나잇: 등락 +4.2%, 범위 위치 78%",익일 시초 매도
2026-04-21 15:10,2026-04-22 09:01,005490,POSCO홀딩스,오버나잇,2,419500,419500,-1928,-0.230,-0.05,"오버나잇: 등락 +7.3%, 범위 위치 90%",익일 시초 매도
2026-04-21 15:10,2026-04-22 09:01,010170,대한광통신,오버나잇,78,15580,15690,5768,0.475,0.10,"오버나잇: 등락 +2.6%, 범위 위치 93%",익일 시초 매도
2026-04-21 15:10,2026-04-22 09:01,080220,제주반도체,오버나잇,25,47000,46100,-25153,-2.141,-0.43,"오버나잇: 등락 +9.3%, 범위 위치 58%",익일 시초 매도
2026-04-22 09:05,2026-04-22 09:06,222080,SFA넥셀,ORB,92,17870,17300,-56107,-3.413,-1.15,"ORB5 고가 17,840 돌파 (범위 5.9%, 등락 +9.6%)","손절 (17,340)"
2026-04-22 09:05,2026-04-22 09:31,018470,조일알미늄,ORB,185,8910,9825,165121,10.017,3.43,"ORB5 고가 8,900 돌파 (범위 5.1%, 등락 +6.8%)",목표 익절 +10%
2026-04-22 09:05,2026-04-22 09:39,010820,퍼스텍,ORB,162,15270,16860,251338,10.160,3.45,"ORB5 고가 15,260 돌파 (범위 4.0%, 등락 +6.0%) · A등급",목표 익절 +10%
2026-04-22 09:06,2026-04-22 10:30,011790,SKC,ORB,14,116500,113100,-51247,-3.142,-1.08,"ORB5 고가 116,300 돌파 (범위 1.6%, 등락 +5.0%)","손절 (113,100)"
2026-04-22 09:11,2026-04-22 11:51,007660,이수페타시스,ORB,16,139800,153800,218375,9.763,3.33,"ORB5 고가 139,700 돌파 (범위 3.7%, 등락 +4.5%) · A등급",목표 익절 +10%
2026-04-22 15:10,2026-04-23 09:01,009150,삼성전기,오버나잇,1,812000,796000,-17832,-2.196,-0.45,"오버나잇: 등락 +4.5%, 범위 위치 90%",익일 시초 매도
2026-04-22 15:10,2026-04-23 09:01,010120,LS ELECTRIC,오버나잇,6,193700,211500,103898,8.940,1.80,"오버나잇: 등락 +4.0%, 범위 위치 55%",익일 시초 매도
2026-04-22 15:10,2026-04-23 09:01,007660,이수페타시스,오버나잇,7,161500,155700,-43111,-3.813,-0.77,"오버나잇: 등락 +20.6%, 범위 위치 89%",익일 시초 매도
2026-04-22 15:10,2026-04-23 09:01,042660,한화오션,오버나잇,9,134600,136300,12482,1.030,0.21,"오버나잇: 등락 +1.7%, 범위 위치 75%",익일 시초 매도
2026-04-22 15:10,2026-04-23 09:01,079550,LIG디펜스앤에어로스페이스,오버나잇,1,1017000,993000,-26286,-2.585,-0.53,"오버나잇: 등락 +3.8%, 범위 위치 35%",익일 시초 매도
2026-04-22 15:10,2026-04-23 09:01,027360,아주IB투자,오버나잇,87,14200,14340,9313,0.754,0.15,"오버나잇: 등락 +17.1%, 범위 위치 62%",익일 시초 매도
2026-04-22 15:10,2026-04-23 09:01,036930,주성엔지니어링,오버나잇,10,120900,120400,-7769,-0.643,-0.13,"오버나잇: 등락 +1.7%, 범위 위치 71%",익일 시초 매도
2026-04-22 15:10,2026-04-23 09:01,322000,HD현대에너지솔루션,오버나잇,6,182000,183000,3477,0.318,0.06,"오버나잇: 등락 +7.0%, 범위 위치 52%",익일 시초 매도
2026-04-23 09:05,2026-04-23 09:17,058470,리노공업,ORB,13,128100,124200.00,-54420,-3.268,-1.10,"ORB5 고가 127,600 돌파 (범위 4.1%, 등락 +6.6%)","손절 (124,300)"
2026-04-23 09:05,2026-04-23 10:55,103590,일진전기,ORB,27,93200,90400,-81224,-3.228,-1.11,"ORB5 고가 93,100 돌파 (범위 2.1%, 등락 +5.8%) · A등급","손절 (90,500)"
2026-04-23 09:05,2026-04-23 12:13,034020,두산에너빌리티,ORB,19,123100,119500.00,-73631,-3.148,-1.08,"ORB5 고가 123,000 돌파 (범위 3.8%, 등락 +6.3%) · A등급","손절 (119,500)"
2026-04-23 15:10,2026-04-24 09:01,000660,SK하이닉스,오버나잇,1,1223000,1236000,10160,0.831,0.17,"오버나잇: 등락 +0.2%, 범위 위치 46%",익일 시초 매도
2026-04-23 15:10,2026-04-24 09:01,034020,두산에너빌리티,오버나잇,10,122400,122900,2175,0.178,0.04,"오버나잇: 등락 +5.7%, 범위 위치 74%",익일 시초 매도
2026-04-23 15:10,2026-04-24 09:01,010140,삼성중공업,오버나잇,37,34100,35050,32174,2.550,0.51,"오버나잇: 등락 +6.1%, 범위 위치 63%",익일 시초 매도
2026-04-23 15:10,2026-04-24 09:01,047040,대우건설,오버나잇,38,33250,33150,-6696,-0.530,-0.11,"오버나잇: 등락 +2.2%, 범위 위치 25%",익일 시초 매도
2026-04-23 15:10,2026-04-24 09:01,402340,SK스퀘어,오버나잇,1,727000,735000,6311,0.868,0.18,"오버나잇: 등락 +1.7%, 범위 위치 27%",익일 시초 매도
2026-04-23 15:10,2026-04-24 09:01,000720,현대건설,오버나잇,7,174900,174500,-5609,-0.458,-0.09,"오버나잇: 등락 +3.0%, 범위 위치 53%",익일 시초 매도
2026-04-23 15:10,2026-04-24 09:01,006910,보성파워텍,오버나잇,109,11810,11870,3566,0.277,0.06,"오버나잇: 등락 +17.6%, 범위 위치 61%",익일 시초 매도
2026-04-24 09:05,2026-04-24 09:13,322000,HD현대에너지솔루션,ORB,8,190200,184500,-49001,-3.220,-1.07,"ORB5 고가 190,000 돌파 (범위 4.6%, 등락 +5.8%)","손절 (184,500)"
2026-04-24 09:11,2026-04-24 09:34,071970,HD현대마린엔진,ORB,24,100800,111000,238711,9.867,3.32,"ORB5 고가 100,700 돌파 (범위 2.7%, 등락 +4.9%) · A등급",목표 익절 +10%
2026-04-24 09:13,2026-04-24 15:05,079550,LIG디펜스앤에어로스페이스,ORB,1,1010000,994000,-18288,-1.811,-0.61,"ORB5 고가 1,008,000 돌파 (범위 2.9%, 등락 +4.6%) · A등급",장마감 강제청산
2026-04-24 09:10,2026-04-24 15:05,082740,한화엔진,ORB,33,73600,75700,63566,2.617,0.88,"ORB5 고가 73,500 돌파 (범위 3.4%, 등락 +5.4%) · A등급",장마감 강제청산
2026-04-24 15:10,2026-04-27 09:01,000660,SK하이닉스,오버나잇,1,1224000,1252000,25126,2.053,0.41,"오버나잇: 등락 +0.4%, 범위 위치 63%",익일 시초 매도
2026-04-24 15:10,2026-04-27 09:01,034020,두산에너빌리티,오버나잇,10,127200,130300,28009,2.202,0.44,"오버나잇: 등락 +4.5%, 범위 위치 83%",익일 시초 매도
2026-04-24 15:10,2026-04-27 09:01,009150,삼성전기,오버나잇,1,787000,791000,2182,0.277,0.06,"오버나잇: 등락 +2.2%, 범위 위치 95%",익일 시초 매도
2026-04-24 15:10,2026-04-27 09:01,006340,대원전선,오버나잇,142,8950,9320,49506,3.895,0.79,"오버나잇: 등락 +10.0%, 범위 위치 56%",익일 시초 매도
2026-04-24 15:10,2026-04-27 09:01,090710,휴림로봇,오버나잇,97,13160,13420,22231,1.742,0.35,"오버나잇: 등락 +16.2%, 범위 위치 73%",익일 시초 매도
2026-04-24 15:10,2026-04-27 09:01,001440,대한전선,오버나잇,29,42850,44100,33316,2.681,0.55,"오버나잇: 등락 +4.9%, 범위 위치 51%",익일 시초 매도
2026-04-24 15:10,2026-04-27 09:01,010060,OCI홀딩스,오버나잇,3,384750,389000,10068,0.872,0.17,"오버나잇: 등락 +24.0%, 범위 위치 81%",익일 시초 매도
2026-04-27 09:08,2026-04-27 09:11,036540,SFA반도체,ORB,162,10450,10100,-60470,-3.572,-1.20,"ORB5 고가 10,410 돌파 (범위 5.7%, 등락 +8.4%)","손절 (10,140)"
2026-04-27 09:27,2026-04-27 09:41,103590,일진전기,ORB,16,105500,102400,-53374,-3.162,-1.08,"ORB5 고가 105,400 돌파 (범위 4.6%, 등락 +6.9%)","손절 (102,400)"
2026-04-27 09:05,2026-04-27 09:54,323280,태성,ORB,19,84000,92400,155587,9.749,3.28,"ORB5 고가 83,800 돌파 (범위 4.2%, 등락 +9.2%)",목표 익절 +10%
2026-04-27 09:14,2026-04-27 13:56,082740,한화엔진,ORB,20,81600,89800,159895,9.797,3.33,"ORB5 고가 81,500 돌파 (범위 3.3%, 등락 +8.1%)",목표 익절 +10%
2026-04-27 09:12,2026-04-27 15:05,000660,SK하이닉스,ORB,1,1273000,1292000,16033,1.259,0.42,"ORB5 고가 1,272,000 돌파 (범위 1.9%, 등락 +4.0%)",장마감 강제청산
2026-04-27 15:10,2026-04-28 09:01,000660,SK하이닉스,오버나잇,1,1289000,1313000,20985,1.628,0.33,"오버나잇: 등락 +5.2%, 범위 위치 58%",익일 시초 매도
2026-04-27 15:10,2026-04-28 09:01,042700,한미반도체,오버나잇,3,373500,367000,-22035,-1.967,-0.40,"오버나잇: 등락 +26.2%, 범위 위치 92%",익일 시초 매도
2026-04-27 15:10,2026-04-28 09:01,009150,삼성전기,오버나잇,1,793000,811000,16139,2.035,0.41,"오버나잇: 등락 +0.5%, 범위 위치 88%",익일 시초 매도
2026-04-27 15:10,2026-04-28 09:01,034020,두산에너빌리티,오버나잇,10,128800,128300,-7951,-0.617,-0.12,"오버나잇: 등락 +1.2%, 범위 위치 68%",익일 시초 매도
2026-04-27 15:10,2026-04-28 09:01,108490,로보티즈,오버나잇,3,346500,345000,-6880,-0.662,-0.13,"오버나잇: 등락 +19.1%, 범위 위치 76%",익일 시초 매도
2026-04-27 15:10,2026-04-28 09:01,010170,대한광통신,오버나잇,81,15900,16140,16437,1.276,0.26,"오버나잇: 등락 +19.0%, 범위 위치 78%",익일 시초 매도
2026-04-27 15:10,2026-04-28 09:01,098460,고영,오버나잇,29,43300,43700,8688,0.692,0.14,"오버나잇: 등락 +2.4%, 범위 위치 52%",익일 시초 매도
2026-04-27 15:10,2026-04-28 09:01,006340,대원전선,오버나잇,128,10110,10680,69827,5.396,1.09,"오버나잇: 등락 +12.1%, 범위 위치 60%",익일 시초 매도
2026-04-28 09:18,2026-04-28 09:29,009830,한화솔루션,ORB,34,50700,49250,-53158,-3.084,-1.08,"ORB5 고가 50,650 돌파 (범위 4.5%, 등락 +7.1%)","손절 (49,250)"
2026-04-28 09:10,2026-04-28 09:29,006400,삼성SDI,ORB,3,675000,655000,-64527,-3.187,-1.08,"ORB5 고가 673,000 돌파 (범위 3.2%, 등락 +5.8%) · A등급","손절 (655,000)"
2026-04-28 09:11,2026-04-28 14:01,375500,DL이앤씨,ORB,17,102400,99400,-54893,-3.153,-1.08,"ORB5 고가 102,300 돌파 (범위 4.6%, 등락 +4.2%)","손절 (99,400)"
2026-04-28 15:10,2026-04-29 09:01,000660,SK하이닉스,오버나잇,1,1303000,1283000,-22953,-1.762,-0.35,"오버나잇: 등락 +0.2%, 범위 위치 22%",익일 시초 매도
2026-04-28 15:10,2026-04-29 09:01,006400,삼성SDI,오버나잇,1,678000,688000,8420,1.242,0.26,"오버나잇: 등락 +6.3%, 범위 위치 70%",익일 시초 매도
2026-04-28 15:10,2026-04-29 09:01,001440,대한전선,오버나잇,28,46200,46000,-8563,-0.662,-0.13,"오버나잇: 등락 +6.0%, 범위 위치 57%",익일 시초 매도
2026-04-28 15:10,2026-04-29 09:01,402340,SK스퀘어,오버나잇,1,813000,797000,-17834,-2.194,-0.45,"오버나잇: 등락 +1.6%, 범위 위치 36%",익일 시초 매도
2026-04-28 15:10,2026-04-29 09:01,005490,POSCO홀딩스,오버나잇,2,466500,477000,18810,2.016,0.41,"오버나잇: 등락 +11.1%, 범위 위치 61%",익일 시초 매도
2026-04-28 15:10,2026-04-29 09:01,009150,삼성전기,오버나잇,1,836000,818000,-19883,-2.378,-0.48,"오버나잇: 등락 +4.5%, 범위 위치 79%",익일 시초 매도
2026-04-28 15:10,2026-04-29 09:01,047040,대우건설,오버나잇,35,37050,37200,2257,0.174,0.03,"오버나잇: 등락 +11.6%, 범위 위치 59%",익일 시초 매도
2026-04-28 15:10,2026-04-29 09:01,066570,LG전자,오버나잇,9,139350,141100,12833,1.023,0.21,"오버나잇: 등락 +6.5%, 범위 위치 5%",익일 시초 매도
2026-04-29 09:05,2026-04-29 09:49,011170,롯데케미칼,ORB,25,100000,109900,241218,9.649,3.22,"ORB5 고가 99,900 돌파 (범위 2.8%, 등락 +4.7%) · A등급",목표 익절 +10%
2026-04-29 09:05,2026-04-29 09:54,004020,현대제철,ORB,54,47200,45800,-81298,-3.190,-1.08,"ORB5 고가 47,150 돌파 (범위 3.9%, 등락 +6.8%) · A등급","손절 (45,800)"
2026-04-29 09:05,2026-04-29 15:05,096770,SK이노베이션,ORB,12,141800,148800,79907,4.696,1.59,"ORB5 고가 141,700 돌파 (범위 5.2%, 등락 +6.8%)",장마감 강제청산
2026-04-29 09:10,2026-04-29 15:05,079550,LIG디펜스앤에어로스페이스,ORB,1,969000,970000,-1230,-0.127,-0.04,"ORB5 고가 968,000 돌파 (범위 2.0%, 등락 +4.6%) · A등급",장마감 강제청산
2026-04-29 15:10,2026-04-30 09:01,000660,SK하이닉스,오버나잇,1,1291500,1311000,16489,1.277,0.26,"오버나잇: 등락 +0.3%, 범위 위치 29%",익일 시초 매도
2026-04-29 15:10,2026-04-30 09:01,006400,삼성SDI,오버나잇,1,713000,721000,6344,0.890,0.18,"오버나잇: 등락 +5.6%, 범위 위치 97%",익일 시초 매도
2026-04-29 15:10,2026-04-30 09:01,009150,삼성전기,오버나잇,1,828000,828000,-1904,-0.230,-0.05,"오버나잇: 등락 +0.5%, 범위 위치 77%",익일 시초 매도
2026-04-29 15:10,2026-04-30 09:01,034020,두산에너빌리티,오버나잇,10,129200,129800,3017,0.234,0.05,"오버나잇: 등락 +2.1%, 범위 위치 61%",익일 시초 매도
2026-04-29 15:10,2026-04-30 09:01,402340,SK스퀘어,오버나잇,1,829000,844000,13062,1.576,0.32,"오버나잇: 등락 +3.0%, 범위 위치 65%",익일 시초 매도
2026-04-29 15:10,2026-04-30 09:01,329180,HD현대중공업,오버나잇,1,691000,687000,-5580,-0.808,-0.16,"오버나잇: 등락 +4.1%, 범위 위치 69%",익일 시초 매도
2026-04-29 15:10,2026-04-30 09:01,096770,SK이노베이션,오버나잇,8,148100,146500,-15496,-1.308,-0.26,"오버나잇: 등락 +11.4%, 범위 위치 92%",익일 시초 매도
2026-04-29 15:10,2026-04-30 09:01,098460,고영,오버나잇,31,41950,41900,-4536,-0.349,-0.07,"오버나잇: 등락 +5.0%, 범위 위치 47%",익일 시초 매도
2026-04-30 09:09,2026-04-30 09:50,007660,이수페타시스,ORB,16,155600,151000,-79167,-3.180,-1.08,"ORB5 고가 155,400 돌파 (범위 3.3%, 등락 +5.6%) · A등급","손절 (151,000)"
2026-04-30 09:07,2026-04-30 10:35,024060,흥구석유,ORB,148,17710,17180.00,-84299,-3.216,-1.07,"ORB5 고가 17,690 돌파 (범위 2.1%, 등락 +4.5%) · A등급","손절 (17,180)"
2026-04-30 09:05,2026-04-30 10:55,066570,LG전자,ORB,11,146600,142200,-52003,-3.225,-1.07,"ORB5 고가 146,500 돌파 (범위 4.9%, 등락 +6.7%)","손절 (142,200)"
2026-04-30 15:10,2026-05-04 09:01,402340,SK스퀘어,오버나잇,1,843000,908000,62922,7.464,1.50,"오버나잇: 등락 +0.5%, 범위 위치 6%",익일 시초 매도
2026-04-30 15:10,2026-05-04 09:01,009150,삼성전기,오버나잇,1,835000,858000,21031,2.519,0.51,"오버나잇: 등락 +0.2%, 범위 위치 29%",익일 시초 매도
2026-04-30 15:10,2026-05-04 09:01,010170,대한광통신,오버나잇,88,15160,15480,25032,1.876,0.38,"오버나잇: 등락 +0.6%, 범위 위치 20%",익일 시초 매도
2026-04-30 15:10,2026-05-04 09:01,042700,한미반도체,오버나잇,3,369000,385000,45351,4.097,0.84,"오버나잇: 등락 +1.9%, 범위 위치 23%",익일 시초 매도
2026-04-30 15:10,2026-05-04 09:01,006340,대원전선,오버나잇,88,15110,16370,107584,8.091,1.63,"오버나잇: 등락 +15.4%, 범위 위치 61%",익일 시초 매도
2026-04-30 15:10,2026-05-04 09:01,066570,LG전자,오버나잇,9,140600,146200,47383,3.745,0.75,"오버나잇: 등락 +2.3%, 범위 위치 13%",익일 시초 매도
2026-04-30 15:10,2026-05-04 09:01,058470,리노공업,오버나잇,11,119000,122500,35407,2.705,0.55,"오버나잇: 등락 +5.0%, 범위 위치 50%",익일 시초 매도
2026-04-30 15:10,2026-05-04 09:01,009830,한화솔루션,오버나잇,28,47632,48292,15374,1.153,0.23,"오버나잇: 등락 +5.3%, 범위 위치 24%",익일 시초 매도
2026-05-04 09:10,2026-05-04 15:05,000660,SK하이닉스,ORB,1,1346000,1445000,95693,7.109,2.39,"ORB5 고가 1,345,000 돌파 (범위 1.2%, 등락 +4.0%)",장마감 강제청산
2026-05-04 15:10,2026-05-06 09:01,006800,미래에셋증권,오버나잇,18,70200,75400,90494,7.162,1.44,"오버나잇: 등락 +7.3%, 범위 위치 74%",익일 시초 매도
2026-05-04 15:10,2026-05-06 09:01,402340,SK스퀘어,오버나잇,1,995000,1182000,184310,18.524,3.76,"오버나잇: 등락 +18.1%, 범위 위치 96%",익일 시초 매도
2026-05-04 15:10,2026-05-06 09:01,009150,삼성전기,오버나잇,1,915000,971000,53776,5.877,1.20,"오버나잇: 등락 +9.8%, 범위 위치 87%",익일 시초 매도
2026-05-04 15:10,2026-05-06 09:01,016360,삼성증권,오버나잇,9,136400,163000,236062,19.230,3.86,"오버나잇: 등락 +26.2%, 범위 위치 89%",익일 시초 매도
2026-05-04 15:10,2026-05-06 09:01,006400,삼성SDI,오버나잇,1,704000,707000,1375,0.195,0.04,"오버나잇: 등락 +0.1%, 범위 위치 39%",익일 시초 매도
2026-05-04 15:10,2026-05-06 09:01,010170,대한광통신,오버나잇,73,17870,18460,39978,3.065,0.62,"오버나잇: 등락 +17.9%, 범위 위치 87%",익일 시초 매도
2026-05-04 15:10,2026-05-06 09:01,062040,산일전기,오버나잇,3,335000,329000,-20272,-2.017,-0.41,"오버나잇: 등락 +26.9%, 범위 위치 90%",익일 시초 매도
2026-05-06 09:12,2026-05-06 15:05,267260,HD현대일렉트릭,ORB,1,1369000,1391000,18805,1.374,0.46,"ORB5 고가 1,367,000 돌파 (범위 2.4%, 등락 +5.5%) · A등급",장마감 강제청산
2026-05-06 15:10,2026-05-07 09:01,402340,SK스퀘어,오버나잇,1,1092000,1100000,5472,0.501,0.10,"오버나잇: 등락 +9.9%, 범위 위치 34%",익일 시초 매도
2026-05-06 15:10,2026-05-07 09:01,006800,미래에셋증권,오버나잇,15,84800,82800,-32860,-2.583,-0.52,"오버나잇: 등락 +21.2%, 범위 위치 79%",익일 시초 매도
2026-05-06 15:10,2026-05-07 09:01,009150,삼성전기,오버나잇,1,919000,926000,4873,0.530,0.11,"오버나잇: 등락 +1.1%, 범위 위치 28%",익일 시초 매도
2026-05-06 15:10,2026-05-07 09:01,042700,한미반도체,오버나잇,3,391750,397500,14511,1.235,0.24,"오버나잇: 등락 +4.7%, 범위 위치 59%",익일 시초 매도
2026-05-06 15:10,2026-05-07 09:01,001440,대한전선,오버나잇,19,69200,69600,4561,0.347,0.07,"오버나잇: 등락 +14.0%, 범위 위치 66%",익일 시초 매도
2026-05-06 15:10,2026-05-07 09:01,066570,LG전자,오버나잇,8,154400,155000,1949,0.158,0.03,"오버나잇: 등락 +8.7%, 범위 위치 75%",익일 시초 매도
2026-05-06 15:10,2026-05-07 09:01,016360,삼성증권,오버나잇,9,150600,147100,-34548,-2.549,-0.51,"오버나잇: 등락 +7.8%, 범위 위치 34%",익일 시초 매도
2026-05-07 09:06,2026-05-07 09:13,010170,대한광통신,ORB,141,19580,21600,277859,10.065,3.40,"ORB5 고가 19,480 돌파 (범위 3.8%, 등락 +7.2%) · A등급",목표 익절 +10%
2026-05-07 15:10,2026-05-08 09:01,010140,삼성중공업,오버나잇,41,33650,33600,-5217,-0.378,-0.08,"오버나잇: 등락 +3.9%, 범위 위치 92%",익일 시초 매도
2026-05-07 15:10,2026-05-08 09:01,329180,HD현대중공업,오버나잇,2,696000,687000,-21162,-1.520,-0.31,"오버나잇: 등락 +5.6%, 범위 위치 82%",익일 시초 매도
2026-05-07 15:10,2026-05-08 09:01,028260,삼성물산,오버나잇,3,399500,405000,13709,1.144,0.23,"오버나잇: 등락 +4.0%, 범위 위치 87%",익일 시초 매도
2026-05-07 15:10,2026-05-08 09:01,011790,SKC,오버나잇,7,175200,163600,-83844,-6.837,-1.38,"오버나잇: 등락 +8.6%, 범위 위치 57%",익일 시초 매도
2026-05-07 15:10,2026-05-08 09:01,034020,두산에너빌리티,오버나잇,10,136300,134500,-21095,-1.548,-0.31,"오버나잇: 등락 +6.4%, 범위 위치 66%",익일 시초 매도
2026-05-07 15:10,2026-05-08 09:01,203650,드림시큐리티,오버나잇,340,4105,3850,-89723,-6.429,-1.29,"오버나잇: 등락 +9.2%, 범위 위치 39%",익일 시초 매도
2026-05-08 09:09,2026-05-08 09:13,264850,이랜시스,ORB,210,8910,8640.0,-60880,-3.254,-1.12,"ORB5 고가 8,900 돌파 (범위 5.3%, 등락 +9.7%)","손절 (8,650)"
2026-05-08 09:05,2026-05-08 09:15,459510,나우로보틱스,ORB,51,36400,35300,-60248,-3.245,-1.13,"ORB5 고가 36,300 돌파 (범위 4.6%, 등락 +5.2%)","손절 (35,350)"
2026-05-08 09:05,2026-05-08 13:39,125490,한라캐스트,ORB,157,17680,19440,269343,9.703,3.24,"ORB5 고가 17,670 돌파 (범위 2.6%, 등락 +5.1%) · A등급",목표 익절 +10%
2026-05-08 15:10,2026-05-11 09:01,402340,SK스퀘어,오버나잇,1,1099000,1174000,72312,6.580,1.34,"오버나잇: 등락 +0.6%, 범위 위치 88%",익일 시초 매도
2026-05-08 15:10,2026-05-11 09:01,009150,삼성전기,오버나잇,1,916000,896000,-22063,-2.409,-0.49,"오버나잇: 등락 +0.2%, 범위 위치 85%",익일 시초 매도
2026-05-08 15:10,2026-05-11 09:01,006800,미래에셋증권,오버나잇,17,79800,83400,57950,4.272,0.87,"오버나잇: 등락 +2.2%, 범위 위치 53%",익일 시초 매도
2026-05-08 15:10,2026-05-11 09:01,277810,레인보우로보틱스,오버나잇,1,784000,786000,194,0.025,0.00,"오버나잇: 등락 +12.2%, 범위 위치 74%",익일 시초 매도
2026-05-08 15:10,2026-05-11 09:01,000270,기아,오버나잇,8,164200,170400,46473,3.538,0.71,"오버나잇: 등락 +4.1%, 범위 위치 56%",익일 시초 매도
2026-05-08 15:10,2026-05-11 09:01,001440,대한전선,오버나잇,19,72900,73600,10088,0.728,0.15,"오버나잇: 등락 +13.6%, 범위 위치 83%",익일 시초 매도
2026-05-08 15:10,2026-05-11 09:01,319400,현대무벡스,오버나잇,37,37400,38100,22663,1.638,0.33,"오버나잇: 등락 +20.6%, 범위 위치 64%",익일 시초 매도
2026-05-07 15:10,2026-05-11 09:03,024840,KBI메탈,오버나잇,150,9290,10380,159944,11.478,2.32,"오버나잇: 등락 +7.8%, 범위 위치 56%",익일 시초 매도
2026-05-11 09:05,2026-05-11 09:14,329180,HD현대중공업,ORB,2,697000,677000,-43120,-3.093,-1.08,"ORB5 고가 696,000 돌파 (범위 4.7%, 등락 +5.9%)","손절 (677,000)"
2026-05-11 09:05,2026-05-11 09:23,011790,SKC,ORB,10,172300,167200,-54852,-3.184,-1.08,"ORB5 고가 172,100 돌파 (범위 3.4%, 등락 +8.1%)","손절 (167,200)"
2026-05-11 09:14,2026-05-11 09:27,027360,아주IB투자,ORB,166,16850,16340,-90909,-3.250,-1.10,"ORB5 고가 16,780 돌파 (범위 3.1%, 등락 +7.0%) · A등급","손절 (16,350)"
2026-05-11 09:06,2026-05-11 09:40,042660,한화오션,ORB,19,135800,131800,-81770,-3.169,-1.08,"ORB5 고가 135,700 돌파 (범위 3.9%, 등락 +7.5%) · A등급","손절 (131,800)"
2026-05-11 09:05,2026-05-11 15:05,010140,삼성중공업,ORB,53,34350,33850,-30630,-1.682,-0.58,"ORB5 고가 34,300 돌파 (범위 5.5%, 등락 +6.8%)",장마감 강제청산
2026-05-11 09:05,2026-05-11 15:05,009540,HD한국조선해양,ORB,3,478000,474750,-13026,-0.908,-0.31,"ORB5 고가 477,000 돌파 (범위 4.6%, 등락 +5.8%)",장마감 강제청산
2026-05-12 09:07,2026-05-12 09:19,032820,우리기술,ORB,92,20250,19690,-55692,-2.989,-1.08,"ORB5 고가 20,200 돌파 (범위 4.6%, 등락 +4.9%)","손절 (19,690)"
2026-05-12 09:10,2026-05-12 10:14,034020,두산에너빌리티,ORB,19,133800,129800,-81682,-3.213,-1.07,"ORB5 고가 133,600 돌파 (범위 2.4%, 등락 +4.4%) · A등급","손절 (129,800)"
2026-05-12 09:24,2026-05-12 10:17,017670,SK텔레콤,ORB,17,105100,101900,-58391,-3.268,-1.11,"ORB5 고가 105,000 돌파 (범위 4.6%, 등락 +6.9%)","손절 (102,000)"
2026-05-12 15:10,2026-05-12 15:15,007610,선도전기,오버나잇,94,15040,14260,-76413,-5.405,-1.08,"오버나잇: 등락 +16.8%, 범위 위치 69%","손절 (14,290)"
2026-05-12 15:10,2026-05-13 09:01,066570,LG전자,오버나잇,7,183000,192800,65507,5.114,1.03,"오버나잇: 등락 +17.1%, 범위 위치 65%",익일 시초 매도
2026-05-12 15:10,2026-05-13 09:01,009150,삼성전기,오버나잇,1,950000,922000,-30124,-3.171,-0.64,"오버나잇: 등락 +5.8%, 범위 위치 53%",익일 시초 매도
2026-05-12 15:10,2026-05-13 09:01,329180,HD현대중공업,오버나잇,2,703000,711000,12733,0.906,0.18,"오버나잇: 등락 +3.2%, 범위 위치 47%",익일 시초 매도
2026-05-12 15:10,2026-05-13 09:01,319400,현대무벡스,오버나잇,33,42100,43950,57725,4.155,0.83,"오버나잇: 등락 +8.8%, 범위 위치 41%",익일 시초 매도
2026-05-12 15:10,2026-05-13 09:01,079550,LIG디펜스앤에어로스페이스,오버나잇,1,876000,883000,4971,0.567,0.12,"오버나잇: 등락 +0.8%, 범위 위치 62%",익일 시초 매도
2026-05-12 15:10,2026-05-13 09:01,090710,휴림로봇,오버나잇,110,12860,13070,19798,1.400,0.28,"오버나잇: 등락 +4.3%, 범위 위치 55%",익일 시초 매도
2026-05-12 15:10,2026-05-13 09:01,218410,RFHIC,오버나잇,12,111600,108100,-44988,-3.359,-0.68,"오버나잇: 등락 +6.8%, 범위 위치 25%",익일 시초 매도
2026-05-13 15:10,2026-05-14 09:01,005380,현대차,오버나잇,1,708000,724000,14338,2.025,0.41,"오버나잇: 등락 +13.6%, 범위 위치 97%",익일 시초 매도
2026-05-13 15:10,2026-05-14 09:01,066570,LG전자,오버나잇,7,190700,201500,72368,5.421,1.09,"오버나잇: 등락 +3.1%, 범위 위치 61%",익일 시초 매도
2026-05-13 15:10,2026-05-14 09:01,402340,SK스퀘어,오버나잇,1,1190000,1182000,-10719,-0.901,-0.18,"오버나잇: 등락 +8.6%, 범위 위치 98%",익일 시초 매도
2026-05-13 15:10,2026-05-14 09:01,009150,삼성전기,오버나잇,1,1032000,1024000,-10355,-1.003,-0.20,"오버나잇: 등락 +11.1%, 범위 위치 79%",익일 시초 매도
2026-05-13 15:10,2026-05-14 09:01,042700,한미반도체,오버나잇,3,397750,393000,-16962,-1.421,-0.29,"오버나잇: 등락 +7.2%, 범위 위치 96%",익일 시초 매도
2026-05-13 15:10,2026-05-14 09:01,000270,기아,오버나잇,7,178500,182100,22273,1.783,0.36,"오버나잇: 등락 +7.7%, 범위 위치 94%",익일 시초 매도
2026-05-13 15:10,2026-05-14 09:01,307950,현대오토에버,오버나잇,2,698000,702000,4773,0.342,0.07,"오버나잇: 등락 +15.4%, 범위 위치 77%",익일 시초 매도
2026-05-14 09:05,2026-05-14 09:45,064400,LG씨엔에스,ORB,23,77600,85400,174911,9.800,3.31,"ORB5 고가 77,500 돌파 (범위 4.0%, 등락 +5.6%)",목표 익절 +10%
2026-05-14 09:07,2026-05-14 15:05,034220,LG디스플레이,ORB,124,14880,15280,45251,2.452,0.83,"ORB5 고가 14,850 돌파 (범위 4.9%, 등락 +5.0%)",장마감 강제청산
2026-05-14 09:05,2026-05-14 15:05,009830,한화솔루션,ORB,41,43350,44705,51350,2.889,0.96,"ORB5 고가 43,300 돌파 (범위 5.8%, 등락 +6.5%)",장마감 강제청산
2026-05-14 15:10,2026-05-15 09:01,042700,한미반도체,오버나잇,3,403000,405000,3207,0.265,0.05,"오버나잇: 등락 +0.2%, 범위 위치 90%",익일 시초 매도
2026-05-14 15:10,2026-05-15 09:01,064400,LG씨엔에스,오버나잇,16,85600,93700,126173,9.212,1.88,"오버나잇: 등락 +16.5%, 범위 위치 80%",익일 시초 매도
2026-05-14 15:10,2026-05-15 09:01,005490,POSCO홀딩스,오버나잇,2,492000,487000,-12241,-1.244,-0.25,"오버나잇: 등락 +2.1%, 범위 위치 83%",익일 시초 매도
2026-05-14 15:10,2026-05-15 09:01,010060,OCI홀딩스,오버나잇,3,361500,364500,6487,0.598,0.12,"오버나잇: 등락 +7.8%, 범위 위치 66%",익일 시초 매도
2026-05-14 15:10,2026-05-15 09:01,034220,LG디스플레이,오버나잇,91,15355,15900,46276,3.312,0.66,"오버나잇: 등락 +8.3%, 범위 위치 78%",익일 시초 매도
2026-05-14 15:10,2026-05-15 09:01,028260,삼성물산,오버나잇,3,437000,435000,-9001,-0.687,-0.14,"오버나잇: 등락 +1.7%, 범위 위치 61%",익일 시초 매도
2026-05-14 15:10,2026-05-15 09:01,000720,현대건설,오버나잇,8,167300,167500,-1481,-0.111,-0.02,"오버나잇: 등락 +4.2%, 범위 위치 68%",익일 시초 매도
2026-05-15 09:05,2026-05-15 09:32,454910,두산로보틱스,ORB,16,115100,126900,184160,10.0,3.39,"ORB5 고가 115,000 돌파 (범위 5.0%, 등락 +7.8%)",목표 익절 +10%
2026-05-15 09:05,2026-05-15 09:43,034220,LG디스플레이,ORB,114,16410,15910.0,-61179,-3.270,-1.10,"ORB5 고가 16,400 돌파 (범위 4.7%, 등락 +7.0%)","손절 (15,920)"
2026-05-15 15:10,2026-05-18 09:01,080220,제주반도체,오버나잇,17,81200,84300,49413,3.580,0.73,"오버나잇: 등락 +7.4%, 범위 위치 56%",익일 시초 매도
2026-05-15 15:10,2026-05-18 09:01,001740,SK네트웍스,오버나잇,164,8700,8690,-4917,-0.345,-0.07,"오버나잇: 등락 +10.1%, 범위 위치 52%",익일 시초 매도
2026-05-15 15:10,2026-05-18 09:01,003550,LG,오버나잇,11,125800,132000,64872,4.688,0.95,"오버나잇: 등락 +7.1%, 범위 위치 5%",익일 시초 매도
2026-05-15 15:10,2026-05-18 09:01,454910,두산로보틱스,오버나잇,11,125700,132100,67070,4.851,0.98,"오버나잇: 등락 +17.7%, 범위 위치 55%",익일 시초 매도
2026-05-15 15:10,2026-05-18 09:01,090360,로보스타,오버나잇,16,87700,94600,106936,7.621,1.55,"오버나잇: 등락 +6.4%, 범위 위치 20%",익일 시초 매도
2026-05-15 15:10,2026-05-18 09:01,018260,삼성에스디에스,오버나잇,7,187800,189000,5359,0.408,0.08,"오버나잇: 등락 +2.2%, 범위 위치 20%",익일 시초 매도
2026-05-15 15:10,2026-05-18 09:01,090710,휴림로봇,오버나잇,110,12970,13520,57089,4.001,0.81,"오버나잇: 등락 +2.7%, 범위 위치 17%",익일 시초 매도
2026-05-15 15:10,2026-05-18 09:01,036540,SFA반도체,오버나잇,166,8580,7990,-101003,-7.092,-1.45,"오버나잇: 등락 +3.5%, 범위 위치 17%",익일 시초 매도
2026-05-18 09:05,2026-05-18 09:11,079550,LIG디펜스앤에어로스페이스,ORB,3,880000,852000,-89891,-3.405,-1.15,"ORB5 고가 878,000 돌파 (범위 3.1%, 등락 +5.4%) · A등급","손절 (854,000)"
2026-05-18 15:10,2026-05-19 09:01,009150,삼성전기,오버나잇,1,1043000,1031000,-14372,-1.378,-0.28,"오버나잇: 등락 +0.6%, 범위 위치 73%",익일 시초 매도
2026-05-18 15:10,2026-05-19 09:01,034020,두산에너빌리티,오버나잇,12,112500,110900,-22262,-1.649,-0.33,"오버나잇: 등락 +1.7%, 범위 위치 89%",익일 시초 매도
2026-05-18 15:10,2026-05-19 09:01,027360,아주IB투자,오버나잇,85,17060,17450,29745,2.051,0.41,"오버나잇: 등락 +19.2%, 범위 위치 68%",익일 시초 매도
2026-05-18 15:10,2026-05-19 09:01,011070,LG이노텍,오버나잇,1,767000,799000,30168,3.933,0.79,"오버나잇: 등락 +2.4%, 범위 위치 97%",익일 시초 매도
2026-05-18 15:10,2026-05-19 09:01,079550,LIG디펜스앤에어로스페이스,오버나잇,1,845000,840000,-6932,-0.820,-0.17,"오버나잇: 등락 +1.2%, 범위 위치 48%",익일 시초 매도
2026-05-18 15:10,2026-05-19 09:01,080220,제주반도체,오버나잇,15,92500,90700,-30133,-2.172,-0.44,"오버나잇: 등락 +12.3%, 범위 위치 53%",익일 시초 매도
2026-05-18 15:10,2026-05-19 09:01,006800,미래에셋증권,오버나잇,20,70400,70500,-1242,-0.088,-0.02,"오버나잇: 등락 +1.4%, 범위 위치 40%",익일 시초 매도
2026-05-18 15:10,2026-05-19 09:01,178320,서진시스템,오버나잇,20,72300,72400,-1329,-0.092,-0.02,"오버나잇: 등락 +7.9%, 범위 위치 67%",익일 시초 매도
2026-05-19 09:05,2026-05-19 09:17,440110,파두,ORB,18,104200,100200.00,-76158,-4.060,-1.36,"ORB5 고가 104,000 돌파 (범위 5.3%, 등락 +5.4%)","손절 (101,100)"
2026-05-19 09:05,2026-05-19 15:05,079550,LIG디펜스앤에어로스페이스,ORB,2,876000,865000,-25981,-1.483,-0.50,"ORB5 고가 875,000 돌파 (범위 4.0%, 등락 +3.4%)",장마감 강제청산
2026-05-20 15:10,2026-05-21 09:01,009150,삼성전기,오버나잇,1,1069000,1134000,62402,5.837,1.18,"오버나잇: 등락 +11.7%, 범위 위치 79%",익일 시초 매도
2026-05-20 15:10,2026-05-21 09:01,402340,SK스퀘어,오버나잇,1,1025000,1079000,51528,5.027,1.01,"오버나잇: 등락 +2.4%, 범위 위치 47%",익일 시초 매도
2026-05-20 15:10,2026-05-21 09:01,036930,주성엔지니어링,오버나잇,8,176500,186200,74187,5.254,1.05,"오버나잇: 등락 -+0.2%, 범위 위치 17%",익일 시초 매도
2026-05-20 15:10,2026-05-21 09:01,086520,에코프로,오버나잇,12,118300,122700,49424,3.482,0.70,"오버나잇: 등락 -+0.3%, 범위 위치 55%",익일 시초 매도
2026-05-20 15:10,2026-05-21 09:01,007660,이수페타시스,오버나잇,12,121000,125900,55336,3.811,0.77,"오버나잇: 등락 +1.6%, 범위 위치 12%",익일 시초 매도
2026-05-20 15:10,2026-05-21 09:01,001820,삼화콘덴서,오버나잇,18,77950,75200,-52620,-3.750,-0.76,"오버나잇: 등락 +22.0%, 범위 위치 90%",익일 시초 매도
2026-05-21 09:06,2026-05-21 10:04,440110,파두,ORB,24,117500,114000.00,-90305,-3.202,-1.08,"ORB5 고가 117,000 돌파 (범위 2.9%, 등락 +4.7%) · A등급","손절 (114,000)"
2026-05-21 09:06,2026-05-21 10:18,066570,LG전자,ORB,13,195900,215000,241909,9.499,3.21,"ORB5 고가 195,800 돌파 (범위 2.5%, 등락 +6.2%) · A등급",목표 익절 +10%
2026-05-21 09:06,2026-05-21 10:21,034220,LG디스플레이,ORB,217,13280,14600,279197,9.688,3.30,"ORB5 고가 13,250 돌파 (범위 3.1%, 등락 +5.7%) · A등급",목표 익절 +10%
2026-05-21 09:05,2026-05-21 15:05,009150,삼성전기,ORB,1,1163000,1194000,28259,2.430,0.83,"ORB5 고가 1,162,000 돌파 (범위 5.2%, 등락 +9.0%)",장마감 강제청산
2026-05-21 15:10,2026-05-22 09:01,009150,삼성전기,오버나잇,1,1197000,1240000,40155,3.355,0.68,"오버나잇: 등락 +12.2%, 범위 위치 81%",익일 시초 매도
2026-05-21 15:10,2026-05-22 09:01,005380,현대차,오버나잇,2,666000,666000,-3062,-0.230,-0.05,"오버나잇: 등락 +9.7%, 범위 위치 91%",익일 시초 매도
2026-05-21 15:10,2026-05-22 09:01,036930,주성엔지니어링,오버나잇,7,187200,185200,-16982,-1.296,-0.26,"오버나잇: 등락 +4.9%, 범위 위치 79%",익일 시초 매도
2026-05-21 15:10,2026-05-22 09:01,402340,SK스퀘어,오버나잇,1,1175000,1179000,1290,0.110,0.02,"오버나잇: 등락 +11.4%, 범위 위치 97%",익일 시초 매도
2026-05-21 15:10,2026-05-22 09:01,012330,현대모비스,오버나잇,2,672000,654000,-39013,-2.903,-0.59,"오버나잇: 등락 +21.1%, 범위 위치 93%",익일 시초 매도
2026-05-21 15:10,2026-05-22 09:01,034020,두산에너빌리티,오버나잇,13,108700,117000,104419,7.389,1.49,"오버나잇: 등락 +4.8%, 범위 위치 70%",익일 시초 매도
2026-05-21 15:10,2026-05-22 09:01,080220,제주반도체,오버나잇,12,118200,119900,17096,1.205,0.24,"오버나잇: 등락 +24.7%, 범위 위치 83%",익일 시초 매도
2026-05-22 09:07,2026-05-22 09:07,001820,삼화콘덴서,ORB,34,83300,80600,-98115,-3.464,-1.15,"ORB5 고가 83,000 돌파 (범위 3.9%, 등락 +6.1%) · A등급","손절 (80,800)"
2026-05-22 09:05,2026-05-22 15:05,079550,LIG디펜스앤에어로스페이스,ORB,2,911000,929000,31733,1.742,0.59,"ORB5 고가 910,000 돌파 (범위 5.0%, 등락 +4.7%)",장마감 강제청산
2026-05-22 09:05,2026-05-22 15:05,440110,파두,ORB,16,122400,126800,65746,3.357,1.14,"ORB5 고가 122,300 돌파 (범위 5.1%, 등락 +4.9%)",장마감 강제청산
2026-05-22 09:05,2026-05-22 15:05,050890,쏠리드,ORB,175,16990,18120,190488,6.407,2.18,"ORB5 고가 16,930 돌파 (범위 3.0%, 등락 +7.9%) · A등급",장마감 강제청산
2026-05-22 09:12,2026-05-22 15:05,068270,셀트리온,ORB,15,190600,188920,-31720,-1.109,-0.37,"ORB5 고가 190,545 돌파 (범위 3.5%, 등락 +5.3%) · A등급",장마감 강제청산
2026-05-22 15:10,2026-05-26 09:01,009150,삼성전기,오버나잇,1,1329000,1470000,137641,10.357,2.09,"오버나잇: 등락 +9.6%, 범위 위치 77%",익일 시초 매도
2026-05-22 15:10,2026-05-26 09:01,402340,SK스퀘어,오버나잇,1,1182000,1219000,34203,2.894,0.58,"오버나잇: 등락 +2.5%, 범위 위치 66%",익일 시초 매도
2026-05-22 15:10,2026-05-26 09:01,034020,두산에너빌리티,오버나잇,13,111300,114200,34292,2.370,0.48,"오버나잇: 등락 +2.8%, 범위 위치 11%",익일 시초 매도
2026-05-22 15:10,2026-05-26 09:01,086520,에코프로,오버나잇,10,144400,151300,65532,4.538,0.91,"오버나잇: 등락 +10.9%, 범위 위치 63%",익일 시초 매도
2026-05-22 15:10,2026-05-26 09:01,036540,SFA반도체,오버나잇,145,10300,10470,21163,1.417,0.29,"오버나잇: 등락 +15.0%, 범위 위치 70%",익일 시초 매도
2026-05-22 15:10,2026-05-26 09:01,080220,제주반도체,오버나잇,12,123050,119700,-43508,-2.946,-0.59,"오버나잇: 등락 +4.4%, 범위 위치 26%",익일 시초 매도
2026-05-22 15:10,2026-05-26 09:01,079550,LIG디펜스앤에어로스페이스,오버나잇,1,926000,918000,-10111,-1.092,-0.22,"오버나잇: 등락 +6.4%, 범위 위치 82%",익일 시초 매도
2026-05-26 09:16,2026-05-26 10:21,027360,아주IB투자,ORB,116,17150,16640,-63607,-3.197,-1.08,"ORB5 고가 17,130 돌파 (범위 5.4%, 등락 +8.7%)","손절 (16,640)"
2026-05-26 09:05,2026-05-26 15:05,007660,이수페타시스,ORB,21,136500,139650,59417,2.073,0.71,"ORB5 고가 136,300 돌파 (범위 3.3%, 등락 +8.0%) · A등급",장마감 강제청산
2026-05-26 09:05,2026-05-26 15:05,011790,SKC,ORB,18,154000,152200,-38704,-1.396,-0.47,"ORB5 고가 153,700 돌파 (범위 3.3%, 등락 +7.6%) · A등급",장마감 강제청산
2026-05-26 15:10,2026-05-27 09:01,005380,현대차,오버나잇,2,688000,691000,2823,0.205,0.04,"오버나잇: 등락 +5.0%, 범위 위치 78%",익일 시초 매도
2026-05-26 15:10,2026-05-27 09:01,011070,LG이노텍,오버나잇,1,1065000,1266000,198120,18.603,3.74,"오버나잇: 등락 +23.3%, 범위 위치 72%",익일 시초 매도
2026-05-26 15:10,2026-05-27 09:01,402340,SK스퀘어,오버나잇,1,1178000,1297000,116036,9.850,2.00,"오버나잇: 등락 +0.1%, 범위 위치 20%",익일 시초 매도
2026-05-26 15:10,2026-05-27 09:01,042660,한화오션,오버나잇,11,133600,134000,1011,0.069,0.01,"오버나잇: 등락 +8.5%, 범위 위치 62%",익일 시초 매도
2026-05-26 15:10,2026-05-27 09:01,034020,두산에너빌리티,오버나잇,13,112700,114700,22576,1.541,0.31,"오버나잇: 등락 +0.9%, 범위 위치 37%",익일 시초 매도
2026-05-26 15:10,2026-05-27 09:01,329180,HD현대중공업,오버나잇,2,743000,749000,8558,0.576,0.12,"오버나잇: 등락 +9.4%, 범위 위치 72%",익일 시초 매도
2026-05-27 15:10,2026-05-28 09:01,012330,현대모비스,오버나잇,2,691000,739000,92616,6.702,1.36,"오버나잇: 등락 +2.4%, 범위 위치 67%",익일 시초 매도
2026-05-27 15:10,2026-05-28 09:01,307950,현대오토에버,오버나잇,2,729000,756000,50532,3.466,0.70,"오버나잇: 등락 +13.2%, 범위 위치 92%",익일 시초 매도
2026-05-27 15:10,2026-05-28 09:01,001740,SK네트웍스,오버나잇,136,11270,11270,-3523,-0.230,-0.05,"오버나잇: 등락 +3.2%, 범위 위치 1%",익일 시초 매도
2026-05-27 15:10,2026-05-28 09:01,010060,OCI홀딩스,오버나잇,3,389000,384000,-17651,-1.513,-0.31,"오버나잇: 등락 +8.8%, 범위 위치 64%",익일 시초 매도
2026-05-27 15:10,2026-05-28 09:01,402340,SK스퀘어,오버나잇,1,1277000,1264000,-15908,-1.246,-0.25,"오버나잇: 등락 +8.3%, 범위 위치 35%",익일 시초 매도
2026-05-27 15:10,2026-05-28 09:01,064400,LG씨엔에스,오버나잇,16,91400,89000,-41680,-2.850,-0.58,"오버나잇: 등락 +10.3%, 범위 위치 80%",익일 시초 매도
2026-05-28 09:05,2026-05-28 09:14,417010,나노팀,ORB,148,13420,13000,-66593,-3.353,-1.12,"ORB5 고가 13,400 돌파 (범위 5.9%, 등락 +6.8%)","손절 (13,020)"
2026-05-28 15:10,2026-05-29 09:01,011070,LG이노텍,오버나잇,1,1120000,1193000,70268,6.274,1.25,"오버나잇: 등락 +2.1%, 범위 위치 68%",익일 시초 매도
2026-05-28 15:10,2026-05-29 09:01,006400,삼성SDI,오버나잇,2,672000,680000,12875,0.958,0.20,"오버나잇: 등락 +5.8%, 범위 위치 58%",익일 시초 매도
2026-05-28 15:10,2026-05-29 09:01,373220,LG에너지솔루션,오버나잇,3,437500,444000,16441,1.253,0.25,"오버나잇: 등락 +12.9%, 범위 위치 72%",익일 시초 매도
2026-05-28 15:10,2026-05-29 09:01,001820,삼화콘덴서,오버나잇,10,153200,160600,70319,4.590,0.93,"오버나잇: 등락 +21.7%, 범위 위치 85%",익일 시초 매도
2026-05-28 15:10,2026-05-29 09:01,066970,엘앤에프,오버나잇,9,167800,167500,-6167,-0.408,-0.08,"오버나잇: 등락 +11.8%, 범위 위치 45%",익일 시초 매도
2026-05-28 15:10,2026-05-29 09:01,001740,SK네트웍스,오버나잇,131,12010,11990,-6231,-0.396,-0.08,"오버나잇: 등락 +5.5%, 범위 위치 50%",익일 시초 매도
2026-05-28 15:10,2026-05-29 09:01,347850,디앤디파마텍,오버나잇,14,108300,106000,-35617,-2.349,-0.47,"오버나잇: 등락 +9.6%, 범위 위치 48%",익일 시초 매도
2026-05-29 09:11,2026-05-29 13:01,003550,LG,ORB,22,126000,138600,270230,9.749,3.32,"ORB5 고가 125,600 돌파 (범위 3.8%, 등락 +6.9%) · A등급",목표 익절 +10%
2026-05-29 09:14,2026-05-29 15:05,005380,현대차,ORB,3,721000,725000,7000,0.324,0.11,"ORB5 고가 720,000 돌파 (범위 2.7%, 등락 +6.7%) · A등급",장마감 강제청산
2026-05-29 09:05,2026-05-29 15:05,012330,현대모비스,ORB,3,726000,771000,129702,5.955,2.06,"ORB5 고가 725,000 돌파 (범위 2.7%, 등락 +7.1%) · A등급",장마감 강제청산
2026-05-29 09:07,2026-05-29 15:05,034220,LG디스플레이,ORB,195,15280,16140,160488,5.386,1.83,"ORB5 고가 15,250 돌파 (범위 3.7%, 등락 +6.0%) · A등급",장마감 강제청산
2026-05-29 15:10,2026-06-01 09:01,005380,현대차,오버나잇,2,729000,736000,10618,0.728,0.15,"오버나잇: 등락 +7.7%, 범위 위치 71%",익일 시초 매도
2026-05-29 15:10,2026-06-01 09:01,012330,현대모비스,오버나잇,2,773000,770000,-9542,-0.617,-0.13,"오버나잇: 등락 +13.9%, 범위 위치 74%",익일 시초 매도
2026-05-29 15:10,2026-06-01 09:01,003550,LG,오버나잇,10,149000,158800,94363,6.333,1.28,"오버나잇: 등락 +26.4%, 범위 위치 98%",익일 시초 매도
2026-05-29 15:10,2026-06-01 09:01,402340,SK스퀘어,오버나잇,1,1245000,1248000,131,0.011,0.00,"오버나잇: 등락 +2.1%, 범위 위치 47%",익일 시초 매도
2026-05-29 15:10,2026-06-01 09:01,307950,현대오토에버,오버나잇,1,925000,931000,3861,0.417,0.08,"오버나잇: 등락 +27.8%, 범위 위치 82%",익일 시초 매도
2026-05-29 15:10,2026-06-01 09:01,006400,삼성SDI,오버나잇,2,685000,679000,-15124,-1.104,-0.22,"오버나잇: 등락 +1.8%, 범위 위치 56%",익일 시초 매도
2026-06-01 09:09,2026-06-01 09:15,032640,LG유플러스,ORB,107,18530,17980.0,-63282,-3.192,-1.08,"ORB5 고가 18,520 돌파 (범위 4.9%, 등락 +5.3%)","손절 (17,980)"
2026-06-01 09:11,2026-06-01 09:19,034220,LG디스플레이,ORB,113,17670,17120.00,-66608,-3.336,-1.11,"ORB5 고가 17,600 돌파 (범위 5.5%, 등락 +9.8%)","손절 (17,140)"
2026-06-01 15:10,2026-06-02 09:01,005930,삼성전자,오버나잇,4,354000,360000,20692,1.461,0.30,"오버나잇: 등락 +11.0%, 범위 위치 97%",익일 시초 매도
2026-06-01 15:10,2026-06-02 09:01,005380,현대차,오버나잇,2,756000,770000,24463,1.618,0.33,"오버나잇: 등락 +3.0%, 범위 위치 50%",익일 시초 매도
2026-06-01 15:10,2026-06-02 09:01,011070,LG이노텍,오버나잇,1,1527000,1381000,-149198,-9.771,-1.96,"오버나잇: 등락 +3.6%, 범위 위치 11%",익일 시초 매도
2026-06-01 15:10,2026-06-02 09:01,018260,삼성에스디에스,오버나잇,4,354750,330500,-100054,-7.051,-1.41,"오버나잇: 등락 +15.6%, 범위 위치 55%",익일 시초 매도
2026-06-01 15:10,2026-06-02 09:01,064400,LG씨엔에스,오버나잇,11,142600,144500,17248,1.100,0.22,"오버나잇: 등락 +25.2%, 범위 위치 59%",익일 시초 매도
2026-06-01 15:10,2026-06-02 09:01,003550,LG,오버나잇,9,168300,152700,-143581,-9.479,-1.90,"오버나잇: 등락 +15.9%, 범위 위치 38%",익일 시초 매도
2026-06-01 15:10,2026-06-02 09:01,307950,현대오토에버,오버나잇,1,951000,899000,-54074,-5.686,-1.15,"오버나잇: 등락 +3.7%, 범위 위치 28%",익일 시초 매도
2026-06-02 15:10,2026-06-04 09:01,005930,삼성전자,오버나잇,4,360000,348500,-49213,-3.418,-0.68,"오버나잇: 등락 +1.3%, 범위 위치 63%",익일 시초 매도
2026-06-02 15:10,2026-06-04 09:01,066570,LG전자,오버나잇,4,391000,358000,-135312,-8.652,-1.73,"오버나잇: 등락 +2.6%, 범위 위치 48%",익일 시초 매도
2026-06-02 15:10,2026-06-04 09:01,036930,주성엔지니어링,오버나잇,8,195900,197000,5177,0.330,0.07,"오버나잇: 등락 +5.6%, 범위 위치 62%",익일 시초 매도
2026-06-02 15:10,2026-06-04 09:01,402340,SK스퀘어,오버나잇,1,1328000,1347000,15905,1.198,0.24,"오버나잇: 등락 +5.8%, 범위 위치 71%",익일 시초 매도
2026-06-02 15:10,2026-06-04 09:01,028260,삼성물산,오버나잇,3,482500,501000,52052,3.596,0.72,"오버나잇: 등락 +4.9%, 범위 위치 90%",익일 시초 매도
2026-06-02 15:10,2026-06-04 09:01,043260,성호전자,오버나잇,33,47900,47450,-18452,-1.167,-0.24,"오버나잇: 등락 +21.4%, 범위 위치 83%",익일 시초 매도
2026-06-02 15:10,2026-06-04 09:01,454910,두산로보틱스,오버나잇,9,163300,155600,-72530,-4.935,-0.99,"오버나잇: 등락 +17.9%, 범위 위치 78%",익일 시초 매도
2026-06-02 15:10,2026-06-04 09:01,034220,LG디스플레이,오버나잇,97,16510,16530,-1746,-0.109,-0.02,"오버나잇: 등락 +4.5%, 범위 위치 50%",익일 시초 매도
2026-06-04 09:07,2026-06-04 15:05,403870,HPSP,ORB,43,46200,47200,38340,1.930,0.66,"ORB5 고가 46,150 돌파 (범위 5.5%, 등락 +4.6%)",장마감 강제청산
2026-06-04 15:10,2026-06-05 09:01,402340,SK스퀘어,오버나잇,1,1369000,1332000,-40068,-2.927,-0.59,"오버나잇: 등락 +3.8%, 범위 위치 77%",익일 시초 매도
2026-06-04 15:10,2026-06-05 09:01,012330,현대모비스,오버나잇,2,754000,708000,-95270,-6.318,-1.29,"오버나잇: 등락 +0.5%, 범위 위치 62%",익일 시초 매도
2026-06-04 15:10,2026-06-05 09:01,105560,KB금융,오버나잇,9,164000,171500,63961,4.333,0.87,"오버나잇: 등락 +4.9%, 범위 위치 82%",익일 시초 매도
2026-06-04 15:10,2026-06-05 09:01,011790,SKC,오버나잇,10,155900,150200,-60462,-3.878,-0.79,"오버나잇: 등락 +10.9%, 범위 위치 58%",익일 시초 매도
2026-06-04 15:10,2026-06-05 09:01,000810,삼성화재,오버나잇,2,722000,704000,-39243,-2.718,-0.55,"오버나잇: 등락 +12.8%, 범위 위치 69%",익일 시초 매도
2026-06-04 15:10,2026-06-05 09:01,001740,SK네트웍스,오버나잇,120,13190,11990,-147329,-9.308,-1.89,"오버나잇: 등락 +2.7%, 범위 위치 83%",익일 시초 매도
2026-06-04 15:10,2026-06-05 09:01,080220,제주반도체,오버나잇,14,108400,102400,-87309,-5.753,-1.15,"오버나잇: 등락 +7.2%, 범위 위치 59%",익일 시초 매도
2026-06-04 15:10,2026-06-05 09:01,489790,한화비전,오버나잇,20,79500,74400,-105437,-6.631,-1.35,"오버나잇: 등락 +18.5%, 범위 위치 84%",익일 시초 매도
2026-06-05 09:09,2026-06-05 10:19,105560,KB금융,ORB,16,172400,167300,-87767,-3.182,-1.08,"ORB5 고가 172,200 돌파 (범위 3.0%, 등락 +5.2%) · A등급","손절 (167,300)"
2026-06-05 09:10,2026-06-05 15:05,055550,신한지주,ORB,27,106700,106700,-6625,-0.230,-0.08,"ORB5 고가 106,500 돌파 (범위 3.9%, 등락 +6.6%) · A등급",장마감 강제청산
2026-06-08 15:10,2026-06-08 15:11,388790,라이콤,오버나잇,210,7260,6900,-78943,-5.178,-1.04,"오버나잇: 등락 +22.7%, 범위 위치 89%","손절 (6,900)"
2026-06-08 15:10,2026-06-09 09:01,017670,SK텔레콤,오버나잇,14,105600,114000,113948,7.708,1.57,"오버나잇: 등락 +0.3%, 범위 위치 20%",익일 시초 매도
2026-06-08 15:10,2026-06-09 09:01,080220,제주반도체,오버나잇,16,94900,101900,108269,7.130,1.44,"오버나잇: 등락 +1.5%, 범위 위치 65%",익일 시초 매도
2026-06-08 15:10,2026-06-09 09:01,003220,대원제약,오버나잇,125,12210,11620,-77100,-5.052,-1.01,"오버나잇: 등락 +8.5%, 범위 위치 33%",익일 시초 매도
2026-06-08 15:10,2026-06-09 09:01,242040,나무AX,오버나잇,177,8580,8560,-7024,-0.463,-0.09,"오버나잇: 등락 +0.0%, 범위 위치 58%",익일 시초 매도
2026-06-08 15:10,2026-06-09 09:01,006220,제주은행,오버나잇,143,10630,9990,-94819,-6.238,-1.25,"오버나잇: 등락 -+0.6%, 범위 위치 0%",익일 시초 매도
2026-06-08 15:10,2026-06-09 09:01,032640,LG유플러스,오버나잇,97,15630,15990,31359,2.068,0.41,"오버나잇: 등락 +3.2%, 범위 위치 65%",익일 시초 매도
2026-06-08 15:10,2026-06-09 09:01,069960,현대백화점,오버나잇,10,148100,153000,45489,3.072,0.61,"오버나잇: 등락 +2.6%, 범위 위치 79%",익일 시초 매도
2026-06-08 15:11,2026-06-09 09:01,010690,화신,오버나잇,128,11930,12350,50133,3.283,0.66,"오버나잇: 등락 +27.5%, 범위 위치 100%",익일 시초 매도
2026-06-09 15:10,2026-06-10 09:01,036930,주성엔지니어링,오버나잇,7,191400,189500,-16351,-1.220,-0.25,"오버나잇: 등락 +4.6%, 범위 위치 33%",익일 시초 매도
2026-06-09 15:10,2026-06-10 09:01,017670,SK텔레콤,오버나잇,13,108900,107900,-16227,-1.146,-0.23,"오버나잇: 등락 +1.8%, 범위 위치 43%",익일 시초 매도
2026-06-09 15:10,2026-06-10 09:01,011070,LG이노텍,오버나잇,1,1127000,1089000,-40510,-3.594,-0.72,"오버나잇: 등락 +0.7%, 범위 위치 77%",익일 시초 매도
2026-06-09 15:10,2026-06-10 09:01,402340,SK스퀘어,오버나잇,1,1271000,1209000,-64789,-5.097,-1.03,"오버나잇: 등락 +12.4%, 범위 위치 99%",익일 시초 매도
2026-06-09 15:10,2026-06-10 09:01,034020,두산에너빌리티,오버나잇,16,92300,89800,-43309,-2.933,-0.59,"오버나잇: 등락 +6.7%, 범위 위치 80%",익일 시초 매도
2026-06-09 15:10,2026-06-10 09:01,000270,기아,오버나잇,9,165000,162000,-30356,-2.044,-0.41,"오버나잇: 등락 +8.6%, 범위 위치 82%",익일 시초 매도
2026-06-10 15:10,2026-06-11 09:01,036930,주성엔지니어링,오버나잇,7,197200,197300,-2476,-0.179,-0.04,"오버나잇: 등락 +2.9%, 범위 위치 23%",익일 시초 매도
2026-06-10 15:10,2026-06-11 09:01,042660,한화오션,오버나잇,14,108600,108400,-6290,-0.414,-0.08,"오버나잇: 등락 +4.3%, 범위 위치 76%",익일 시초 매도
2026-06-10 15:10,2026-06-11 09:01,267260,HD현대일렉트릭,오버나잇,1,974000,970000,-6231,-0.640,-0.13,"오버나잇: 등락 +0.8%, 범위 위치 46%",익일 시초 매도
2026-06-10 15:10,2026-06-11 09:01,079550,LIG디펜스앤에어로스페이스,오버나잇,1,787000,796000,7171,0.911,0.18,"오버나잇: 등락 +7.4%, 범위 위치 88%",익일 시초 매도
2026-06-10 15:10,2026-06-11 09:01,093370,후성,오버나잇,96,15940,15800,-16929,-1.106,-0.22,"오버나잇: 등락 +17.9%, 범위 위치 74%",익일 시초 매도
2026-06-10 15:10,2026-06-11 09:01,319660,피에스케이,오버나잇,10,146000,143400,-29302,-2.007,-0.40,"오버나잇: 등락 +4.7%, 범위 위치 36%",익일 시초 매도
2026-06-10 15:10,2026-06-11 09:01,006220,제주은행,오버나잇,119,12810,13250,48743,3.198,0.64,"오버나잇: 등락 +15.0%, 범위 위치 59%",익일 시초 매도
2026-06-10 15:10,2026-06-11 09:01,000720,현대건설,오버나잇,11,128700,125200,-41672,-2.944,-0.59,"오버나잇: 등락 +2.1%, 범위 위치 71%",익일 시초 매도
2026-06-11 15:10,2026-06-12 09:01,402340,SK스퀘어,오버나잇,1,1214000,1349000,131918,10.866,2.20,"오버나잇: 등락 +5.0%, 범위 위치 87%",익일 시초 매도
2026-06-11 15:10,2026-06-12 09:01,011070,LG이노텍,오버나잇,1,1059000,1163000,101342,9.570,1.95,"오버나잇: 등락 +1.6%, 범위 위치 56%",익일 시초 매도
2026-06-11 15:10,2026-06-12 09:01,007660,이수페타시스,오버나잇,12,123200,131200,92395,6.250,1.26,"오버나잇: 등락 +12.4%, 범위 위치 93%",익일 시초 매도
2026-06-11 15:10,2026-06-12 09:01,222800,심텍,오버나잇,11,131200,142900,125106,8.669,1.75,"오버나잇: 등락 +20.1%, 범위 위치 77%",익일 시초 매도
2026-06-11 15:10,2026-06-12 09:01,100790,미래에셋벤처투자,오버나잇,35,42550,42450,-6916,-0.464,-0.09,"오버나잇: 등락 +7.9%, 범위 위치 79%",익일 시초 매도
2026-06-11 15:10,2026-06-12 09:03,240810,원익IPS,오버나잇,11,136500,163100,288518,19.215,3.86,"오버나잇: 등락 +17.0%, 범위 위치 76%",익일 시초 매도
2026-06-12 09:11,2026-06-12 10:13,440110,파두,ORB,27,106600,103400.00,-92832,-3.225,-1.07,"ORB5 고가 106,500 돌파 (범위 3.4%, 등락 +7.4%) · A등급","손절 (103,400)"
2026-06-12 15:10,2026-06-15 09:01,402340,SK스퀘어,오버나잇,1,1349000,1439000,86705,6.427,1.29,"오버나잇: 등락 +9.1%, 범위 위치 32%",익일 시초 매도
2026-06-12 15:10,2026-06-15 09:01,042700,한미반도체,오버나잇,4,361000,365000,12645,0.876,0.18,"오버나잇: 등락 +21.2%, 범위 위치 84%",익일 시초 매도
2026-06-12 15:10,2026-06-15 09:01,267260,HD현대일렉트릭,오버나잇,1,1103000,1131000,25404,2.303,0.46,"오버나잇: 등락 +7.1%, 범위 위치 47%",익일 시초 매도
2026-06-12 15:10,2026-06-15 09:01,058470,리노공업,오버나잇,14,104200,107000,35762,2.451,0.49,"오버나잇: 등락 +2.9%, 범위 위치 49%",익일 시초 매도
2026-06-12 15:10,2026-06-15 09:01,010170,대한광통신,오버나잇,80,19010,20050,79524,5.229,1.05,"오버나잇: 등락 +11.4%, 범위 위치 49%",익일 시초 매도
2026-06-12 15:10,2026-06-15 09:01,353200,대덕전자,오버나잇,9,167900,173500,46817,3.098,0.63,"오버나잇: 등락 +7.1%, 범위 위치 61%",익일 시초 매도
2026-06-12 15:10,2026-06-15 09:01,000990,DB하이텍,오버나잇,8,172900,175000,13583,0.982,0.20,"오버나잇: 등락 +8.6%, 범위 위치 68%",익일 시초 매도
2026-06-15 09:05,2026-06-15 09:20,093370,후성,ORB,99,20100,19530,-60884,-3.060,-1.10,"ORB5 고가 19,990 돌파 (범위 5.5%, 등락 +5.7%)","손절 (19,540)"
2026-06-15 09:06,2026-06-15 10:37,064400,LG씨엔에스,ORB,30,99600,96700,-93685,-3.135,-1.08,"ORB5 고가 99,300 돌파 (범위 2.8%, 등락 +7.3%) · A등급","손절 (96,700)"
2026-06-15 09:05,2026-06-15 15:05,009150,삼성전기,ORB,1,1915000,1980000,60456,3.157,1.06,"ORB5 고가 1,912,000 돌파 (범위 4.2%, 등락 +9.6%)",장마감 강제청산
2026-06-15 15:10,2026-06-16 09:01,005930,삼성전자,오버나잇,4,338500,342500,12852,0.949,0.19,"오버나잇: 등락 +4.2%, 범위 위치 38%",익일 시초 매도
2026-06-15 15:10,2026-06-16 09:01,402340,SK스퀘어,오버나잇,1,1401000,1440000,35694,2.548,0.51,"오버나잇: 등락 +4.8%, 범위 위치 52%",익일 시초 매도
2026-06-15 15:10,2026-06-16 09:01,011070,LG이노텍,오버나잇,1,1208000,1289000,78048,6.461,1.30,"오버나잇: 등락 +15.5%, 범위 위치 86%",익일 시초 매도
2026-06-15 15:10,2026-06-16 09:01,042700,한미반도체,오버나잇,4,346000,358000,44715,3.231,0.66,"오버나잇: 등락 +1.5%, 범위 위치 12%",익일 시초 매도
2026-06-15 15:10,2026-06-16 09:01,204320,HL만도,오버나잇,22,70100,72200,42555,2.759,0.55,"오버나잇: 등락 +7.7%, 범위 위치 59%",익일 시초 매도
2026-06-15 15:10,2026-06-16 09:01,403870,HPSP,오버나잇,18,84500,80500,-75343,-4.954,-1.00,"오버나잇: 등락 +18.2%, 범위 위치 69%",익일 시초 매도
2026-06-16 09:07,2026-06-16 14:30,105560,KB금융,ORB,11,178100,172800,-62679,-3.199,-1.08,"ORB5 고가 177,800 돌파 (범위 5.0%, 등락 +4.9%)","손절 (172,800)"
2026-06-16 15:10,2026-06-17 09:01,402340,SK스퀘어,오버나잇,1,1500000,1533000,29480,1.965,0.39,"오버나잇: 등락 +5.3%, 범위 위치 99%",익일 시초 매도
2026-06-16 15:10,2026-06-17 09:01,042660,한화오션,오버나잇,12,128850,129200,637,0.041,0.01,"오버나잇: 등락 +4.3%, 범위 위치 78%",익일 시초 매도
2026-06-16 15:10,2026-06-17 09:01,034020,두산에너빌리티,오버나잇,15,103600,104500,9897,0.637,0.13,"오버나잇: 등락 +1.7%, 범위 위치 46%",익일 시초 매도
2026-06-16 15:10,2026-06-17 09:01,012450,한화에어로스페이스,오버나잇,1,1181000,1240000,56157,4.755,0.95,"오버나잇: 등락 +6.8%, 범위 위치 64%",익일 시초 매도
2026-06-16 15:10,2026-06-17 09:01,079550,LIG디펜스앤에어로스페이스,오버나잇,1,1010000,997000,-15294,-1.514,-0.31,"오버나잇: 등락 +18.7%, 범위 위치 46%",익일 시초 매도
2026-06-16 15:10,2026-06-17 09:01,000720,현대건설,오버나잇,10,148000,150500,21543,1.456,0.29,"오버나잇: 등락 +1.0%, 범위 위치 49%",익일 시초 매도
2026-06-17 15:10,2026-06-18 09:01,005930,삼성전자,오버나잇,4,345000,344500,-5169,-0.375,-0.08,"오버나잇: 등락 +0.4%, 범위 위치 79%",익일 시초 매도
2026-06-17 15:10,2026-06-18 09:01,080220,제주반도체,오버나잇,14,112300,111400,-16187,-1.030,-0.21,"오버나잇: 등락 +10.9%, 범위 위치 78%",익일 시초 매도
2026-06-17 15:10,2026-06-18 09:01,042660,한화오션,오버나잇,11,133100,132200,-13245,-0.905,-0.18,"오버나잇: 등락 +3.4%, 범위 위치 30%",익일 시초 매도
2026-06-17 15:10,2026-06-18 09:01,012450,한화에어로스페이스,오버나잇,1,1231000,1235000,1161,0.094,0.02,"오버나잇: 등락 +3.6%, 범위 위치 50%",익일 시초 매도
2026-06-17 15:10,2026-06-18 09:01,006340,대원전선,오버나잇,127,12470,12780,35644,2.251,0.45,"오버나잇: 등락 +11.8%, 범위 위치 59%",익일 시초 매도
2026-06-17 15:10,2026-06-18 09:01,347850,디앤디파마텍,오버나잇,14,107800,107800,-3470,-0.230,-0.05,"오버나잇: 등락 +17.7%, 범위 위치 64%",익일 시초 매도
2026-06-18 15:10,2026-06-19 09:01,005930,삼성전자,오버나잇,4,359000,372500,50582,3.522,0.72,"오버나잇: 등락 +4.7%, 범위 위치 100%",익일 시초 매도
2026-06-18 15:10,2026-06-19 09:01,011070,LG이노텍,오버나잇,1,1282000,1293000,8029,0.626,0.13,"오버나잇: 등락 +3.6%, 범위 위치 68%",익일 시초 매도
2026-06-18 15:10,2026-06-19 09:01,080220,제주반도체,오버나잇,13,117400,122300,60055,3.935,0.80,"오버나잇: 등락 +5.3%, 범위 위치 65%",익일 시초 매도
2026-06-18 15:10,2026-06-19 09:01,032830,삼성생명,오버나잇,3,467500,481000,37188,2.652,0.54,"오버나잇: 등락 +5.5%, 범위 위치 89%",익일 시초 매도
2026-06-18 15:10,2026-06-19 09:01,004310,현대약품,오버나잇,182,8700,8290,-78100,-4.932,-1.00,"오버나잇: 등락 +7.2%, 범위 위치 37%",익일 시초 매도
2026-06-19 15:10,2026-06-22 09:01,028260,삼성물산,오버나잇,3,501000,500000,-6450,-0.429,-0.09,"오버나잇: 등락 +2.9%, 범위 위치 25%",익일 시초 매도
2026-06-19 15:10,2026-06-22 09:01,042660,한화오션,오버나잇,12,126600,125100,-21454,-1.412,-0.28,"오버나잇: 등락 +1.3%, 범위 위치 78%",익일 시초 매도
2026-06-19 15:10,2026-06-22 09:01,032830,삼성생명,오버나잇,3,494000,486500,-25859,-1.745,-0.35,"오버나잇: 등락 +4.2%, 범위 위치 46%",익일 시초 매도
2026-06-19 15:10,2026-06-22 09:01,034730,SK,오버나잇,2,725000,725000,-3334,-0.230,-0.05,"오버나잇: 등락 +5.4%, 범위 위치 43%",익일 시초 매도
2026-06-22 15:10,2026-06-23 09:01,005930,삼성전자,오버나잇,4,353000,347000,-27195,-1.926,-0.39,"오버나잇: 등락 +0.7%, 범위 위치 52%",익일 시초 매도
2026-06-22 15:10,2026-06-23 09:01,036930,주성엔지니어링,오버나잇,8,195800,198000,13961,0.891,0.18,"오버나잇: 등락 +1.4%, 범위 위치 62%",익일 시초 매도
2026-06-22 15:10,2026-06-23 09:01,000990,DB하이텍,오버나잇,9,173500,172000,-17062,-1.093,-0.22,"오버나잇: 등락 +13.0%, 범위 위치 96%",익일 시초 매도
2026-06-22 15:10,2026-06-23 09:01,240810,원익IPS,오버나잇,9,171900,172200,-863,-0.056,-0.01,"오버나잇: 등락 +10.2%, 범위 위치 84%",익일 시초 매도
2026-06-22 15:10,2026-06-23 09:01,080220,제주반도체,오버나잇,11,133600,133300,-6671,-0.454,-0.09,"오버나잇: 등락 +16.9%, 범위 위치 84%",익일 시초 매도
2026-06-22 15:10,2026-06-23 09:01,319660,피에스케이,오버나잇,8,179800,180000,-1711,-0.119,-0.02,"오버나잇: 등락 +11.0%, 범위 위치 53%",익일 시초 매도
2026-06-23 15:10,2026-06-24 09:01,055550,신한지주,오버나잇,16,97300,97700,2807,0.180,0.04,"오버나잇: 등락 -+0.5%, 범위 위치 2%",익일 시초 매도
2026-06-23 15:10,2026-06-24 09:01,290650,엘앤씨바이오,오버나잇,18,85422,87359,31257,2.033,0.41,"오버나잇: 등락 +1.3%, 범위 위치 8%",익일 시초 매도
2026-06-23 15:10,2026-06-24 09:01,006340,대원전선,오버나잇,146,10870,10570,-47355,-2.984,-0.60,"오버나잇: 등락 +4.8%, 범위 위치 29%",익일 시초 매도
2026-06-23 15:10,2026-06-24 09:01,000500,가온전선,오버나잇,8,185982,182547,-30842,-2.073,-0.42,"오버나잇: 등락 +0.1%, 범위 위치 12%",익일 시초 매도
2026-06-24 09:14,2026-06-24 09:21,080220,제주반도체,ORB,16,120000,116100,-66681,-3.473,-1.16,"ORB5 고가 119,800 돌파 (범위 4.6%, 등락 +8.3%)","손절 (116,400)"
2026-06-24 15:10,2026-06-25 09:01,005930,삼성전자,오버나잇,4,339500,359500,76706,5.648,1.16,"오버나잇: 등락 +9.3%, 범위 위치 93%",익일 시초 매도
2026-06-24 15:10,2026-06-25 09:01,028260,삼성물산,오버나잇,3,487500,525000,108895,7.446,1.51,"오버나잇: 등락 +6.4%, 범위 위치 33%",익일 시초 매도
2026-06-24 15:10,2026-06-25 09:01,011070,LG이노텍,오버나잇,1,960000,1001000,38704,4.032,0.81,"오버나잇: 등락 +0.7%, 범위 위치 28%",익일 시초 매도
2026-06-24 15:10,2026-06-25 09:01,034020,두산에너빌리티,오버나잇,17,90900,92100,16804,1.087,0.22,"오버나잇: 등락 +2.9%, 범위 위치 66%",익일 시초 매도
2026-06-24 15:10,2026-06-25 09:01,080220,제주반도체,오버나잇,14,111300,123400,165453,10.618,2.15,"오버나잇: 등락 +0.5%, 범위 위치 25%",익일 시초 매도
2026-06-25 15:10,2026-06-26 09:01,005930,삼성전자,오버나잇,4,361500,353500,-35256,-2.438,-0.49,"오버나잇: 등락 +6.3%, 범위 위치 86%",익일 시초 매도
2026-06-25 15:10,2026-06-26 09:01,034730,SK,오버나잇,1,866000,868000,5,0.001,0.00,"오버나잇: 등락 +21.1%, 범위 위치 84%",익일 시초 매도
2026-06-25 15:10,2026-06-26 09:01,006800,미래에셋증권,오버나잇,36,43850,42500,-52125,-3.302,-0.67,"오버나잇: 등락 +5.0%, 범위 위치 48%",익일 시초 매도
2026-06-25 15:10,2026-06-26 09:01,032830,삼성생명,오버나잇,3,452000,450000,-9105,-0.671,-0.13,"오버나잇: 등락 +3.4%, 범위 위치 40%",익일 시초 매도
2026-06-25 15:10,2026-06-26 09:01,001740,SK네트웍스,오버나잇,144,10930,10500,-65406,-4.156,-0.84,"오버나잇: 등락 +14.7%, 범위 위치 94%",익일 시초 매도
2026-06-26 09:06,2026-06-26 09:10,037710,광주신세계,ORB,43,46400,45050,-62513,-3.133,-1.08,"ORB5 고가 46,350 돌파 (범위 5.8%, 등락 +9.6%)","손절 (45,050)"
2026-06-26 15:10,2026-06-29 09:01,240810,원익IPS,오버나잇,9,161300,171600,89164,6.142,1.24,"오버나잇: 등락 +4.3%, 범위 위치 18%",익일 시초 매도
2026-06-26 15:10,2026-06-29 09:01,073240,금호타이어,오버나잇,322,4985,5570,184274,11.480,2.34,"오버나잇: 등락 +9.8%, 범위 위치 39%",익일 시초 매도
2026-06-26 15:10,2026-06-29 09:01,319660,피에스케이,오버나잇,8,186300,191400,37286,2.502,0.50,"오버나잇: 등락 +9.5%, 범위 위치 60%",익일 시초 매도
2026-06-26 15:10,2026-06-29 09:01,018260,삼성에스디에스,오버나잇,8,190300,198800,64354,4.227,0.85,"오버나잇: 등락 -+0.2%, 범위 위치 33%",익일 시초 매도
2026-06-26 15:10,2026-06-29 09:01,089970,브이엠,오버나잇,15,105500,112300,98142,6.202,1.26,"오버나잇: 등락 +5.7%, 범위 위치 37%",익일 시초 매도
2026-06-26 15:10,2026-06-29 09:01,000990,DB하이텍,오버나잇,10,158100,158900,4347,0.275,0.06,"오버나잇: 등락 -+0.1%, 범위 위치 48%",익일 시초 매도
2026-06-26 15:10,2026-06-29 09:01,475430,키스트론,오버나잇,243,6610,6650,6007,0.374,0.07,"오버나잇: 등락 +5.1%, 범위 위치 20%",익일 시초 매도
2026-06-26 15:10,2026-06-29 09:01,095610,테스,오버나잇,8,181700,190900,70099,4.822,0.97,"오버나잇: 등락 +9.3%, 범위 위치 52%",익일 시초 매도
2026-06-29 09:14,2026-06-29 09:17,089970,브이엠,ORB,17,114500,110800,-67240,-3.454,-1.16,"ORB5 고가 114,000 돌파 (범위 5.2%, 등락 +7.1%)","손절 (111,100)"
2026-06-29 09:13,2026-06-29 09:33,475430,키스트론,ORB,286,6970,6760,-64515,-3.236,-1.13,"ORB5 고가 6,940 돌파 (범위 4.2%, 등락 +5.4%)","손절 (6,770)"
2026-06-29 15:10,2026-06-30 09:01,086520,에코프로,오버나잇,13,117000,118100,10772,0.708,0.14,"오버나잇: 등락 +22.5%, 범위 위치 93%",익일 시초 매도
2026-06-29 15:10,2026-06-30 09:01,005380,현대차,오버나잇,3,497500,505000,19020,1.274,0.26,"오버나잇: 등락 +3.3%, 범위 위치 84%",익일 시초 매도
2026-06-29 15:10,2026-06-30 09:01,066570,LG전자,오버나잇,8,196700,207000,78604,4.995,1.00,"오버나잇: 등락 +0.3%, 범위 위치 85%",익일 시초 매도
2026-06-29 15:10,2026-06-30 09:01,036930,주성엔지니어링,오버나잇,9,176700,180900,34062,2.142,0.43,"오버나잇: 등락 +6.6%, 범위 위치 42%",익일 시초 매도
2026-06-29 15:10,2026-06-30 09:01,034020,두산에너빌리티,오버나잇,18,87800,88400,7143,0.452,0.09,"오버나잇: 등락 +7.7%, 범위 위치 91%",익일 시초 매도
2026-06-29 15:10,2026-06-30 09:01,373220,LG에너지솔루션,오버나잇,4,397000,391500,-25604,-1.612,-0.33,"오버나잇: 등락 +19.6%, 범위 위치 99%",익일 시초 매도
2026-06-29 15:10,2026-06-30 09:01,141080,리가켐바이오,오버나잇,9,163300,160900,-24933,-1.696,-0.34,"오버나잇: 등락 +14.0%, 범위 위치 54%",익일 시초 매도
2026-06-30 15:10,2026-07-01 09:01,005930,삼성전자,오버나잇,4,336500,334000,-13073,-0.971,-0.20,"오버나잇: 등락 +3.5%, 범위 위치 70%",익일 시초 매도
2026-06-30 15:10,2026-07-01 09:01,240810,원익IPS,오버나잇,9,168500,168500,-3487,-0.230,-0.05,"오버나잇: 등락 +5.9%, 범위 위치 25%",익일 시초 매도
2026-06-30 15:10,2026-07-01 09:01,028260,삼성물산,오버나잇,3,473500,478500,11701,0.824,0.17,"오버나잇: 등락 +0.4%, 범위 위치 67%",익일 시초 매도
2026-06-30 15:10,2026-07-01 09:01,034730,SK,오버나잇,1,839000,841000,67,0.008,0.00,"오버나잇: 등락 +8.8%, 범위 위치 95%",익일 시초 매도
2026-06-30 15:10,2026-07-01 09:01,011070,LG이노텍,오버나잇,1,981000,982000,-1258,-0.128,-0.03,"오버나잇: 등락 +6.6%, 범위 위치 97%",익일 시초 매도
2026-07-01 15:10,2026-07-02 09:01,034020,두산에너빌리티,오버나잇,18,88300,87300,-21615,-1.360,-0.27,"오버나잇: 등락 +2.0%, 범위 위치 47%",익일 시초 매도
2026-07-01 15:10,2026-07-02 09:01,007660,이수페타시스,오버나잇,12,132500,129000,-45566,-2.866,-0.58,"오버나잇: 등락 +14.2%, 범위 위치 86%",익일 시초 매도
2026-07-01 15:10,2026-07-02 09:01,247540,에코프로비엠,오버나잇,12,129435,127762,-23603,-1.520,-0.31,"오버나잇: 등락 +6.0%, 범위 위치 15%",익일 시초 매도
2026-07-01 15:10,2026-07-02 09:01,222800,심텍,오버나잇,10,156000,144000,-123330,-7.906,-1.58,"오버나잇: 등락 +4.1%, 범위 위치 63%",익일 시초 매도
2026-07-01 15:10,2026-07-02 09:01,001440,대한전선,오버나잇,44,36650,35150,-69565,-4.314,-0.88,"오버나잇: 등락 +8.1%, 범위 위치 51%",익일 시초 매도
2026-07-01 15:10,2026-07-02 09:01,001820,삼화콘덴서,오버나잇,10,153600,146500,-74379,-4.842,-0.98,"오버나잇: 등락 +1.7%, 범위 위치 52%",익일 시초 매도
2026-07-02 15:10,2026-07-03 09:01,066570,LG전자,오버나잇,8,192300,190000,-21898,-1.423,-0.29,"오버나잇: 등락 -+0.1%, 범위 위치 61%",익일 시초 매도
2026-07-02 15:10,2026-07-03 09:01,042660,한화오션,오버나잇,15,104700,103200,-26063,-1.660,-0.33,"오버나잇: 등락 +0.3%, 범위 위치 3%",익일 시초 매도
2026-07-02 15:10,2026-07-03 09:01,012450,한화에어로스페이스,오버나잇,1,1138000,1174000,33306,2.927,0.59,"오버나잇: 등락 +3.6%, 범위 위치 41%",익일 시초 매도
2026-07-02 15:10,2026-07-03 09:01,105560,KB금융,오버나잇,9,166300,165100,-14217,-0.950,-0.19,"오버나잇: 등락 +4.2%, 범위 위치 51%",익일 시초 매도
2026-07-02 15:10,2026-07-03 09:01,012330,현대모비스,오버나잇,3,495000,487500,-25866,-1.742,-0.35,"오버나잇: 등락 +0.6%, 범위 위치 71%",익일 시초 매도
2026-07-02 15:10,2026-07-03 09:01,000270,기아,오버나잇,11,145100,146800,14990,0.939,0.19,"오버나잇: 등락 +2.4%, 범위 위치 68%",익일 시초 매도
2026-07-02 15:10,2026-07-03 09:01,161890,한국콜마,오버나잇,14,112400,111600,-14794,-0.940,-0.19,"오버나잇: 등락 +4.6%, 범위 위치 30%",익일 시초 매도
2026-07-02 15:10,2026-07-03 09:01,064400,LG씨엔에스,오버나잇,20,78600,77800,-19580,-1.246,-0.25,"오버나잇: 등락 +3.1%, 범위 위치 58%",익일 시초 매도
2026-07-03 09:05,2026-07-03 09:08,403870,HPSP,ORB,43,46250,44900.00,-62498,-3.143,-1.08,"ORB5 고가 46,200 돌파 (범위 5.4%, 등락 +5.8%)","손절 (44,900)"
2026-07-03 15:10,2026-07-06 09:01,402340,SK스퀘어,오버나잇,1,1589000,1599000,6325,0.398,0.08,"오버나잇: 등락 +3.9%, 범위 위치 93%",익일 시초 매도
2026-07-03 15:10,2026-07-06 09:01,005380,현대차,오버나잇,3,492000,492500,-1897,-0.129,-0.03,"오버나잇: 등락 +2.9%, 범위 위치 99%",익일 시초 매도
2026-07-03 15:10,2026-07-06 09:01,028260,삼성물산,오버나잇,3,434500,433000,-7487,-0.574,-0.12,"오버나잇: 등락 +7.5%, 범위 위치 99%",익일 시초 매도
2026-07-03 15:10,2026-07-06 09:01,066570,LG전자,오버나잇,8,190200,192000,10870,0.714,0.14,"오버나잇: 등락 +0.7%, 범위 위치 92%",익일 시초 매도
2026-07-03 15:10,2026-07-06 09:01,006340,대원전선,오버나잇,124,12860,13400,63149,3.960,0.80,"오버나잇: 등락 +7.3%, 범위 위치 66%",익일 시초 매도
2026-07-03 15:10,2026-07-06 09:01,403870,HPSP,오버나잇,32,48750,48500,-11570,-0.742,-0.15,"오버나잇: 등락 +11.6%, 범위 위치 92%",익일 시초 매도
2026-07-06 09:05,2026-07-06 10:37,042660,한화오션,ORB,17,117300,113800,-63958,-3.207,-1.07,"ORB5 고가 116,800 돌파 (범위 4.3%, 등락 +9.6%)","손절 (113,800)"
2026-07-06 15:10,2026-07-07 09:01,005380,현대차,오버나잇,3,499000,494000,-18410,-1.230,-0.25,"오버나잇: 등락 +0.8%, 범위 위치 48%",익일 시초 매도
2026-07-06 15:10,2026-07-07 09:01,105560,KB금융,오버나잇,9,170200,170900,2765,0.181,0.04,"오버나잇: 등락 +0.3%, 범위 위치 20%",익일 시초 매도
2026-07-06 15:10,2026-07-07 09:01,028260,삼성물산,오버나잇,3,447500,446000,-7577,-0.564,-0.11,"오버나잇: 등락 +2.8%, 범위 위치 51%",익일 시초 매도
2026-07-06 15:10,2026-07-07 09:01,000270,기아,오버나잇,9,160700,157600,-31164,-2.155,-0.43,"오버나잇: 등락 +6.0%, 범위 위치 84%",익일 시초 매도
2026-07-06 15:10,2026-07-07 09:01,079550,LIG디펜스앤에어로스페이스,오버나잇,1,811000,793000,-19825,-2.445,-0.50,"오버나잇: 등락 +1.4%, 범위 위치 48%",익일 시초 매도
2026-07-06 15:10,2026-07-07 09:01,055550,신한지주,오버나잇,14,107600,107200,-9051,-0.601,-0.12,"오버나잇: 등락 +1.1%, 범위 위치 24%",익일 시초 매도
2026-07-06 15:10,2026-07-07 09:01,042660,한화오션,오버나잇,13,115200,95500,-258993,-17.294,-3.50,"오버나잇: 등락 +7.7%, 범위 위치 42%",익일 시초 매도
2026-07-06 15:10,2026-07-07 09:01,272210,한화시스템,오버나잇,19,80900,73400,-145728,-9.481,-1.92,"오버나잇: 등락 +4.5%, 범위 위치 35%",익일 시초 매도
2026-07-07 15:10,2026-07-08 09:01,066570,LG전자,오버나잇,8,186900,187300,-244,-0.016,0.00,"오버나잇: 등락 +1.1%, 범위 위치 94%",익일 시초 매도
2026-07-07 15:10,2026-07-08 09:01,105560,KB금융,오버나잇,9,171700,176200,36861,2.385,0.48,"오버나잇: 등락 +0.8%, 범위 위치 38%",익일 시초 매도
2026-07-07 15:10,2026-07-08 09:01,035420,NAVER,오버나잇,8,196100,196200,-2809,-0.179,-0.04,"오버나잇: 등락 +0.2%, 범위 위치 48%",익일 시초 매도
2026-07-07 15:10,2026-07-08 09:01,278470,에이피알,오버나잇,3,408000,400500,-25266,-2.064,-0.42,"오버나잇: 등락 +8.5%, 범위 위치 96%",익일 시초 매도
2026-07-07 15:10,2026-07-08 09:01,010950,S-Oil,오버나잇,12,127400,127400,-3515,-0.230,-0.05,"오버나잇: 등락 +9.7%, 범위 위치 95%",익일 시초 매도
2026-07-07 15:10,2026-07-08 09:01,347850,디앤디파마텍,오버나잇,18,85100,84400,-16094,-1.051,-0.21,"오버나잇: 등락 +12.1%, 범위 위치 65%",익일 시초 매도
2026-07-07 15:10,2026-07-08 09:01,003230,삼양식품,오버나잇,1,1220000,1224000,1186,0.097,0.02,"오버나잇: 등락 +11.9%, 범위 위치 97%",익일 시초 매도
2026-07-08 15:10,2026-07-09 09:01,066570,LG전자,오버나잇,8,195000,195000,-3588,-0.230,-0.05,"오버나잇: 등락 +3.4%, 범위 위치 43%",익일 시초 매도
2026-07-08 15:10,2026-07-09 09:01,012330,현대모비스,오버나잇,3,489500,486000,-13854,-0.943,-0.19,"오버나잇: 등락 +0.4%, 범위 위치 26%",익일 시초 매도
2026-07-08 15:10,2026-07-09 09:01,000270,기아,오버나잇,10,154500,156700,18400,1.191,0.24,"오버나잇: 등락 +1.2%, 범위 위치 35%",익일 시초 매도
2026-07-08 15:10,2026-07-09 09:01,024060,흥구석유,오버나잇,149,10430,10650,29136,1.875,0.38,"오버나잇: 등락 +14.6%, 범위 위치 59%",익일 시초 매도
2026-07-08 15:10,2026-07-09 09:01,0039P0,매드업,오버나잇,211,7390,7640,49052,3.146,0.65,"오버나잇: 등락 -+0.8%, 범위 위치 0%",익일 시초 매도
2026-07-08 15:10,2026-07-09 09:01,010950,S-Oil,오버나잇,11,133000,130100,-35195,-2.406,-0.48,"오버나잇: 등락 +5.7%, 범위 위치 83%",익일 시초 매도
2026-07-08 15:10,2026-07-09 09:01,439090,마녀공장,오버나잇,88,17670,16540,-102802,-6.611,-1.33,"오버나잇: 등락 +5.9%, 범위 위치 78%",익일 시초 매도
2026-07-08 15:10,2026-07-09 09:01,037710,광주신세계,오버나잇,33,45950,43750,-75930,-5.007,-1.02,"오버나잇: 등락 +2.1%, 범위 위치 69%",익일 시초 매도
2026-07-07 15:10,2026-07-09 09:03,002990,금호건설,오버나잇,113,14100,15490,153070,9.607,1.94,"오버나잇: 등락 +14.2%, 범위 위치 63%",익일 시초 매도
2026-07-09 09:16,2026-07-09 10:59,267260,HD현대일렉트릭,ORB,2,828000,804000,-51705,-3.122,-1.08,"ORB5 고가 826,000 돌파 (범위 2.7%, 등락 +6.7%)","손절 (804,000)"
2026-07-09 09:24,2026-07-09 11:51,036930,주성엔지니어링,ORB,11,167800,162800.00,-59125,-3.203,-1.08,"ORB5 고가 167,600 돌파 (범위 3.4%, 등락 +4.9%)","손절 (162,800)"
2026-07-09 15:10,2026-07-09 15:14,002990,금호건설,오버나잇,91,17090,16170,-87115,-5.602,-1.13,"오버나잇: 등락 +22.1%, 범위 위치 77%","손절 (16,240)"
2026-07-09 15:10,2026-07-10 09:01,009150,삼성전기,오버나잇,1,1471000,1598000,123345,8.385,1.69,"오버나잇: 등락 +6.2%, 범위 위치 32%",익일 시초 매도
2026-07-09 15:10,2026-07-10 09:01,402340,SK스퀘어,오버나잇,1,1333000,1437000,100712,7.555,1.53,"오버나잇: 등락 +11.7%, 범위 위치 58%",익일 시초 매도
2026-07-09 15:10,2026-07-10 09:01,005380,현대차,오버나잇,3,441500,447500,14916,1.126,0.23,"오버나잇: 등락 +0.8%, 범위 위치 27%",익일 시초 매도
2026-07-09 15:10,2026-07-10 09:01,011070,LG이노텍,오버나잇,2,733000,752000,34548,2.357,0.48,"오버나잇: 등락 +3.7%, 범위 위치 34%",익일 시초 매도
2026-07-09 15:14,2026-07-10 09:01,105560,KB금융,오버나잇,9,172200,179900,65588,4.232,0.85,"오버나잇: 등락 +1.5%, 범위 위치 40%",익일 시초 매도
2026-07-09 15:10,2026-07-10 09:01,034020,두산에너빌리티,오버나잇,21,73400,74600,21602,1.401,0.29,"오버나잇: 등락 +3.7%, 범위 위치 33%",익일 시초 매도
2026-07-09 15:10,2026-07-10 09:01,036930,주성엔지니어링,오버나잇,9,170900,186400,135664,8.820,1.77,"오버나잇: 등락 +6.8%, 범위 위치 57%",익일 시초 매도
2026-07-10 09:16,2026-07-10 15:05,403870,HPSP,ORB,48,41550,44550,139105,6.975,2.42,"ORB5 고가 41,500 돌파 (범위 3.8%, 등락 +5.7%)",장마감 강제청산
2026-07-10 15:10,2026-07-13 09:01,066570,LG전자,오버나잇,8,183500,185400,11792,0.803,0.16,"오버나잇: 등락 +2.5%, 범위 위치 66%",익일 시초 매도
2026-07-10 15:10,2026-07-13 09:01,005380,현대차,오버나잇,3,462500,456500,-21152,-1.524,-0.31,"오버나잇: 등락 +3.6%, 범위 위치 71%",익일 시초 매도
2026-07-10 15:10,2026-07-13 09:01,105560,KB금융,오버나잇,8,185700,186200,576,0.039,0.01,"오버나잇: 등락 +8.9%, 범위 위치 72%",익일 시초 매도
2026-07-10 15:10,2026-07-13 09:01,036930,주성엔지니어링,오버나잇,8,193300,192200,-12336,-0.798,-0.16,"오버나잇: 등락 +8.4%, 범위 위치 75%",익일 시초 매도
2026-07-10 15:10,2026-07-13 09:01,240810,원익IPS,오버나잇,12,124500,127000,26500,1.774,0.36,"오버나잇: 등락 +18.7%, 범위 위치 83%",익일 시초 매도
2026-07-10 15:10,2026-07-13 09:01,073240,금호타이어,오버나잇,198,7800,7630,-37138,-2.405,-0.48,"오버나잇: 등락 +25.0%, 범위 위치 100%",익일 시초 매도
2026-07-10 15:10,2026-07-13 09:01,010170,대한광통신,오버나잇,123,12600,12700,8710,0.562,0.11,"오버나잇: 등락 +18.3%, 범위 위치 61%",익일 시초 매도
2026-07-10 15:10,2026-07-13 09:01,402340,SK스퀘어,오버나잇,1,1404000,1400000,-7220,-0.514,-0.10,"오버나잇: 등락 +2.3%, 범위 위치 60%",익일 시초 매도
2026-07-13 15:10,2026-07-14 09:01,066570,LG전자,오버나잇,8,185900,185200,-9008,-0.606,-0.12,"오버나잇: 등락 +1.7%, 범위 위치 8%",익일 시초 매도
2026-07-13 15:10,2026-07-14 09:01,006400,삼성SDI,오버나잇,3,442500,454000,31373,2.363,0.48,"오버나잇: 등락 +0.7%, 범위 위치 21%",익일 시초 매도
2026-07-13 15:10,2026-07-14 09:01,240810,원익IPS,오버나잇,12,127000,124800,-29847,-1.958,-0.39,"오버나잇: 등락 +1.6%, 범위 위치 28%",익일 시초 매도
2026-07-13 15:10,2026-07-14 09:01,012330,현대모비스,오버나잇,3,485000,490000,11622,0.799,0.16,"오버나잇: 등락 -+1.0%, 범위 위치 11%",익일 시초 매도
2026-07-13 15:10,2026-07-14 09:01,086790,하나금융지주,오버나잇,12,132100,134700,27489,1.734,0.35,"오버나잇: 등락 +2.0%, 범위 위치 29%",익일 시초 매도
2026-07-13 15:10,2026-07-14 09:01,475150,SK이터닉스,오버나잇,32,48800,48500,-13170,-0.843,-0.17,"오버나잇: 등락 +13.8%, 범위 위치 58%",익일 시초 매도
2026-07-13 15:10,2026-07-14 09:01,095610,테스,오버나잇,8,189100,192200,21269,1.406,0.28,"오버나잇: 등락 +6.4%, 범위 위치 48%",익일 시초 매도
2026-07-13 15:10,2026-07-14 09:01,096770,SK이노베이션,오버나잇,14,109600,110400,7648,0.498,0.10,"오버나잇: 등락 +5.5%, 범위 위치 41%",익일 시초 매도
2026-07-14 09:25,2026-07-14 09:44,036930,주성엔지니어링,ORB,10,193300,187200,-65313,-3.379,-1.13,"ORB5 고가 193,200 돌파 (범위 5.6%, 등락 +5.9%)","손절 (187,500)"
2026-07-14 15:10,2026-07-15 09:01,402340,SK스퀘어,오버나잇,1,1195000,1305000,107016,8.955,1.81,"오버나잇: 등락 +2.9%, 범위 위치 92%",익일 시초 매도
2026-07-14 15:10,2026-07-15 09:01,036930,주성엔지니어링,오버나잇,8,193600,205000,87442,5.646,1.14,"오버나잇: 등락 +6.0%, 범위 위치 85%",익일 시초 매도
2026-07-14 15:10,2026-07-15 09:01,240810,원익IPS,오버나잇,12,127800,137100,107834,7.031,1.43,"오버나잇: 등락 +2.4%, 범위 위치 92%",익일 시초 매도
2026-07-14 15:10,2026-07-15 09:01,006340,대원전선,오버나잇,122,12900,13130,24381,1.549,0.31,"오버나잇: 등락 +19.1%, 범위 위치 82%",익일 시초 매도
2026-07-14 15:10,2026-07-15 09:01,267260,HD현대일렉트릭,오버나잇,1,799000,826000,25106,3.142,0.64,"오버나잇: 등락 +0.5%, 범위 위치 80%",익일 시초 매도
2026-07-14 15:10,2026-07-15 09:01,089030,테크윙,오버나잇,32,48950,50900,58665,3.745,0.76,"오버나잇: 등락 +11.5%, 범위 위치 62%",익일 시초 매도
2026-07-14 15:10,2026-07-15 09:01,024060,흥구석유,오버나잇,126,12510,12040,-62717,-3.979,-0.80,"오버나잇: 등락 +7.4%, 범위 위치 11%",익일 시초 매도
2026-07-15 09:23,2026-07-15 09:28,036930,주성엔지니어링,ORB,9,206500,200500.00,-58157,-3.129,-1.08,"ORB5 고가 205,500 돌파 (범위 3.4%, 등락 +7.2%)","손절 (200,500)"
2026-07-15 09:23,2026-07-15 15:05,240810,원익IPS,ORB,14,138300,141500,40251,2.079,0.70,"ORB5 고가 137,700 돌파 (범위 5.5%, 등락 +8.8%)",장마감 강제청산
2026-07-15 09:15,2026-07-15 15:05,403870,HPSP,ORB,44,44450,46650,92095,4.709,1.61,"ORB5 고가 44,400 돌파 (범위 2.4%, 등락 +5.8%)",장마감 강제청산
2026-07-15 15:10,2026-07-16 09:01,009150,삼성전기,오버나잇,1,1423000,1316000,-110042,-7.733,-1.55,"오버나잇: 등락 +11.4%, 범위 위치 77%",익일 시초 매도
2026-07-15 15:10,2026-07-16 09:01,005380,현대차,오버나잇,3,435500,423000,-40423,-3.094,-0.63,"오버나잇: 등락 +2.0%, 범위 위치 71%",익일 시초 매도
2026-07-15 15:10,2026-07-16 09:01,006400,삼성SDI,오버나잇,3,458500,454000,-16634,-1.209,-0.25,"오버나잇: 등락 +6.3%, 범위 위치 59%",익일 시초 매도
2026-07-15 15:10,2026-07-16 09:01,240810,원익IPS,오버나잇,11,143100,136500,-76064,-4.832,-0.97,"오버나잇: 등락 +12.5%, 범위 위치 89%",익일 시초 매도
2026-07-15 15:10,2026-07-16 09:01,402340,SK스퀘어,오버나잇,1,1398000,1271000,-129941,-9.295,-1.88,"오버나잇: 등락 +17.0%, 범위 위치 69%",익일 시초 매도
2026-07-15 15:10,2026-07-16 09:01,066570,LG전자,오버나잇,8,194900,192000,-26735,-1.715,-0.34,"오버나잇: 등락 +3.4%, 범위 위치 63%",익일 시초 매도
2026-07-15 15:10,2026-07-16 09:01,080220,제주반도체,오버나잇,17,89400,82000,-129024,-8.490,-1.72,"오버나잇: 등락 +21.3%, 범위 위치 91%",익일 시초 매도
2026-07-16 15:10,2026-07-20 09:01,042660,한화오션,오버나잇,18,86300,89600,55701,3.586,0.72,"오버나잇: 등락 +5.0%, 범위 위치 83%",익일 시초 매도
2026-07-16 15:10,2026-07-20 09:01,240810,원익IPS,오버나잇,11,142200,134000,-93603,-5.984,-1.20,"오버나잇: 등락 -+0.4%, 범위 위치 71%",익일 시초 매도
2026-07-16 15:10,2026-07-20 09:01,329180,HD현대중공업,오버나잇,3,480000,477500,-10795,-0.750,-0.15,"오버나잇: 등락 +2.5%, 범위 위치 65%",익일 시초 매도
2026-07-16 15:10,2026-07-20 09:01,096770,SK이노베이션,오버나잇,13,121100,120100,-16592,-1.054,-0.21,"오버나잇: 등락 +1.5%, 범위 위치 42%",익일 시초 매도
2026-07-16 15:10,2026-07-20 09:01,028300,HLB,오버나잇,45,35250,32200,-140602,-8.864,-1.79,"오버나잇: 등락 +1.6%, 범위 위치 2%",익일 시초 매도
2026-07-16 15:10,2026-07-20 09:01,004310,현대약품,오버나잇,208,7760,7780,440,0.027,0.01,"오버나잇: 등락 +15.5%, 범위 위치 59%",익일 시초 매도
2026-07-16 15:10,2026-07-20 09:01,017670,SK텔레콤,오버나잇,18,89000,85500,-66548,-4.154,-0.84,"오버나잇: 등락 +5.1%, 범위 위치 37%",익일 시초 매도
2026-07-16 15:10,2026-07-20 09:01,035420,NAVER,오버나잇,8,188600,186700,-18637,-1.235,-0.25,"오버나잇: 등락 +0.0%, 범위 위치 54%",익일 시초 매도
2026-07-20 15:10,2026-07-21 09:01,024060,흥구석유,오버나잇,118,13290,13130,-22445,-1.431,-0.29,"오버나잇: 등락 +10.7%, 범위 위치 59%",익일 시초 매도
2026-07-20 15:10,2026-07-21 09:01,067310,하나마이크론,오버나잇,42,36750,36400,-18217,-1.180,-0.24,"오버나잇: 등락 +2.8%, 범위 위치 29%",익일 시초 매도
2026-07-20 15:10,2026-07-21 09:01,010950,S-Oil,오버나잇,10,146800,144900,-22335,-1.521,-0.31,"오버나잇: 등락 +2.1%, 범위 위치 75%",익일 시초 매도
2026-07-20 15:10,2026-07-21 09:01,067290,JW신약,오버나잇,791,1996,2010,7421,0.470,0.09,"오버나잇: 등락 +1.3%, 범위 위치 38%",익일 시초 매도
2026-07-20 15:10,2026-07-21 09:01,049080,기가레인,오버나잇,125,12530,13090,66249,4.230,0.85,"오버나잇: 등락 +11.0%, 범위 위치 41%",익일 시초 매도
2026-07-20 15:10,2026-07-21 09:01,089030,테크윙,오버나잇,32,49000,47400,-54695,-3.488,-0.70,"오버나잇: 등락 -+0.4%, 범위 위치 31%",익일 시초 매도
2026-07-20 15:10,2026-07-21 09:01,440110,파두,오버나잇,21,72000,71400,-16048,-1.061,-0.21,"오버나잇: 등락 +2.1%, 범위 위치 32%",익일 시초 매도
2026-07-20 15:10,2026-07-21 09:01,460930,현대힘스,오버나잇,117,13400,13490,6903,0.440,0.09,"오버나잇: 등락 +1.6%, 범위 위치 34%",익일 시초 매도
2026-07-21 15:10,2026-07-22 09:01,066570,LG전자,오버나잇,9,172900,179900,59287,3.810,0.77,"오버나잇: 등락 +1.9%, 범위 위치 86%",익일 시초 매도
2026-07-21 15:10,2026-07-22 09:01,035420,NAVER,오버나잇,8,194400,197700,22767,1.464,0.29,"오버나잇: 등락 +3.4%, 범위 위치 80%",익일 시초 매도
2026-07-21 15:10,2026-07-22 09:01,036930,주성엔지니어링,오버나잇,9,171300,178600,62014,4.022,0.81,"오버나잇: 등락 +2.0%, 범위 위치 92%",익일 시초 매도
2026-07-21 15:10,2026-07-22 09:01,010120,LS ELECTRIC,오버나잇,8,190000,196600,49192,3.236,0.65,"오버나잇: 등락 +2.6%, 범위 위치 86%",익일 시초 매도
2026-07-21 15:10,2026-07-22 09:01,028260,삼성물산,오버나잇,4,344500,358500,52711,3.825,0.78,"오버나잇: 등락 +5.2%, 범위 위치 93%",익일 시초 매도
2026-07-21 15:10,2026-07-22 09:01,006400,삼성SDI,오버나잇,3,416500,428500,33050,2.645,0.54,"오버나잇: 등락 +1.6%, 범위 위치 94%",익일 시초 매도
2026-07-21 15:10,2026-07-22 09:01,105560,KB금융,오버나잇,9,173700,177600,31431,2.011,0.41,"오버나잇: 등락 +1.9%, 범위 위치 91%",익일 시초 매도
2026-07-22 09:07,2026-07-22 09:28,036930,주성엔지니어링,ORB,16,181400,176000,-92889,-3.200,-1.08,"ORB5 고가 180,900 돌파 (범위 2.7%, 등락 +7.2%) · A등급","손절 (176,000)"
2026-07-22 09:07,2026-07-22 09:47,403870,HPSP,ORB,70,41650,40400,-94017,-3.225,-1.07,"ORB5 고가 41,600 돌파 (범위 3.4%, 등락 +6.5%) · A등급","손절 (40,400)"
2026-07-22 15:10,2026-07-23 09:01,009150,삼성전기,오버나잇,1,1356000,1411000,51764,3.817,0.77,"오버나잇: 등락 +2.2%, 범위 위치 11%",익일 시초 매도
2026-07-22 15:10,2026-07-23 09:01,035420,NAVER,오버나잇,7,197600,204000,41523,3.002,0.61,"오버나잇: 등락 +1.6%, 범위 위치 13%",익일 시초 매도
2026-07-22 15:10,2026-07-23 09:01,005380,현대차,오버나잇,3,418500,419000,-1390,-0.111,-0.02,"오버나잇: 등락 +3.5%, 범위 위치 30%",익일 시초 매도
2026-07-22 15:10,2026-07-23 09:01,006340,대원전선,오버나잇,124,12420,12610,19968,1.297,0.26,"오버나잇: 등락 +4.8%, 범위 위치 20%",익일 시초 매도
2026-07-22 15:10,2026-07-23 09:01,066570,LG전자,오버나잇,8,183800,186000,14181,0.964,0.19,"오버나잇: 등락 +6.3%, 범위 위치 30%",익일 시초 매도
2026-07-22 15:10,2026-07-23 09:01,042660,한화오션,오버나잇,18,84000,83700,-8864,-0.586,-0.12,"오버나잇: 등락 +1.8%, 범위 위치 28%",익일 시초 매도
2026-07-22 15:10,2026-07-23 09:01,058610,에스피지,오버나잇,18,82600,90300,134884,9.072,1.83,"오버나잇: 등락 +10.6%, 범위 위치 54%",익일 시초 매도
2026-07-22 15:10,2026-07-23 09:01,034020,두산에너빌리티,오버나잇,22,69600,70200,9652,0.630,0.13,"오버나잇: 등락 +3.0%, 범위 위치 30%",익일 시초 매도
2026-07-23 09:05,2026-07-23 10:28,100090,SK오션플랜트,ORB,132,15100,16600,192992,9.683,3.25,"ORB5 고가 15,060 돌파 (범위 4.4%, 등락 +4.6%)",목표 익절 +10%
2026-07-23 15:10,2026-07-24 09:01,009150,삼성전기,오버나잇,1,1442000,1450000,4667,0.324,0.06,"오버나잇: 등락 +7.5%, 범위 위치 65%",익일 시초 매도
2026-07-23 15:10,2026-07-24 09:01,017670,SK텔레콤,오버나잇,15,100200,99100,-19920,-1.325,-0.27,"오버나잇: 등락 +6.8%, 범위 위치 96%",익일 시초 매도
2026-07-23 15:10,2026-07-24 09:01,096770,SK이노베이션,오버나잇,11,131000,129600,-18680,-1.296,-0.26,"오버나잇: 등락 +8.9%, 범위 위치 100%",익일 시초 매도
2026-07-23 15:10,2026-07-24 09:01,028050,삼성E&A,오버나잇,33,46650,46700,-1893,-0.123,-0.02,"오버나잇: 등락 +13.0%, 범위 위치 65%",익일 시초 매도
2026-07-23 15:10,2026-07-24 09:01,005380,현대차,오버나잇,3,430500,418500,-38892,-3.011,-0.60,"오버나잇: 등락 +3.4%, 범위 위치 82%",익일 시초 매도
2026-07-23 15:10,2026-07-24 09:01,006340,대원전선,오버나잇,110,14060,13720,-40875,-2.643,-0.53,"오버나잇: 등락 +15.6%, 범위 위치 84%",익일 시초 매도
2026-07-23 15:10,2026-07-24 09:01,066570,LG전자,오버나잇,8,185700,182300,-30556,-2.057,-0.42,"오버나잇: 등락 +1.6%, 범위 위치 86%",익일 시초 매도
2026-07-24 15:10,2026-07-27 09:01,475150,SK이터닉스,오버나잇,19,81900,79400,-50976,-3.276,-0.67,"오버나잇: 등락 +1.6%, 범위 위치 52%",익일 시초 매도
2026-07-24 15:10,2026-07-27 09:01,012450,한화에어로스페이스,오버나잇,1,977000,985000,5737,0.587,0.12,"오버나잇: 등락 +2.5%, 범위 위치 12%",익일 시초 매도
2026-07-24 15:10,2026-07-27 09:01,207940,삼성바이오로직스,오버나잇,1,1519000,1498000,-24447,-1.609,-0.33,"오버나잇: 등락 +9.5%, 범위 위치 89%",익일 시초 매도
2026-07-24 15:10,2026-07-27 09:01,068270,셀트리온,오버나잇,9,176700,179100,17898,1.125,0.23,"오버나잇: 등락 +2.3%, 범위 위치 69%",익일 시초 매도
2026-07-24 15:10,2026-07-27 09:01,460930,현대힘스,오버나잇,99,16160,16100,-9605,-0.600,-0.12,"오버나잇: 등락 +16.9%, 범위 위치 79%",익일 시초 매도
2026-07-24 15:10,2026-07-27 09:01,028050,삼성E&A,오버나잇,33,47350,48100,21104,1.351,0.27,"오버나잇: 등락 +1.5%, 범위 위치 48%",익일 시초 매도
2026-07-24 15:10,2026-07-27 09:01,100090,SK오션플랜트,오버나잇,87,18400,17990,-39274,-2.453,-0.49,"오버나잇: 등락 +6.5%, 범위 위치 46%",익일 시초 매도
2026-07-24 15:10,2026-07-27 09:01,079550,LIG디펜스앤에어로스페이스,오버나잇,2,761000,755000,-15474,-1.017,-0.20,"오버나잇: 등락 +3.7%, 범위 위치 40%",익일 시초 매도
2026-07-27 09:17,2026-07-27 09:20,036930,주성엔지니어링,ORB,13,151300,146700,-64195,-3.264,-1.10,"ORB5 고가 150,800 돌파 (범위 4.0%, 등락 +7.3%)","손절 (146,800)"
2026-07-27 15:10,2026-07-28 09:01,207940,삼성바이오로직스,오버나잇,1,1546000,1532000,-17524,-1.134,-0.23,"오버나잇: 등락 +3.1%, 범위 위치 67%",익일 시초 매도
2026-07-27 15:10,2026-07-28 09:01,105560,KB금융,오버나잇,9,172600,171000,-17941,-1.155,-0.23,"오버나잇: 등락 +0.6%, 범위 위치 56%",익일 시초 매도
2026-07-27 15:10,2026-07-28 09:01,042660,한화오션,오버나잇,17,88500,85100,-61135,-4.063,-0.82,"오버나잇: 등락 +0.2%, 범위 위치 68%",익일 시초 매도
2026-07-27 15:10,2026-07-28 09:01,006340,대원전선,오버나잇,112,14160,13060,-126581,-7.982,-1.61,"오버나잇: 등락 +3.1%, 범위 위치 39%",익일 시초 매도
2026-07-27 15:10,2026-07-28 09:01,005380,현대차,오버나잇,3,401500,386500,-47672,-3.958,-0.79,"오버나잇: 등락 +0.2%, 범위 위치 46%",익일 시초 매도
2026-07-27 15:10,2026-07-28 09:01,036930,주성엔지니어링,오버나잇,10,149300,137600,-120181,-8.050,-1.62,"오버나잇: 등락 +5.9%, 범위 위치 63%",익일 시초 매도
2026-07-27 15:10,2026-07-28 09:01,066570,LG전자,오버나잇,9,172200,165000,-68224,-4.402,-0.88,"오버나잇: 등락 +1.5%, 범위 위치 39%",익일 시초 매도
2026-07-28 15:10,2026-07-29 09:01,214450,파마리서치,오버나잇,4,383500,371000,-53420,-3.482,-0.70,"오버나잇: 등락 +3.0%, 범위 위치 97%",익일 시초 매도
2026-07-28 15:10,2026-07-29 09:01,413630,씨피시스템,오버나잇,384,4100,4400,111332,7.071,1.41,"오버나잇: 등락 +0.7%, 범위 위치 6%",익일 시초 매도
2026-07-28 15:10,2026-07-29 09:01,460930,현대힘스,오버나잇,111,14165,14700,55643,3.539,0.71,"오버나잇: 등락 +1.7%, 범위 위치 14%",익일 시초 매도
2026-07-28 15:10,2026-07-29 09:01,108860,셀바스AI,오버나잇,179,8760,8940,28545,1.820,0.37,"오버나잇: 등락 +7.9%, 범위 위치 27%",익일 시초 매도
2026-07-28 15:10,2026-07-29 09:01,332570,PS일렉트로닉스,오버나잇,204,7710,7760,6562,0.417,0.08,"오버나잇: 등락 +6.2%, 범위 위치 85%",익일 시초 매도
2026-07-28 15:10,2026-07-29 09:01,396300,HT로보틱스,오버나잇,425,3705,4185,199941,12.698,2.54,"오버나잇: 등락 +6.0%, 범위 위치 39%",익일 시초 매도
2026-07-28 15:10,2026-07-29 09:01,199430,케이엔알시스템,오버나잇,87,18080,18310,16352,1.040,0.21,"오버나잇: 등락 +26.6%, 범위 위치 86%",익일 시초 매도
2026-07-28 15:10,2026-07-29 09:03,439960,코스모로보틱스,오버나잇,106,14740,16890,223818,14.325,2.89,"오버나잇: 등락 +2.9%, 범위 위치 34%",익일 시초 매도
2026-07-29 15:10,2026-07-30 09:01,068270,셀트리온,오버나잇,8,179200,180000,3089,0.215,0.04,"오버나잇: 등락 +1.2%, 범위 위치 16%",익일 시초 매도
2026-07-29 15:10,2026-07-30 09:01,058610,에스피지,오버나잇,19,80900,85300,79886,5.197,1.05,"오버나잇: 등락 +20.8%, 범위 위치 86%",익일 시초 매도
2026-07-29 15:10,2026-07-30 09:01,012330,현대모비스,오버나잇,3,438000,444500,16436,1.251,0.25,"오버나잇: 등락 +1.6%, 범위 위치 26%",익일 시초 매도
2026-07-29 15:10,2026-07-30 09:01,277810,레인보우로보틱스,오버나잇,3,402500,417500,42127,3.489,0.70,"오버나잇: 등락 +1.6%, 범위 위치 50%",익일 시초 매도
2026-07-29 15:10,2026-07-30 09:01,003230,삼양식품,오버나잇,1,1225000,1210000,-17784,-1.452,-0.29,"오버나잇: 등락 +3.4%, 범위 위치 38%",익일 시초 매도
2026-07-29 15:10,2026-07-30 09:01,214450,파마리서치,오버나잇,3,389000,386000,-11664,-0.999,-0.20,"오버나잇: 등락 +3.0%, 범위 위치 78%",익일 시초 매도
2026-07-29 15:10,2026-07-30 09:01,439960,코스모로보틱스,오버나잇,97,15870,15990,8076,0.525,0.11,"오버나잇: 등락 +4.9%, 범위 위치 26%",익일 시초 매도
2026-07-30 15:10,2026-07-31 09:01,042700,한미반도체,오버나잇,9,168000,192400,215652,14.263,2.85,"오버나잇: 등락 +2.0%, 범위 위치 46%",익일 시초 매도
2026-07-30 15:10,2026-07-31 09:01,068270,셀트리온,오버나잇,8,189300,189200,-4281,-0.283,-0.06,"오버나잇: 등락 +4.2%, 범위 위치 79%",익일 시초 매도
2026-07-30 15:10,2026-07-31 09:01,012450,한화에어로스페이스,오버나잇,1,866000,889000,20960,2.420,0.49,"오버나잇: 등락 +5.6%, 범위 위치 54%",익일 시초 매도
2026-07-30 15:10,2026-07-31 09:01,042660,한화오션,오버나잇,20,78800,81600,52256,3.316,0.67,"오버나잇: 등락 +4.5%, 범위 위치 59%",익일 시초 매도
2026-07-30 15:10,2026-07-31 09:01,105560,KB금융,오버나잇,9,166700,167500,3734,0.249,0.05,"오버나잇: 등락 +1.7%, 범위 위치 56%",익일 시초 매도
2026-07-30 15:10,2026-07-31 09:01,329180,HD현대중공업,오버나잇,3,446500,465000,52301,3.905,0.79,"오버나잇: 등락 +2.6%, 범위 위치 52%",익일 시초 매도
2026-07-30 15:10,2026-07-31 09:01,003230,삼양식품,오버나잇,1,1243000,1182000,-63727,-5.127,-1.03,"오버나잇: 등락 +1.0%, 범위 위치 33%",익일 시초 매도
2026-07-30 15:10,2026-07-31 09:01,009540,HD한국조선해양,오버나잇,4,370000,372000,4579,0.309,0.06,"오버나잇: 등락 +8.8%, 범위 위치 84%",익일 시초 매도
2026-07-31 15:10,2026-08-03 09:01,009150,삼성전기,오버나잇,1,1142000,1221000,76204,6.673,1.34,"오버나잇: 등락 +27.7%, 범위 위치 100%",익일 시초 매도
2026-07-31 15:10,2026-08-03 09:01,058610,에스피지,오버나잇,16,96000,100600,69910,4.551,0.91,"오버나잇: 등락 +25.2%, 범위 위치 90%",익일 시초 매도
2026-07-31 15:10,2026-08-03 09:01,005380,현대차,오버나잇,4,389500,383000,-29526,-1.895,-0.39,"오버나잇: 등락 +10.2%, 범위 위치 92%",익일 시초 매도
2026-07-31 15:10,2026-08-03 09:01,010120,LS ELECTRIC,오버나잇,8,186400,180000,-54519,-3.656,-0.73,"오버나잇: 등락 +22.3%, 범위 위치 99%",익일 시초 매도
2026-07-31 15:12,2026-08-03 09:01,475150,SK이터닉스,오버나잇,34,45550,45450,-6953,-0.449,-0.09,"오버나잇: 등락 +9.0%, 범위 위치 31%",익일 시초 매도
2026-07-31 15:10,2026-08-03 09:01,066570,LG전자,오버나잇,9,161600,158200,-33878,-2.329,-0.47,"오버나잇: 등락 +8.7%, 범위 위치 91%",익일 시초 매도
2026-07-31 15:10,2026-08-03 09:01,028260,삼성물산,오버나잇,4,349500,347000,-13193,-0.944,-0.19,"오버나잇: 등락 +16.9%, 범위 위치 78%",익일 시초 매도
2026-08-03 15:10,2026-08-04 09:01,009150,삼성전기,오버나잇,1,1171000,1278000,104078,8.888,1.79,"오버나잇: 등락 +2.5%, 범위 위치 14%",익일 시초 매도
2026-08-03 15:10,2026-08-04 09:01,005380,현대차,오버나잇,4,390000,395500,18365,1.177,0.24,"오버나잇: 등락 +1.8%, 범위 위치 55%",익일 시초 매도
2026-08-03 15:10,2026-08-04 09:01,058610,에스피지,오버나잇,14,107500,105200,-35590,-2.365,-0.48,"오버나잇: 등락 +15.5%, 범위 위치 56%",익일 시초 매도
2026-08-03 15:10,2026-08-04 09:01,010120,LS ELECTRIC,오버나잇,8,187500,196200,66001,4.400,0.89,"오버나잇: 등락 +2.8%, 범위 위치 73%",익일 시초 매도
2026-08-03 15:10,2026-08-04 09:01,012330,현대모비스,오버나잇,3,488500,490500,2618,0.179,0.04,"오버나잇: 등락 +3.6%, 범위 위치 59%",익일 시초 매도
2026-08-03 15:10,2026-08-04 09:01,036930,주성엔지니어링,오버나잇,12,128100,131600,38376,2.496,0.50,"오버나잇: 등락 +2.9%, 범위 위치 56%",익일 시초 매도
2026-08-03 15:10,2026-08-04 09:01,277810,레인보우로보틱스,오버나잇,3,458500,453500,-18131,-1.318,-0.27,"오버나잇: 등락 +7.6%, 범위 위치 52%",익일 시초 매도
2026-08-03 15:10,2026-08-04 09:01,439960,코스모로보틱스,오버나잇,92,17520,16990,-52361,-3.249,-0.65,"오버나잇: 등락 +18.9%, 범위 위치 52%",익일 시초 매도
2026-08-04 09:05,2026-08-04 09:07,240810,원익IPS,ORB,20,99600,96700,-62456,-3.135,-1.08,"ORB5 고가 99,500 돌파 (범위 4.6%, 등락 +6.3%)","손절 (96,700)"
2026-08-04 15:10,2026-08-05 09:01,000660,SK하이닉스,오버나잇,1,1563000,1693000,126127,8.070,1.62,"오버나잇: 등락 +2.8%, 범위 위치 54%",익일 시초 매도
2026-08-04 15:10,2026-08-05 09:01,009150,삼성전기,오버나잇,1,1182000,1335000,149953,12.686,2.54,"오버나잇: 등락 +2.5%, 범위 위치 42%",익일 시초 매도
2026-08-04 15:10,2026-08-05 09:01,402340,SK스퀘어,오버나잇,1,1054000,1150000,93370,8.859,1.80,"오버나잇: 등락 +6.6%, 범위 위치 57%",익일 시초 매도
2026-08-04 15:10,2026-08-05 09:01,066570,LG전자,오버나잇,9,164900,170900,50472,3.401,0.68,"오버나잇: 등락 +5.8%, 범위 위치 76%",익일 시초 매도
2026-08-04 15:10,2026-08-05 09:01,005380,현대차,오버나잇,4,391000,401000,36318,2.322,0.47,"오버나잇: 등락 +1.7%, 범위 위치 69%",익일 시초 매도
2026-08-04 15:10,2026-08-05 09:01,034020,두산에너빌리티,오버나잇,22,73100,75400,46794,2.910,0.59,"오버나잇: 등락 +10.1%, 범위 위치 98%",익일 시초 매도
2026-08-04 15:10,2026-08-05 09:01,017670,SK텔레콤,오버나잇,17,91700,91700,-3583,-0.230,-0.05,"오버나잇: 등락 +13.5%, 범위 위치 79%",익일 시초 매도
2026-08-04 15:10,2026-08-05 09:01,058610,에스피지,오버나잇,14,108100,106000,-32817,-2.168,-0.43,"오버나잇: 등락 +3.1%, 범위 위치 63%",익일 시초 매도
2026-08-05 15:10,2026-08-06 09:01,009150,삼성전기,오버나잇,1,1359000,1313000,-49025,-3.607,-0.73,"오버나잇: 등락 +10.3%, 범위 위치 86%",익일 시초 매도
2026-08-05 15:10,2026-08-06 09:01,402340,SK스퀘어,오버나잇,1,1128000,1088000,-42508,-3.768,-0.76,"오버나잇: 등락 +4.7%, 범위 위치 30%",익일 시초 매도
2026-08-05 15:10,2026-08-06 09:01,278470,에이피알,오버나잇,4,359000,366000,24638,1.716,0.35,"오버나잇: 등락 +0.4%, 범위 위치 58%",익일 시초 매도
2026-08-05 15:10,2026-08-06 09:01,005380,현대차,오버나잇,3,406000,400500,-19265,-1.582,-0.32,"오버나잇: 등락 +2.9%, 범위 위치 52%",익일 시초 매도
2026-08-05 15:10,2026-08-06 09:01,066570,LG전자,오버나잇,9,180300,176600,-36959,-2.278,-0.46,"오버나잇: 등락 +8.5%, 범위 위치 93%",익일 시초 매도
2026-08-05 15:10,2026-08-06 09:01,006340,대원전선,오버나잇,105,15450,15190,-30971,-1.909,-0.38,"오버나잇: 등락 +12.0%, 범위 위치 54%",익일 시초 매도
2026-08-05 15:10,2026-08-06 09:01,010170,대한광통신,오버나잇,134,12040,11780,-38475,-2.385,-0.48,"오버나잇: 등락 +18.2%, 범위 위치 58%",익일 시초 매도
2026-08-06 15:10,2026-08-07 09:01,006400,삼성SDI,오버나잇,3,429500,443500,38947,3.023,0.62,"오버나잇: 등락 +1.8%, 범위 위치 39%",익일 시초 매도
2026-08-06 15:10,2026-08-07 09:01,034020,두산에너빌리티,오버나잇,21,76100,77100,17281,1.081,0.22,"오버나잇: 등락 +0.5%, 범위 위치 40%",익일 시초 매도
2026-08-06 15:10,2026-08-07 09:01,012450,한화에어로스페이스,오버나잇,1,1059000,1043000,-18400,-1.737,-0.35,"오버나잇: 등락 +5.5%, 범위 위치 79%",익일 시초 매도
2026-08-06 15:10,2026-08-07 09:01,068270,셀트리온,오버나잇,8,194600,193100,-15553,-0.999,-0.20,"오버나잇: 등락 +2.0%, 범위 위치 72%",익일 시초 매도
2026-08-06 15:10,2026-08-07 09:01,073240,금호타이어,오버나잇,209,7880,7880,-3787,-0.230,-0.05,"오버나잇: 등락 +9.4%, 범위 위치 56%",익일 시초 매도
2026-08-06 15:10,2026-08-07 09:01,278470,에이피알,오버나잇,4,378500,375500,-15456,-1.021,-0.21,"오버나잇: 등락 +5.1%, 범위 위치 70%",익일 시초 매도
2026-08-06 15:10,2026-08-07 09:01,058610,에스피지,오버나잇,15,109200,109100,-5263,-0.321,-0.06,"오버나잇: 등락 +3.2%, 범위 위치 19%",익일 시초 매도
2026-08-06 15:10,2026-08-07 09:01,047040,대우건설,오버나잇,98,16880,16860,-5759,-0.348,-0.07,"오버나잇: 등락 +3.9%, 범위 위치 63%",익일 시초 매도
2026-08-07 15:10,2026-08-10 09:01,009150,삼성전기,오버나잇,1,1285000,1314000,25983,2.022,0.41,"오버나잇: 등락 +4.6%, 범위 위치 71%",익일 시초 매도
2026-08-07 15:10,2026-08-10 09:01,010170,대한광통신,오버나잇,143,11390,11740,46198,2.836,0.58,"오버나잇: 등락 +2.9%, 범위 위치 33%",익일 시초 매도
2026-08-07 15:10,2026-08-10 09:01,006400,삼성SDI,오버나잇,3,458000,454000,-15134,-1.101,-0.22,"오버나잇: 등락 +4.8%, 범위 위치 67%",익일 시초 매도
2026-08-07 15:10,2026-08-10 09:01,066570,LG전자,오버나잇,8,184500,184600,-2595,-0.176,-0.04,"오버나잇: 등락 +5.4%, 범위 위치 65%",익일 시초 매도
2026-08-07 15:10,2026-08-10 09:01,068270,셀트리온,오버나잇,8,199000,197600,-14836,-0.932,-0.19,"오버나잇: 등락 +2.2%, 범위 위치 98%",익일 시초 매도
2026-08-07 15:10,2026-08-10 09:01,096770,SK이노베이션,오버나잇,13,119700,119100,-11361,-0.730,-0.15,"오버나잇: 등락 +10.3%, 범위 위치 98%",익일 시초 매도
2026-08-07 15:10,2026-08-10 09:01,066970,엘앤에프,오버나잇,18,90200,90000,-7326,-0.451,-0.09,"오버나잇: 등락 +8.4%, 범위 위치 49%",익일 시초 매도
2026-08-10 09:14,2026-08-10 15:05,006360,GS건설,ORB,58,33950,34650,35985,1.827,0.62,"ORB5 고가 33,850 돌파 (범위 5.8%, 등락 +7.3%)",장마감 강제청산
2026-08-10 09:29,2026-08-10 15:05,006340,대원전선,ORB,137,14490,14600,10473,0.528,0.18,"ORB5 고가 14,470 돌파 (범위 3.8%, 등락 +5.1%)",장마감 강제청산
2026-08-10 09:05,2026-08-10 15:05,240810,원익IPS,ORB,21,93400,98300,98169,5.005,1.67,"ORB5 고가 93,200 돌파 (범위 5.3%, 등락 +5.8%)",장마감 강제청산
2026-08-10 15:10,2026-08-11 09:01,196170,알테오젠,오버나잇,4,347000,342500,-21153,-1.524,-0.31,"오버나잇: 등락 +13.8%, 범위 위치 79%",익일 시초 매도
2026-08-10 15:10,2026-08-11 09:01,009830,한화솔루션,오버나잇,46,35300,34200,-54224,-3.339,-0.67,"오버나잇: 등락 +4.1%, 범위 위치 75%",익일 시초 매도
2026-08-10 15:10,2026-08-11 09:01,006400,삼성SDI,오버나잇,3,483000,475000,-27280,-1.883,-0.38,"오버나잇: 등락 +6.2%, 범위 위치 96%",익일 시초 매도
2026-08-10 15:10,2026-08-11 09:01,080220,제주반도체,오버나잇,18,87300,85900,-28758,-1.830,-0.37,"오버나잇: 등락 +15.8%, 범위 위치 69%",익일 시초 매도
2026-08-10 15:10,2026-08-11 09:01,012450,한화에어로스페이스,오버나잇,1,1155000,1173000,15306,1.325,0.27,"오버나잇: 등락 +5.9%, 범위 위치 75%",익일 시초 매도
2026-08-10 15:10,2026-08-11 09:01,005380,현대차,오버나잇,4,408000,406000,-11735,-0.719,-0.15,"오버나잇: 등락 +2.5%, 범위 위치 86%",익일 시초 매도
2026-08-10 15:10,2026-08-11 09:01,010170,대한광통신,오버나잇,120,13620,13020,-75603,-4.626,-0.93,"오버나잇: 등락 +18.8%, 범위 위치 75%",익일 시초 매도
2026-08-10 15:10,2026-08-11 09:01,066570,LG전자,오버나잇,8,190000,187700,-21856,-1.438,-0.29,"오버나잇: 등락 +2.2%, 범위 위치 93%",익일 시초 매도
2026-08-11 09:05,2026-08-11 09:10,002990,금호건설,ORB,322,9290,10240,298364,9.974,3.43,"ORB5 고가 9,260 돌파 (범위 3.6%, 등락 +5.1%) · A등급",목표 익절 +10%
2026-08-11 09:06,2026-08-11 09:14,439090,마녀공장,ORB,159,18760,18200,-95708,-3.209,-1.07,"ORB5 고가 18,740 돌파 (범위 3.0%, 등락 +7.6%) · A등급","손절 (18,200)"
2026-08-11 15:10,2026-08-12 09:01,000660,SK하이닉스,오버나잇,1,1435000,1456000,17655,1.230,0.25,"오버나잇: 등락 +1.2%, 범위 위치 76%",익일 시초 매도
2026-08-11 15:10,2026-08-12 09:01,009150,삼성전기,오버나잇,1,1277000,1287000,7042,0.551,0.11,"오버나잇: 등락 +0.1%, 범위 위치 80%",익일 시초 매도
2026-08-11 15:10,2026-08-12 09:01,402340,SK스퀘어,오버나잇,1,953000,982000,26747,2.807,0.57,"오버나잇: 등락 +1.2%, 범위 위치 86%",익일 시초 매도
2026-08-11 15:10,2026-08-12 09:01,036930,주성엔지니어링,오버나잇,10,161900,162500,2265,0.140,0.03,"오버나잇: 등락 +11.8%, 범위 위치 79%",익일 시초 매도
2026-08-11 15:10,2026-08-12 09:01,080220,제주반도체,오버나잇,18,90100,90500,3455,0.213,0.04,"오버나잇: 등락 +2.7%, 범위 위치 47%",익일 시초 매도
2026-08-11 15:10,2026-08-12 09:01,009830,한화솔루션,오버나잇,45,36500,36050,-23983,-1.460,-0.30,"오버나잇: 등락 +3.5%, 범위 위치 67%",익일 시초 매도
2026-08-11 15:10,2026-08-12 09:01,073240,금호타이어,오버나잇,221,7470,7270,-47901,-2.902,-0.59,"오버나잇: 등락 +1.4%, 범위 위치 75%",익일 시초 매도
2026-08-11 15:10,2026-08-12 09:01,058610,에스피지,오버나잇,14,113700,113200,-10644,-0.669,-0.14,"오버나잇: 등락 +5.8%, 범위 위치 38%",익일 시초 매도
2026-08-12 09:05,2026-08-12 10:40,066570,LG전자,ORB,15,189000,207500,270384,9.537,3.22,"ORB5 고가 188,700 돌파 (범위 2.5%, 등락 +3.6%) · A등급",목표 익절 +10%
2026-08-12 09:05,2026-08-12 15:05,402340,SK스퀘어,ORB,3,998000,1031000,91902,3.070,1.06,"ORB5 고가 997,000 돌파 (범위 3.6%, 등락 +4.8%) · A등급",장마감 강제청산
2026-08-12 09:05,2026-08-12 15:05,006340,대원전선,ORB,193,15490,16000,91343,3.055,1.03,"ORB5 고가 15,480 돌파 (범위 3.1%, 등락 +6.7%) · A등급",장마감 강제청산
2026-08-12 15:10,2026-08-13 09:01,000660,SK하이닉스,오버나잇,1,1511000,1581000,66375,4.393,0.88,"오버나잇: 등락 +5.4%, 범위 위치 64%",익일 시초 매도
2026-08-12 15:10,2026-08-13 09:01,009150,삼성전기,오버나잇,1,1338000,1431000,89724,6.706,1.36,"오버나잇: 등락 +4.7%, 범위 위치 83%",익일 시초 매도
2026-08-12 15:10,2026-08-13 09:01,402340,SK스퀘어,오버나잇,1,1037000,1100000,60480,5.832,1.19,"오버나잇: 등락 +8.8%, 범위 위치 81%",익일 시초 매도
2026-08-12 15:10,2026-08-13 09:01,036930,주성엔지니어링,오버나잇,9,174100,179600,45791,2.922,0.58,"오버나잇: 등락 +7.1%, 범위 위치 70%",익일 시초 매도
2026-08-12 15:10,2026-08-13 09:01,161890,한국콜마,오버나잇,12,132700,132900,-1266,-0.080,-0.02,"오버나잇: 등락 +16.3%, 범위 위치 77%",익일 시초 매도
2026-08-12 15:10,2026-08-13 09:01,006400,삼성SDI,오버나잇,3,487500,486500,-6356,-0.435,-0.09,"오버나잇: 등락 +5.1%, 범위 위치 76%",익일 시초 매도
2026-08-12 15:10,2026-08-13 09:01,257720,실리콘투,오버나잇,36,45050,44300,-30671,-1.891,-0.38,"오버나잇: 등락 +10.1%, 범위 위치 58%",익일 시초 매도
2026-08-12 15:10,2026-08-13 09:01,006340,대원전선,오버나잇,103,15975,15410,-61853,-3.759,-0.76,"오버나잇: 등락 +10.0%, 범위 위치 89%",익일 시초 매도
2026-08-13 09:05,2026-08-13 09:31,001820,삼화콘덴서,ORB,20,96300,106200,193146,10.028,3.45,"ORB5 고가 96,200 돌파 (범위 5.1%, 등락 +9.4%)",목표 익절 +10%
2026-08-13 09:05,2026-08-13 15:05,073240,금호타이어,ORB,256,7800,8100,72043,3.608,1.22,"ORB5 고가 7,790 돌파 (범위 5.6%, 등락 +5.8%)",장마감 강제청산
2026-08-13 15:10,2026-08-14 09:01,000660,SK하이닉스,오버나잇,1,1591000,1695000,100118,6.293,1.27,"오버나잇: 등락 +4.6%, 범위 위치 36%",익일 시초 매도
2026-08-13 15:10,2026-08-14 09:01,009150,삼성전기,오버나잇,1,1505000,1593000,84351,5.605,1.12,"오버나잇: 등락 +11.6%, 범위 위치 68%",익일 시초 매도
2026-08-13 15:10,2026-08-14 09:01,402340,SK스퀘어,오버나잇,1,1111500,1182000,67793,6.099,1.22,"오버나잇: 등락 +5.9%, 범위 위치 43%",익일 시초 매도
2026-08-13 15:10,2026-08-14 09:01,005380,현대차,오버나잇,4,416000,423500,26109,1.569,0.32,"오버나잇: 등락 +1.0%, 범위 위치 6%",익일 시초 매도
2026-08-13 15:10,2026-08-14 09:01,017670,SK텔레콤,오버나잇,18,91500,92300,10582,0.643,0.13,"오버나잇: 등락 +4.0%, 범위 위치 25%",익일 시초 매도
2026-08-13 15:10,2026-08-14 09:01,073240,금호타이어,오버나잇,203,8260,8200,-16009,-0.955,-0.19,"오버나잇: 등락 +12.1%, 범위 위치 87%",익일 시초 매도
2026-08-13 15:10,2026-08-14 09:01,036930,주성엔지니어링,오버나잇,9,177400,184800,62786,3.932,0.79,"오버나잇: 등락 +2.0%, 범위 위치 35%",익일 시초 매도
2026-08-13 15:10,2026-08-14 09:01,001820,삼화콘덴서,오버나잇,16,102800,107900,77644,4.721,0.95,"오버나잇: 등락 +16.8%, 범위 위치 59%",익일 시초 매도
2026-08-14 09:05,2026-08-14 09:23,036930,주성엔지니어링,ORB,15,186500,180800,-91749,-3.280,-1.11,"ORB5 고가 186,400 돌파 (범위 2.9%, 등락 +4.0%) · A등급","손절 (181,000)"
2026-08-14 09:07,2026-08-14 15:05,257720,실리콘투,ORB,69,43150,42600,-44714,-1.502,-0.52,"ORB5 고가 43,100 돌파 (범위 3.7%, 등락 +6.0%) · A등급",장마감 강제청산
2026-08-14 15:10,2026-08-18 09:01,000660,SK하이닉스,오버나잇,1,1643000,1735000,88024,5.358,1.07,"오버나잇: 등락 +4.5%, 범위 위치 24%",익일 시초 매도
2026-08-14 15:10,2026-08-18 09:01,009150,삼성전기,오버나잇,1,1566000,1573000,3385,0.216,0.04,"오버나잇: 등락 +4.9%, 범위 위치 52%",익일 시초 매도
2026-08-14 15:10,2026-08-18 09:01,402340,SK스퀘어,오버나잇,1,1150000,1200000,47248,4.109,0.83,"오버나잇: 등락 +5.0%, 범위 위치 36%",익일 시초 매도
2026-08-14 15:10,2026-08-18 09:01,005380,현대차,오버나잇,3,454000,459500,13333,0.979,0.20,"오버나잇: 등락 +8.9%, 범위 위치 94%",익일 시초 매도
2026-08-14 15:10,2026-08-18 09:01,034020,두산에너빌리티,오버나잇,20,82150,82200,-2780,-0.169,-0.03,"오버나잇: 등락 +0.3%, 범위 위치 24%",익일 시초 매도
2026-08-14 15:10,2026-08-18 09:01,017670,SK텔레콤,오버나잇,17,100600,102400,26602,1.555,0.31,"오버나잇: 등락 +9.2%, 범위 위치 97%",익일 시초 매도
2026-08-14 15:10,2026-08-18 09:01,042660,한화오션,오버나잇,18,95300,94900,-11129,-0.649,-0.13,"오버나잇: 등락 +5.5%, 범위 위치 30%",익일 시초 매도
2026-08-14 15:10,2026-08-18 09:01,058610,에스피지,오버나잇,14,118900,122000,39479,2.372,0.48,"오버나잇: 등락 +6.4%, 범위 위치 57%",익일 시초 매도
2026-08-18 09:09,2026-08-18 11:46,036930,주성엔지니어링,ORB,10,187000,181300,-61177,-3.271,-1.09,"ORB5 고가 186,900 돌파 (범위 4.4%, 등락 +5.2%)","손절 (181,400)"
2026-08-18 09:05,2026-08-18 15:05,403870,HPSP,ORB,70,42300,42275,-8555,-0.289,-0.10,"ORB5 고가 42,200 돌파 (범위 3.6%, 등락 +4.7%) · A등급",장마감 강제청산
2026-08-18 15:10,2026-08-19 09:01,257720,실리콘투,오버나잇,39,44400,45200,27152,1.568,0.32,"오버나잇: 등락 +3.9%, 범위 위치 55%",익일 시초 매도
2026-08-18 15:10,2026-08-19 09:01,403870,HPSP,오버나잇,40,42450,40450,-83732,-4.931,-1.00,"오버나잇: 등락 +5.1%, 범위 위치 35%",익일 시초 매도
2026-08-18 15:10,2026-08-19 09:01,007660,이수페타시스,오버나잇,16,102200,99900,-40480,-2.476,-0.50,"오버나잇: 등락 +7.0%, 범위 위치 54%",익일 시초 매도
2026-08-18 15:10,2026-08-19 09:01,222800,심텍,오버나잇,15,110800,103900,-107099,-6.444,-1.30,"오버나잇: 등락 +2.1%, 범위 위치 45%",익일 시초 매도
2026-08-18 15:10,2026-08-19 09:01,067310,하나마이크론,오버나잇,44,39050,37450,-74199,-4.318,-0.86,"오버나잇: 등락 +6.7%, 범위 위치 4%",익일 시초 매도
2026-08-18 15:10,2026-08-19 09:01,096770,SK이노베이션,오버나잇,13,130400,129700,-12978,-0.766,-0.15,"오버나잇: 등락 +1.3%, 범위 위치 49%",익일 시초 매도
2026-08-18 15:10,2026-08-19 09:01,093370,후성,오버나잇,135,12820,11990,-115788,-6.690,-1.34,"오버나잇: 등락 +3.4%, 범위 위치 18%",익일 시초 매도
2026-08-19 15:10,2026-08-20 09:01,012450,한화에어로스페이스,오버나잇,1,1183000,1190000,4265,0.361,0.07,"오버나잇: 등락 +4.1%, 범위 위치 23%",익일 시초 매도
2026-08-19 15:10,2026-08-20 09:01,006400,삼성SDI,오버나잇,3,485500,492500,17606,1.209,0.24,"오버나잇: 등락 +1.1%, 범위 위치 54%",익일 시초 매도
2026-08-19 15:10,2026-08-20 09:01,403870,HPSP,오버나잇,38,45900,45950,-2114,-0.121,-0.02,"오버나잇: 등락 +7.6%, 범위 위치 86%",익일 시초 매도
2026-08-19 15:10,2026-08-20 09:01,222800,심텍,오버나잇,15,110500,113100,35105,2.118,0.43,"오버나잇: 등락 +1.0%, 범위 위치 51%",익일 시초 매도
2026-08-19 15:10,2026-08-20 09:01,007660,이수페타시스,오버나잇,16,104000,104500,4157,0.250,0.05,"오버나잇: 등락 +3.0%, 범위 위치 48%",익일 시초 매도
2026-08-19 15:10,2026-08-20 09:01,257720,실리콘투,오버나잇,38,45500,44700,-34310,-1.984,-0.40,"오버나잇: 등락 +0.4%, 범위 위치 34%",익일 시초 매도
2026-08-19 15:10,2026-08-20 09:01,000720,현대건설,오버나잇,15,116500,115200,-23477,-1.343,-0.27,"오버나잇: 등락 +7.7%, 범위 위치 85%",익일 시초 매도
2026-08-19 15:10,2026-08-20 09:01,125490,한라캐스트,오버나잇,145,12080,12040,-9814,-0.560,-0.11,"오버나잇: 등락 +1.8%, 범위 위치 27%",익일 시초 매도
2026-08-20 09:07,2026-08-20 09:13,036930,주성엔지니어링,ORB,16,178100,172700,-92767,-3.255,-1.09,"ORB5 고가 177,900 돌파 (범위 2.5%, 등락 +3.8%) · A등급","손절 (172,800)"
2026-08-20 15:10,2026-08-21 09:01,000660,SK하이닉스,오버나잇,1,1696000,1675000,-24855,-1.466,-0.30,"오버나잇: 등락 +4.4%, 범위 위치 83%",익일 시초 매도
2026-08-20 15:10,2026-08-21 09:01,402340,SK스퀘어,오버나잇,1,1123000,1096000,-29524,-2.629,-0.53,"오버나잇: 등락 +1.9%, 범위 위치 91%",익일 시초 매도
2026-08-20 15:10,2026-08-21 09:01,028260,삼성물산,오버나잇,4,375000,370000,-23407,-1.560,-0.32,"오버나잇: 등락 +5.6%, 범위 위치 91%",익일 시초 매도
2026-08-20 15:10,2026-08-21 09:01,403870,HPSP,오버나잇,35,48150,47550,-24829,-1.473,-0.30,"오버나잇: 등락 +5.4%, 범위 위치 72%",익일 시초 매도
2026-08-20 15:10,2026-08-21 09:01,278470,에이피알,오버나잇,4,385000,381500,-17511,-1.137,-0.23,"오버나잇: 등락 +1.2%, 범위 위치 95%",익일 시초 매도
2026-08-20 15:10,2026-08-21 09:01,003230,삼양식품,오버나잇,1,1395000,1392000,-6201,-0.445,-0.09,"오버나잇: 등락 +7.7%, 범위 위치 86%",익일 시초 매도
2026-08-20 15:10,2026-08-21 09:01,196170,알테오젠,오버나잇,5,340500,325000,-81248,-4.772,-0.96,"오버나잇: 등락 +11.3%, 범위 위치 82%",익일 시초 매도
2026-08-21 15:10,2026-08-24 09:01,017670,SK텔레콤,오버나잇,16,102300,105500,47326,2.891,0.58,"오버나잇: 등락 +6.2%, 범위 위치 83%",익일 시초 매도
2026-08-21 15:10,2026-08-24 09:01,028260,삼성물산,오버나잇,4,396500,383000,-57530,-3.627,-0.74,"오버나잇: 등락 +5.7%, 범위 위치 88%",익일 시초 매도
2026-08-21 15:10,2026-08-24 09:01,278470,에이피알,오버나잇,4,385500,386000,-1550,-0.101,-0.02,"오버나잇: 등락 +0.8%, 범위 위치 83%",익일 시초 매도
2026-08-21 15:10,2026-08-24 09:01,257720,실리콘투,오버나잇,35,47950,47000,-37037,-2.207,-0.45,"오버나잇: 등락 +4.2%, 범위 위치 95%",익일 시초 매도
2026-08-21 15:10,2026-08-24 09:01,105560,KB금융,오버나잇,10,164200,162500,-20739,-1.263,-0.25,"오버나잇: 등락 +2.4%, 범위 위치 92%",익일 시초 매도
2026-08-21 15:10,2026-08-24 09:01,055550,신한지주,오버나잇,16,104100,104100,-3829,-0.230,-0.05,"오버나잇: 등락 +3.4%, 범위 위치 86%",익일 시초 매도
2026-08-21 15:10,2026-08-24 09:01,086790,하나금융지주,오버나잇,13,129500,129400,-5168,-0.307,-0.06,"오버나잇: 등락 +4.5%, 범위 위치 96%",익일 시초 매도
2026-08-24 15:10,2026-08-25 09:01,278470,에이피알,오버나잇,4,408750,407500,-8749,-0.535,-0.11,"오버나잇: 등락 +6.9%, 범위 위치 80%",익일 시초 매도
2026-08-24 15:10,2026-08-25 09:01,066570,LG전자,오버나잇,8,199000,196000,-27609,-1.734,-0.35,"오버나잇: 등락 +2.8%, 범위 위치 59%",익일 시초 매도
2026-08-24 15:10,2026-08-25 09:01,124500,아이티센글로벌,오버나잇,44,37700,39200,62045,3.740,0.76,"오버나잇: 등락 +12.9%, 범위 위치 48%",익일 시초 매도
2026-08-24 15:10,2026-08-25 09:01,010120,LS ELECTRIC,오버나잇,8,191250,188900,-22277,-1.456,-0.29,"오버나잇: 등락 +1.7%, 범위 위치 76%",익일 시초 매도
2026-08-24 15:10,2026-08-25 09:01,066970,엘앤에프,오버나잇,13,121850,119900,-28937,-1.827,-0.37,"오버나잇: 등락 +15.0%, 범위 위치 82%",익일 시초 매도
2026-08-24 15:10,2026-08-25 09:01,086520,에코프로,오버나잇,19,87800,85400,-49338,-2.958,-0.60,"오버나잇: 등락 +6.6%, 범위 위치 82%",익일 시초 매도
2026-08-24 15:10,2026-08-25 09:01,373220,LG에너지솔루션,오버나잇,4,362000,359500,-13308,-0.919,-0.18,"오버나잇: 등락 +4.5%, 범위 위치 92%",익일 시초 매도
2026-08-24 15:10,2026-08-25 09:01,003670,포스코퓨처엠,오버나잇,9,171000,168400,-26888,-1.747,-0.35,"오버나잇: 등락 +10.4%, 범위 위치 83%",익일 시초 매도
2026-08-25 15:10,2026-08-26 09:01,000660,SK하이닉스,오버나잇,1,1672000,1667000,-8834,-0.528,-0.11,"오버나잇: 등락 +0.5%, 범위 위치 92%",익일 시초 매도
2026-08-25 15:10,2026-08-26 09:01,009150,삼성전기,오버나잇,1,1349000,1342000,-10087,-0.748,-0.15,"오버나잇: 등락 +3.3%, 범위 위치 96%",익일 시초 매도
2026-08-25 15:10,2026-08-26 09:01,034020,두산에너빌리티,오버나잇,20,81300,82900,28193,1.734,0.35,"오버나잇: 등락 +7.3%, 범위 위치 96%",익일 시초 매도
2026-08-25 15:10,2026-08-26 09:01,005380,현대차,오버나잇,4,420500,427000,22076,1.312,0.26,"오버나잇: 등락 +1.9%, 범위 위치 68%",익일 시초 매도
2026-08-25 15:10,2026-08-26 09:01,000720,현대건설,오버나잇,13,121200,126900,70318,4.463,0.90,"오버나잇: 등락 +12.0%, 범위 위치 91%",익일 시초 매도
2026-08-25 15:10,2026-08-26 09:01,052690,한전기술,오버나잇,15,109400,110200,8201,0.500,0.10,"오버나잇: 등락 +6.2%, 범위 위치 88%",익일 시초 매도
2026-08-25 15:10,2026-08-26 09:01,278470,에이피알,오버나잇,3,438250,444500,15686,1.193,0.24,"오버나잇: 등락 +6.6%, 범위 위치 94%",익일 시초 매도
2026-08-25 15:10,2026-08-26 09:01,041190,우리기술투자,오버나잇,248,6800,6670,-36048,-2.138,-0.43,"오버나잇: 등락 +15.8%, 범위 위치 65%",익일 시초 매도
2026-08-26 09:05,2026-08-26 09:11,336260,두산퓨얼셀,ORB,43,46000,44600,-64618,-3.267,-1.11,"ORB5 고가 45,950 돌파 (범위 6.0%, 등락 +8.2%)","손절 (44,650)"
2026-08-26 09:17,2026-08-26 09:34,052690,한전기술,ORB,17,112300,123500,185601,9.722,3.31,"ORB5 고가 112,000 돌파 (범위 4.1%, 등락 +3.4%)",목표 익절 +10%
2026-08-26 09:05,2026-08-26 09:45,002990,금호건설,ORB,125,15990,15520,-63220,-3.163,-1.08,"ORB5 고가 15,980 돌파 (범위 4.8%, 등락 +4.0%)","손절 (15,520)"
2026-08-26 09:06,2026-08-26 15:05,015760,한국전력,ORB,87,33950,34850,71340,2.415,0.82,"ORB5 고가 33,900 돌파 (범위 2.7%, 등락 +3.7%) · A등급",장마감 강제청산
2026-08-26 15:10,2026-08-27 09:01,034020,두산에너빌리티,오버나잇,19,85600,84000,-34074,-2.095,-0.43,"오버나잇: 등락 +6.2%, 범위 위치 80%",익일 시초 매도
2026-08-26 15:10,2026-08-27 09:01,047040,대우건설,오버나잇,87,19100,19090,-4689,-0.282,-0.06,"오버나잇: 등락 +8.4%, 범위 위치 71%",익일 시초 매도
2026-08-26 15:10,2026-08-27 09:01,010170,대한광통신,오버나잇,124,13480,14080,70398,4.212,0.85,"오버나잇: 등락 -+0.1%, 범위 위치 14%",익일 시초 매도
2026-08-26 15:10,2026-08-27 09:01,000720,현대건설,오버나잇,12,129800,129200,-10765,-0.691,-0.14,"오버나잇: 등락 +7.4%, 범위 위치 72%",익일 시초 매도
2026-08-26 15:10,2026-08-27 09:01,028260,삼성물산,오버나잇,4,387500,391500,12402,0.800,0.16,"오버나잇: 등락 +4.0%, 범위 위치 89%",익일 시초 매도
2026-08-26 15:10,2026-08-27 09:01,052690,한전기술,오버나잇,13,121800,120400,-21801,-1.377,-0.28,"오버나잇: 등락 +12.2%, 범위 위치 51%",익일 시초 매도
2026-08-26 15:10,2026-08-27 09:01,015760,한국전력,오버나잇,48,34975,34000,-50559,-3.012,-0.61,"오버나잇: 등락 +6.6%, 범위 위치 57%",익일 시초 매도
2026-08-26 15:10,2026-08-27 09:01,006360,GS건설,오버나잇,44,37850,37350,-25781,-1.548,-0.32,"오버나잇: 등락 +8.0%, 범위 위치 89%",익일 시초 매도
2026-08-27 09:22,2026-08-27 15:05,222800,심텍,ORB,16,123000,125100,29002,1.474,0.50,"ORB5 고가 122,600 돌파 (범위 3.6%, 등락 +9.6%)",장마감 강제청산
2026-08-27 09:12,2026-08-27 15:05,010170,대한광통신,ORB,135,14700,14890,21032,1.060,0.35,"ORB5 고가 14,670 돌파 (범위 4.8%, 등락 +8.9%)",장마감 강제청산
2026-08-27 09:07,2026-08-27 15:05,062040,산일전기,ORB,15,191700,199600,111632,3.882,1.31,"ORB5 고가 191,200 돌파 (범위 2.9%, 등락 +7.1%) · A등급",장마감 강제청산
2026-08-27 09:17,2026-08-27 15:05,267260,HD현대일렉트릭,ORB,2,799000,821000,40231,2.518,0.87,"ORB5 고가 798,000 돌파 (범위 3.6%, 등락 +9.6%)",장마감 강제청산
2026-08-27 09:09,2026-08-27 15:05,096770,SK이노베이션,ORB,25,113500,111600,-53923,-1.900,-0.63,"ORB5 고가 113,400 돌파 (범위 2.7%, 등락 +4.3%) · A등급",장마감 강제청산
2026-08-27 15:10,2026-08-28 09:01,009150,삼성전기,오버나잇,1,1379000,1397000,14791,1.073,0.22,"오버나잇: 등락 +4.3%, 범위 위치 68%",익일 시초 매도
2026-08-27 15:10,2026-08-28 09:01,222800,심텍,오버나잇,13,124700,126800,23514,1.450,0.29,"오버나잇: 등락 +11.1%, 범위 위치 65%",익일 시초 매도
2026-08-27 15:10,2026-08-28 09:01,047040,대우건설,오버나잇,85,19900,20000,4592,0.271,0.05,"오버나잇: 등락 +4.2%, 범위 위치 36%",익일 시초 매도
2026-08-27 15:10,2026-08-28 09:01,062040,산일전기,오버나잇,8,202000,199500,-23673,-1.465,-0.31,"오버나잇: 등락 +12.8%, 범위 위치 97%",익일 시초 매도
2026-08-27 15:10,2026-08-28 09:01,010170,대한광통신,오버나잇,114,14870,14720,-20961,-1.237,-0.25,"오버나잇: 등락 +10.1%, 범위 위치 77%",익일 시초 매도
2026-08-27 15:10,2026-08-28 09:01,402340,SK스퀘어,오버나잇,1,1068000,1063000,-7445,-0.697,-0.14,"오버나잇: 등락 +1.8%, 범위 위치 28%",익일 시초 매도
2026-08-28 15:10,2026-08-31 09:01,009150,삼성전기,오버나잇,1,1419000,1370000,-52157,-3.676,-0.75,"오버나잇: 등락 +1.7%, 범위 위치 44%",익일 시초 매도
2026-08-28 15:10,2026-08-31 09:01,034020,두산에너빌리티,오버나잇,19,88400,86400,-41780,-2.487,-0.50,"오버나잇: 등락 +3.2%, 범위 위치 85%",익일 시초 매도
2026-08-28 15:10,2026-08-31 09:01,096770,SK이노베이션,오버나잇,14,116700,119200,31168,1.908,0.38,"오버나잇: 등락 +4.0%, 범위 위치 65%",익일 시초 매도
2026-08-28 15:10,2026-08-31 09:01,001210,금호전기,오버나잇,166,10225,11080,137723,8.114,1.61,"오버나잇: 등락 +24.4%, 범위 위치 89%",익일 시초 매도
2026-08-28 15:10,2026-08-31 09:01,002990,금호건설,오버나잇,101,16820,17050,19274,1.135,0.23,"오버나잇: 등락 +11.0%, 범위 위치 55%",익일 시초 매도
2026-08-28 15:10,2026-08-31 09:01,278470,에이피알,오버나잇,3,464000,457000,-24155,-1.735,-0.35,"오버나잇: 등락 +7.3%, 범위 위치 98%",익일 시초 매도
2026-08-28 15:10,2026-08-31 09:01,001820,삼화콘덴서,오버나잇,15,110800,106000,-75667,-4.553,-0.92,"오버나잇: 등락 +2.2%, 범위 위치 31%",익일 시초 매도
2026-08-31 09:14,2026-08-31 15:05,096770,SK이노베이션,ORB,24,120700,125100,98712,3.408,1.14,"ORB5 고가 120,500 돌파 (범위 3.3%, 등락 +3.3%) · A등급",장마감 강제청산
2026-08-31 15:10,2026-09-01 09:01,009150,삼성전기,오버나잇,1,1448000,1440000,-11313,-0.781,-0.16,"오버나잇: 등락 +3.1%, 범위 위치 90%",익일 시초 매도
2026-08-31 15:10,2026-09-01 09:01,402340,SK스퀘어,오버나잇,1,1035500,1015000,-22837,-2.205,-0.44,"오버나잇: 등락 +0.6%, 범위 위치 85%",익일 시초 매도
2026-08-31 15:10,2026-09-01 09:01,096770,SK이노베이션,오버나잇,13,125500,126800,13113,0.804,0.16,"오버나잇: 등락 +7.4%, 범위 위치 82%",익일 시초 매도
2026-08-31 15:10,2026-09-01 09:01,005380,현대차,오버나잇,4,404500,403500,-7712,-0.477,-0.10,"오버나잇: 등락 +1.4%, 범위 위치 92%",익일 시초 매도
2026-08-31 15:10,2026-09-01 09:01,066970,엘앤에프,오버나잇,11,146400,142100,-50901,-3.161,-0.63,"오버나잇: 등락 +8.1%, 범위 위치 90%",익일 시초 매도
2026-08-31 15:10,2026-09-01 09:01,001210,금호전기,오버나잇,135,12630,13140,64782,3.799,0.76,"오버나잇: 등락 +18.2%, 범위 위치 63%",익일 시초 매도
2026-08-31 15:10,2026-09-01 09:01,003670,포스코퓨처엠,오버나잇,8,199700,197100,-24428,-1.529,-0.31,"오버나잇: 등락 +7.4%, 범위 위치 92%",익일 시초 매도
2026-08-31 15:10,2026-09-01 09:01,476060,온코닉테라퓨틱스,오버나잇,94,18090,17430,-65816,-3.870,-0.78,"오버나잇: 등락 +19.8%, 범위 위치 86%",익일 시초 매도
2026-09-01 09:09,2026-09-01 09:24,002990,금호건설,ORB,174,17200,16690,-95431,-3.189,-1.08,"ORB5 고가 17,180 돌파 (범위 4.0%, 등락 +4.5%) · A등급","손절 (16,690)"
2026-09-01 09:05,2026-09-01 15:05,096770,SK이노베이션,ORB,15,133000,135500,32832,1.646,0.56,"ORB5 고가 132,800 돌파 (범위 5.6%, 등락 +5.7%)",장마감 강제청산
2026-09-01 15:10,2026-09-02 09:01,000660,SK하이닉스,오버나잇,1,1697000,1629000,-71756,-4.228,-0.85,"오버나잇: 등락 +2.6%, 범위 위치 72%",익일 시초 매도
2026-09-01 15:10,2026-09-02 09:01,096770,SK이노베이션,오버나잇,12,135800,133500,-31288,-1.920,-0.39,"오버나잇: 등락 +7.9%, 범위 위치 78%",익일 시초 매도
2026-09-01 15:10,2026-09-02 09:01,055550,신한지주,오버나잇,15,111500,110500,-18813,-1.125,-0.23,"오버나잇: 등락 +2.3%, 범위 위치 88%",익일 시초 매도
2026-09-01 15:10,2026-09-02 09:01,028260,삼성물산,오버나잇,4,389500,379500,-43496,-2.792,-0.57,"오버나잇: 등락 +3.5%, 범위 위치 91%",익일 시초 매도
2026-09-01 15:10,2026-09-02 09:01,005490,POSCO홀딩스,오버나잇,4,342500,332500,-43064,-3.143,-0.63,"오버나잇: 등락 +1.2%, 범위 위치 37%",익일 시초 매도
2026-09-01 15:10,2026-09-02 09:01,001210,금호전기,오버나잇,132,12830,13290,56695,3.348,0.67,"오버나잇: 등락 +2.7%, 범위 위치 6%",익일 시초 매도
2026-09-01 15:10,2026-09-02 09:01,402340,SK스퀘어,오버나잇,1,1066000,1019000,-49349,-4.629,-0.93,"오버나잇: 등락 +3.5%, 범위 위치 90%",익일 시초 매도
2026-09-01 15:10,2026-09-02 09:01,064550,바이오니아,오버나잇,153,11090,10320,-121457,-7.158,-1.44,"오버나잇: 등락 +22.3%, 범위 위치 92%",익일 시초 매도
2026-09-02 15:10,2026-09-03 09:01,009150,삼성전기,오버나잇,1,1411000,1431000,16713,1.184,0.24,"오버나잇: 등락 +0.6%, 범위 위치 59%",익일 시초 매도
2026-09-02 15:10,2026-09-03 09:01,055550,신한지주,오버나잇,15,110200,113000,38109,2.305,0.46,"오버나잇: 등락 +0.4%, 범위 위치 5%",익일 시초 매도
2026-09-02 15:10,2026-09-03 09:01,036930,주성엔지니어링,오버나잇,9,175700,177700,14326,0.906,0.18,"오버나잇: 등락 +1.6%, 범위 위치 62%",익일 시초 매도
2026-09-02 15:10,2026-09-03 09:01,002990,금호건설,오버나잇,98,17140,17340,15697,0.935,0.19,"오버나잇: 등락 +3.8%, 범위 위치 44%",익일 시초 매도
2026-09-02 15:10,2026-09-03 09:01,001820,삼화콘덴서,오버나잇,15,112600,114000,17071,1.011,0.20,"오버나잇: 등락 +0.1%, 범위 위치 34%",익일 시초 매도
2026-09-02 15:10,2026-09-03 09:01,387690,레메디,오버나잇,101,16680,16600,-11936,-0.709,-0.14,"오버나잇: 등락 +15.1%, 범위 위치 59%",익일 시초 매도
2026-09-02 15:10,2026-09-03 09:01,044490,태웅,오버나잇,45,37300,36800,-26311,-1.568,-0.32,"오버나잇: 등락 +15.7%, 범위 위치 56%",익일 시초 매도
2026-09-02 15:10,2026-09-03 09:01,024060,흥구석유,오버나잇,149,11340,11210,-23213,-1.374,-0.28,"오버나잇: 등락 +11.1%, 범위 위치 30%",익일 시초 매도
2026-09-03 15:10,2026-09-04 09:01,000660,SK하이닉스,오버나잇,1,1608000,1619000,7279,0.453,0.09,"오버나잇: 등락 +0.6%, 범위 위치 54%",익일 시초 매도
2026-09-03 15:10,2026-09-04 09:01,402340,SK스퀘어,오버나잇,1,986000,989000,727,0.074,0.01,"오버나잇: 등락 +1.0%, 범위 위치 64%",익일 시초 매도
2026-09-03 15:10,2026-09-04 09:01,096770,SK이노베이션,오버나잇,12,131400,130600,-13205,-0.837,-0.17,"오버나잇: 등락 +3.1%, 범위 위치 47%",익일 시초 매도
2026-09-03 15:10,2026-09-04 09:01,105560,KB금융,오버나잇,9,178600,178000,-9085,-0.565,-0.11,"오버나잇: 등락 +6.0%, 범위 위치 81%",익일 시초 매도
2026-09-03 15:10,2026-09-04 09:01,005380,현대차,오버나잇,4,385000,388500,10428,0.677,0.14,"오버나잇: 등락 +2.3%, 범위 위치 80%",익일 시초 매도
2026-09-03 15:10,2026-09-04 09:01,034020,두산에너빌리티,오버나잇,20,79800,80400,8304,0.520,0.11,"오버나잇: 등락 +6.4%, 범위 위치 72%",익일 시초 매도
2026-09-03 15:10,2026-09-04 09:01,329180,HD현대중공업,오버나잇,3,436500,434500,-8998,-0.687,-0.14,"오버나잇: 등락 +4.1%, 범위 위치 77%",익일 시초 매도
2026-09-03 15:10,2026-09-04 09:01,067290,JW신약,오버나잇,495,3370,3440,30740,1.843,0.38,"오버나잇: 등락 +8.7%, 범위 위치 39%",익일 시초 매도
2026-09-04 09:05,2026-09-04 15:05,096770,SK이노베이션,ORB,14,136600,138300,19352,1.012,0.34,"ORB5 고가 136,450 돌파 (범위 4.4%, 등락 +4.4%)",장마감 강제청산
2026-09-04 09:05,2026-09-04 15:05,010950,S-Oil,ORB,18,159000,156700,-47893,-1.673,-0.57,"ORB5 고가 158,600 돌파 (범위 4.0%, 등락 +5.4%) · A등급",장마감 강제청산
2026-09-04 15:10,2026-09-07 09:01,000660,SK하이닉스,오버나잇,1,1650000,1736000,82021,4.971,1.00,"오버나잇: 등락 +4.4%, 범위 위치 51%",익일 시초 매도
2026-09-04 15:10,2026-09-07 09:01,009150,삼성전기,오버나잇,1,1400000,1449000,45675,3.262,0.65,"오버나잇: 등락 +4.5%, 범위 위치 72%",익일 시초 매도
2026-09-04 15:10,2026-09-07 09:01,034020,두산에너빌리티,오버나잇,21,79100,80200,19231,1.158,0.23,"오버나잇: 등락 +0.5%, 범위 위치 23%",익일 시초 매도
2026-09-04 15:10,2026-09-07 09:01,402340,SK스퀘어,오버나잇,1,1038000,1105000,64470,6.211,1.26,"오버나잇: 등락 +7.6%, 범위 위치 83%",익일 시초 매도
2026-09-04 15:10,2026-09-07 09:01,005380,현대차,오버나잇,4,383500,389500,20421,1.331,0.27,"오버나잇: 등락 +1.1%, 범위 위치 20%",익일 시초 매도
2026-09-04 15:10,2026-09-07 09:01,096770,SK이노베이션,오버나잇,12,138300,138300,-3815,-0.230,-0.05,"오버나잇: 등락 +5.7%, 범위 위치 85%",익일 시초 매도
2026-09-04 15:10,2026-09-07 09:01,058610,에스피지,오버나잇,17,94800,95500,8169,0.507,0.10,"오버나잇: 등락 +14.4%, 범위 위치 77%",익일 시초 매도
2026-09-04 15:10,2026-09-07 09:01,010950,S-Oil,오버나잇,10,156900,156900,-3608,-0.230,-0.05,"오버나잇: 등락 +3.9%, 범위 위치 35%",익일 시초 매도
2026-09-07 09:11,2026-09-07 15:05,402340,SK스퀘어,ORB,1,1110000,1116000,3435,0.309,0.10,"ORB5 고가 1,109,000 돌파 (범위 2.1%, 등락 +6.9%) · A등급",장마감 강제청산
2026-09-07 15:10,2026-09-08 09:01,009150,삼성전기,오버나잇,1,1451000,1456000,1653,0.114,0.02,"오버나잇: 등락 +3.2%, 범위 위치 76%",익일 시초 매도
2026-09-07 15:10,2026-09-08 09:01,034020,두산에너빌리티,오버나잇,18,88100,91200,52034,3.281,0.66,"오버나잇: 등락 +10.4%, 범위 위치 88%",익일 시초 매도
2026-09-07 15:10,2026-09-08 09:01,402340,SK스퀘어,오버나잇,1,1118000,1133000,12398,1.109,0.23,"오버나잇: 등락 +7.7%, 범위 위치 97%",익일 시초 매도
2026-09-07 15:10,2026-09-08 09:01,036930,주성엔지니어링,오버나잇,8,187200,189900,18111,1.209,0.24,"오버나잇: 등락 +5.0%, 범위 위치 67%",익일 시초 매도
2026-09-07 15:10,2026-09-08 09:01,005380,현대차,오버나잇,4,392250,393500,1381,0.088,0.02,"오버나잇: 등락 +1.6%, 범위 위치 62%",익일 시초 매도
2026-09-07 15:10,2026-09-08 09:01,067290,JW신약,오버나잇,465,3595,3595,-3843,-0.230,-0.05,"오버나잇: 등락 +10.1%, 범위 위치 57%",익일 시초 매도
2026-09-07 15:10,2026-09-08 09:01,336260,두산퓨얼셀,오버나잇,33,49750,50400,17629,1.074,0.22,"오버나잇: 등락 +14.2%, 범위 위치 44%",익일 시초 매도
2026-09-08 09:08,2026-09-08 09:22,388050,지투파워,ORB,274,10890,10550,-99821,-3.345,-1.14,"ORB5 고가 10,880 돌파 (범위 3.3%, 등락 +4.1%) · A등급","손절 (10,570)"
2026-09-08 09:05,2026-09-08 14:42,052690,한전기술,ORB,22,132600,145800,283067,9.703,3.30,"ORB5 고가 132,500 돌파 (범위 3.4%, 등락 +4.3%) · A등급",목표 익절 +10%
2026-09-08 09:08,2026-09-08 14:56,034020,두산에너빌리티,ORB,31,92700,90000,-90129,-3.136,-1.08,"ORB5 고가 92,600 돌파 (범위 2.7%, 등락 +5.5%) · A등급","손절 (90,000)"
2026-09-08 09:06,2026-09-08 15:05,036930,주성엔지니어링,ORB,15,196500,197500,8189,0.278,0.09,"ORB5 고가 196,400 돌파 (범위 4.0%, 등락 +5.0%) · A등급",장마감 강제청산
2026-09-08 15:10,2026-09-09 09:01,034020,두산에너빌리티,오버나잇,18,90100,91900,28601,1.764,0.35,"오버나잇: 등락 +2.4%, 범위 위치 10%",익일 시초 매도
2026-09-08 15:10,2026-09-09 09:01,402340,SK스퀘어,오버나잇,1,1141000,1128000,-15596,-1.367,-0.27,"오버나잇: 등락 +1.4%, 범위 위치 28%",익일 시초 매도
2026-09-08 15:10,2026-09-09 09:01,052690,한전기술,오버나잇,11,142900,151300,88588,5.636,1.13,"오버나잇: 등락 +12.4%, 범위 위치 75%",익일 시초 매도
2026-09-08 15:10,2026-09-09 09:01,036930,주성엔지니어링,오버나잇,8,197900,196900,-11623,-0.734,-0.15,"오버나잇: 등락 +5.7%, 범위 위치 44%",익일 시초 매도
2026-09-08 15:10,2026-09-09 09:01,000720,현대건설,오버나잇,12,132600,134200,15501,0.974,0.20,"오버나잇: 등락 +3.4%, 범위 위치 50%",익일 시초 매도
2026-09-08 15:10,2026-09-09 09:01,004310,현대약품,오버나잇,166,10180,10170,-5542,-0.328,-0.07,"오버나잇: 등락 +20.9%, 범위 위치 72%",익일 시초 매도
2026-09-08 15:10,2026-09-09 09:01,067290,JW신약,오버나잇,443,3815,3885,27057,1.601,0.32,"오버나잇: 등락 +6.6%, 범위 위치 41%",익일 시초 매도
2026-09-09 09:09,2026-09-09 09:11,079650,서산,ORB,243,8220,7970,-65212,-3.265,-1.12,"ORB5 고가 8,210 돌파 (범위 5.9%, 등락 +7.0%)","손절 (7,980)"
2026-09-09 09:13,2026-09-09 10:59,000990,DB하이텍,ORB,17,114800,111400,-62163,-3.185,-1.08,"ORB5 고가 114,700 돌파 (범위 4.7%, 등락 +9.1%)","손절 (111,400)"
2026-09-09 09:11,2026-09-09 15:05,119850,지엔씨에너지,ORB,61,48250,48550,11492,0.390,0.13,"ORB5 고가 48,200 돌파 (범위 2.2%, 등락 +7.3%) · A등급",장마감 강제청산
2026-09-09 15:10,2026-09-10 09:01,009150,삼성전기,오버나잇,1,1403000,1389000,-17196,-1.226,-0.25,"오버나잇: 등락 +0.6%, 범위 위치 35%",익일 시초 매도
2026-09-09 15:10,2026-09-10 09:01,096770,SK이노베이션,오버나잇,11,153600,155400,15873,0.939,0.19,"오버나잇: 등락 +11.8%, 범위 위치 95%",익일 시초 매도
2026-09-09 15:10,2026-09-10 09:01,034020,두산에너빌리티,오버나잇,18,91700,90000,-34330,-2.080,-0.42,"오버나잇: 등락 +1.2%, 범위 위치 18%",익일 시초 매도
2026-09-09 15:10,2026-09-10 09:01,032820,우리기술,오버나잇,121,14085,13800,-38329,-2.249,-0.45,"오버나잇: 등락 +19.3%, 범위 위치 82%",익일 시초 매도
2026-09-09 15:10,2026-09-10 09:01,069540,빛과전자,오버나잇,447,3815,3870,20612,1.209,0.24,"오버나잇: 등락 +4.7%, 범위 위치 17%",익일 시초 매도
2026-09-09 15:10,2026-09-10 09:01,066970,엘앤에프,오버나잇,13,127400,122000,-73857,-4.459,-0.90,"오버나잇: 등락 +10.5%, 범위 위치 87%",익일 시초 매도
2026-09-09 15:10,2026-09-10 09:01,010170,대한광통신,오버나잇,114,14960,15040,5179,0.304,0.06,"오버나잇: 등락 +9.2%, 범위 위치 45%",익일 시초 매도
2026-09-10 15:10,2026-09-11 09:01,009150,삼성전기,오버나잇,1,1398000,1359000,-42130,-3.014,-0.61,"오버나잇: 등락 +0.4%, 범위 위치 89%",익일 시초 매도
2026-09-10 15:10,2026-09-11 09:01,329180,HD현대중공업,오버나잇,3,458000,452000,-21121,-1.537,-0.31,"오버나잇: 등락 -+0.3%, 범위 위치 17%",익일 시초 매도
2026-09-10 15:10,2026-09-11 09:01,222800,심텍,오버나잇,12,135400,128600,-85160,-5.241,-1.06,"오버나잇: 등락 +2.9%, 범위 위치 75%",익일 시초 매도
2026-09-10 15:10,2026-09-11 09:01,402340,SK스퀘어,오버나잇,1,1142000,1080000,-64493,-5.647,-1.13,"오버나잇: 등락 +2.2%, 범위 위치 72%",익일 시초 매도
2026-09-10 15:10,2026-09-11 09:01,240810,원익IPS,오버나잇,14,120100,114900,-76510,-4.550,-0.91,"오버나잇: 등락 +0.0%, 범위 위치 41%",익일 시초 매도
2026-09-10 15:10,2026-09-11 09:01,000990,DB하이텍,오버나잇,14,117800,111800,-87611,-5.312,-1.08,"오버나잇: 등락 +6.1%, 범위 위치 78%",익일 시초 매도
2026-09-10 15:10,2026-09-11 09:03,024060,흥구석유,오버나잇,120,14220,17010,330157,19.348,3.88,"오버나잇: 등락 +17.6%, 범위 위치 50%",익일 시초 매도
2026-09-11 15:10,2026-09-14 09:01,009150,삼성전기,오버나잇,1,1397000,1355000,-45122,-3.230,-0.65,"오버나잇: 등락 +0.8%, 범위 위치 56%",익일 시초 매도
2026-09-11 15:10,2026-09-14 09:01,034020,두산에너빌리티,오버나잇,18,90600,89800,-18118,-1.111,-0.22,"오버나잇: 등락 +0.7%, 범위 위치 84%",익일 시초 매도
2026-09-11 15:10,2026-09-14 09:01,052690,한전기술,오버나잇,11,152600,149000,-43374,-2.584,-0.52,"오버나잇: 등락 +4.7%, 범위 위치 84%",익일 시초 매도
2026-09-11 15:10,2026-09-14 09:01,001820,삼화콘덴서,오버나잇,12,137600,132500,-64865,-3.928,-0.79,"오버나잇: 등락 +18.8%, 범위 위치 72%",익일 시초 매도
2026-09-11 15:10,2026-09-14 09:01,329180,HD현대중공업,오버나잇,3,482000,475500,-22782,-1.576,-0.32,"오버나잇: 등락 +5.1%, 범위 위치 81%",익일 시초 매도
2026-09-11 15:10,2026-09-14 09:01,024060,흥구석유,오버나잇,115,14680,15410,79888,4.732,0.95,"오버나잇: 등락 +1.2%, 범위 위치 3%",익일 시초 매도
2026-09-11 15:10,2026-09-14 09:01,278470,에이피알,오버나잇,4,371500,381500,36498,2.456,0.49,"오버나잇: 등락 +3.1%, 범위 위치 91%",익일 시초 매도
2026-09-11 15:10,2026-09-14 09:01,003350,한국화장품제조,오버나잇,108,15680,16090,40291,2.379,0.48,"오버나잇: 등락 +19.1%, 범위 위치 69%",익일 시초 매도
2026-09-14 09:07,2026-09-14 09:11,161890,한국콜마,ORB,19,146700,142300.00,-89830,-3.223,-1.07,"ORB5 고가 146,600 돌파 (범위 3.6%, 등락 +4.4%) · A등급","손절 (142,300)"
2026-09-14 09:10,2026-09-14 15:05,090460,비에이치,ORB,151,19600,20000,53464,1.806,0.61,"ORB5 고가 19,590 돌파 (범위 2.1%, 등락 +3.6%) · A등급",장마감 강제청산
2026-09-14 09:05,2026-09-14 15:05,441270,파인엠텍,ORB,230,8670,9000,71151,3.568,1.19,"ORB5 고가 8,660 돌파 (범위 4.3%, 등락 +5.3%)",장마감 강제청산
2026-09-14 15:10,2026-09-15 09:01,105560,KB금융,오버나잇,9,181100,178500,-27097,-1.662,-0.33,"오버나잇: 등락 +2.4%, 범위 위치 98%",익일 시초 매도
2026-09-14 15:10,2026-09-15 09:01,012450,한화에어로스페이스,오버나잇,1,1131000,1106000,-27546,-2.436,-0.49,"오버나잇: 등락 +5.2%, 범위 위치 73%",익일 시초 매도
2026-09-14 15:10,2026-09-15 09:01,356680,엑스게이트,오버나잇,99,17000,17210,16876,1.003,0.20,"오버나잇: 등락 +5.8%, 범위 위치 32%",익일 시초 매도
2026-09-14 15:10,2026-09-15 09:01,000990,DB하이텍,오버나잇,15,112200,115600,47020,2.794,0.56,"오버나잇: 등락 +2.2%, 범위 위치 74%",익일 시초 매도
2026-09-14 15:10,2026-09-15 09:01,001820,삼화콘덴서,오버나잇,12,140800,138900,-26636,-1.576,-0.32,"오버나잇: 등락 +2.4%, 범위 위치 77%",익일 시초 매도
2026-09-14 15:10,2026-09-15 09:01,316140,우리금융지주,오버나잇,46,36775,36300,-25692,-1.519,-0.31,"오버나잇: 등락 +5.1%, 범위 위치 90%",익일 시초 매도
2026-09-14 15:10,2026-09-15 09:01,069540,빛과전자,오버나잇,393,4305,4325,3954,0.234,0.05,"오버나잇: 등락 +11.2%, 범위 위치 64%",익일 시초 매도
2026-09-14 15:10,2026-09-15 09:01,010170,대한광통신,오버나잇,116,14480,14410,-11964,-0.712,-0.14,"오버나잇: 등락 +2.3%, 범위 위치 59%",익일 시초 매도
2026-09-15 09:09,2026-09-15 09:14,096770,SK이노베이션,ORB,19,144100,139600,-91611,-3.346,-1.12,"ORB5 고가 144,000 돌파 (범위 3.7%, 등락 +7.6%) · A등급","손절 (139,800)"
2026-09-15 09:23,2026-09-15 15:05,000990,DB하이텍,ORB,16,118250,117000,-24307,-1.285,-0.43,"ORB5 고가 118,100 돌파 (범위 3.6%, 등락 +6.1%)",장마감 강제청산
2026-09-15 15:10,2026-09-16 09:01,000660,SK하이닉스,오버나잇,1,1682500,1685000,-1374,-0.082,-0.02,"오버나잇: 등락 -+0.1%, 범위 위치 18%",익일 시초 매도
2026-09-15 15:10,2026-09-16 09:01,402340,SK스퀘어,오버나잇,1,999500,1002000,197,0.020,0.00,"오버나잇: 등락 -+0.1%, 범위 위치 20%",익일 시초 매도
2026-09-15 15:10,2026-09-16 09:01,034020,두산에너빌리티,오버나잇,19,86000,86200,35,0.002,0.00,"오버나잇: 등락 +0.5%, 범위 위치 64%",익일 시초 매도
2026-09-15 15:10,2026-09-16 09:01,052690,한전기술,오버나잇,11,145400,147500,19373,1.211,0.24,"오버나잇: 등락 +8.1%, 범위 위치 89%",익일 시초 매도
2026-09-15 15:10,2026-09-16 09:01,356680,엑스게이트,오버나잇,97,17480,17140,-36808,-2.171,-0.44,"오버나잇: 등락 +1.7%, 범위 위치 49%",익일 시초 매도
2026-09-15 15:10,2026-09-16 09:01,017900,광전자,오버나잇,160,10570,10500,-15065,-0.891,-0.18,"오버나잇: 등락 +2.9%, 범위 위치 34%",익일 시초 매도
2026-09-15 15:10,2026-09-16 09:01,058610,에스피지,오버나잇,16,102100,101000,-21319,-1.305,-0.26,"오버나잇: 등락 +14.8%, 범위 위치 66%",익일 시초 매도
2026-09-15 15:10,2026-09-16 09:01,014950,삼익제약,오버나잇,145,11680,11290,-60323,-3.562,-0.72,"오버나잇: 등락 +23.2%, 범위 위치 84%",익일 시초 매도
2026-09-16 15:10,2026-09-17 09:01,009150,삼성전기,오버나잇,1,1381000,1387000,2811,0.204,0.04,"오버나잇: 등락 +3.8%, 범위 위치 96%",익일 시초 매도
2026-09-16 15:10,2026-09-17 09:01,000150,두산,오버나잇,1,1383500,1436000,49206,3.557,0.71,"오버나잇: 등락 +6.4%, 범위 위치 100%",익일 시초 매도
2026-09-16 15:10,2026-09-17 09:01,010170,대한광통신,오버나잇,104,16105,16190,4970,0.297,0.06,"오버나잇: 등락 +12.4%, 범위 위치 82%",익일 시초 매도
2026-09-16 15:10,2026-09-17 09:01,000990,DB하이텍,오버나잇,13,124400,130900,80600,4.984,1,"오버나잇: 등락 +3.8%, 범위 위치 97%",익일 시초 매도
2026-09-16 15:10,2026-09-17 09:01,072950,빛샘전자,오버나잇,122,13690,14280,67985,4.071,0.82,"오버나잇: 등락 +27.4%, 범위 위치 93%",익일 시초 매도
2026-09-16 15:10,2026-09-17 09:01,069540,빛과전자,오버나잇,384,4375,4415,11464,0.682,0.14,"오버나잇: 등락 +5.8%, 범위 위치 39%",익일 시초 매도
2026-09-17 09:18,2026-09-17 09:46,043260,성호전자,ORB,100,19990,21950,190982,9.554,3.24,"ORB5 고가 19,980 돌파 (범위 4.7%, 등락 +5.9%)",목표 익절 +10%
2026-09-17 15:10,2026-09-18 09:01,034020,두산에너빌리티,오버나잇,19,85500,87300,30392,1.871,0.38,"오버나잇: 등락 +1.5%, 범위 위치 52%",익일 시초 매도
2026-09-17 15:10,2026-09-18 09:01,000150,두산,오버나잇,1,1394000,1489000,91590,6.570,1.33,"오버나잇: 등락 +0.7%, 범위 위치 10%",익일 시초 매도
2026-09-17 15:10,2026-09-18 09:01,012450,한화에어로스페이스,오버나잇,1,1092000,1115000,20440,1.872,0.38,"오버나잇: 등락 +3.3%, 범위 위치 63%",익일 시초 매도
2026-09-17 15:10,2026-09-18 09:01,005380,현대차,오버나잇,4,362500,368500,20614,1.422,0.29,"오버나잇: 등락 -+0.1%, 범위 위치 57%",익일 시초 매도
2026-09-17 15:10,2026-09-18 09:01,105560,KB금융,오버나잇,9,178900,181500,19647,1.220,0.25,"오버나잇: 등락 +0.9%, 범위 위치 55%",익일 시초 매도
2026-09-17 15:10,2026-09-18 09:01,329180,HD현대중공업,오버나잇,3,466500,467500,-224,-0.016,0.00,"오버나잇: 등락 +5.4%, 범위 위치 65%",익일 시초 매도
2026-09-17 15:10,2026-09-18 09:01,201490,미투온,오버나잇,362,4620,4465,-59834,-3.578,-0.72,"오버나잇: 등락 +20.3%, 범위 위치 78%",익일 시초 매도
2026-09-17 15:10,2026-09-18 09:01,004310,현대약품,오버나잇,160,10440,10650,29687,1.777,0.36,"오버나잇: 등락 +2.9%, 범위 위치 13%",익일 시초 매도
2026-09-18 09:05,2026-09-18 09:05,005690,파미셀,ORB,156,12810,12380,-71530,-3.579,-1.21,"ORB5 고가 12,800 돌파 (범위 5.8%, 등락 +9.8%)","손절 (12,430)"
2026-09-18 15:10,2026-09-21 09:01,009150,삼성전기,오버나잇,1,1394000,1432000,34713,2.490,0.50,"오버나잇: 등락 +3.1%, 범위 위치 24%",익일 시초 매도
2026-09-18 15:10,2026-09-21 09:01,402340,SK스퀘어,오버나잇,1,1076000,1087000,8502,0.790,0.16,"오버나잇: 등락 +5.5%, 범위 위치 85%",익일 시초 매도
2026-09-18 15:10,2026-09-21 09:01,010170,대한광통신,오버나잇,94,18120,18450,27037,1.587,0.32,"오버나잇: 등락 +11.5%, 범위 위치 69%",익일 시초 매도
2026-09-18 15:10,2026-09-21 09:01,000150,두산,오버나잇,1,1451000,1478000,23606,1.627,0.33,"오버나잇: 등락 +2.4%, 범위 위치 32%",익일 시초 매도
2026-09-18 15:10,2026-09-21 09:01,017900,광전자,오버나잇,161,10560,10780,31434,1.849,0.38,"오버나잇: 등락 +3.4%, 범위 위치 25%",익일 시초 매도
2026-09-18 15:10,2026-09-21 09:01,001820,삼화콘덴서,오버나잇,11,145500,147000,12784,0.799,0.16,"오버나잇: 등락 +4.5%, 범위 위치 50%",익일 시초 매도
2026-09-18 15:10,2026-09-21 09:01,072950,빛샘전자,오버나잇,119,14290,14090,-27659,-1.627,-0.33,"오버나잇: 등락 +6.1%, 범위 위치 34%",익일 시초 매도
2026-09-21 09:06,2026-09-21 09:10,001820,삼화콘덴서,ORB,12,154600,149800.00,-61742,-3.328,-1.12,"ORB5 고가 154,500 돌파 (범위 5.2%, 등락 +6.9%)","손절 (150,000)"
2026-09-21 15:10,2026-09-22 09:01,009150,삼성전기,오버나잇,1,1428000,1490000,58583,4.102,0.83,"오버나잇: 등락 +2.9%, 범위 위치 68%",익일 시초 매도
2026-09-21 15:10,2026-09-22 09:01,402340,SK스퀘어,오버나잇,1,1125000,1189000,61276,5.447,1.09,"오버나잇: 등락 +5.0%, 범위 위치 79%",익일 시초 매도
2026-09-21 15:10,2026-09-22 09:01,007660,이수페타시스,오버나잇,15,110100,114800,66551,4.030,0.81,"오버나잇: 등락 +7.5%, 범위 위치 79%",익일 시초 매도
2026-09-21 15:10,2026-09-22 09:01,240810,원익IPS,오버나잇,13,129000,133000,48032,2.864,0.58,"오버나잇: 등락 +6.2%, 범위 위치 78%",익일 시초 매도
2026-09-21 15:10,2026-09-22 09:01,067310,하나마이크론,오버나잇,38,44550,45200,20755,1.226,0.25,"오버나잇: 등락 +15.6%, 범위 위치 87%",익일 시초 매도
2026-09-21 15:10,2026-09-22 09:01,036540,SFA반도체,오버나잇,161,10600,10730,16961,0.994,0.20,"오버나잇: 등락 +17.8%, 범위 위치 76%",익일 시초 매도
2026-09-21 15:10,2026-09-22 09:01,017900,광전자,오버나잇,154,11050,10560,-79210,-4.655,-0.94,"오버나잇: 등락 +4.9%, 범위 위치 28%",익일 시초 매도
2026-09-22 09:05,2026-09-22 09:12,001820,삼화콘덴서,ORB,12,157100,152400.0,-60613,-3.215,-1.07,"ORB5 고가 156,800 돌파 (범위 4.5%, 등락 +7.4%)","손절 (152,400)"
2026-09-22 15:10,2026-09-23 09:01,009150,삼성전기,오버나잇,1,1483000,1543000,56461,3.807,0.76,"오버나잇: 등락 +3.6%, 범위 위치 23%",익일 시초 매도
2026-09-22 15:10,2026-09-23 09:01,402340,SK스퀘어,오버나잇,1,1144000,1178000,31297,2.736,0.55,"오버나잇: 등락 +1.0%, 범위 위치 15%",익일 시초 매도
2026-09-22 15:10,2026-09-23 09:01,034020,두산에너빌리티,오버나잇,19,86400,86100,-9462,-0.576,-0.12,"오버나잇: 등락 +0.0%, 범위 위치 41%",익일 시초 매도
2026-09-22 15:10,2026-09-23 09:01,000720,현대건설,오버나잇,13,131100,130000,-18188,-1.067,-0.22,"오버나잇: 등락 +3.9%, 범위 위치 52%",익일 시초 매도
2026-09-22 15:10,2026-09-23 09:01,222800,심텍,오버나잇,11,148500,148100,-8147,-0.499,-0.10,"오버나잇: 등락 +12.8%, 범위 위치 55%",익일 시초 매도
2026-09-22 15:10,2026-09-23 09:01,052690,한전기술,오버나잇,12,137600,136200,-20560,-1.245,-0.25,"오버나잇: 등락 +4.8%, 범위 위치 66%",익일 시초 매도
2026-09-22 15:10,2026-09-23 09:01,012210,삼미금속,오버나잇,126,13570,13100,-63024,-3.686,-0.75,"오버나잇: 등락 +22.6%, 범위 위치 83%",익일 시초 매도
2026-09-22 15:10,2026-09-23 09:01,001820,삼화콘덴서,오버나잇,11,147600,151100,34684,2.136,0.43,"오버나잇: 등락 +0.9%, 범위 위치 12%",익일 시초 매도
2026-09-23 09:17,2026-09-23 09:51,240810,원익IPS,ORB,14,140000,135800,-63181,-3.224,-1.07,"ORB5 고가 139,700 돌파 (범위 5.7%, 등락 +7.3%)","손절 (135,800)"
2026-09-23 09:05,2026-09-23 15:05,010060,OCI홀딩스,ORB,15,197000,205000,112946,3.822,1.28,"ORB5 고가 196,500 돌파 (범위 2.2%, 등락 +4.7%) · A등급",장마감 강제청산
