거래ID,종목코드,종목명,전략,운용,주문,데이터,신호시각,진입시각,청산시각,보유분,수량,매수평균,매도평균,초기손절,손절거리%,순손익,순수익률%,R,MFE%,MAE%,진입슬리피지%,청산슬리피지%,청산분류,진입근거,청산사유,진입등락률%,VWAP이격%,범위위치,체결강도,ATR%,거래량배수,스프레드틱,장시작후분,손절설정%,익절설정%,트레일링발동%,트레일링거리%,익일보유
005930#1-20260102151000,005930,삼성전자,오버나잇,FullAuto,Paper,Backtest,2026-01-02 15:10:00,2026-01-02 15:10:00,2026-01-05 09:01:00,3951,5,128100,134600,121700,4.996,30958,4.833,0.97,5.074,0,0,0,NextDayOpen,"오버나잇: 등락 +6.4%, 범위 위치 98%",익일 시초 매도,6.40,2.77,0.976,675.8,0.176,0.71,1,370,5,0,0,1.2,True
000660#2-20260102151000,000660,SK하이닉스,오버나잇,FullAuto,Paper,Backtest,2026-01-02 15:10:00,2026-01-02 15:10:00,2026-01-05 09:01:00,3951,1,677000,698000,644000,4.874,19399,2.865,0.59,3.102,0,0,0,NextDayOpen,"오버나잇: 등락 +3.8%, 범위 위치 94%",익일 시초 매도,3.83,1.95,0.938,654.5,0.200,0.78,1,370,5,0,0,1.2,True
042700#4-20260102151000,042700,한미반도체,오버나잇,FullAuto,Paper,Backtest,2026-01-02 15:10:00,2026-01-02 15:10:00,2026-01-05 09:01:00,3951,5,144100,154900,136900,4.997,52227,7.249,1.45,7.495,0,0,0,NextDayOpen,"오버나잇: 등락 +13.1%, 범위 위치 96%",익일 시초 매도,13.11,3.25,0.965,391.2,0.114,0.87,1,370,5,0,0,1.2,True
068270#3-20260102151000,068270,셀트리온,오버나잇,FullAuto,Paper,Backtest,2026-01-02 15:10:00,2026-01-02 15:10:00,2026-01-05 09:01:00,3951,3,192546,193023,182900,5.010,101,0.017,0.00,0.248,-0.024,0,0,NextDayOpen,"오버나잇: 등락 +12.0%, 범위 위치 89%",익일 시초 매도,12.04,1.62,0.887,200.8,0.278,1.14,2,370,5,0,0,1.2,True
042660#8-20260102151000,042660,한화오션,오버나잇,FullAuto,Paper,Backtest,2026-01-02 15:10:00,2026-01-02 15:10:00,2026-01-05 09:01:00,3951,6,115200,113200,109500,4.948,-13562,-1.962,-0.40,0.087,-1.649,0,-0.088,NextDayOpen,"오버나잇: 등락 +1.3%, 범위 위치 95%",익일 시초 매도,1.32,1.53,0.949,880.3,0.149,0.78,1,370,5,0,0,1.2,True
352820#6-20260102151000,352820,하이브,오버나잇,FullAuto,Paper,Backtest,2026-01-02 15:10:00,2026-01-02 15:10:00,2026-01-05 09:01:00,3951,2,345000,351000,328000,4.928,10388,1.506,0.31,1.739,-0.290,0,0,NextDayOpen,"오버나잇: 등락 +2.5%, 범위 위치 68%",익일 시초 매도,2.53,0.46,0.68,1215.1,0.269,0.70,1,370,5,0,0,1.2,True
090710#5-20260102151000,090710,휴림로봇,오버나잇,FullAuto,Paper,Backtest,2026-01-02 15:10:00,2026-01-02 15:10:00,2026-01-05 09:01:00,3951,91,8210,8330,7800,4.994,9179,1.229,0.25,1.583,-1.949,0,-0.120,NextDayOpen,"오버나잇: 등락 +10.1%, 범위 위치 60%",익일 시초 매도,10.07,0.78,0.598,435.9,0.209,2.04,1,370,5,0,0,1.2,True
012200#7-20260102151000,012200,계양전기,오버나잇,FullAuto,Paper,Backtest,2026-01-02 15:10:00,2026-01-02 15:10:00,2026-01-05 09:01:00,3951,102,7291,7877,6930,4.951,57935,7.790,1.57,8.037,-0.699,0,0,NextDayOpen,"오버나잇: 등락 +16.3%, 범위 위치 71%",익일 시초 매도,16.30,6.47,0.707,141.1,1.746,0.93,2,370,5,0,0,1.2,True
042700#9-20260105090525,042700,한미반도체,ORB,FullAuto,Paper,Backtest,2026-01-05 09:05:25,2026-01-05 09:05:25,2026-01-05 15:05:00,359.6,6,158500,166300,153800,2.965,44514,4.681,1.58,4.984,-2.839,0,0,ForceClose,"ORB5 고가 158,400 돌파 (범위 3.4%, 등락 +9.7%)",장마감 강제청산,9.69,1.56,1,237.7,1.178,1.59,1,5,3,10,0,1.2,False
034020#11-20260105090527,034020,두산에너빌리티,ORB,FullAuto,Paper,Backtest,2026-01-05 09:05:27,2026-01-05 09:05:27,2026-01-05 15:05:00,359.5,12,80100,82900,77700,2.996,31318,3.258,1.09,3.995,-0.749,0,-0.120,ForceClose,"ORB5 고가 80,000 돌파 (범위 5.1%, 등락 +5.8%)",장마감 강제청산,5.81,1.52,1,485.1,1.103,1.78,1,5,3,10,0,1.2,False
005930#21-20260105151000,005930,삼성전자,오버나잇,FullAuto,Paper,Backtest,2026-01-05 15:10:00,2026-01-05 15:10:00,2026-01-06 09:01:00,1071,5,138000,135200,131100,5.00,-15556,-2.254,-0.45,0.145,-1.957,0,-0.074,NextDayOpen,"오버나잇: 등락 +6.7%, 범위 위치 88%",익일 시초 매도,6.73,1.49,0.882,359.9,0.171,0.79,1,370,5,0,0,1.2,True
000660#22-20260105151000,000660,SK하이닉스,오버나잇,FullAuto,Paper,Backtest,2026-01-05 15:10:00,2026-01-05 15:10:00,2026-01-06 09:01:00,1071,1,693000,690000,659000,4.906,-4586,-0.662,-0.13,0.289,-0.433,0,0,NextDayOpen,"오버나잇: 등락 +2.2%, 범위 위치 56%",익일 시초 매도,2.21,0.00,0.562,700.9,0.196,1.03,1,370,5,0,0,1.2,True
042700#24-20260105151000,042700,한미반도체,오버나잇,FullAuto,Paper,Backtest,2026-01-05 15:10:00,2026-01-05 15:10:00,2026-01-06 09:01:00,1071,4,166300,168900,158000,4.991,8849,1.330,0.27,1.624,0,0,-0.059,NextDayOpen,"오버나잇: 등락 +15.1%, 범위 위치 96%",익일 시초 매도,15.09,3.94,0.956,272.5,0.314,0.57,1,370,5,0,0,1.2,True
034020#23-20260105151000,034020,두산에너빌리티,오버나잇,FullAuto,Paper,Backtest,2026-01-05 15:10:00,2026-01-05 15:10:00,2026-01-06 09:01:00,1071,9,83100,86000,79000,4.934,24324,3.252,0.66,3.490,-0.120,0,0,NextDayOpen,"오버나잇: 등락 +9.8%, 범위 위치 97%",익일 시초 매도,9.78,1.84,0.972,473.9,0.258,0.55,1,370,5,0,0,1.2,True
042660#26-20260105151000,042660,한화오션,오버나잇,FullAuto,Paper,Backtest,2026-01-05 15:10:00,2026-01-05 15:10:00,2026-01-06 09:01:00,1071,6,117700,118100,111900,4.928,772,0.109,0.02,0.340,0,0,0,NextDayOpen,"오버나잇: 등락 +2.5%, 범위 위치 78%",익일 시초 매도,2.53,0.74,0.783,580.1,0.182,0.83,1,370,5,0,0,1.2,True
068270#25-20260105151000,068270,셀트리온,오버나잇,FullAuto,Paper,Backtest,2026-01-05 15:10:00,2026-01-05 15:10:00,2026-01-06 09:01:00,1071,3,198742,198166,188800,5.002,-3094,-0.519,-0.10,0.480,-0.240,0,-0.050,NextDayOpen,"오버나잇: 등락 +3.0%, 범위 위치 70%",익일 시초 매도,2.96,0.59,0.696,215.0,0.302,0.58,2,370,5,0,0,1.2,True
196170#28-20260105151000,196170,알테오젠,오버나잇,FullAuto,Paper,Backtest,2026-01-05 15:10:00,2026-01-05 15:10:00,2026-01-06 09:01:00,1071,2,359741,358202,342000,4.932,-4724,-0.657,-0.13,0.214,-0.428,0,0,NextDayOpen,"오버나잇: 등락 +1.9%, 범위 위치 86%",익일 시초 매도,1.85,0.69,0.864,303.7,0.272,0.72,2,370,5,0,0,1.2,True
000660#34-20260106151000,000660,SK하이닉스,오버나잇,FullAuto,Paper,Backtest,2026-01-06 15:10:00,2026-01-06 15:10:00,2026-01-07 09:01:00,1071,1,722000,760000,686000,4.986,36258,5.022,1.01,5.263,0,0,0,NextDayOpen,"오버나잇: 등락 +3.1%, 범위 위치 91%",익일 시초 매도,3.14,3.46,0.911,635.5,0.198,0.55,1,370,5,0,0,1.2,True
042700#35-20260106151000,042700,한미반도체,오버나잇,FullAuto,Paper,Backtest,2026-01-06 15:10:00,2026-01-06 15:10:00,2026-01-07 09:01:00,1071,4,183300,194200,174200,4.965,41822,5.704,1.15,6.001,-0.982,0,-0.051,NextDayOpen,"오버나잇: 등락 +5.3%, 범위 위치 98%",익일 시초 매도,5.35,4.10,0.981,284.6,0.435,0.74,1,370,5,0,0,1.2,True
034020#36-20260106151000,034020,두산에너빌리티,오버나잇,FullAuto,Paper,Backtest,2026-01-06 15:10:00,2026-01-06 15:10:00,2026-01-07 09:01:00,1071,8,85400,85000,81200,4.918,-4764,-0.697,-0.14,0.468,-0.468,0,0,NextDayOpen,"오버나잇: 등락 +0.9%, 범위 위치 83%",익일 시초 매도,0.95,1.55,0.833,1518.8,0.184,1.06,1,370,5,0,0,1.2,True
042660#38-20260106151000,042660,한화오션,오버나잇,FullAuto,Paper,Backtest,2026-01-06 15:10:00,2026-01-06 15:10:00,2026-01-07 09:01:00,1071,6,119200,119800,113300,4.950,1949,0.273,0.06,0.503,-0.168,0,0,NextDayOpen,"오버나잇: 등락 +1.0%, 범위 위치 67%",익일 시초 매도,1.02,0.56,0.667,950.6,0.126,0.50,1,370,5,0,0,1.2,True
402340#41-20260106151000,402340,SK스퀘어,오버나잇,FullAuto,Paper,Backtest,2026-01-06 15:10:00,2026-01-06 15:10:00,2026-01-07 09:01:00,1071,1,428500,433500,407500,4.901,4004,0.934,0.19,1.284,-0.117,0,-0.115,NextDayOpen,"오버나잇: 등락 +1.9%, 범위 위치 81%",익일 시초 매도,1.90,1.92,0.812,1126.6,0.183,1.16,1,370,5,0,0,1.2,True
047810#37-20260106151000,047810,한국항공우주,오버나잇,FullAuto,Paper,Backtest,2026-01-06 15:10:00,2026-01-06 15:10:00,2026-01-07 09:01:00,1071,5,135850,134700,129100,4.969,-7299,-1.075,-0.22,0.037,-0.773,0,-0.074,NextDayOpen,"오버나잇: 등락 +9.2%, 범위 위치 72%",익일 시초 매도,9.21,0.89,0.722,245.7,0.179,1.05,2,370,5,0,0,1.2,True
086520#40-20260106151000,086520,에코프로,오버나잇,FullAuto,Paper,Backtest,2026-01-06 15:10:00,2026-01-06 15:10:00,2026-01-07 09:01:00,1071,8,92400,93500,87800,4.978,7082,0.958,0.19,1.190,-0.108,0,0,NextDayOpen,"오버나잇: 등락 +2.2%, 범위 위치 18%",익일 시초 매도,2.21,-1.26,0.182,715.1,0.155,0.99,1,370,5,0,0,1.2,True
005930#54-20260107151000,005930,삼성전자,오버나잇,FullAuto,Paper,Backtest,2026-01-07 15:10:00,2026-01-07 15:10:00,2026-01-08 09:01:00,1071,5,140200,138200,133200,4.993,-11590,-1.653,-0.33,0.785,-1.355,0,-0.072,NextDayOpen,"오버나잇: 등락 +2.4%, 범위 위치 38%",익일 시초 매도,2.41,-0.77,0.382,1505.1,0.138,2.87,1,370,5,0,0,1.2,True
000660#55-20260107151000,000660,SK하이닉스,오버나잇,FullAuto,Paper,Backtest,2026-01-07 15:10:00,2026-01-07 15:10:00,2026-01-08 09:01:00,1071,1,736500,730000,700000,4.956,-8179,-1.111,-0.22,0.747,-0.747,0,-0.137,NextDayOpen,"오버나잇: 등락 +3.2%, 범위 위치 25%",익일 시초 매도,3.15,-1.45,0.25,494.7,0.291,0.88,2,370,5,0,0,1.2,True
005380#56-20260107151000,005380,현대차,오버나잇,FullAuto,Paper,Backtest,2026-01-07 15:10:00,2026-01-07 15:10:00,2026-01-08 09:01:00,1071,2,351000,361000,333500,4.986,18343,2.613,0.52,2.849,-0.285,0,0,NextDayOpen,"오버나잇: 등락 +13.8%, 범위 위치 78%",익일 시초 매도,13.78,2.74,0.778,397.5,0.346,0.90,1,370,5,0,0,1.2,True
042700#57-20260107151000,042700,한미반도체,오버나잇,FullAuto,Paper,Backtest,2026-01-07 15:10:00,2026-01-07 15:10:00,2026-01-08 09:01:00,1071,4,185900,182600,176700,4.949,-14880,-2.001,-0.40,0.108,-1.721,0,-0.055,NextDayOpen,"오버나잇: 등락 +4.4%, 범위 위치 33%",익일 시초 매도,4.38,-1.54,0.325,289.3,0.207,1.06,1,370,5,0,0,1.2,True
042660#60-20260107151000,042660,한화오션,오버나잇,FullAuto,Paper,Backtest,2026-01-07 15:10:00,2026-01-07 15:10:00,2026-01-08 09:01:00,1071,6,120700,122600,114700,4.971,9711,1.341,0.27,1.657,-0.083,0,-0.081,NextDayOpen,"오버나잇: 등락 +0.8%, 범위 위치 36%",익일 시초 매도,0.84,-0.89,0.364,664.8,0.148,0.33,1,370,5,0,0,1.2,True
000270#58-20260107151000,000270,기아,오버나잇,FullAuto,Paper,Backtest,2026-01-07 15:10:00,2026-01-07 15:10:00,2026-01-08 09:01:00,1071,5,128650,131000,122200,5.014,10246,1.593,0.32,1.827,-0.039,0,0,NextDayOpen,"오버나잇: 등락 +5.3%, 범위 위치 80%",익일 시초 매도,5.28,1.21,0.799,371.3,0.139,0.71,2,370,5,0,0,1.2,True
012330#59-20260107151000,012330,현대모비스,오버나잇,FullAuto,Paper,Backtest,2026-01-07 15:10:00,2026-01-07 15:10:00,2026-01-08 09:01:00,1071,1,392500,404500,373000,4.968,11073,2.821,0.57,3.057,-0.255,0,0,NextDayOpen,"오버나잇: 등락 +6.8%, 범위 위치 70%",익일 시초 매도,6.80,0.37,0.699,431.8,0.218,0.63,1,370,5,0,0,1.2,True
298830#61-20260107151000,298830,슈어소프트테크,오버나잇,FullAuto,Paper,Backtest,2026-01-07 15:10:00,2026-01-07 15:10:00,2026-01-08 09:01:00,1071,82,9300,9450,8840,4.946,10521,1.380,0.28,1.613,-1.075,0,0,NextDayOpen,"오버나잇: 등락 +15.8%, 범위 위치 68%",익일 시초 매도,15.84,0.17,0.676,238.6,0.607,1.39,1,370,5,0,0,1.2,True
376900#66-20260108090520,376900,로킷헬스케어,ORB,FullAuto,Paper,Backtest,2026-01-08 09:05:20,2026-01-08 09:05:20,2026-01-08 15:05:00,359.7,14,69200,72000,67200,2.890,36888,3.808,1.32,7.659,-2.746,0,0,ForceClose,"ORB5 고가 68,800 돌파 (범위 4.2%, 등락 +8.5%)",장마감 강제청산,8.46,1.93,1,270.3,2.312,5.37,1,5,3,10,0,1.2,False
042660#74-20260108151000,042660,한화오션,오버나잇,FullAuto,Paper,Backtest,2026-01-08 15:10:00,2026-01-08 15:10:00,2026-01-09 09:01:00,1071,5,129600,129500,123200,4.938,-1989,-0.307,-0.06,0.309,-0.926,0,0,NextDayOpen,"오버나잇: 등락 +7.1%, 범위 위치 77%",익일 시초 매도,7.11,0.71,0.77,335.3,0.259,0.72,1,370,5,0,0,1.2,True
196170#80-20260108151000,196170,알테오젠,오버나잇,FullAuto,Paper,Backtest,2026-01-08 15:10:00,2026-01-08 15:10:00,2026-01-09 09:01:00,1071,2,370514,369360,352000,4.997,-4006,-0.541,-0.11,0,-0.415,0,0,NextDayOpen,"오버나잇: 등락 +2.4%, 범위 위치 89%",익일 시초 매도,2.45,0.68,0.889,252.2,0.265,1.28,2,370,5,0,0,1.2,True
047810#77-20260108151000,047810,한국항공우주,오버나잇,FullAuto,Paper,Backtest,2026-01-08 15:10:00,2026-01-08 15:10:00,2026-01-09 09:01:00,1071,5,143400,145600,136300,4.951,9328,1.301,0.26,1.534,-0.558,0,0,NextDayOpen,"오버나잇: 등락 +6.2%, 범위 위치 84%",익일 시초 매도,6.22,1.60,0.842,295.0,0.274,1.33,1,370,5,0,0,1.2,True
402340#78-20260108151000,402340,SK스퀘어,오버나잇,FullAuto,Paper,Backtest,2026-01-08 15:10:00,2026-01-08 15:10:00,2026-01-09 09:01:00,1071,1,428000,424000,407000,4.907,-4975,-1.162,-0.24,0.117,-0.935,0,0,NextDayOpen,"오버나잇: 등락 +0.0%, 범위 위치 27%",익일 시초 매도,0,-1.19,0.275,250.1,0.334,0.85,1,370,5,0,0,1.2,True
456160#76-20260108151000,456160,지투지바이오,오버나잇,FullAuto,Paper,Backtest,2026-01-08 15:10:00,2026-01-08 15:10:00,2026-01-09 09:01:00,1071,9,81900,79100,77900,4.884,-26839,-3.641,-0.75,0,-3.297,0,-0.126,NextDayOpen,"오버나잇: 등락 +27.0%, 범위 위치 96%",익일 시초 매도,27.02,7.24,0.958,273.5,0.594,0.49,1,370,5,0,0,1.2,True
000660#73-20260108151000,000660,SK하이닉스,오버나잇,FullAuto,Paper,Backtest,2026-01-08 15:10:00,2026-01-08 15:10:00,2026-01-09 09:01:00,1071,1,759000,743000,722000,4.875,-17710,-2.333,-0.48,0.395,-1.976,0,-0.134,NextDayOpen,"오버나잇: 등락 +2.4%, 범위 위치 49%",익일 시초 매도,2.43,-1.19,0.491,382.2,0.358,0.78,1,370,5,0,0,1.2,True
103140#84-20260109090627,103140,풍산,ORB,FullAuto,Paper,Backtest,2026-01-09 09:06:27,2026-01-09 09:06:27,2026-01-09 09:13:27,7,12,122700,119100,119100,2.934,-46492,-3.158,-1.08,0.244,-2.934,0,0,StopLoss,"ORB5 고가 122,500 돌파 (범위 2.7%, 등락 +6.0%) · A등급","손절 (119,100)",5.96,1.23,1,316.2,1.202,3.50,1,6,3,10,0,1.2,False
214450#85-20260109091427,214450,파마리서치,ORB,FullAuto,Paper,Backtest,2026-01-09 09:14:27,2026-01-09 09:14:27,2026-01-09 15:05:00,350.5,3,488500,484500,474000,2.968,-15344,-1.047,-0.35,0.819,-2.559,0,-0.103,ForceClose,"ORB5 고가 488,000 돌파 (범위 3.3%, 등락 +5.3%) · A등급",장마감 강제청산,5.28,1.35,1,203.6,0.891,2.70,1,14,3,10,0,1.2,False
042660#95-20260109151000,042660,한화오션,오버나잇,FullAuto,Paper,Backtest,2026-01-09 15:10:00,2026-01-09 15:10:00,2026-01-12 09:01:00,3951,5,134100,135200,127400,4.996,3947,0.589,0.12,0.820,-0.224,0,0,NextDayOpen,"오버나잇: 등락 +2.8%, 범위 위치 92%",익일 시초 매도,2.84,1.48,0.921,661.4,0.138,0.56,1,370,5,0,0,1.2,True
005380#93-20260109151000,005380,현대차,오버나잇,FullAuto,Paper,Backtest,2026-01-09 15:10:00,2026-01-09 15:10:00,2026-01-12 09:01:00,3951,2,366500,383000,348500,4.911,31245,4.263,0.87,4.502,-0.409,0,0,NextDayOpen,"오버나잇: 등락 +6.9%, 범위 위치 90%",익일 시초 매도,6.86,3.15,0.897,374.9,0.312,0.61,1,370,5,0,0,1.2,True
034020#97-20260109151000,034020,두산에너빌리티,오버나잇,FullAuto,Paper,Backtest,2026-01-09 15:10:00,2026-01-09 15:10:00,2026-01-12 09:01:00,3951,9,83900,87600,79800,4.887,31493,4.171,0.85,4.529,0,0,-0.114,NextDayOpen,"오버나잇: 등락 +0.0%, 범위 위치 15%",익일 시초 매도,0,-1.01,0.15,612.1,0.170,1.38,1,370,5,0,0,1.2,True
272210#92-20260109151000,272210,한화시스템,오버나잇,FullAuto,Paper,Backtest,2026-01-09 15:10:00,2026-01-09 15:10:00,2026-01-12 09:01:00,3951,10,76700,78300,72900,4.954,14202,1.852,0.37,2.086,-0.847,0,0,NextDayOpen,"오버나잇: 등락 +26.0%, 범위 위치 97%",익일 시초 매도,25.99,8.77,0.974,358.5,0.615,0.57,1,370,5,0,0,1.2,True
196170#99-20260109151000,196170,알테오젠,오버나잇,FullAuto,Paper,Backtest,2026-01-09 15:10:00,2026-01-09 15:10:00,2026-01-12 09:01:00,3951,1,393715,382442,374000,5.007,-12153,-3.087,-0.62,0,-2.863,0,0,NextDayOpen,"오버나잇: 등락 +6.1%, 범위 위치 94%",익일 시초 매도,6.13,3.06,0.935,340.9,0.438,0.40,2,370,5,0,0,1.2,True
307950#94-20260109151000,307950,현대오토에버,오버나잇,FullAuto,Paper,Backtest,2026-01-09 15:10:00,2026-01-09 15:10:00,2026-01-12 09:01:00,3951,1,464000,475500,441000,4.957,10409,2.243,0.45,2.478,-0.323,0,0,NextDayOpen,"오버나잇: 등락 +18.7%, 범위 위치 85%",익일 시초 매도,18.67,5.87,0.850,267.6,0.516,0.79,1,370,5,0,0,1.2,True
476830#98-20260109151000,476830,알지노믹스,오버나잇,FullAuto,Paper,Backtest,2026-01-09 15:10:00,2026-01-09 15:10:00,2026-01-12 09:01:00,3951,8,96950,92400,92100,5.003,-38104,-4.913,-0.98,0.980,-4.590,0,-0.108,NextDayOpen,"오버나잇: 등락 +21.7%, 범위 위치 85%",익일 시초 매도,21.67,6.97,0.846,295.8,0.583,2.62,2,370,5,0,0,1.2,True
101170#105-20260112090520,101170,우림피티에스,ORB,FullAuto,Paper,Backtest,2026-01-12 09:05:20,2026-01-12 09:05:20,2026-01-12 09:13:25,8.1,79,19260,21150,18690,2.960,145491,9.562,3.23,10.073,-0.156,0,-0.236,TakeProfit,"ORB5 고가 19,200 돌파 (범위 3.1%, 등락 +4.3%) · A등급",목표 익절 +10%,4.28,1.67,1,33.3,1.800,1.60,1,5,3,10,0,1.2,False
034020#100-20260112090620,034020,두산에너빌리티,ORB,FullAuto,Paper,Backtest,2026-01-12 09:06:20,2026-01-12 09:06:20,2026-01-12 09:16:15,9.9,16,89700,87100,87100,2.899,-44811,-3.122,-1.08,0.780,-2.899,0,0,StopLoss,"ORB5 고가 89,600 돌파 (범위 3.0%, 등락 +6.3%) · A등급","손절 (87,100)",6.28,1.18,1,368.2,0.780,2.64,1,6,3,10,0,1.2,False
000720#102-20260112090625,000720,현대건설,ORB,FullAuto,Paper,Backtest,2026-01-12 09:06:25,2026-01-12 09:06:25,2026-01-12 12:13:27,187,12,81500,89600,79100,2.945,94743,9.687,3.29,10.061,-0.491,0,-0.111,TakeProfit,"ORB5 고가 81,200 돌파 (범위 4.2%, 등락 +7.0%)",목표 익절 +10%,6.96,1.46,1,236.8,0.982,2.01,1,6,3,10,0,1.2,False
010120#103-20260112092512,010120,LS ELECTRIC,ORB,FullAuto,Paper,Backtest,2026-01-12 09:25:12,2026-01-12 09:25:12,2026-01-12 14:42:30,317.3,9,101100,98100,98100,2.967,-29033,-3.191,-1.08,1.484,-2.967,0,0,StopLoss,"ORB5 고가 101,000 돌파 (범위 2.9%, 등락 +6.0%)","손절 (98,100)",5.97,1.38,1,285.3,0.516,2.31,1,25,3,10,0,1.2,False
005380#111-20260112151000,005380,현대차,오버나잇,FullAuto,Paper,Backtest,2026-01-12 15:10:00,2026-01-12 15:10:00,2026-01-13 09:01:00,1071,2,365000,380000,347000,4.932,28257,3.871,0.78,4.247,0,0,-0.131,NextDayOpen,"오버나잇: 등락 -+0.3%, 범위 위치 26%",익일 시초 매도,-0.27,-1.92,0.26,297.9,0.450,0.58,1,370,5,0,0,1.2,True
042660#109-20260112151000,042660,한화오션,오버나잇,FullAuto,Paper,Backtest,2026-01-12 15:10:00,2026-01-12 15:10:00,2026-01-13 09:01:00,1071,5,145300,144400,138100,4.955,-6160,-0.848,-0.17,0.275,-0.551,0,-0.069,NextDayOpen,"오버나잇: 등락 +8.4%, 범위 위치 78%",익일 시초 매도,8.36,0.75,0.777,297.9,0.300,1.00,1,370,5,0,0,1.2,True
034020#110-20260112151000,034020,두산에너빌리티,오버나잇,FullAuto,Paper,Backtest,2026-01-12 15:10:00,2026-01-12 15:10:00,2026-01-13 09:01:00,1071,8,87900,88000,83600,4.892,-818,-0.116,-0.02,0.455,-0.228,0,0,NextDayOpen,"오버나잇: 등락 +3.7%, 범위 위치 40%",익일 시초 매도,3.66,-0.29,0.405,966.3,0.252,0.42,1,370,5,0,0,1.2,True
000720#112-20260112151000,000720,현대건설,오버나잇,FullAuto,Paper,Backtest,2026-01-12 15:10:00,2026-01-12 15:10:00,2026-01-13 09:01:00,1071,8,91100,88800,86600,4.940,-20035,-2.749,-0.56,0.329,-2.525,0,0,NextDayOpen,"오버나잇: 등락 +19.6%, 범위 위치 89%",익일 시초 매도,19.55,4.20,0.892,270.3,0.463,1.20,1,370,5,0,0,1.2,True
047810#115-20260112151000,047810,한국항공우주,오버나잇,FullAuto,Paper,Backtest,2026-01-12 15:10:00,2026-01-12 15:10:00,2026-01-13 09:01:00,1071,5,153200,151700,145600,4.961,-9244,-1.207,-0.24,0.718,-0.979,0,0,NextDayOpen,"오버나잇: 등락 +2.1%, 범위 위치 55%",익일 시초 매도,2.13,0.44,0.551,657.1,0.186,0.79,1,370,5,0,0,1.2,True
086520#113-20260112151000,086520,에코프로,오버나잇,FullAuto,Paper,Backtest,2026-01-12 15:10:00,2026-01-12 15:10:00,2026-01-13 09:01:00,1071,8,93200,95300,88600,4.936,15051,2.019,0.41,2.253,-0.107,0,0,NextDayOpen,"오버나잇: 등락 +5.5%, 범위 위치 73%",익일 시초 매도,5.55,0.07,0.726,578.8,0.307,0.58,1,370,5,0,0,1.2,True
012330#121-20260113090522,012330,현대모비스,ORB,FullAuto,Paper,Backtest,2026-01-13 09:05:22,2026-01-13 09:05:22,2026-01-13 09:47:27,42.1,3,413000,454000,401000,2.906,119887,9.676,3.33,10.048,0,0,-0.110,TakeProfit,"ORB5 고가 411,500 돌파 (범위 2.4%, 등락 +4.3%) · A등급",목표 익절 +10%,4.29,1.23,1,799.9,1.090,1.78,1,5,3,10,0,1.2,False
307950#118-20260113090522,307950,현대오토에버,ORB,FullAuto,Paper,Backtest,2026-01-13 09:05:22,2026-01-13 09:05:22,2026-01-13 14:07:27,302.1,2,503000,488500,488500,2.883,-31250,-3.106,-1.08,6.561,-2.883,0,0,StopLoss,"ORB5 고가 501,000 돌파 (범위 3.7%, 등락 +9.3%)","손절 (488,500)",9.35,1.78,1,269.6,1.557,2.50,1,5,3,10,0,1.2,False
005380#120-20260113090522,005380,현대차,ORB,FullAuto,Paper,Backtest,2026-01-13 09:05:22,2026-01-13 09:05:22,2026-01-13 15:05:00,359.6,2,384500,407000,373000,2.991,43135,5.609,1.88,7.542,0,0,0,ForceClose,"ORB5 고가 384,000 돌파 (범위 1.6%, 등락 +4.8%)",장마감 강제청산,4.77,0.96,1,261.0,0.954,2.85,1,5,3,10,0,1.2,False
007660#122-20260113090730,007660,이수페타시스,ORB,FullAuto,Paper,Backtest,2026-01-13 09:07:30,2026-01-13 09:07:30,2026-01-13 15:05:00,357.5,12,117000,115800,113500,2.991,-17597,-1.253,-0.42,0.769,-2.735,0,-0.086,ForceClose,"ORB5 고가 116,900 돌파 (범위 3.9%, 등락 +6.4%) · A등급",장마감 강제청산,6.36,1.35,1,469.6,1.197,1.28,1,8,3,10,0,1.2,False
005380#128-20260113151000,005380,현대차,오버나잇,FullAuto,Paper,Backtest,2026-01-13 15:10:00,2026-01-13 15:10:00,2026-01-14 09:01:00,1071,1,405000,406500,385000,4.938,567,0.140,0.03,0.617,-0.123,0,0,NextDayOpen,"오버나잇: 등락 +10.4%, 범위 위치 76%",익일 시초 매도,10.35,1.56,0.761,371.3,0.282,0.93,1,370,5,0,0,1.2,True
042660#132-20260113151000,042660,한화오션,오버나잇,FullAuto,Paper,Backtest,2026-01-13 15:10:00,2026-01-13 15:10:00,2026-01-14 09:01:00,1071,5,149500,148200,142100,4.950,-8205,-1.098,-0.22,0.268,-0.870,0,0,NextDayOpen,"오버나잇: 등락 +3.8%, 범위 위치 93%",익일 시초 매도,3.82,1.13,0.932,521.5,0.218,1.22,1,370,5,0,0,1.2,True
272210#129-20260113151000,272210,한화시스템,오버나잇,FullAuto,Paper,Backtest,2026-01-13 15:10:00,2026-01-13 15:10:00,2026-01-14 09:01:00,1071,8,89800,86400,85400,4.900,-28792,-4.008,-0.82,0.445,-3.675,0,-0.116,NextDayOpen,"오버나잇: 등락 +13.1%, 범위 위치 92%",익일 시초 매도,13.10,6.08,0.918,279.7,0.390,0.69,1,370,5,0,0,1.2,True
000270#134-20260113151000,000270,기아,오버나잇,FullAuto,Paper,Backtest,2026-01-13 15:10:00,2026-01-13 15:10:00,2026-01-14 09:01:00,1071,5,135500,139600,128800,4.945,18899,2.790,0.56,3.026,0,0,0,NextDayOpen,"오버나잇: 등락 +4.7%, 범위 위치 90%",익일 시초 매도,4.71,1.22,0.896,462.3,0.158,0.83,1,370,5,0,0,1.2,True
005490#130-20260113151000,005490,POSCO홀딩스,오버나잇,FullAuto,Paper,Backtest,2026-01-13 15:10:00,2026-01-13 15:10:00,2026-01-14 09:01:00,1071,2,352500,352500,335000,4.965,-1620,-0.230,-0.05,0.142,-0.284,0,0,NextDayOpen,"오버나잇: 등락 +13.9%, 범위 위치 96%",익일 시초 매도,13.89,4.17,0.964,580.7,0.263,1.52,1,370,5,0,0,1.2,True
012330#131-20260113151000,012330,현대모비스,오버나잇,FullAuto,Paper,Backtest,2026-01-13 15:10:00,2026-01-13 15:10:00,2026-01-14 09:01:00,1071,1,452000,448000,429500,4.978,-5030,-1.113,-0.22,0.111,-0.885,0,0,NextDayOpen,"오버나잇: 등락 +14.0%, 범위 위치 74%",익일 시초 매도,14.02,1.47,0.744,278.9,0.221,0.91,1,370,5,0,0,1.2,True
307950#133-20260113151030,307950,현대오토에버,오버나잇,FullAuto,Paper,Backtest,2026-01-13 15:10:30,2026-01-13 15:10:30,2026-01-14 09:01:00,1070.5,1,499000,490500,474500,4.910,-9628,-1.929,-0.39,0.401,-1.703,0,0,NextDayOpen,"오버나잇: 등락 +8.5%, 범위 위치 30%",익일 시초 매도,8.48,-2.54,0.302,296.0,0.243,0.85,1,370,5,0,0,1.2,True
042700#136-20260114090627,042700,한미반도체,ORB,FullAuto,Paper,Backtest,2026-01-14 09:06:27,2026-01-14 09:06:27,2026-01-14 09:10:25,4,5,185500,179600,180000,2.965,-31569,-3.404,-1.15,0.216,-3.181,0,-0.222,StopLoss,"ORB5 고가 185,300 돌파 (범위 4.7%, 등락 +7.0%)","손절 (180,000)",7.04,1.67,1,199.8,1.550,2.30,1,6,3,10,0,1.2,False
066570#137-20260114090522,066570,LG전자,ORB,FullAuto,Paper,Backtest,2026-01-14 09:05:22,2026-01-14 09:05:22,2026-01-14 09:24:25,19,10,96700,93800,93800,2.999,-31161,-3.222,-1.07,0.517,-2.999,0,0,StopLoss,"ORB5 고가 96,500 돌파 (범위 5.5%, 등락 +6.5%)","손절 (93,800)",6.50,1.53,1,401.1,1.379,1.80,1,5,3,10,0,1.2,False
000270#142-20260114090920,000270,기아,ORB,FullAuto,Paper,Backtest,2026-01-14 09:09:20,2026-01-14 09:09:20,2026-01-14 15:05:00,355.7,10,140800,142200,136600,2.983,10732,0.762,0.26,3.906,-0.994,0,-0.070,ForceClose,"ORB5 고가 140,600 돌파 (범위 3.2%, 등락 +3.6%) · A등급",장마감 강제청산,3.61,1.03,1,182.0,0.893,3.22,1,9,3,10,0,1.2,False
005930#148-20260114151000,005930,삼성전자,오버나잇,FullAuto,Paper,Backtest,2026-01-14 15:10:00,2026-01-14 15:10:00,2026-01-15 09:01:00,1071,5,140000,139000,133000,5.00,-6599,-0.943,-0.19,0,-0.714,0,0,NextDayOpen,"오버나잇: 등락 +1.3%, 범위 위치 89%",익일 시초 매도,1.30,0.53,0.886,647.2,0.128,0.75,1,370,5,0,0,1.2,True
000660#149-20260114151000,000660,SK하이닉스,오버나잇,FullAuto,Paper,Backtest,2026-01-14 15:10:00,2026-01-14 15:10:00,2026-01-15 09:01:00,1071,1,741000,732000,704000,4.993,-10684,-1.442,-0.29,0.270,-1.215,0,0,NextDayOpen,"오버나잇: 등락 +0.3%, 범위 위치 59%",익일 시초 매도,0.27,0.31,0.591,661.0,0.222,1.13,1,370,5,0,0,1.2,True
005380#151-20260114151000,005380,현대차,오버나잇,FullAuto,Paper,Backtest,2026-01-14 15:10:00,2026-01-14 15:10:00,2026-01-15 09:01:00,1071,1,409000,409500,389000,4.890,-441,-0.108,-0.02,1.100,-0.122,0,0,NextDayOpen,"오버나잇: 등락 +0.6%, 범위 위치 81%",익일 시초 매도,0.62,0.99,0.815,811.2,0.175,0.37,1,370,5,0,0,1.2,True
272210#155-20260114151000,272210,한화시스템,오버나잇,FullAuto,Paper,Backtest,2026-01-14 15:10:00,2026-01-14 15:10:00,2026-01-15 09:01:00,1071,8,88300,94800,83900,4.983,50266,7.116,1.43,7.475,-0.227,0,-0.105,NextDayOpen,"오버나잇: 등락 +2.3%, 범위 위치 42%",익일 시초 매도,2.32,-0.72,0.418,353.4,0.218,1.78,1,370,5,0,0,1.2,True
000880#152-20260114151000,000880,한화,오버나잇,FullAuto,Paper,Backtest,2026-01-14 15:10:00,2026-01-14 15:10:00,2026-01-15 09:01:00,1071,5,153784,157145,146100,4.997,15002,1.951,0.39,2.186,-0.390,0,0,NextDayOpen,"오버나잇: 등락 +25.1%, 범위 위치 92%",익일 시초 매도,25.10,6.81,0.920,183.1,0.528,0.53,2,370,5,0,0,1.2,True
034020#150-20260114151000,034020,두산에너빌리티,오버나잇,FullAuto,Paper,Backtest,2026-01-14 15:10:00,2026-01-14 15:10:00,2026-01-15 09:01:00,1071,8,89500,90000,85100,4.916,2345,0.328,0.07,0.559,0,0,0,NextDayOpen,"오버나잇: 등락 +2.3%, 범위 위치 70%",익일 시초 매도,2.29,0.22,0.698,776.7,0.184,1.93,1,370,5,0,0,1.2,True
042700#153-20260114151000,042700,한미반도체,오버나잇,FullAuto,Paper,Backtest,2026-01-14 15:10:00,2026-01-14 15:10:00,2026-01-15 09:01:00,1071,4,178100,173400,169200,4.997,-20397,-2.863,-0.57,0.449,-2.583,0,-0.058,NextDayOpen,"오버나잇: 등락 +2.8%, 범위 위치 27%",익일 시초 매도,2.77,-1.48,0.271,1050.3,0.132,1.81,1,370,5,0,0,1.2,True
000720#154-20260114151000,000720,현대건설,오버나잇,FullAuto,Paper,Backtest,2026-01-14 15:10:00,2026-01-14 15:10:00,2026-01-15 09:01:00,1071,8,94500,94000,89800,4.974,-5729,-0.758,-0.15,0.317,-0.529,0,0,NextDayOpen,"오버나잇: 등락 +1.7%, 범위 위치 36%",익일 시초 매도,1.72,-1.63,0.364,383.0,0.234,0.74,1,370,5,0,0,1.2,True
272210#158-20260115090815,272210,한화시스템,ORB,FullAuto,Paper,Backtest,2026-01-15 09:08:15,2026-01-15 09:08:15,2026-01-15 09:12:27,4.2,10,96400,93600.00,93600,2.905,-30156,-3.128,-1.08,0,-2.905,0,0.000,StopLoss,"ORB5 고가 96,300 돌파 (범위 3.7%, 등락 +9.0%)","손절 (93,600)",9.05,1.54,1,182.0,1.504,2.05,1,8,3,10,0,1.2,False
007660#160-20260115090730,007660,이수페타시스,ORB,FullAuto,Paper,Backtest,2026-01-15 09:07:30,2026-01-15 09:07:30,2026-01-15 15:05:00,357.5,12,121600,121600,118000,2.961,-3354,-0.230,-0.08,1.151,-2.714,0,-0.082,ForceClose,"ORB5 고가 121,400 돌파 (범위 3.5%, 등락 +4.6%) · A등급",장마감 강제청산,4.56,1.28,1,572.7,1.053,1.98,1,8,3,10,0,1.2,False
005930#169-20260115151000,005930,삼성전자,오버나잇,FullAuto,Paper,Backtest,2026-01-15 15:10:00,2026-01-15 15:10:00,2026-01-16 09:01:00,1071,5,143400,145300,136300,4.951,7832,1.092,0.22,1.325,-0.070,0,0,NextDayOpen,"오버나잇: 등락 +2.8%, 범위 위치 89%",익일 시초 매도,2.80,1.47,0.895,367.9,0.125,1.26,1,370,5,0,0,1.2,True
000660#170-20260115151000,000660,SK하이닉스,오버나잇,FullAuto,Paper,Backtest,2026-01-15 15:10:00,2026-01-15 15:10:00,2026-01-16 09:01:00,1071,1,746000,750000,709000,4.960,2277,0.305,0.06,0.670,-0.134,0,-0.133,NextDayOpen,"오버나잇: 등락 +1.4%, 범위 위치 90%",익일 시초 매도,1.36,1.06,0.905,451.9,0.201,0.97,1,370,5,0,0,1.2,True
005380#171-20260115151000,005380,현대차,오버나잇,FullAuto,Paper,Backtest,2026-01-15 15:10:00,2026-01-15 15:10:00,2026-01-16 09:01:00,1071,1,420000,426500,399000,5.00,5521,1.315,0.26,1.548,-0.119,0,0,NextDayOpen,"오버나잇: 등락 +1.4%, 범위 위치 75%",익일 시초 매도,1.45,0.80,0.75,590.7,0.136,1.15,1,370,5,0,0,1.2,True
090710#175-20260115151000,090710,휴림로봇,오버나잇,FullAuto,Paper,Backtest,2026-01-15 15:10:00,2026-01-15 15:10:00,2026-01-16 09:01:00,1071,70,11200,11510,10640,5.00,19852,2.532,0.51,2.857,-0.714,0,-0.087,NextDayOpen,"오버나잇: 등락 +17.6%, 범위 위치 75%",익일 시초 매도,17.65,2.58,0.747,281.6,0.223,0.99,1,370,5,0,0,1.2,True
272210#172-20260115151000,272210,한화시스템,오버나잇,FullAuto,Paper,Backtest,2026-01-15 15:10:00,2026-01-15 15:10:00,2026-01-16 09:01:00,1071,8,97000,95100,92200,4.948,-16951,-2.184,-0.44,0,-1.856,0,-0.105,NextDayOpen,"오버나잇: 등락 +9.6%, 범위 위치 66%",익일 시초 매도,9.62,1.27,0.657,278.8,0.258,1.00,1,370,5,0,0,1.2,True
000270#176-20260115151000,000270,기아,오버나잇,FullAuto,Paper,Backtest,2026-01-15 15:10:00,2026-01-15 15:10:00,2026-01-16 09:01:00,1071,5,151700,158000,144200,4.944,29689,3.914,0.79,4.153,-0.066,0,0,NextDayOpen,"오버나잇: 등락 +6.2%, 범위 위치 93%",익일 시초 매도,6.16,2.45,0.930,444.0,0.165,1.59,1,370,5,0,0,1.2,True
042660#173-20260115151000,042660,한화오션,오버나잇,FullAuto,Paper,Backtest,2026-01-15 15:10:00,2026-01-15 15:10:00,2026-01-16 09:01:00,1071,5,148400,149800,141000,4.987,5279,0.711,0.14,0.943,-0.270,0,0,NextDayOpen,"오버나잇: 등락 +5.0%, 범위 위치 53%",익일 시초 매도,5.02,-0.15,0.535,766.3,0.130,1.29,1,370,5,0,0,1.2,True
000880#174-20260115151000,000880,한화,오버나잇,FullAuto,Paper,Backtest,2026-01-15 15:10:00,2026-01-15 15:10:00,2026-01-16 09:01:00,1071,4,164689,161127,156400,5.033,-15731,-2.388,-0.47,0,-2.102,0,-0.062,NextDayOpen,"오버나잇: 등락 +6.4%, 범위 위치 84%",익일 시초 매도,6.36,2.90,0.844,155.3,0.456,0.93,2,370,5,0,0,1.2,True
022100#183-20260116091127,022100,포스코DX,ORB,FullAuto,Paper,Backtest,2026-01-16 09:11:27,2026-01-16 09:11:27,2026-01-16 09:18:27,7,24,42400,41100,41150,2.948,-33471,-3.289,-1.12,0.354,-3.066,0,-0.122,StopLoss,"ORB5 고가 42,350 돌파 (범위 3.8%, 등락 +9.7%)","손절 (41,150)",9.70,2.42,1,266.2,1.114,2.71,1,11,3,10,0,1.2,False
090710#178-20260116090517,090710,휴림로봇,ORB,FullAuto,Paper,Backtest,2026-01-16 09:05:17,2026-01-16 09:05:17,2026-01-16 09:46:25,41.1,85,12200,13410,11840,2.951,100246,9.667,3.28,10.0,0,0,-0.075,TakeProfit,"ORB5 고가 12,180 돌파 (범위 5.8%, 등락 +9.2%)",목표 익절 +10%,9.22,2.24,1,343.7,1.612,1.48,1,5,3,10,0,1.2,False
005930#190-20260116151000,005930,삼성전자,오버나잇,FullAuto,Paper,Backtest,2026-01-16 15:10:00,2026-01-16 15:10:00,2026-01-19 09:01:00,3951,5,148800,147100,141400,4.973,-10192,-1.370,-0.28,0.202,-1.075,0,-0.068,NextDayOpen,"오버나잇: 등락 +2.6%, 범위 위치 87%",익일 시초 매도,2.62,0.74,0.865,974.9,0.154,1.04,1,370,5,0,0,1.2,True
034020#191-20260116151000,034020,두산에너빌리티,오버나잇,FullAuto,Paper,Backtest,2026-01-16 15:10:00,2026-01-16 15:10:00,2026-01-19 09:01:00,3951,8,95150,97000,90400,4.992,13018,1.710,0.34,1.944,-0.158,0,0,NextDayOpen,"오버나잇: 등락 +6.0%, 범위 위치 81%",익일 시초 매도,5.96,1.44,0.808,448.4,0.195,1.63,2,370,5,0,0,1.2,True
196170#192-20260116151000,196170,알테오젠,오버나잇,FullAuto,Paper,Backtest,2026-01-16 15:10:00,2026-01-16 15:10:00,2026-01-19 09:01:00,3951,1,396293,390906,376500,4.995,-6285,-1.586,-0.32,0.582,-1.359,0,0,NextDayOpen,"오버나잇: 등락 +9.6%, 범위 위치 83%",익일 시초 매도,9.57,3.37,0.832,216.6,0.469,1.67,2,370,5,0,0,1.2,True
066570#196-20260116151000,066570,LG전자,오버나잇,FullAuto,Paper,Backtest,2026-01-16 15:10:00,2026-01-16 15:10:00,2026-01-19 09:01:00,3951,8,98000,97600,93100,5.00,-4995,-0.637,-0.13,0.408,-0.306,0,-0.102,NextDayOpen,"오버나잇: 등락 +3.8%, 범위 위치 39%",익일 시초 매도,3.81,-1.65,0.394,567.7,0.211,1.02,1,370,5,0,0,1.2,True
022100#193-20260116151000,022100,포스코DX,오버나잇,FullAuto,Paper,Backtest,2026-01-16 15:10:00,2026-01-16 15:10:00,2026-01-19 09:01:00,3951,18,42200,41400,40100,4.976,-16114,-2.121,-0.43,0.118,-1.777,0,-0.121,NextDayOpen,"오버나잇: 등락 +9.1%, 범위 위치 59%",익일 시초 매도,9.06,0.89,0.593,262.9,0.330,2.94,1,370,5,0,0,1.2,True
052690#197-20260116151000,052690,한전기술,오버나잇,FullAuto,Paper,Backtest,2026-01-16 15:10:00,2026-01-16 15:10:00,2026-01-19 09:01:00,3951,6,126100,130000,119800,4.996,21610,2.856,0.57,3.093,-0.397,0,0,NextDayOpen,"오버나잇: 등락 +10.6%, 범위 위치 80%",익일 시초 매도,10.61,2.18,0.801,209.2,0.340,0.57,1,370,5,0,0,1.2,True
456160#194-20260116151000,456160,지투지바이오,오버나잇,FullAuto,Paper,Backtest,2026-01-16 15:10:00,2026-01-16 15:10:00,2026-01-19 09:01:00,3951,9,82600,83300,78500,4.964,4578,0.616,0.12,1.090,-0.484,0,-0.120,NextDayOpen,"오버나잇: 등락 +8.0%, 범위 위치 56%",익일 시초 매도,7.97,0.01,0.564,270.6,0.579,2.48,1,370,5,0,0,1.2,True
090710#195-20260116151000,090710,휴림로봇,오버나잇,FullAuto,Paper,Backtest,2026-01-16 15:10:00,2026-01-16 15:10:00,2026-01-19 09:03:00,3953,62,12620,14190,11990,4.992,95333,12.184,2.44,12.520,-0.158,0,-0.070,NextDayOpen,"오버나잇: 등락 +13.0%, 범위 위치 51%",익일 시초 매도,12.98,-1.74,0.509,232.0,0.277,0.92,1,370,5,0,0,1.2,True
005380#199-20260119090520,005380,현대차,ORB,FullAuto,Paper,Backtest,2026-01-19 09:05:20,2026-01-19 09:05:20,2026-01-19 11:49:30,164.2,2,439500,483000,426500,2.958,84793,9.647,3.26,10.011,-0.796,0,-0.103,TakeProfit,"ORB5 고가 439,000 돌파 (범위 4.6%, 등락 +5.6%)",목표 익절 +10%,5.65,1.92,1,957.5,1.100,1.77,1,5,3,10,0,1.2,False
052690#203-20260119092630,052690,한전기술,ORB,FullAuto,Paper,Backtest,2026-01-19 09:26:30,2026-01-19 09:26:30,2026-01-19 15:05:00,338.5,7,131600,133200,127700,2.964,9059,0.983,0.33,2.432,-2.052,0,0,ForceClose,"ORB5 고가 131,500 돌파 (범위 3.7%, 등락 +4.6%)",장마감 강제청산,4.61,2.18,1,187.6,0.575,3.90,1,26,3,10,0,1.2,False
456160#200-20260119090720,456160,지투지바이오,ORB,FullAuto,Paper,Backtest,2026-01-19 09:07:20,2026-01-19 09:07:20,2026-01-19 15:05:00,357.7,12,86500,87200,84000,2.890,5997,0.578,0.20,3.699,-1.734,0,-0.115,ForceClose,"ORB5 고가 86,300 돌파 (범위 4.6%, 등락 +4.3%)",장마감 강제청산,4.34,1.89,1,165.1,2.266,4.87,1,7,3,10,0,1.2,False
005930#207-20260119151000,005930,삼성전자,오버나잇,FullAuto,Paper,Backtest,2026-01-19 15:10:00,2026-01-19 15:10:00,2026-01-20 09:01:00,1071,5,149700,148400,142300,4.943,-8207,-1.096,-0.22,0.134,-0.802,0,-0.067,NextDayOpen,"오버나잇: 등락 +0.1%, 범위 위치 78%",익일 시초 매도,0.13,0.79,0.775,1141.4,0.110,0.90,1,370,5,0,0,1.2,True
005380#208-20260119151000,005380,현대차,오버나잇,FullAuto,Paper,Backtest,2026-01-19 15:10:00,2026-01-19 15:10:00,2026-01-20 09:01:00,1071,1,478000,494000,454500,4.916,14867,3.110,0.63,3.347,-0.105,0,0,NextDayOpen,"오버나잇: 등락 +14.9%, 범위 위치 87%",익일 시초 매도,14.90,3.70,0.867,358.5,0.276,0.76,1,370,5,0,0,1.2,True
000660#209-20260119151000,000660,SK하이닉스,오버나잇,FullAuto,Paper,Backtest,2026-01-19 15:10:00,2026-01-19 15:10:00,2026-01-20 09:01:00,1071,1,767000,764000,729000,4.954,-4757,-0.620,-0.13,0.130,-0.391,0,0,NextDayOpen,"오버나잇: 등락 +1.2%, 범위 위치 72%",익일 시초 매도,1.19,0.49,0.72,479.6,0.205,0.40,1,370,5,0,0,1.2,True
034020#210-20260119151000,034020,두산에너빌리티,오버나잇,FullAuto,Paper,Backtest,2026-01-19 15:10:00,2026-01-19 15:10:00,2026-01-20 09:01:00,1071,8,95500,96100,90800,4.921,3034,0.397,0.08,0.628,-0.105,0,0,NextDayOpen,"오버나잇: 등락 +1.4%, 범위 위치 55%",익일 시초 매도,1.38,0.57,0.545,1475.8,0.120,1.35,1,370,5,0,0,1.2,True
000270#212-20260119151000,000270,기아,오버나잇,FullAuto,Paper,Backtest,2026-01-19 15:10:00,2026-01-19 15:10:00,2026-01-20 09:01:00,1071,4,169500,173900,161100,4.956,16004,2.360,0.48,2.655,-0.236,0,-0.057,NextDayOpen,"오버나잇: 등락 +11.1%, 범위 위치 85%",익일 시초 매도,11.15,3.89,0.854,309.3,0.192,0.74,1,370,5,0,0,1.2,True
466100#213-20260119151000,466100,클로봇,오버나잇,FullAuto,Paper,Backtest,2026-01-19 15:10:00,2026-01-19 15:10:00,2026-01-20 09:01:00,1071,11,71324,76244,67800,4.941,52201,6.654,1.35,7.038,-0.034,0,-0.131,NextDayOpen,"오버나잇: 등락 +11.6%, 범위 위치 74%",익일 시초 매도,11.56,2.04,0.739,206.0,0.452,1.91,2,370,5,0,0,1.2,True
058610#211-20260119151000,058610,에스피지,오버나잇,FullAuto,Paper,Backtest,2026-01-19 15:10:00,2026-01-19 15:10:00,2026-01-20 09:01:00,1071,7,113650,112900,108000,4.971,-7067,-0.888,-0.18,0.572,-1.452,0,0,NextDayOpen,"오버나잇: 등락 +22.3%, 범위 위치 85%",익일 시초 매도,22.34,7.19,0.849,258.9,0.610,0.67,2,370,5,0,0,1.2,True
454910#214-20260119151000,454910,두산로보틱스,오버나잇,FullAuto,Paper,Backtest,2026-01-19 15:10:00,2026-01-19 15:10:00,2026-01-20 09:03:00,1073,7,107300,123100,102000,4.939,108636,14.464,2.93,14.725,-0.093,0,0,NextDayOpen,"오버나잇: 등락 +18.7%, 범위 위치 79%",익일 시초 매도,18.69,0.94,0.792,297.1,0.266,1.56,1,370,5,0,0,1.2,True
022100#217-20260120090530,022100,포스코DX,ORB,FullAuto,Paper,Backtest,2026-01-20 09:05:30,2026-01-20 09:05:30,2026-01-20 09:06:30,1,36,44900,43450,43600,2.895,-55804,-3.452,-1.19,0,-3.229,0,-0.344,StopLoss,"ORB5 고가 44,850 돌파 (범위 2.9%, 등락 +3.9%) · A등급","손절 (43,600)",3.94,1.28,1,255.2,1.819,1.33,1,6,3,10,0,1.2,False
005380#229-20260120151000,005380,현대차,오버나잇,FullAuto,Paper,Backtest,2026-01-20 15:10:00,2026-01-20 15:10:00,2026-01-21 09:01:00,1071,1,481000,467500,457000,4.990,-14577,-3.031,-0.61,0,-2.703,0,-0.107,NextDayOpen,"오버나잇: 등락 +1.4%, 범위 위치 53%",익일 시초 매도,1.37,0.51,0.526,396.2,0.216,1.41,1,370,5,0,0,1.2,True
015760#230-20260120151000,015760,한국전력,오버나잇,FullAuto,Paper,Backtest,2026-01-20 15:10:00,2026-01-20 15:10:00,2026-01-21 09:01:00,1071,12,66200,65300,62900,4.985,-12603,-1.586,-0.32,0,-1.662,0,0,NextDayOpen,"오버나잇: 등락 +17.6%, 범위 위치 90%",익일 시초 매도,17.62,5.10,0.896,188.4,0.486,1.02,1,370,5,0,0,1.2,True
034020#231-20260120151000,034020,두산에너빌리티,오버나잇,FullAuto,Paper,Backtest,2026-01-20 15:10:00,2026-01-20 15:10:00,2026-01-21 09:01:00,1071,8,95700,91400,91000,4.911,-36085,-4.713,-0.96,0,-4.389,0,-0.109,NextDayOpen,"오버나잇: 등락 +0.5%, 범위 위치 55%",익일 시초 매도,0.53,0.34,0.554,290.6,0.232,2.40,1,370,5,0,0,1.2,True
319400#235-20260120151000,319400,현대무벡스,오버나잇,FullAuto,Paper,Backtest,2026-01-20 15:10:00,2026-01-20 15:10:00,2026-01-21 09:01:00,1071,21,38350,36950,36450,4.954,-31187,-3.872,-0.78,1.043,-3.651,0,0,NextDayOpen,"오버나잇: 등락 +9.6%, 범위 위치 64%",익일 시초 매도,9.59,0.59,0.642,165.1,0.429,1.82,1,370,5,0,0,1.2,True
454910#232-20260120151000,454910,두산로보틱스,오버나잇,FullAuto,Paper,Backtest,2026-01-20 15:10:00,2026-01-20 15:10:00,2026-01-21 09:01:00,1071,6,117150,113000,111300,4.994,-26462,-3.765,-0.75,0.469,-3.457,0,-0.088,NextDayOpen,"오버나잇: 등락 +8.7%, 범위 위치 53%",익일 시초 매도,8.68,-0.48,0.530,217.6,0.372,2.68,2,370,5,0,0,1.2,True
005490#236-20260120151000,005490,POSCO홀딩스,오버나잇,FullAuto,Paper,Backtest,2026-01-20 15:10:00,2026-01-20 15:10:00,2026-01-21 09:01:00,1071,2,358500,350000,341000,4.881,-18612,-2.596,-0.53,0.279,-2.232,0,-0.143,NextDayOpen,"오버나잇: 등락 +3.8%, 범위 위치 87%",익일 시초 매도,3.76,1.52,0.867,953.8,0.349,0.35,1,370,5,0,0,1.2,True
457190#234-20260120151000,457190,이수스페셜티케미컬,오버나잇,FullAuto,Paper,Backtest,2026-01-20 15:10:00,2026-01-20 15:10:00,2026-01-21 09:01:00,1071,9,83000,81600,78900,4.940,-14290,-1.913,-0.39,0.120,-1.566,0,-0.122,NextDayOpen,"오버나잇: 등락 +6.1%, 범위 위치 39%",익일 시초 매도,6.14,-1.00,0.392,185.7,0.301,0.79,1,370,5,0,0,1.2,True
086520#233-20260120151000,086520,에코프로,오버나잇,FullAuto,Paper,Backtest,2026-01-20 15:10:00,2026-01-20 15:10:00,2026-01-21 09:01:00,1071,8,98600,95300,93700,4.970,-28156,-3.569,-0.72,0.203,-3.245,0,-0.105,NextDayOpen,"오버나잇: 등락 +4.2%, 범위 위치 63%",익일 시초 매도,4.23,0.54,0.631,388.2,0.319,0.73,1,370,5,0,0,1.2,True
005930#237-20260121151000,005930,삼성전자,오버나잇,FullAuto,Paper,Backtest,2026-01-21 15:10:00,2026-01-21 15:10:00,2026-01-22 09:01:00,1071,5,149300,155000,141900,4.956,26723,3.580,0.72,3.818,-0.134,0,0,NextDayOpen,"오버나잇: 등락 +4.8%, 범위 위치 94%",익일 시초 매도,4.77,1.22,0.938,613.2,0.091,2.07,1,370,5,0,0,1.2,True
000660#238-20260121151000,000660,SK하이닉스,오버나잇,FullAuto,Paper,Backtest,2026-01-21 15:10:00,2026-01-21 15:10:00,2026-01-22 09:01:00,1071,1,740000,765000,703000,5.00,23245,3.141,0.63,3.514,-0.135,0,-0.131,NextDayOpen,"오버나잇: 등락 +1.4%, 범위 위치 43%",익일 시초 매도,1.37,-0.46,0.429,572.1,0.232,0.78,1,370,5,0,0,1.2,True
012330#241-20260121151000,012330,현대모비스,오버나잇,FullAuto,Paper,Backtest,2026-01-21 15:10:00,2026-01-21 15:10:00,2026-01-22 09:01:00,1071,1,487500,497000,463500,4.923,8359,1.715,0.35,1.949,-0.410,0,0,NextDayOpen,"오버나잇: 등락 +10.6%, 범위 위치 93%",익일 시초 매도,10.56,2.83,0.929,308.0,0.374,0.98,1,370,5,0,0,1.2,True
000270#240-20260121151000,000270,기아,오버나잇,FullAuto,Paper,Backtest,2026-01-21 15:10:00,2026-01-21 15:10:00,2026-01-22 09:01:00,1071,4,171700,172800,163200,4.950,2812,0.409,0.08,0.699,-0.116,0,-0.058,NextDayOpen,"오버나잇: 등락 +6.6%, 범위 위치 81%",익일 시초 매도,6.65,1.78,0.805,263.9,0.260,0.55,1,370,5,0,0,1.2,True
015760#239-20260121151000,015760,한국전력,오버나잇,FullAuto,Paper,Backtest,2026-01-21 15:10:00,2026-01-21 15:10:00,2026-01-22 09:01:00,1071,12,67900,67800,64600,4.860,-3071,-0.377,-0.08,0.295,-0.295,0,0,NextDayOpen,"오버나잇: 등락 +3.2%, 범위 위치 65%",익일 시초 매도,3.19,0.51,0.652,321.6,0.337,0.46,1,370,5,0,0,1.2,True
348340#243-20260121151000,348340,뉴로메카,오버나잇,FullAuto,Paper,Backtest,2026-01-21 15:10:00,2026-01-21 15:10:00,2026-01-22 09:01:00,1071,11,72143,78677,68500,5.050,69896,8.808,1.74,9.196,-3.397,0,-0.127,NextDayOpen,"오버나잇: 등락 +21.4%, 범위 위치 75%",익일 시초 매도,21.41,2.92,0.754,162.5,1.343,0.73,2,370,5,0,0,1.2,True
032820#242-20260121151000,032820,우리기술,오버나잇,FullAuto,Paper,Backtest,2026-01-21 15:10:00,2026-01-21 15:10:00,2026-01-22 09:01:00,1071,97,8400,9290,7980,5.00,84271,10.343,2.07,10.714,-1.071,0,-0.108,NextDayOpen,"오버나잇: 등락 +5.1%, 범위 위치 19%",익일 시초 매도,5.14,-7.76,0.189,230.5,0.749,0.59,1,370,5,0,0,1.2,True
457190#248-20260122090627,457190,이수스페셜티케미컬,ORB,FullAuto,Paper,Backtest,2026-01-22 09:06:27,2026-01-22 09:06:27,2026-01-22 09:15:15,8.8,11,96100,105900,93300,2.914,105139,9.946,3.41,10.302,-0.416,0,-0.094,TakeProfit,"ORB5 고가 96,000 돌파 (범위 4.8%, 등락 +8.0%)",목표 익절 +10%,7.98,2.39,1,417.0,2.862,2.32,1,6,3,10,0,1.2,False
298830#253-20260122091027,298830,슈어소프트테크,ORB,FullAuto,Paper,Backtest,2026-01-22 09:10:27,2026-01-22 09:10:27,2026-01-22 11:39:27,149,115,9160,10070,8890,2.948,102003,9.683,3.29,10.044,-2.293,0,-0.099,TakeProfit,"ORB5 고가 9,150 돌파 (범위 5.2%, 등락 +7.6%)",목표 익절 +10%,7.64,1.97,1,148.1,1.542,2.63,1,10,3,10,0,1.2,False
402340#251-20260122091927,402340,SK스퀘어,ORB,FullAuto,Paper,Backtest,2026-01-22 09:19:27,2026-01-22 09:19:27,2026-01-22 15:05:00,345.5,2,449000,443500,436000,2.895,-13041,-1.452,-0.50,3.786,-1.893,0,-0.113,ForceClose,"ORB5 고가 448,500 돌파 (범위 4.3%, 등락 +4.3%)",장마감 강제청산,4.30,1.32,1,342.4,0.557,3.02,1,19,3,10,0,1.2,False
005930#259-20260122151000,005930,삼성전자,오버나잇,FullAuto,Paper,Backtest,2026-01-22 15:10:00,2026-01-22 15:10:00,2026-01-23 09:01:00,1071,5,151600,154700,144100,4.947,13724,1.811,0.37,2.045,-0.528,0,0,NextDayOpen,"오버나잇: 등락 +1.2%, 범위 위치 4%",익일 시초 매도,1.20,-2.10,0.035,180.5,0.306,0.86,1,370,5,0,0,1.2,True
000660#261-20260122151000,000660,SK하이닉스,오버나잇,FullAuto,Paper,Backtest,2026-01-22 15:10:00,2026-01-22 15:10:00,2026-01-23 09:01:00,1071,1,754000,754000,717000,4.907,-1734,-0.230,-0.05,0.531,-0.398,0,0,NextDayOpen,"오버나잇: 등락 +1.2%, 범위 위치 10%",익일 시초 매도,1.21,-1.09,0.095,311.6,0.322,0.87,1,370,5,0,0,1.2,True
006400#260-20260122151000,006400,삼성SDI,오버나잇,FullAuto,Paper,Backtest,2026-01-22 15:10:00,2026-01-22 15:10:00,2026-01-23 09:01:00,1071,2,379500,402000,361000,4.875,43159,5.686,1.17,5.929,-0.132,0,0,NextDayOpen,"오버나잇: 등락 +16.1%, 범위 위치 90%",익일 시초 매도,16.06,3.50,0.9,350.5,0.480,1.76,1,370,5,0,0,1.2,True
005490#264-20260122151000,005490,POSCO홀딩스,오버나잇,FullAuto,Paper,Backtest,2026-01-22 15:10:00,2026-01-22 15:10:00,2026-01-23 09:01:00,1071,2,359000,371000,341500,4.875,22298,3.106,0.64,3.343,0,0,0,NextDayOpen,"오버나잇: 등락 +2.0%, 범위 위치 40%",익일 시초 매도,1.99,-0.32,0.4,525.3,0.368,0.92,1,370,5,0,0,1.2,True
319400#244-20260121151000,319400,현대무벡스,오버나잇,FullAuto,Paper,Backtest,2026-01-21 15:10:00,2026-01-21 15:10:00,2026-01-23 09:01:00,2511,17,46075,48700,43750,5.046,42729,5.455,1.08,5.697,-0.163,0,0,NextDayOpen,"오버나잇: 등락 +18.3%, 범위 위치 81%",익일 시초 매도,18.29,4.32,0.809,340.7,0.341,0.85,2,370,5,0,0,1.2,True
086520#262-20260122151000,086520,에코프로,오버나잇,FullAuto,Paper,Backtest,2026-01-22 15:10:00,2026-01-22 15:10:00,2026-01-23 09:01:00,1071,7,103900,109700,98800,4.909,38841,5.340,1.09,5.582,-0.096,0,0,NextDayOpen,"오버나잇: 등락 +8.5%, 범위 위치 68%",익일 시초 매도,8.46,0.55,0.683,252.5,0.419,2.12,1,370,5,0,0,1.2,True
457190#263-20260122151000,457190,이수스페셜티케미컬,오버나잇,FullAuto,Paper,Backtest,2026-01-22 15:10:00,2026-01-22 15:10:00,2026-01-23 09:01:00,1071,7,101400,99700,96400,4.931,-13505,-1.903,-0.39,0.789,-1.677,0,0,NextDayOpen,"오버나잇: 등락 +13.8%, 범위 위치 49%",익일 시초 매도,13.82,-2.48,0.485,205.3,0.543,0.79,1,370,5,0,0,1.2,True
298830#266-20260122151000,298830,슈어소프트테크,오버나잇,FullAuto,Paper,Backtest,2026-01-22 15:10:00,2026-01-22 15:10:00,2026-01-23 09:01:00,1071,80,10000,10290,9500,5.00,21311,2.664,0.53,2.900,-0.200,0,0,NextDayOpen,"오버나잇: 등락 +17.5%, 범위 위치 60%",익일 시초 매도,17.51,1.36,0.596,206.4,0.579,0.56,1,370,5,0,0,1.2,True
005490#267-20260123090510,005490,POSCO홀딩스,ORB,FullAuto,Paper,Backtest,2026-01-23 09:05:10,2026-01-23 09:05:10,2026-01-23 09:07:27,2.3,2,389500,378000,378000,2.953,-24741,-3.176,-1.08,0.128,-2.953,0,0,StopLoss,"ORB5 고가 389,000 돌파 (범위 6.0%, 등락 +8.2%)","손절 (378,000)",8.19,2.68,1,263.5,2.225,1.25,1,5,3,10,0,1.2,False
064260#269-20260123090727,064260,다날,ORB,FullAuto,Paper,Backtest,2026-01-23 09:07:27,2026-01-23 09:07:27,2026-01-23 09:54:30,47,153,7310,8070,7100,2.873,113459,10.144,3.53,10.534,-1.778,0,-0.124,TakeProfit,"ORB5 고가 7,300 돌파 (범위 5.6%, 등락 +6.7%)",목표 익절 +10%,6.72,1.96,1,288.3,1.724,1.92,1,7,3,10,0,1.2,False
000660#279-20260123151000,000660,SK하이닉스,오버나잇,FullAuto,Paper,Backtest,2026-01-23 15:10:00,2026-01-23 15:10:00,2026-01-26 09:01:00,3951,1,769000,753000,731000,4.941,-17733,-2.306,-0.47,0,-2.081,0,0,NextDayOpen,"오버나잇: 등락 +1.1%, 범위 위치 75%",익일 시초 매도,1.05,1.61,0.75,467.6,0.419,0.65,1,370,5,0,0,1.2,True
298380#286-20260123151000,298380,에이비엘바이오,오버나잇,FullAuto,Paper,Backtest,2026-01-23 15:10:00,2026-01-23 15:10:00,2026-01-26 09:01:00,3951,4,197000,203000,187200,4.975,22137,2.809,0.56,3.299,-0.152,0,-0.246,NextDayOpen,"오버나잇: 등락 +10.1%, 범위 위치 91%",익일 시초 매도,10.06,3.25,0.913,337.2,0.221,1.18,1,370,5,0,0,1.2,True
034020#281-20260123151000,034020,두산에너빌리티,오버나잇,FullAuto,Paper,Backtest,2026-01-23 15:10:00,2026-01-23 15:10:00,2026-01-26 09:01:00,3951,8,93700,94600,89100,4.909,5462,0.729,0.15,0.961,-0.427,0,0,NextDayOpen,"오버나잇: 등락 +3.2%, 범위 위치 76%",익일 시초 매도,3.19,0.78,0.755,563.5,0.175,0.80,1,370,5,0,0,1.2,True
006800#280-20260123151000,006800,미래에셋증권,오버나잇,FullAuto,Paper,Backtest,2026-01-23 15:10:00,2026-01-23 15:10:00,2026-01-26 09:01:00,3951,24,34551,33555,32850,4.923,-25758,-3.106,-0.63,0.576,-2.883,0,0,NextDayOpen,"오버나잇: 등락 +14.9%, 범위 위치 82%",익일 시초 매도,14.90,3.42,0.820,208.5,0.753,0.83,2,370,5,0,0,1.2,True
000250#282-20260123151000,000250,삼천당제약,오버나잇,FullAuto,Paper,Backtest,2026-01-23 15:10:00,2026-01-23 15:10:00,2026-01-26 09:01:00,3951,2,359500,368000,342000,4.868,15311,2.129,0.44,2.364,-0.695,0,0,NextDayOpen,"오버나잇: 등락 +16.2%, 범위 위치 73%",익일 시초 매도,16.18,2.66,0.733,220.3,0.786,0.62,1,370,5,0,0,1.2,True
005490#283-20260123151000,005490,POSCO홀딩스,오버나잇,FullAuto,Paper,Backtest,2026-01-23 15:10:00,2026-01-23 15:10:00,2026-01-26 09:01:00,3951,2,365500,372000,347500,4.925,11292,1.545,0.31,1.778,-0.137,0,0,NextDayOpen,"오버나잇: 등락 +1.1%, 범위 위치 17%",익일 시초 매도,1.11,-2.19,0.169,538.8,0.352,1.09,1,370,5,0,0,1.2,True
042660#284-20260123151000,042660,한화오션,오버나잇,FullAuto,Paper,Backtest,2026-01-23 15:10:00,2026-01-23 15:10:00,2026-01-26 09:01:00,3951,6,139900,142300,133000,4.932,12440,1.482,0.30,1.716,0,0,0,NextDayOpen,"오버나잇: 등락 +1.4%, 범위 위치 16%",익일 시초 매도,1.38,-2.66,0.159,582.7,0.128,2.89,1,370,5,0,0,1.2,True
000720#285-20260123151000,000720,현대건설,오버나잇,FullAuto,Paper,Backtest,2026-01-23 15:10:00,2026-01-23 15:10:00,2026-01-26 09:01:00,3951,7,108900,109000,103500,4.959,-1054,-0.138,-0.03,0.643,-0.184,0,0,NextDayOpen,"오버나잇: 등락 +3.6%, 범위 위치 22%",익일 시초 매도,3.62,-4.40,0.225,358.9,0.315,1.19,1,370,5,0,0,1.2,True
348340#265-20260122151000,348340,뉴로메카,오버나잇,FullAuto,Paper,Backtest,2026-01-22 15:10:00,2026-01-22 15:10:00,2026-01-26 09:03:00,5393,10,74965,68104,71200,5.022,-70186,-9.363,-1.86,2.581,-9.152,0,0,NextDayOpen,"오버나잇: 등락 +2.6%, 범위 위치 39%",익일 시초 매도,2.61,-3.17,0.388,267.8,0.747,1.03,2,370,5,0,0,1.2,True
247540#288-20260126090507,247540,에코프로비엠,ORB,FullAuto,Paper,Backtest,2026-01-26 09:05:07,2026-01-26 09:05:07,2026-01-26 12:07:30,182.4,9,180600,198729,175200,2.990,159073,9.787,3.27,10.094,-2.060,0,-0.050,TakeProfit,"ORB5 고가 180,521 돌파 (범위 3.0%, 등락 +5.9%) · A등급",목표 익절 +10%,5.94,1.43,1,180.5,1.235,1.25,1,5,3,10,0,1.2,False
005930#299-20260126151000,005930,삼성전자,오버나잇,FullAuto,Paper,Backtest,2026-01-26 15:10:00,2026-01-26 15:10:00,2026-01-27 09:01:00,1071,5,152000,150500,144400,5.00,-9231,-1.215,-0.24,0.197,-0.987,0,0,NextDayOpen,"오버나잇: 등락 +0.2%, 범위 위치 10%",익일 시초 매도,0.20,-0.83,0.102,699.0,0.117,0.89,1,370,5,0,0,1.2,True
086520#300-20260126151000,086520,에코프로,오버나잇,FullAuto,Paper,Backtest,2026-01-26 15:10:00,2026-01-26 15:10:00,2026-01-27 09:01:00,1071,6,129100,126700,122700,4.957,-16150,-2.085,-0.42,0.542,-1.782,0,-0.079,NextDayOpen,"오버나잇: 등락 +22.5%, 범위 위치 96%",익일 시초 매도,22.51,5.59,0.963,326.3,0.415,1.25,1,370,5,0,0,1.2,True
006400#304-20260126151000,006400,삼성SDI,오버나잇,FullAuto,Paper,Backtest,2026-01-26 15:10:00,2026-01-26 15:10:00,2026-01-27 09:01:00,1071,2,385000,373000,366000,4.935,-25718,-3.340,-0.68,0.519,-2.987,0,-0.134,NextDayOpen,"오버나잇: 등락 +2.1%, 범위 위치 68%",익일 시초 매도,2.12,0.72,0.679,555.4,0.195,1.33,1,370,5,0,0,1.2,True
277810#301-20260126151000,277810,레인보우로보틱스,오버나잇,FullAuto,Paper,Backtest,2026-01-26 15:10:00,2026-01-26 15:10:00,2026-01-27 09:01:00,1071,1,682000,649000,648000,4.985,-34497,-5.058,-1.01,1.026,-4.692,0,-0.154,NextDayOpen,"오버나잇: 등락 +27.5%, 범위 위치 89%",익일 시초 매도,27.53,4.25,0.891,421.7,0.414,1.72,1,370,5,0,0,1.2,True
377300#303-20260126151000,377300,카카오페이,오버나잇,FullAuto,Paper,Backtest,2026-01-26 15:10:00,2026-01-26 15:10:00,2026-01-27 09:01:00,1071,12,70700,68500,67200,4.950,-28294,-3.335,-0.67,0,-2.970,0,-0.146,NextDayOpen,"오버나잇: 등락 +4.1%, 범위 위치 20%",익일 시초 매도,4.13,-2.22,0.203,314.0,0.324,0.81,1,370,5,0,0,1.2,True
064260#302-20260126151000,064260,다날,오버나잇,FullAuto,Paper,Backtest,2026-01-26 15:10:00,2026-01-26 15:10:00,2026-01-27 09:01:00,1071,86,9860,9550,9370,4.970,-28552,-3.367,-0.68,0.406,-3.043,0,-0.105,NextDayOpen,"오버나잇: 등락 +10.7%, 범위 위치 48%",익일 시초 매도,10.67,-1.17,0.477,196.7,0.609,2.34,1,370,5,0,0,1.2,True
058610#305-20260126151000,058610,에스피지,오버나잇,FullAuto,Paper,Backtest,2026-01-26 15:10:00,2026-01-26 15:10:00,2026-01-27 09:01:00,1071,7,119900,116900,114000,4.921,-22883,-2.726,-0.55,0.500,-2.419,0,-0.085,NextDayOpen,"오버나잇: 등락 +14.5%, 범위 위치 72%",익일 시초 매도,14.53,1.25,0.721,216.9,0.411,0.60,1,370,5,0,0,1.2,True
032820#306-20260126151000,032820,우리기술,오버나잇,FullAuto,Paper,Backtest,2026-01-26 15:10:00,2026-01-26 15:10:00,2026-01-27 09:03:00,1073,103,8290,9840,7880,4.946,157343,18.427,3.73,18.697,0,0,0,NextDayOpen,"오버나잇: 등락 +16.9%, 범위 위치 73%",익일 시초 매도,16.93,2.89,0.732,218.5,0.396,0.76,1,370,5,0,0,1.2,True
000660#307-20260127151000,000660,SK하이닉스,오버나잇,FullAuto,Paper,Backtest,2026-01-27 15:10:00,2026-01-27 15:10:00,2026-01-28 09:01:00,1071,1,801000,810000,761000,4.994,7139,0.891,0.18,1.124,-0.624,0,0,NextDayOpen,"오버나잇: 등락 +8.1%, 범위 위치 100%",익일 시초 매도,8.11,3.57,1,462.0,0.196,1.00,1,370,5,0,0,1.2,True
005930#308-20260127151000,005930,삼성전자,오버나잇,FullAuto,Paper,Backtest,2026-01-27 15:10:00,2026-01-27 15:10:00,2026-01-28 09:01:00,1071,5,159400,162600,151500,4.956,14134,1.773,0.36,2.008,-0.251,0,0,NextDayOpen,"오버나잇: 등락 +4.6%, 범위 위치 100%",익일 시초 매도,4.59,3.09,1,686.1,0.152,1.05,1,370,5,0,0,1.2,True
086520#309-20260127151000,086520,에코프로,오버나잇,FullAuto,Paper,Backtest,2026-01-27 15:10:00,2026-01-27 15:10:00,2026-01-28 09:01:00,1071,6,136700,139600,129900,4.974,15477,1.887,0.38,2.195,0,0,-0.072,NextDayOpen,"오버나잇: 등락 +4.0%, 범위 위치 76%",익일 시초 매도,3.95,1.83,0.763,299.4,0.256,1.23,1,370,5,0,0,1.2,True
006400#310-20260127151000,006400,삼성SDI,오버나잇,FullAuto,Paper,Backtest,2026-01-27 15:10:00,2026-01-27 15:10:00,2026-01-28 09:01:00,1071,2,387500,394000,368500,4.903,11190,1.444,0.29,1.677,-0.258,0,0,NextDayOpen,"오버나잇: 등락 +1.4%, 범위 위치 66%",익일 시초 매도,1.44,1.80,0.656,670.7,0.221,1.07,1,370,5,0,0,1.2,True
090710#313-20260127151000,090710,휴림로봇,오버나잇,FullAuto,Paper,Backtest,2026-01-27 15:10:00,2026-01-27 15:10:00,2026-01-28 09:01:00,1071,57,15000,15550,14250,5.00,29318,3.429,0.69,3.667,-0.067,0,0,NextDayOpen,"오버나잇: 등락 +1.2%, 범위 위치 63%",익일 시초 매도,1.21,0.62,0.632,315.4,0.236,0.64,1,370,5,0,0,1.2,True
010120#312-20260127151000,010120,LS ELECTRIC,오버나잇,FullAuto,Paper,Backtest,2026-01-27 15:10:00,2026-01-27 15:10:00,2026-01-28 09:01:00,1071,7,108200,111900,102800,4.991,24104,3.182,0.64,3.512,-0.370,0,-0.089,NextDayOpen,"오버나잇: 등락 +8.2%, 범위 위치 78%",익일 시초 매도,8.20,0.62,0.776,232.6,0.284,0.67,1,370,5,0,0,1.2,True
017670#311-20260127151000,017670,SK텔레콤,오버나잇,FullAuto,Paper,Backtest,2026-01-27 15:10:00,2026-01-27 15:10:00,2026-01-28 09:01:00,1071,12,69300,70000,65900,4.906,6470,0.778,0.16,1.010,-0.144,0,0,NextDayOpen,"오버나잇: 등락 +12.3%, 범위 위치 75%",익일 시초 매도,12.32,0.97,0.75,357.9,0.268,1.20,1,370,5,0,0,1.2,True
067310#314-20260127151000,067310,하나마이크론,오버나잇,FullAuto,Paper,Backtest,2026-01-27 15:10:00,2026-01-27 15:10:00,2026-01-28 09:01:00,1071,25,33300,34100,31650,4.955,18044,2.167,0.44,2.402,-0.601,0,0,NextDayOpen,"오버나잇: 등락 +17.9%, 범위 위치 97%",익일 시초 매도,17.88,5.33,0.972,325.1,0.483,1.22,1,370,5,0,0,1.2,True
007660#318-20260128091127,007660,이수페타시스,ORB,FullAuto,Paper,Backtest,2026-01-28 09:11:27,2026-01-28 09:11:27,2026-01-28 09:47:30,36,13,126100,122400,122400,2.934,-51765,-3.158,-1.08,1.427,-2.934,0,0,StopLoss,"ORB5 고가 126,000 돌파 (범위 3.1%, 등락 +5.8%) · A등급","손절 (122,400)",5.79,1.00,1,194.1,1.049,2.80,1,11,3,10,0,1.2,False
373220#315-20260128090520,373220,LG에너지솔루션,ORB,FullAuto,Paper,Backtest,2026-01-28 09:05:20,2026-01-28 09:05:20,2026-01-28 10:24:15,78.9,2,441000,428000,428000,2.948,-27972,-3.171,-1.08,3.175,-2.948,0,0,StopLoss,"ORB5 고가 440,500 돌파 (범위 4.5%, 등락 +6.0%)","손절 (428,000)",6.01,2.03,1,654.6,1.398,2.63,1,5,3,10,0,1.2,False
086520#321-20260128090525,086520,에코프로,ORB,FullAuto,Paper,Backtest,2026-01-28 09:05:25,2026-01-28 09:05:25,2026-01-28 11:19:22,134,10,144400,158800,140100,2.978,140370,9.721,3.26,10.042,-0.693,0,-0.063,TakeProfit,"ORB5 고가 144,200 돌파 (범위 3.9%, 등락 +5.1%) · A등급",목표 익절 +10%,5.09,1.73,1,357.9,1.062,1.87,1,5,3,10,0,1.2,False
403870#319-20260128090530,403870,HPSP,ORB,FullAuto,Paper,Backtest,2026-01-28 09:05:30,2026-01-28 09:05:30,2026-01-28 13:08:27,243,28,39300,43200,38150,2.926,106435,9.672,3.31,10.051,-0.636,0,-0.116,TakeProfit,"ORB5 고가 39,200 돌파 (범위 2.0%, 등락 +4.7%)",목표 익절 +10%,4.66,1.08,1,278.0,1.018,1.41,1,6,3,10,0,1.2,False
090710#324-20260128091125,090710,휴림로봇,ORB,FullAuto,Paper,Backtest,2026-01-28 09:11:25,2026-01-28 09:11:25,2026-01-28 15:05:00,353.6,108,15970,15790,15500,2.943,-23363,-1.355,-0.46,2.818,-2.818,0,-0.063,ForceClose,"ORB5 고가 15,950 돌파 (범위 3.8%, 등락 +6.3%) · A등급",장마감 강제청산,6.32,1.96,1,197.1,1.301,1.97,1,11,3,10,0,1.2,False
000660#327-20260128151000,000660,SK하이닉스,오버나잇,FullAuto,Paper,Backtest,2026-01-28 15:10:00,2026-01-28 15:10:00,2026-01-29 09:01:00,1071,1,841000,878000,799000,4.994,34987,4.160,0.83,4.518,-0.238,0,-0.114,NextDayOpen,"오버나잇: 등락 +4.5%, 범위 위치 75%",익일 시초 매도,4.47,1.21,0.745,469.6,0.306,0.86,1,370,5,0,0,1.2,True
005930#328-20260128151000,005930,삼성전자,오버나잇,FullAuto,Paper,Backtest,2026-01-28 15:10:00,2026-01-28 15:10:00,2026-01-29 09:01:00,1071,5,163200,166200,155100,4.963,13092,1.604,0.32,1.838,-0.368,0,0,NextDayOpen,"오버나잇: 등락 +2.1%, 범위 위치 97%",익일 시초 매도,2.06,0.78,0.968,652.2,0.144,1.52,1,370,5,0,0,1.2,True
005380#330-20260128151000,005380,현대차,오버나잇,FullAuto,Paper,Backtest,2026-01-28 15:10:00,2026-01-28 15:10:00,2026-01-29 09:01:00,1071,1,493500,501000,469000,4.965,6349,1.287,0.26,1.520,-0.304,0,0,NextDayOpen,"오버나잇: 등락 -+0.1%, 범위 위치 19%",익일 시초 매도,-0.10,-0.66,0.194,343.0,0.138,0.55,1,370,5,0,0,1.2,True
086520#329-20260128151000,086520,에코프로,오버나잇,FullAuto,Paper,Backtest,2026-01-28 15:10:00,2026-01-28 15:10:00,2026-01-29 09:01:00,1071,5,168600,174700,160200,4.982,28496,3.380,0.68,3.677,-0.059,0,-0.057,NextDayOpen,"오버나잇: 등락 +23.3%, 범위 위치 96%",익일 시초 매도,23.34,6.36,0.964,470.0,0.314,1.07,1,370,5,0,0,1.2,True
277810#334-20260128151000,277810,레인보우로보틱스,오버나잇,FullAuto,Paper,Backtest,2026-01-28 15:10:00,2026-01-28 15:10:00,2026-01-29 09:01:00,1071,1,692000,701000,658000,4.913,7390,1.068,0.22,1.301,-0.289,0,0,NextDayOpen,"오버나잇: 등락 +5.8%, 범위 위치 49%",익일 시초 매도,5.81,-1.00,0.494,282.7,0.403,1.05,1,370,5,0,0,1.2,True
006400#331-20260128151000,006400,삼성SDI,오버나잇,FullAuto,Paper,Backtest,2026-01-28 15:10:00,2026-01-28 15:10:00,2026-01-29 09:01:00,1071,2,397000,397000,377500,4.912,-1826,-0.230,-0.05,0.252,-0.126,0,-0.126,NextDayOpen,"오버나잇: 등락 +2.6%, 범위 위치 33%",익일 시초 매도,2.58,-0.50,0.326,1339.0,0.216,0.74,1,370,5,0,0,1.2,True
196170#332-20260128151000,196170,알테오젠,오버나잇,FullAuto,Paper,Backtest,2026-01-28 15:10:00,2026-01-28 15:10:00,2026-01-29 09:01:00,1071,2,334348,337811,317500,5.039,5374,0.804,0.16,1.036,-0.104,0,0,NextDayOpen,"오버나잇: 등락 +6.8%, 범위 위치 77%",익일 시초 매도,6.76,1.69,0.770,387.3,0.296,1.24,2,370,5,0,0,1.2,True
373220#333-20260128151000,373220,LG에너지솔루션,오버나잇,FullAuto,Paper,Backtest,2026-01-28 15:10:00,2026-01-28 15:10:00,2026-01-29 09:01:00,1071,2,431500,435000,410000,4.983,5001,0.579,0.12,0.811,-0.348,0,0,NextDayOpen,"오버나잇: 등락 +3.6%, 범위 위치 28%",익일 시초 매도,3.61,-1.29,0.284,457.6,0.265,0.75,1,370,5,0,0,1.2,True
080220#340-20260129090530,080220,제주반도체,ORB,FullAuto,Paper,Backtest,2026-01-29 09:05:30,2026-01-29 09:05:30,2026-01-29 09:08:27,3,29,39050,37900.00,37900,2.945,-35881,-3.168,-1.08,0,-2.945,0,0.000,StopLoss,"ORB5 고가 38,900 돌파 (범위 1.7%, 등락 +7.0%)","손절 (37,900)",6.99,1.24,1,733.3,0.854,1.85,1,6,3,10,0,1.2,False
000660#346-20260129151000,000660,SK하이닉스,오버나잇,FullAuto,Paper,Backtest,2026-01-29 15:10:00,2026-01-29 15:10:00,2026-01-30 09:01:00,1071,1,863000,853000,820000,4.983,-11962,-1.386,-0.28,0.116,-1.043,0,-0.117,NextDayOpen,"오버나잇: 등락 +0.1%, 범위 위치 68%",익일 시초 매도,0.12,0.91,0.677,582.6,0.190,0.90,1,370,5,0,0,1.2,True
086520#347-20260129151000,086520,에코프로,오버나잇,FullAuto,Paper,Backtest,2026-01-29 15:10:00,2026-01-29 15:10:00,2026-01-30 09:01:00,1071,5,171700,171100,163200,4.950,-4967,-0.579,-0.12,0.116,-0.466,0,0,NextDayOpen,"오버나잇: 등락 +3.2%, 범위 위치 54%",익일 시초 매도,3.19,0.58,0.542,536.7,0.212,0.97,1,370,5,0,0,1.2,True
006800#349-20260129151000,006800,미래에셋증권,오버나잇,FullAuto,Paper,Backtest,2026-01-29 15:10:00,2026-01-29 15:10:00,2026-01-30 09:01:00,1071,21,40525,39728,38500,4.997,-18657,-2.192,-0.44,0.982,-1.967,0,0,NextDayOpen,"오버나잇: 등락 +16.5%, 범위 위치 91%",익일 시초 매도,16.45,6.44,0.909,196.7,0.664,0.68,2,370,5,0,0,1.2,True
277810#350-20260129151000,277810,레인보우로보틱스,오버나잇,FullAuto,Paper,Backtest,2026-01-29 15:10:00,2026-01-29 15:10:00,2026-01-30 09:01:00,1071,1,756000,780000,719000,4.894,22210,2.938,0.60,3.175,-0.397,0,0,NextDayOpen,"오버나잇: 등락 +9.6%, 범위 위치 76%",익일 시초 매도,9.57,2.35,0.755,251.8,0.293,1.43,1,370,5,0,0,1.2,True
000270#353-20260129151000,000270,기아,오버나잇,FullAuto,Paper,Backtest,2026-01-29 15:10:00,2026-01-29 15:10:00,2026-01-30 09:01:00,1071,5,155500,153300,147800,4.952,-12763,-1.642,-0.33,0.257,-1.350,0,-0.065,NextDayOpen,"오버나잇: 등락 +3.1%, 범위 위치 84%",익일 시초 매도,3.05,1.65,0.838,281.1,0.193,1.47,1,370,5,0,0,1.2,True
034020#348-20260129151000,034020,두산에너빌리티,오버나잇,FullAuto,Paper,Backtest,2026-01-29 15:10:00,2026-01-29 15:10:00,2026-01-30 09:01:00,1071,9,94200,92900,89500,4.989,-13624,-1.607,-0.32,0.106,-1.274,0,-0.108,NextDayOpen,"오버나잇: 등락 +2.2%, 범위 위치 59%",익일 시초 매도,2.17,-0.02,0.588,583.3,0.197,0.80,1,370,5,0,0,1.2,True
307950#351-20260129151000,307950,현대오토에버,오버나잇,FullAuto,Paper,Backtest,2026-01-29 15:10:00,2026-01-29 15:10:00,2026-01-30 09:01:00,1071,1,484000,472000,460000,4.959,-13086,-2.704,-0.55,0.413,-2.479,0,0,NextDayOpen,"오버나잇: 등락 +8.7%, 범위 위치 78%",익일 시초 매도,8.65,1.52,0.780,308.6,0.524,0.73,1,370,5,0,0,1.2,True
058610#352-20260129151000,058610,에스피지,오버나잇,FullAuto,Paper,Backtest,2026-01-29 15:10:00,2026-01-29 15:10:00,2026-01-30 09:01:00,1071,5,158300,157200,150400,4.991,-7307,-0.923,-0.18,0.126,-0.695,0,0,NextDayOpen,"오버나잇: 등락 +5.9%, 범위 위치 59%",익일 시초 매도,5.89,0.52,0.589,377.6,0.239,1.88,1,370,5,0,0,1.2,True
027360#354-20260130090522,027360,아주IB투자,ORB,FullAuto,Paper,Backtest,2026-01-30 09:05:22,2026-01-30 09:05:22,2026-01-30 09:06:15,0.9,236,4845,4700,4700,2.993,-36775,-3.216,-1.07,1.135,-2.993,0,0,StopLoss,"ORB5 고가 4,830 돌파 (범위 5.9%, 등락 +7.4%)","손절 (4,700)",7.43,3.22,1,215.0,3.750,2.05,1,5,3,10,0,1.2,False
457190#358-20260130092112,457190,이수스페셜티케미컬,ORB,FullAuto,Paper,Backtest,2026-01-30 09:21:12,2026-01-30 09:21:12,2026-01-30 09:23:25,2.2,10,112700,109100,109400,2.928,-38514,-3.417,-1.17,0.266,-3.194,0,-0.274,StopLoss,"ORB5 고가 112,500 돌파 (범위 3.6%, 등락 +8.9%)","손절 (109,400)",8.89,2.33,1,148.7,1.033,1.25,1,21,3,10,0,1.2,False
108490#360-20260130091127,108490,로보티즈,ORB,FullAuto,Paper,Backtest,2026-01-30 09:11:27,2026-01-30 09:11:27,2026-01-30 09:24:15,12.8,3,355000,344500,344500,2.958,-33881,-3.181,-1.08,2.535,-2.958,0,0,StopLoss,"ORB5 고가 354,000 돌파 (범위 5.4%, 등락 +8.2%)","손절 (344,500)",8.23,2.05,1,217.7,2.019,4.38,1,11,3,10,0,1.2,False
058470#359-20260130090922,058470,리노공업,ORB,FullAuto,Paper,Backtest,2026-01-30 09:09:22,2026-01-30 09:09:22,2026-01-30 09:35:27,26.1,11,97000,106900,94100,2.990,106213,9.954,3.33,10.309,-0.412,0,-0.093,TakeProfit,"ORB5 고가 96,900 돌파 (범위 5.0%, 등락 +5.3%)",목표 익절 +10%,5.32,1.69,1,286.0,1.532,2.91,1,9,3,10,0,1.2,False
103140#356-20260130090730,103140,풍산,ORB,FullAuto,Paper,Backtest,2026-01-30 09:07:30,2026-01-30 09:07:30,2026-01-30 09:39:30,32,12,139200,135100,135100,2.945,-52935,-3.169,-1.08,0.575,-2.945,0,0,StopLoss,"ORB5 고가 139,100 돌파 (범위 3.0%, 등락 +6.4%) · A등급","손절 (135,100)",6.42,1.84,1,191.5,1.078,2.54,1,8,3,10,0,1.2,False
017670#355-20260130090527,017670,SK텔레콤,ORB,FullAuto,Paper,Backtest,2026-01-30 09:05:27,2026-01-30 09:05:27,2026-01-30 15:05:00,359.5,15,74300,72650,72100,2.961,-27259,-2.446,-0.83,1.077,-2.692,0,-0.137,ForceClose,"ORB5 고가 74,200 돌파 (범위 5.4%, 등락 +6.8%)",장마감 강제청산,6.75,2.05,1,188.3,1.593,2.39,1,5,3,10,0,1.2,False
272210#370-20260130151000,272210,한화시스템,오버나잇,FullAuto,Paper,Backtest,2026-01-30 15:10:00,2026-01-30 15:10:00,2026-02-02 09:01:00,3951,9,94800,92200,90100,4.958,-25310,-2.966,-0.60,0.211,-2.637,0,-0.108,NextDayOpen,"오버나잇: 등락 +1.1%, 범위 위치 27%",익일 시초 매도,1.07,-0.99,0.271,504.3,0.309,0.95,1,370,5,0,0,1.2,True
006800#367-20260130151000,006800,미래에셋증권,오버나잇,FullAuto,Paper,Backtest,2026-01-30 15:10:00,2026-01-30 15:10:00,2026-02-02 09:01:00,3951,20,42865,42915,40750,4.934,-972,-0.113,-0.02,0.231,-1.395,0,0,NextDayOpen,"오버나잇: 등락 +5.5%, 범위 위치 69%",익일 시초 매도,5.51,0.92,0.690,175.5,0.326,0.63,2,370,5,0,0,1.2,True
108490#369-20260130151000,108490,로보티즈,오버나잇,FullAuto,Paper,Backtest,2026-01-30 15:10:00,2026-01-30 15:10:00,2026-02-02 09:01:00,3951,2,342000,330500,325000,4.971,-24523,-3.585,-0.72,0.146,-3.216,0,-0.151,NextDayOpen,"오버나잇: 등락 +4.3%, 범위 위치 30%",익일 시초 매도,4.27,-2.05,0.302,228.0,0.574,2.02,1,370,5,0,0,1.2,True
058470#372-20260130151000,058470,리노공업,오버나잇,FullAuto,Paper,Backtest,2026-01-30 15:10:00,2026-01-30 15:10:00,2026-02-02 09:01:00,3951,8,107600,100700,102300,4.926,-57060,-6.629,-1.35,0.093,-6.413,0,0,NextDayOpen,"오버나잇: 등락 +16.8%, 범위 위치 62%",익일 시초 매도,16.83,1.23,0.622,237.1,0.505,1.59,1,370,5,0,0,1.2,True
038500#371-20260130151000,038500,삼표시멘트,오버나잇,FullAuto,Paper,Backtest,2026-01-30 15:10:00,2026-01-30 15:10:00,2026-02-02 09:01:00,3951,105,8410,8920,7990,4.994,51405,5.821,1.17,6.183,-1.665,0,-0.112,NextDayOpen,"오버나잇: 등락 +27.3%, 범위 위치 95%",익일 시초 매도,27.27,8.86,0.948,161.3,1.701,1.06,1,370,5,0,0,1.2,True
005930#366-20260130151000,005930,삼성전자,오버나잇,FullAuto,Paper,Backtest,2026-01-30 15:10:00,2026-01-30 15:10:00,2026-02-02 09:01:00,3951,5,163300,155600,155200,4.960,-40294,-4.935,-0.99,0.122,-4.654,0,-0.064,NextDayOpen,"오버나잇: 등락 +1.4%, 범위 위치 50%",익일 시초 매도,1.37,0.11,0.5,579.4,0.149,1.33,1,370,5,0,0,1.2,True
080220#368-20260130151000,080220,제주반도체,오버나잇,FullAuto,Paper,Backtest,2026-01-30 15:10:00,2026-01-30 15:10:00,2026-02-02 09:01:00,3951,20,43450,42550,41300,4.948,-19959,-2.297,-0.46,0.690,-2.071,0,0,NextDayOpen,"오버나잇: 등락 +17.9%, 범위 위치 87%",익일 시초 매도,17.91,3.96,0.870,262.4,0.452,0.82,1,370,5,0,0,1.2,True
086790#374-20260202090715,086790,하나금융지주,ORB,FullAuto,Paper,Backtest,2026-02-02 09:07:15,2026-02-02 09:07:15,2026-02-02 15:05:00,357.8,15,104600,103200,101500,2.964,-24563,-1.566,-0.53,3.346,-2.868,0,0,ForceClose,"ORB5 고가 104,500 돌파 (범위 3.8%, 등락 +4.1%) · A등급",장마감 강제청산,4.08,1.46,1,150.2,0.975,1.44,1,7,3,10,0,1.2,False
0001A0#381-20260202151000,0001A0,덕양에너젠,오버나잇,FullAuto,Paper,Backtest,2026-02-02 15:10:00,2026-02-02 15:10:00,2026-02-02 15:19:27,9.5,22,39250,37300,37300,4.968,-44793,-5.187,-1.04,0,-4.968,0,0,StopLoss,"오버나잇: 등락 +12.5%, 범위 위치 61%","손절 (37,300)",12.48,0.53,0.609,170.5,1.066,0.58,1,370,5,0,0,1.2,True
272210#382-20260202151000,272210,한화시스템,오버나잇,FullAuto,Paper,Backtest,2026-02-02 15:10:00,2026-02-02 15:10:00,2026-02-03 09:01:00,1071,9,93200,96900,88600,4.936,31301,3.732,0.76,3.970,-0.215,0,0,NextDayOpen,"오버나잇: 등락 +1.4%, 범위 위치 21%",익일 시초 매도,1.41,-3.86,0.21,348.4,0.330,1.08,1,370,5,0,0,1.2,True
298380#383-20260202151000,298380,에이비엘바이오,오버나잇,FullAuto,Paper,Backtest,2026-02-02 15:10:00,2026-02-02 15:10:00,2026-02-03 09:01:00,1071,4,197700,204500,187900,4.957,25324,3.202,0.65,3.440,0,0,0,NextDayOpen,"오버나잇: 등락 +0.6%, 범위 위치 29%",익일 시초 매도,0.61,-1.14,0.291,257.8,0.311,0.90,1,370,5,0,0,1.2,True
012210#387-20260202151000,012210,삼미금속,오버나잇,FullAuto,Paper,Backtest,2026-02-02 15:10:00,2026-02-02 15:10:00,2026-02-03 09:01:00,1071,52,16620,16330,15790,4.994,-17034,-1.971,-0.39,1.986,-3.008,0,-0.061,NextDayOpen,"오버나잇: 등락 +20.0%, 범위 위치 75%",익일 시초 매도,20.0,2.37,0.748,168.1,0.782,1.89,1,370,5,0,0,1.2,True
474170#388-20260202151000,474170,루미르,오버나잇,FullAuto,Paper,Backtest,2026-02-02 15:10:00,2026-02-02 15:10:00,2026-02-03 09:01:00,1071,49,17800,18100,16910,5.00,12664,1.452,0.29,1.685,-1.573,0,0,NextDayOpen,"오버나잇: 등락 +12.7%, 범위 위치 58%",익일 시초 매도,12.66,-1.93,0.577,151.2,0.389,0.96,1,370,5,0,0,1.2,True
380550#384-20260202151325,380550,뉴로핏,오버나잇,FullAuto,Paper,Backtest,2026-02-02 15:13:25,2026-02-02 15:13:25,2026-02-03 09:01:00,1067.6,24,36100,35450,34300,4.986,-17557,-2.026,-0.41,1.662,-1.801,0,-0.141,NextDayOpen,"오버나잇: 등락 +27.6%, 범위 위치 91%",익일 시초 매도,27.61,6.77,0.912,222.3,0.575,8.32,1,373,5,0,0,1.2,True
319400#385-20260202151000,319400,현대무벡스,오버나잇,FullAuto,Paper,Backtest,2026-02-02 15:10:00,2026-02-02 15:10:00,2026-02-03 09:01:00,1071,26,33600,35350,31950,4.911,43394,4.967,1.01,5.208,-0.595,0,0,NextDayOpen,"오버나잇: 등락 +6.3%, 범위 위치 57%",익일 시초 매도,6.33,-0.45,0.569,517.9,0.393,0.67,1,370,5,0,0,1.2,True
006220#386-20260202151000,006220,제주은행,오버나잇,FullAuto,Paper,Backtest,2026-02-02 15:10:00,2026-02-02 15:10:00,2026-02-03 09:01:00,1071,50,17340,16300,16480,4.960,-53882,-6.215,-1.25,0,-5.940,0,-0.061,NextDayOpen,"오버나잇: 등락 +22.3%, 범위 위치 94%",익일 시초 매도,22.30,4.64,0.943,147.9,1.133,0.64,1,370,5,0,0,1.2,True
474170#392-20260203090527,474170,루미르,ORB,FullAuto,Paper,Backtest,2026-02-03 09:05:27,2026-02-03 09:05:27,2026-02-03 09:40:30,35,91,18330,20150,17780,3.001,161428,9.678,3.23,10.202,-1.200,0,-0.248,TakeProfit,"ORB5 고가 18,310 돌파 (범위 2.6%, 등락 +4.4%) · A등급",목표 익절 +10%,4.38,0.98,1,121.3,1.673,1.27,1,5,3,10,0,1.2,False
010120#395-20260203091722,010120,LS ELECTRIC,ORB,FullAuto,Paper,Backtest,2026-02-03 09:17:22,2026-02-03 09:17:22,2026-02-03 15:05:00,347.6,9,113900,120500,110500,2.985,56916,5.552,1.86,7.989,0,0,-0.083,ForceClose,"ORB5 고가 113,600 돌파 (범위 4.4%, 등락 +7.0%)",장마감 강제청산,7.05,1.48,1,188.5,1.028,6.40,1,17,3,10,0,1.2,False
005930#401-20260203151000,005930,삼성전자,오버나잇,FullAuto,Paper,Backtest,2026-02-03 15:10:00,2026-02-03 15:10:00,2026-02-04 09:01:00,1071,5,166500,163400,158200,4.985,-17380,-2.088,-0.42,0.601,-1.802,0,-0.061,NextDayOpen,"오버나잇: 등락 +10.1%, 범위 위치 98%",익일 시초 매도,10.05,2.93,0.980,420.9,0.182,0.87,1,370,5,0,0,1.2,True
034020#407-20260203151000,034020,두산에너빌리티,오버나잇,FullAuto,Paper,Backtest,2026-02-03 15:10:00,2026-02-03 15:10:00,2026-02-04 09:01:00,1071,9,91100,94400,86600,4.940,27752,3.385,0.69,3.622,-0.329,0,0,NextDayOpen,"오버나잇: 등락 +5.9%, 범위 위치 100%",익일 시초 매도,5.94,1.36,1,667.0,0.204,2.61,1,370,5,0,0,1.2,True
086520#406-20260203151000,086520,에코프로,오버나잇,FullAuto,Paper,Backtest,2026-02-03 15:10:00,2026-02-03 15:10:00,2026-02-04 09:01:00,1071,5,170100,168300,161600,4.997,-10936,-1.286,-0.26,0.118,-0.999,0,-0.059,NextDayOpen,"오버나잇: 등락 +4.0%, 범위 위치 97%",익일 시초 매도,4.04,2.40,0.97,422.0,0.227,0.67,1,370,5,0,0,1.2,True
005380#404-20260203151000,005380,현대차,오버나잇,FullAuto,Paper,Backtest,2026-02-03 15:10:00,2026-02-03 15:10:00,2026-02-04 09:01:00,1071,1,492000,501000,467500,4.980,7850,1.596,0.32,2.033,-0.102,0,-0.199,NextDayOpen,"오버나잇: 등락 +3.0%, 범위 위치 86%",익일 시초 매도,3.04,1.20,0.864,663.8,0.152,0.95,1,370,5,0,0,1.2,True
272210#403-20260203151000,272210,한화시스템,오버나잇,FullAuto,Paper,Backtest,2026-02-03 15:10:00,2026-02-03 15:10:00,2026-02-04 09:01:00,1071,7,119900,124800,114000,4.921,32297,3.848,0.78,4.087,-0.500,0,0,NextDayOpen,"오버나잇: 등락 +26.5%, 범위 위치 98%",익일 시초 매도,26.48,8.67,0.984,411.2,0.346,0.95,1,370,5,0,0,1.2,True
006800#405-20260203151000,006800,미래에셋증권,오버나잇,FullAuto,Paper,Backtest,2026-02-03 15:10:00,2026-02-03 15:10:00,2026-02-04 09:01:00,1071,17,49785,51279,47300,4.991,23399,2.765,0.55,3.001,-0.472,0,0,NextDayOpen,"오버나잇: 등락 +24.5%, 범위 위치 90%",익일 시초 매도,24.53,4.69,0.904,271.3,0.513,0.54,2,370,5,0,0,1.2,True
006400#408-20260203151000,006400,삼성SDI,오버나잇,FullAuto,Paper,Backtest,2026-02-03 15:10:00,2026-02-03 15:10:00,2026-02-04 09:01:00,1071,2,374500,373500,356000,4.940,-3718,-0.496,-0.10,0.401,-0.134,0,-0.134,NextDayOpen,"오버나잇: 등락 +5.3%, 범위 위치 72%",익일 시초 매도,5.34,1.07,0.723,676.5,0.229,1.04,1,370,5,0,0,1.2,True
052690#418-20260204091325,052690,한전기술,ORB,FullAuto,Paper,Backtest,2026-02-04 09:13:25,2026-02-04 09:13:25,2026-02-04 15:05:00,351.6,12,140200,148100,136000,2.996,90728,5.393,1.80,9.843,-0.571,0,-0.067,ForceClose,"ORB5 고가 140,100 돌파 (범위 2.6%, 등락 +5.0%) · A등급",장마감 강제청산,5.02,1.42,1,634.8,0.752,3.97,1,13,3,10,0,1.2,False
267260#412-20260204090525,267260,HD현대일렉트릭,ORB,FullAuto,Paper,Backtest,2026-02-04 09:05:25,2026-02-04 09:05:25,2026-02-04 15:05:00,359.6,1,925000,922000,898000,2.919,-5120,-0.554,-0.19,0.432,-2.811,0,-0.108,ForceClose,"ORB5 고가 924,000 돌파 (범위 4.4%, 등락 +3.8%)",장마감 강제청산,3.82,1.67,1,708.0,1.766,3.02,1,5,3,10,0,1.2,False
086520#423-20260204151000,086520,에코프로,오버나잇,FullAuto,Paper,Backtest,2026-02-04 15:10:00,2026-02-04 15:10:00,2026-02-05 09:01:00,1071,4,176500,174900,167700,4.986,-8008,-1.134,-0.23,0.057,-0.850,0,-0.057,NextDayOpen,"오버나잇: 등락 +3.3%, 범위 위치 53%",익일 시초 매도,3.34,-0.46,0.532,598.8,0.166,0.96,1,370,5,0,0,1.2,True
006400#425-20260204151000,006400,삼성SDI,오버나잇,FullAuto,Paper,Backtest,2026-02-04 15:10:00,2026-02-04 15:10:00,2026-02-05 09:01:00,1071,2,393000,387500,373500,4.962,-12783,-1.626,-0.33,0,-1.272,0,-0.129,NextDayOpen,"오버나잇: 등락 +4.2%, 범위 위치 85%",익일 시초 매도,4.25,0.62,0.851,692.3,0.218,0.62,1,370,5,0,0,1.2,True
042660#426-20260204151000,042660,한화오션,오버나잇,FullAuto,Paper,Backtest,2026-02-04 15:10:00,2026-02-04 15:10:00,2026-02-05 09:01:00,1071,6,144100,142100,136900,4.997,-13961,-1.615,-0.32,0.278,-1.319,0,-0.070,NextDayOpen,"오버나잇: 등락 +1.3%, 범위 위치 83%",익일 시초 매도,1.34,0.81,0.829,685.8,0.149,0.84,1,370,5,0,0,1.2,True
052690#427-20260204151000,052690,한전기술,오버나잇,FullAuto,Paper,Backtest,2026-02-04 15:10:00,2026-02-04 15:10:00,2026-02-05 09:01:00,1071,5,149200,145700,141800,4.960,-19177,-2.571,-0.52,0.134,-2.279,0,-0.069,NextDayOpen,"오버나잇: 등락 +11.8%, 범위 위치 73%",익일 시초 매도,11.76,0.80,0.730,205.8,0.206,0.82,1,370,5,0,0,1.2,True
001440#428-20260204151000,001440,대한전선,오버나잇,FullAuto,Paper,Backtest,2026-02-04 15:10:00,2026-02-04 15:10:00,2026-02-05 09:01:00,1071,26,33350,34000,31700,4.948,14870,1.715,0.35,1.949,-0.300,0,0,NextDayOpen,"오버나잇: 등락 +8.3%, 범위 위치 75%",익일 시초 매도,8.28,1.72,0.75,855.7,0.311,0.74,1,370,5,0,0,1.2,True
005930#421-20260204151000,005930,삼성전자,오버나잇,FullAuto,Paper,Backtest,2026-02-04 15:10:00,2026-02-04 15:10:00,2026-02-05 09:01:00,1071,5,168900,161900,160500,4.973,-36866,-4.365,-0.88,0.237,-4.085,0,-0.062,NextDayOpen,"오버나잇: 등락 +0.8%, 범위 위치 90%",익일 시초 매도,0.78,1.45,0.905,378.4,0.140,1.06,1,370,5,0,0,1.2,True
034020#422-20260204151000,034020,두산에너빌리티,오버나잇,FullAuto,Paper,Backtest,2026-02-04 15:10:00,2026-02-04 15:10:00,2026-02-05 09:01:00,1071,9,96500,93900,91700,4.974,-25346,-2.918,-0.59,0.207,-2.591,0,-0.106,NextDayOpen,"오버나잇: 등락 +4.9%, 범위 위치 98%",익일 시초 매도,4.89,1.32,0.978,819.6,0.207,0.35,1,370,5,0,0,1.2,True
272210#424-20260204151000,272210,한화시스템,오버나잇,FullAuto,Paper,Backtest,2026-02-04 15:10:00,2026-02-04 15:10:00,2026-02-05 09:01:00,1071,7,123300,117900,117200,4.947,-39702,-4.600,-0.93,0,-4.298,0,-0.085,NextDayOpen,"오버나잇: 등락 +2.1%, 범위 위치 72%",익일 시초 매도,2.07,1.32,0.723,421.7,0.226,3.22,1,370,5,0,0,1.2,True
322000#447-20260205151000,322000,HD현대에너지솔루션,오버나잇,FullAuto,Paper,Backtest,2026-02-05 15:10:00,2026-02-05 15:10:00,2026-02-05 15:12:27,2.5,10,87400,82900,83100,4.920,-46913,-5.368,-1.09,1.831,-5.149,0,-0.241,StopLoss,"오버나잇: 등락 +24.0%, 범위 위치 90%","손절 (83,100)",23.97,11.43,0.9,175.5,1.594,0.43,1,370,5,0,0,1.2,True
009830#443-20260205151000,009830,한화솔루션,오버나잇,FullAuto,Paper,Backtest,2026-02-05 15:10:00,2026-02-05 15:10:00,2026-02-06 09:01:00,1071,25,35417,33434,33650,4.989,-51503,-5.817,-1.17,0.799,-5.458,0,-0.149,NextDayOpen,"오버나잇: 등락 +3.0%, 범위 위치 68%",익일 시초 매도,3.02,3.98,0.684,181.1,0.955,0.42,2,370,5,0,0,1.2,True
139480#451-20260205151232,139480,이마트,오버나잇,FullAuto,Paper,Backtest,2026-02-05 15:12:32,2026-02-05 15:12:32,2026-02-06 09:01:00,1068.5,8,104200,115500,99000,4.990,88289,10.591,2.12,10.940,-0.672,0,-0.087,NextDayOpen,"오버나잇: 등락 +9.5%, 범위 위치 39%",익일 시초 매도,9.45,-1.02,0.389,222.8,0.332,6.31,1,373,5,0,0,1.2,True
440110#444-20260205151000,440110,파두,오버나잇,FullAuto,Paper,Backtest,2026-02-05 15:10:00,2026-02-05 15:10:00,2026-02-06 09:01:00,1071,19,44800,44650,42600,4.911,-4800,-0.564,-0.11,0.558,-2.232,0,0,NextDayOpen,"오버나잇: 등락 +25.0%, 범위 위치 67%",익일 시초 매도,24.97,0.87,0.673,213.7,0.654,0.85,1,370,5,0,0,1.2,True
008830#446-20260205151000,008830,대동기어,오버나잇,FullAuto,Paper,Backtest,2026-02-05 15:10:00,2026-02-05 15:10:00,2026-02-06 09:01:00,1071,58,15189,15525,14430,4.997,17421,1.977,0.40,2.278,-2.627,0,-0.064,NextDayOpen,"오버나잇: 등락 +19.0%, 범위 위치 67%",익일 시초 매도,19.03,0.16,0.670,122.3,1.683,0.73,2,370,5,0,0,1.2,True
005490#445-20260205151000,005490,POSCO홀딩스,오버나잇,FullAuto,Paper,Backtest,2026-02-05 15:10:00,2026-02-05 15:10:00,2026-02-06 09:01:00,1071,2,367000,356500,349000,4.905,-22642,-3.085,-0.63,0.272,-2.861,0,0,NextDayOpen,"오버나잇: 등락 +0.8%, 범위 위치 18%",익일 시초 매도,0.82,-1.54,0.184,602.5,0.282,1.25,1,370,5,0,0,1.2,True
130660#448-20260205151000,130660,한전산업,오버나잇,FullAuto,Paper,Backtest,2026-02-05 15:10:00,2026-02-05 15:10:00,2026-02-06 09:01:00,1071,50,17590,17000,16720,4.946,-31458,-3.577,-0.72,1.308,-3.297,0,-0.059,NextDayOpen,"오버나잇: 등락 +9.2%, 범위 위치 37%",익일 시초 매도,9.19,-4.91,0.373,166.0,0.299,2.29,1,370,5,0,0,1.2,True
004310#449-20260205151000,004310,현대약품,오버나잇,FullAuto,Paper,Backtest,2026-02-05 15:10:00,2026-02-05 15:10:00,2026-02-06 09:01:00,1071,67,13250,13130,12590,4.981,-10063,-1.134,-0.23,0,-1.585,0,0,NextDayOpen,"오버나잇: 등락 +13.0%, 범위 위치 42%",익일 시초 매도,12.97,-6.27,0.424,158.6,0.583,0.58,1,370,5,0,0,1.2,True
098460#450-20260205151000,098460,고영,오버나잇,FullAuto,Paper,Backtest,2026-02-05 15:10:00,2026-02-05 15:10:00,2026-02-06 09:01:00,1071,25,34850,33450,33150,4.878,-36927,-4.238,-0.87,0.143,-3.874,0,-0.149,NextDayOpen,"오버나잇: 등락 +3.1%, 범위 위치 24%",익일 시초 매도,3.11,-1.41,0.235,338.6,0.410,0.81,1,370,5,0,0,1.2,True
009830#459-20260206151000,009830,한화솔루션,오버나잇,FullAuto,Paper,Backtest,2026-02-06 15:10:00,2026-02-06 15:10:00,2026-02-09 09:01:00,3951,21,39897,39470,37900,5.005,-10873,-1.298,-0.26,0.133,-1.181,0,-0.127,NextDayOpen,"오버나잇: 등락 +16.2%, 범위 위치 69%",익일 시초 매도,16.21,3.56,0.690,155.3,0.610,0.63,2,370,5,0,0,1.2,True
038500#460-20260206151000,038500,삼표시멘트,오버나잇,FullAuto,Paper,Backtest,2026-02-06 15:10:00,2026-02-06 15:10:00,2026-02-09 09:01:00,3951,46,18830,20300,17890,4.992,65484,7.560,1.51,7.807,-1.753,0,0,NextDayOpen,"오버나잇: 등락 +2.1%, 범위 위치 43%",익일 시초 매도,2.11,-4.73,0.430,145.0,1.180,0.50,1,370,5,0,0,1.2,True
105560#461-20260206151000,105560,KB금융,오버나잇,FullAuto,Paper,Backtest,2026-02-06 15:10:00,2026-02-06 15:10:00,2026-02-09 09:01:00,3951,5,148700,150400,141300,4.976,6773,0.911,0.18,1.210,-0.202,0,-0.066,NextDayOpen,"오버나잇: 등락 +4.8%, 범위 위치 61%",익일 시초 매도,4.79,0.44,0.613,276.3,0.231,1.56,1,370,5,0,0,1.2,True
055550#465-20260206151000,055550,신한지주,오버나잇,FullAuto,Paper,Backtest,2026-02-06 15:10:00,2026-02-06 15:10:00,2026-02-09 09:01:00,3951,9,93300,95900,88700,4.930,21420,2.551,0.52,2.894,-0.107,0,-0.104,NextDayOpen,"오버나잇: 등락 +2.4%, 범위 위치 95%",익일 시초 매도,2.41,2.06,0.948,654.0,0.230,0.84,1,370,5,0,0,1.2,True
322000#462-20260206151000,322000,HD현대에너지솔루션,오버나잇,FullAuto,Paper,Backtest,2026-02-06 15:10:00,2026-02-06 15:10:00,2026-02-09 09:01:00,3951,10,85300,82900,81100,4.924,-25909,-3.037,-0.62,0.234,-2.696,0,-0.120,NextDayOpen,"오버나잇: 등락 +4.2%, 범위 위치 42%",익일 시초 매도,4.15,-1.23,0.418,294.7,0.846,0.50,1,370,5,0,0,1.2,True
090710#463-20260206151000,090710,휴림로봇,오버나잇,FullAuto,Paper,Backtest,2026-02-06 15:10:00,2026-02-06 15:10:00,2026-02-09 09:01:00,3951,62,13890,14260,13200,4.968,20911,2.428,0.49,2.736,-1.296,0,-0.070,NextDayOpen,"오버나잇: 등락 +4.0%, 범위 위치 60%",익일 시초 매도,3.97,0.24,0.597,424.8,0.303,0.67,1,370,5,0,0,1.2,True
010060#466-20260206151000,010060,OCI홀딩스,오버나잇,FullAuto,Paper,Backtest,2026-02-06 15:10:00,2026-02-06 15:10:00,2026-02-09 09:01:00,3951,5,152100,148700,144500,4.997,-18712,-2.460,-0.49,0,-2.170,0,-0.067,NextDayOpen,"오버나잇: 등락 +8.7%, 범위 위치 74%",익일 시초 매도,8.73,2.62,0.742,191.5,0.475,0.56,1,370,5,0,0,1.2,True
440110#464-20260206151000,440110,파두,오버나잇,FullAuto,Paper,Backtest,2026-02-06 15:10:00,2026-02-06 15:10:00,2026-02-09 09:03:00,3953,19,44900,50700,42700,4.900,108003,12.660,2.58,12.918,-0.557,0,0,NextDayOpen,"오버나잇: 등락 +0.3%, 범위 위치 54%",익일 시초 매도,0.34,-0.32,0.544,322.6,0.342,1.02,1,370,5,0,0,1.2,True
086390#473-20260209090617,086390,유니테스트,ORB,FullAuto,Paper,Backtest,2026-02-09 09:06:17,2026-02-09 09:06:17,2026-02-09 11:17:27,131.2,61,18750,20650,18190,2.987,113022,9.882,3.31,10.400,-2.667,0,-0.242,TakeProfit,"ORB5 고가 18,720 돌파 (범위 3.4%, 등락 +9.6%)",목표 익절 +10%,9.65,1.19,1,518.9,1.507,4.95,1,6,3,10,0,1.2,False
267260#471-20260209090725,267260,HD현대일렉트릭,ORB,FullAuto,Paper,Backtest,2026-02-09 09:07:25,2026-02-09 09:07:25,2026-02-09 15:05:00,357.6,1,905000,929000,878000,2.983,21868,2.416,0.81,4.199,-0.331,0,-0.108,ForceClose,"ORB5 고가 904,000 돌파 (범위 2.1%, 등락 +6.0%) · A등급",장마감 강제청산,5.97,1.14,1,489.4,1.061,5.33,1,7,3,10,0,1.2,False
005930#480-20260209151000,005930,삼성전자,오버나잇,FullAuto,Paper,Backtest,2026-02-09 15:10:00,2026-02-09 15:10:00,2026-02-10 09:01:00,1071,5,166600,167400,158300,4.982,2077,0.249,0.05,0.480,-0.180,0,0,NextDayOpen,"오버나잇: 등락 +3.5%, 범위 위치 43%",익일 시초 매도,3.48,-0.25,0.432,515.2,0.144,0.65,1,370,5,0,0,1.2,True
005380#484-20260209151000,005380,현대차,오버나잇,FullAuto,Paper,Backtest,2026-02-09 15:10:00,2026-02-09 15:10:00,2026-02-10 09:01:00,1071,1,478000,498500,454500,4.916,19358,4.050,0.82,4.393,0,0,-0.100,NextDayOpen,"오버나잇: 등락 +1.2%, 범위 위치 36%",익일 시초 매도,1.16,-0.19,0.357,409.7,0.254,1.39,1,370,5,0,0,1.2,True
034020#483-20260209151000,034020,두산에너빌리티,오버나잇,FullAuto,Paper,Backtest,2026-02-09 15:10:00,2026-02-09 15:10:00,2026-02-10 09:01:00,1071,9,95500,95100,90800,4.921,-5567,-0.648,-0.13,0.209,-0.419,0,0,NextDayOpen,"오버나잇: 등락 +6.0%, 범위 위치 73%",익일 시초 매도,5.99,0.00,0.725,496.1,0.202,0.46,1,370,5,0,0,1.2,True
009830#482-20260209151000,009830,한화솔루션,오버나잇,FullAuto,Paper,Backtest,2026-02-09 15:10:00,2026-02-09 15:10:00,2026-02-10 09:01:00,1071,19,45179,45085,42900,5.044,-3755,-0.437,-0.09,0.418,-0.286,0,0,NextDayOpen,"오버나잇: 등락 +14.0%, 범위 위치 78%",익일 시초 매도,14.05,2.07,0.776,202.5,0.483,0.34,2,370,5,0,0,1.2,True
086520#485-20260209151000,086520,에코프로,오버나잇,FullAuto,Paper,Backtest,2026-02-09 15:10:00,2026-02-09 15:10:00,2026-02-10 09:01:00,1071,5,161700,160100,153700,4.947,-9842,-1.217,-0.25,0.186,-1.299,0,-0.062,NextDayOpen,"오버나잇: 등락 +4.1%, 범위 위치 72%",익일 시초 매도,4.12,1.93,0.724,217.5,0.623,0.44,1,370,5,0,0,1.2,True
090430#486-20260209151000,090430,아모레퍼시픽,오버나잇,FullAuto,Paper,Backtest,2026-02-09 15:10:00,2026-02-09 15:10:00,2026-02-10 09:01:00,1071,5,164700,163100,156500,4.979,-9876,-1.199,-0.24,0.182,-0.971,0,0,NextDayOpen,"오버나잇: 등락 +17.5%, 범위 위치 83%",익일 시초 매도,17.48,2.18,0.829,206.9,0.273,0.57,1,370,5,0,0,1.2,True
005930#497-20260210151000,005930,삼성전자,오버나잇,FullAuto,Paper,Backtest,2026-02-10 15:10:00,2026-02-10 15:10:00,2026-02-11 09:01:00,1071,5,166700,163900,158400,4.979,-15886,-1.906,-0.38,0,-1.620,0,-0.061,NextDayOpen,"오버나잇: 등락 +1.9%, 범위 위치 42%",익일 시초 매도,1.90,-0.18,0.423,535.8,0.103,1.94,1,370,5,0,0,1.2,True
005380#499-20260210151000,005380,현대차,오버나잇,FullAuto,Paper,Backtest,2026-02-10 15:10:00,2026-02-10 15:10:00,2026-02-11 09:01:00,1071,1,483000,480500,459000,4.969,-3605,-0.746,-0.15,0,-0.518,0,0,NextDayOpen,"오버나잇: 등락 +0.9%, 범위 위치 13%",익일 시초 매도,0.94,-1.57,0.135,562.1,0.155,1.07,1,370,5,0,0,1.2,True
034020#502-20260210151000,034020,두산에너빌리티,오버나잇,FullAuto,Paper,Backtest,2026-02-10 15:10:00,2026-02-10 15:10:00,2026-02-11 09:01:00,1071,9,94900,95300,90200,4.953,1629,0.191,0.04,0.527,-0.527,0,-0.105,NextDayOpen,"오버나잇: 등락 +1.3%, 범위 위치 71%",익일 시초 매도,1.28,0.51,0.714,582.8,0.143,1.55,1,370,5,0,0,1.2,True
086520#503-20260210151000,086520,에코프로,오버나잇,FullAuto,Paper,Backtest,2026-02-10 15:10:00,2026-02-10 15:10:00,2026-02-11 09:01:00,1071,5,156400,156600,148600,4.987,-800,-0.102,-0.02,0.128,-0.512,0,0,NextDayOpen,"오버나잇: 등락 +0.1%, 범위 위치 10%",익일 시초 매도,0.06,-1.83,0.099,277.8,0.174,0.62,1,370,5,0,0,1.2,True
056080#504-20260210151000,056080,유진로봇,오버나잇,FullAuto,Paper,Backtest,2026-02-10 15:10:00,2026-02-10 15:10:00,2026-02-11 09:01:00,1071,19,45400,48050,43150,4.956,48260,5.595,1.13,5.837,-0.110,0,0,NextDayOpen,"오버나잇: 등락 +20.9%, 범위 위치 70%",익일 시초 매도,20.91,1.30,0.705,307.3,0.708,0.70,1,370,5,0,0,1.2,True
018880#501-20260210151000,018880,한온시스템,오버나잇,FullAuto,Paper,Backtest,2026-02-10 15:10:00,2026-02-10 15:10:00,2026-02-11 09:01:00,1071,197,4545,4855,4320,4.950,58881,6.576,1.33,6.821,-0.770,0,0,NextDayOpen,"오버나잇: 등락 +17.3%, 범위 위치 72%",익일 시초 매도,17.29,1.97,0.720,197.7,0.589,0.94,1,370,5,0,0,1.2,True
000660#498-20260210151000,000660,SK하이닉스,오버나잇,FullAuto,Paper,Backtest,2026-02-10 15:10:00,2026-02-10 15:10:00,2026-02-11 09:01:00,1071,1,882000,859000,838000,4.989,-24978,-2.832,-0.57,0,-2.494,0,-0.116,NextDayOpen,"오버나잇: 등락 +1.4%, 범위 위치 4%",익일 시초 매도,1.38,-1.03,0.04,418.5,0.195,1.57,1,370,5,0,0,1.2,True
090710#500-20260210151000,090710,휴림로봇,오버나잇,FullAuto,Paper,Backtest,2026-02-10 15:10:00,2026-02-10 15:10:00,2026-02-11 09:01:00,1071,61,14650,14750,13920,4.983,4033,0.451,0.09,0.751,-0.341,0,-0.068,NextDayOpen,"오버나잇: 등락 +5.2%, 범위 위치 34%",익일 시초 매도,5.17,-1.74,0.337,286.1,0.244,1.26,1,370,5,0,0,1.2,True
006910#508-20260211090627,006910,보성파워텍,ORB,FullAuto,Paper,Backtest,2026-02-11 09:06:27,2026-02-11 09:06:27,2026-02-11 09:42:22,35.9,207,8610,9500,8360,2.904,179736,10.085,3.47,10.453,-1.510,0,-0.105,TakeProfit,"ORB5 고가 8,590 돌파 (범위 3.0%, 등락 +5.5%) · A등급",목표 익절 +10%,5.51,1.62,1,261.4,1.684,3.44,1,6,3,10,0,1.2,False
047040#513-20260211091130,047040,대우건설,ORB,FullAuto,Paper,Backtest,2026-02-11 09:11:30,2026-02-11 09:11:30,2026-02-11 09:43:15,31.8,234,7520,7300,7300,2.926,-55415,-3.149,-1.08,1.330,-2.926,0,0,StopLoss,"ORB5 고가 7,490 돌파 (범위 3.9%, 등락 +6.5%) · A등급","손절 (7,300)",6.52,1.96,1,209.1,1.359,1.74,1,12,3,10,0,1.2,False
005930#519-20260211151000,005930,삼성전자,오버나잇,FullAuto,Paper,Backtest,2026-02-11 15:10:00,2026-02-11 15:10:00,2026-02-12 09:01:00,1071,5,167500,171100,159200,4.955,16036,1.915,0.39,2.209,-0.299,0,-0.058,NextDayOpen,"오버나잇: 등락 +0.6%, 범위 위치 83%",익일 시초 매도,0.60,0.92,0.833,616.2,0.102,1.33,1,370,5,0,0,1.2,True
066570#520-20260211151000,066570,LG전자,오버나잇,FullAuto,Paper,Backtest,2026-02-11 15:10:00,2026-02-11 15:10:00,2026-02-12 09:01:00,1071,7,128000,127800,121600,5.00,-3457,-0.386,-0.08,0.156,-0.781,0,0,NextDayOpen,"오버나잇: 등락 +22.4%, 범위 위치 97%",익일 시초 매도,22.37,6.63,0.970,295.9,0.318,0.71,1,370,5,0,0,1.2,True
034020#521-20260211151000,034020,두산에너빌리티,오버나잇,FullAuto,Paper,Backtest,2026-02-11 15:10:00,2026-02-11 15:10:00,2026-02-12 09:01:00,1071,9,95600,94700,90900,4.916,-10060,-1.169,-0.24,0,-0.941,0,0,NextDayOpen,"오버나잇: 등락 +1.1%, 범위 위치 60%",익일 시초 매도,1.06,-0.08,0.6,321.6,0.209,0.59,1,370,5,0,0,1.2,True
105560#525-20260211151000,105560,KB금융,오버나잇,FullAuto,Paper,Backtest,2026-02-11 15:10:00,2026-02-11 15:10:00,2026-02-12 09:01:00,1071,5,164400,163800,156200,4.988,-4883,-0.594,-0.12,0,-0.365,0,0,NextDayOpen,"오버나잇: 등락 +5.0%, 범위 위치 93%",익일 시초 매도,4.98,1.63,0.927,510.0,0.152,1.28,1,370,5,0,0,1.2,True
009830#522-20260211151000,009830,한화솔루션,오버나잇,FullAuto,Paper,Backtest,2026-02-11 15:10:00,2026-02-11 15:10:00,2026-02-12 09:01:00,1071,19,45465,45085,43200,4.982,-9190,-1.064,-0.21,0,-0.836,0,0,NextDayOpen,"오버나잇: 등락 +3.3%, 범위 위치 67%",익일 시초 매도,3.33,0.34,0.667,254.9,0.333,0.46,2,370,5,0,0,1.2,True
139480#524-20260211151000,139480,이마트,오버나잇,FullAuto,Paper,Backtest,2026-02-11 15:10:00,2026-02-11 15:10:00,2026-02-12 09:01:00,1071,7,126800,129700,120500,4.968,18216,2.052,0.41,2.287,-0.079,0,0,NextDayOpen,"오버나잇: 등락 +4.5%, 범위 위치 44%",익일 시초 매도,4.53,0.73,0.443,442.8,0.239,1.23,1,370,5,0,0,1.2,True
006910#523-20260211151000,006910,보성파워텍,오버나잇,FullAuto,Paper,Backtest,2026-02-11 15:10:00,2026-02-11 15:10:00,2026-02-12 09:01:00,1071,97,9215,9110,8750,5.046,-12218,-1.367,-0.27,0.380,-1.031,0,-0.110,NextDayOpen,"오버나잇: 등락 +12.8%, 범위 위치 50%",익일 시초 매도,12.81,-1.25,0.497,289.7,0.357,0.76,2,370,5,0,0,1.2,True
241520#526-20260211151000,241520,DSC인베스트먼트,오버나잇,FullAuto,Paper,Backtest,2026-02-11 15:10:00,2026-02-11 15:10:00,2026-02-12 09:01:00,1071,75,11870,11670,11280,4.971,-17014,-1.911,-0.38,0.842,-1.601,0,-0.086,NextDayOpen,"오버나잇: 등락 +3.1%, 범위 위치 11%",익일 시초 매도,3.13,-4.43,0.106,144.2,0.632,0.86,1,370,5,0,0,1.2,True
397030#528-20260212091125,397030,에이프릴바이오,ORB,FullAuto,Paper,Backtest,2026-02-12 09:11:25,2026-02-12 09:11:25,2026-02-12 09:15:30,4.1,16,73100,71000,71000,2.873,-36217,-3.097,-1.08,0.547,-2.873,0,0,StopLoss,"ORB5 고가 73,000 돌파 (범위 4.1%, 등락 +5.6%)","손절 (71,000)",5.64,1.83,1,202.5,1.870,2.71,1,11,3,10,0,1.2,False
005930#535-20260212151000,005930,삼성전자,오버나잇,FullAuto,Paper,Backtest,2026-02-12 15:10:00,2026-02-12 15:10:00,2026-02-13 09:01:00,1071,5,178100,179400,169200,4.997,4439,0.498,0.10,0.786,-0.056,0,-0.056,NextDayOpen,"오버나잇: 등락 +6.8%, 범위 위치 84%",익일 시초 매도,6.77,1.31,0.842,556.7,0.132,0.93,1,370,5,0,0,1.2,True
000660#536-20260212151000,000660,SK하이닉스,오버나잇,FullAuto,Paper,Backtest,2026-02-12 15:10:00,2026-02-12 15:10:00,2026-02-13 09:01:00,1071,1,888000,889000,844000,4.955,-1044,-0.118,-0.02,0.113,-0.788,0,0,NextDayOpen,"오버나잇: 등락 +3.3%, 범위 위치 63%",익일 시초 매도,3.26,0.14,0.625,664.7,0.145,1.08,1,370,5,0,0,1.2,True
105560#542-20260212151000,105560,KB금융,오버나잇,FullAuto,Paper,Backtest,2026-02-12 15:10:00,2026-02-12 15:10:00,2026-02-13 09:01:00,1071,5,167000,166800,158700,4.970,-2918,-0.349,-0.07,0.419,-0.120,0,0,NextDayOpen,"오버나잇: 등락 +1.8%, 범위 위치 71%",익일 시초 매도,1.77,0.76,0.708,447.2,0.120,0.72,1,370,5,0,0,1.2,True
032820#537-20260212151000,032820,우리기술,오버나잇,FullAuto,Paper,Backtest,2026-02-12 15:10:00,2026-02-12 15:10:00,2026-02-13 09:01:00,1071,66,13590,13200,12920,4.930,-27746,-3.093,-0.63,0.442,-2.870,0,0,NextDayOpen,"오버나잇: 등락 +10.0%, 범위 위치 57%",익일 시초 매도,9.96,0.22,0.569,183.4,0.300,0.80,1,370,5,0,0,1.2,True
005490#538-20260212151000,005490,POSCO홀딩스,오버나잇,FullAuto,Paper,Backtest,2026-02-12 15:10:00,2026-02-12 15:10:00,2026-02-13 09:01:00,1071,2,386500,378500,367500,4.916,-17742,-2.295,-0.47,0,-1.940,0,-0.132,NextDayOpen,"오버나잇: 등락 +3.9%, 범위 위치 56%",익일 시초 매도,3.90,-0.22,0.558,475.5,0.240,0.52,1,370,5,0,0,1.2,True
086520#539-20260212151000,086520,에코프로,오버나잇,FullAuto,Paper,Backtest,2026-02-12 15:10:00,2026-02-12 15:10:00,2026-02-13 09:01:00,1071,5,155200,152100,147500,4.961,-17251,-2.223,-0.45,0.322,-1.933,0,-0.066,NextDayOpen,"오버나잇: 등락 +2.2%, 범위 위치 78%",익일 시초 매도,2.17,0.84,0.781,486.5,0.138,0.84,1,370,5,0,0,1.2,True
006400#541-20260212151000,006400,삼성SDI,오버나잇,FullAuto,Paper,Backtest,2026-02-12 15:10:00,2026-02-12 15:10:00,2026-02-13 09:01:00,1071,2,382500,377000,363500,4.967,-12735,-1.665,-0.34,0.261,-1.307,0,-0.132,NextDayOpen,"오버나잇: 등락 +1.5%, 범위 위치 73%",익일 시초 매도,1.46,0.38,0.731,826.4,0.149,0.82,1,370,5,0,0,1.2,True
005930#543-20260213151000,005930,삼성전자,오버나잇,FullAuto,Paper,Backtest,2026-02-13 15:10:00,2026-02-13 15:10:00,2026-02-19 09:01:00,8271,4,181500,187900,172500,4.959,23877,3.289,0.66,3.581,-0.110,0,-0.053,NextDayOpen,"오버나잇: 등락 +0.8%, 범위 위치 49%",익일 시초 매도,0.83,-0.18,0.492,343.7,0.169,1.35,1,370,5,0,0,1.2,True
034020#544-20260213151000,034020,두산에너빌리티,오버나잇,FullAuto,Paper,Backtest,2026-02-13 15:10:00,2026-02-13 15:10:00,2026-02-19 09:01:00,8271,9,96700,100500,91900,4.964,32126,3.691,0.74,3.930,-0.207,0,0,NextDayOpen,"오버나잇: 등락 +1.8%, 범위 위치 48%",익일 시초 매도,1.79,-1.00,0.484,335.1,0.281,0.36,1,370,5,0,0,1.2,True
018880#549-20260213151000,018880,한온시스템,오버나잇,FullAuto,Paper,Backtest,2026-02-13 15:10:00,2026-02-13 15:10:00,2026-02-19 09:01:00,8271,202,4485,4495,4265,4.905,-66,-0.007,0.00,0.334,-0.557,0,-0.111,NextDayOpen,"오버나잇: 등락 +2.1%, 범위 위치 33%",익일 시초 매도,2.05,-3.51,0.333,483.3,0.263,1.57,1,370,5,0,0,1.2,True
003530#547-20260213151000,003530,한화투자증권,오버나잇,FullAuto,Paper,Backtest,2026-02-13 15:10:00,2026-02-13 15:10:00,2026-02-19 09:01:00,8271,122,7420,8040,7050,4.987,73397,8.108,1.63,8.491,-0.943,0,-0.124,NextDayOpen,"오버나잇: 등락 +14.0%, 범위 위치 58%",익일 시초 매도,14.00,0.10,0.577,199.3,0.598,0.86,1,370,5,0,0,1.2,True
017670#546-20260213151000,017670,SK텔레콤,오버나잇,FullAuto,Paper,Backtest,2026-02-13 15:10:00,2026-02-13 15:10:00,2026-02-19 09:01:00,8271,10,86000,84200,81700,5.00,-19939,-2.318,-0.46,0.581,-2.093,0,0,NextDayOpen,"오버나잇: 등락 +10.4%, 범위 위치 71%",익일 시초 매도,10.40,0.31,0.714,293.7,0.233,0.86,1,370,5,0,0,1.2,True
047810#545-20260213151000,047810,한국항공우주,오버나잇,FullAuto,Paper,Backtest,2026-02-13 15:10:00,2026-02-13 15:10:00,2026-02-19 09:01:00,8271,5,177550,179200,168700,4.985,6191,0.697,0.14,0.929,-0.535,0,0,NextDayOpen,"오버나잇: 등락 +6.8%, 범위 위치 55%",익일 시초 매도,6.83,-0.15,0.553,201.4,0.185,0.93,2,370,5,0,0,1.2,True
352820#550-20260213151000,352820,하이브,오버나잇,FullAuto,Paper,Backtest,2026-02-13 15:10:00,2026-02-13 15:10:00,2026-02-19 09:01:00,8271,2,389250,395000,370000,4.945,9686,1.244,0.25,1.477,-0.064,0,0,NextDayOpen,"오버나잇: 등락 +2.8%, 범위 위치 43%",익일 시초 매도,2.84,-1.33,0.430,630.1,0.147,1.37,2,370,5,0,0,1.2,True
080220#548-20260213151000,080220,제주반도체,오버나잇,FullAuto,Paper,Backtest,2026-02-13 15:10:00,2026-02-13 15:10:00,2026-02-19 09:01:00,8271,19,45900,47200,43650,4.902,22643,2.596,0.53,2.941,-0.218,0,-0.106,NextDayOpen,"오버나잇: 등락 +2.9%, 범위 위치 39%",익일 시초 매도,2.91,-1.78,0.394,369.2,0.335,0.47,1,370,5,0,0,1.2,True
032820#552-20260219091225,032820,우리기술,ORB,FullAuto,Paper,Backtest,2026-02-19 09:12:25,2026-02-19 09:12:25,2026-02-19 09:25:27,13,90,13320,12920,12930,2.928,-38678,-3.226,-1.10,0.826,-3.003,0,-0.077,StopLoss,"ORB5 고가 13,310 돌파 (범위 4.9%, 등락 +7.9%)","손절 (12,930)",7.94,1.85,1,350.2,1.111,1.59,1,12,3,10,0,1.2,False
241520#559-20260219091430,241520,DSC인베스트먼트,ORB,FullAuto,Paper,Backtest,2026-02-19 09:14:30,2026-02-19 09:14:30,2026-02-19 09:51:25,36.9,138,12810,14090,12430,2.966,172196,9.741,3.28,10.070,-1.561,0,-0.071,TakeProfit,"ORB5 고가 12,790 돌파 (범위 3.1%, 등락 +5.4%) · A등급",목표 익절 +10%,5.43,2.45,1,247.4,1.412,3.76,1,14,3,10,0,1.2,False
009830#555-20260219090522,009830,한화솔루션,ORB,FullAuto,Paper,Backtest,2026-02-19 09:05:22,2026-02-19 09:05:22,2026-02-19 10:08:30,63.1,25,45850,50456,44500,2.944,112268,9.794,3.33,10.264,0,0,-0.198,TakeProfit,"ORB5 고가 45,745 돌파 (범위 4.2%, 등락 +5.9%)",목표 익절 +10%,5.91,1.76,1,177.9,1.679,2.99,1,5,3,10,0,1.2,False
005490#556-20260219090830,005490,POSCO홀딩스,ORB,FullAuto,Paper,Backtest,2026-02-19 09:08:30,2026-02-19 09:08:30,2026-02-19 15:05:00,356.5,4,393500,390500,382000,2.922,-15594,-0.991,-0.34,0,-1.652,0,0,ForceClose,"ORB5 고가 392,500 돌파 (범위 2.5%, 등락 +4.0%) · A등급",장마감 강제청산,3.96,1.21,1,298.5,0.974,1.37,1,8,3,10,0,1.2,False
000660#567-20260219151000,000660,SK하이닉스,오버나잇,FullAuto,Paper,Backtest,2026-02-19 15:10:00,2026-02-19 15:10:00,2026-02-20 09:01:00,1071,1,898000,892000,854000,4.900,-8051,-0.897,-0.18,0,-0.668,0,0,NextDayOpen,"오버나잇: 등락 +1.4%, 범위 위치 40%",익일 시초 매도,1.35,0.17,0.4,903.8,0.159,0.54,1,370,5,0,0,1.2,True
005930#566-20260219151000,005930,삼성전자,오버나잇,FullAuto,Paper,Backtest,2026-02-19 15:10:00,2026-02-19 15:10:00,2026-02-20 09:01:00,1071,4,189100,190000,179700,4.971,1853,0.245,0.05,0.476,-0.317,0,0,NextDayOpen,"오버나잇: 등락 +3.7%, 범위 위치 53%",익일 시초 매도,3.67,0.06,0.526,960.3,0.091,1.00,1,370,5,0,0,1.2,True
034020#570-20260219151000,034020,두산에너빌리티,오버나잇,FullAuto,Paper,Backtest,2026-02-19 15:10:00,2026-02-19 15:10:00,2026-02-20 09:01:00,1071,9,98600,99200,93700,4.970,3349,0.377,0.08,0.609,-0.203,0,0,NextDayOpen,"오버나잇: 등락 +1.5%, 범위 위치 13%",익일 시초 매도,1.54,-0.60,0.130,492.7,0.123,0.52,1,370,5,0,0,1.2,True
042660#572-20260219151000,042660,한화오션,오버나잇,FullAuto,Paper,Backtest,2026-02-19 15:10:00,2026-02-19 15:10:00,2026-02-20 09:01:00,1071,6,140700,143000,133700,4.975,11830,1.401,0.28,1.635,-0.213,0,0,NextDayOpen,"오버나잇: 등락 +8.1%, 범위 위치 79%",익일 시초 매도,8.15,0.40,0.791,919.3,0.071,1.34,1,370,5,0,0,1.2,True
006800#569-20260219151000,006800,미래에셋증권,오버나잇,FullAuto,Paper,Backtest,2026-02-19 15:10:00,2026-02-19 15:10:00,2026-02-20 09:01:00,1071,12,70446,73981,66900,5.034,40386,4.777,0.95,5.018,-0.349,0,0,NextDayOpen,"오버나잇: 등락 +15.4%, 범위 위치 63%",익일 시초 매도,15.42,0.69,0.625,444.5,0.356,0.71,2,370,5,0,0,1.2,True
086520#568-20260219151000,086520,에코프로,오버나잇,FullAuto,Paper,Backtest,2026-02-19 15:10:00,2026-02-19 15:10:00,2026-02-20 09:01:00,1071,5,172500,175500,163900,4.986,12985,1.506,0.30,1.739,-0.406,0,0,NextDayOpen,"오버나잇: 등락 +14.8%, 범위 위치 94%",익일 시초 매도,14.78,3.83,0.944,262.3,0.207,0.71,1,370,5,0,0,1.2,True
006400#573-20260219151000,006400,삼성SDI,오버나잇,FullAuto,Paper,Backtest,2026-02-19 15:10:00,2026-02-19 15:10:00,2026-02-20 09:01:00,1071,2,404500,401500,384500,4.944,-7847,-0.970,-0.20,1.112,-0.618,0,-0.124,NextDayOpen,"오버나잇: 등락 +7.2%, 범위 위치 93%",익일 시초 매도,7.15,3.79,0.932,529.1,0.609,2.10,1,370,5,0,0,1.2,True
009150#571-20260219151000,009150,삼성전기,오버나잇,FullAuto,Paper,Backtest,2026-02-19 15:10:00,2026-02-19 15:10:00,2026-02-20 09:01:00,1071,2,358500,356500,341000,4.881,-5639,-0.786,-0.16,0.139,-0.697,0,-0.140,NextDayOpen,"오버나잇: 등락 +14.7%, 범위 위치 89%",익일 시초 매도,14.72,2.18,0.893,429.7,0.199,0.57,1,370,5,0,0,1.2,True
004090#576-20260220090530,004090,한국석유,ORB,FullAuto,Paper,Backtest,2026-02-20 09:05:30,2026-02-20 09:05:30,2026-02-20 09:08:30,3,68,17870,17320,17340,2.966,-40113,-3.301,-1.11,0.112,-3.078,0,-0.115,StopLoss,"ORB5 고가 17,850 돌파 (범위 4.6%, 등락 +9.3%)","손절 (17,340)",9.30,2.60,1,123.1,2.947,1.45,1,6,3,10,0,1.2,False
034220#575-20260220090520,034220,LG디스플레이,ORB,FullAuto,Paper,Backtest,2026-02-20 09:05:20,2026-02-20 09:05:20,2026-02-20 15:05:00,359.7,90,13380,13290,12980,2.990,-10851,-0.901,-0.30,6.054,-2.541,0,-0.075,ForceClose,"ORB5 고가 13,350 돌파 (범위 5.5%, 등락 +9.0%)",장마감 강제청산,8.96,2.22,1,219.3,1.470,1.82,1,5,3,10,0,1.2,False
005930#592-20260220151000,005930,삼성전자,오버나잇,FullAuto,Paper,Backtest,2026-02-20 15:10:00,2026-02-20 15:10:00,2026-02-23 09:01:00,3951,4,189900,194300,180500,4.950,15817,2.082,0.42,2.370,-0.053,0,-0.051,NextDayOpen,"오버나잇: 등락 +0.5%, 범위 위치 72%",익일 시초 매도,0.53,0.18,0.722,683.2,0.068,0.90,1,370,5,0,0,1.2,True
034020#593-20260220151000,034020,두산에너빌리티,오버나잇,FullAuto,Paper,Backtest,2026-02-20 15:10:00,2026-02-20 15:10:00,2026-02-23 09:01:00,3951,8,104000,105300,98800,5.00,8466,1.018,0.20,1.250,-0.385,0,0,NextDayOpen,"오버나잇: 등락 +5.5%, 범위 위치 65%",익일 시초 매도,5.48,-0.41,0.655,322.5,0.117,2.14,1,370,5,0,0,1.2,True
032820#595-20260220151000,032820,우리기술,오버나잇,FullAuto,Paper,Backtest,2026-02-20 15:10:00,2026-02-20 15:10:00,2026-02-23 09:01:00,3951,62,14910,15530,14170,4.963,36233,3.920,0.79,4.225,-0.604,0,-0.064,NextDayOpen,"오버나잇: 등락 +15.1%, 범위 위치 61%",익일 시초 매도,15.14,-0.12,0.607,162.1,0.642,0.43,1,370,5,0,0,1.2,True
042660#594-20260220151000,042660,한화오션,오버나잇,FullAuto,Paper,Backtest,2026-02-20 15:10:00,2026-02-20 15:10:00,2026-02-23 09:01:00,3951,6,149900,148800,142500,4.937,-8652,-0.962,-0.19,0,-0.667,0,-0.067,NextDayOpen,"오버나잇: 등락 +6.4%, 범위 위치 86%",익일 시초 매도,6.39,1.89,0.858,262.9,0.224,0.41,1,370,5,0,0,1.2,True
006400#598-20260220151000,006400,삼성SDI,오버나잇,FullAuto,Paper,Backtest,2026-02-20 15:10:00,2026-02-20 15:10:00,2026-02-23 09:01:00,3951,2,402000,407500,382000,4.975,9128,1.135,0.23,1.368,-0.249,0,0,NextDayOpen,"오버나잇: 등락 +0.4%, 범위 위치 12%",익일 시초 매도,0.38,-1.34,0.116,1068.8,0.169,1.13,1,370,5,0,0,1.2,True
272210#596-20260220151000,272210,한화시스템,오버나잇,FullAuto,Paper,Backtest,2026-02-20 15:10:00,2026-02-20 15:10:00,2026-02-23 09:01:00,3951,8,116100,114900,110300,4.996,-11714,-1.261,-0.25,0.345,-0.947,0,-0.087,NextDayOpen,"오버나잇: 등락 +5.6%, 범위 위치 31%",익일 시초 매도,5.65,-1.20,0.310,129.5,0.320,2.64,1,370,5,0,0,1.2,True
032820#603-20260223091325,032820,우리기술,ORB,FullAuto,Paper,Backtest,2026-02-23 09:13:25,2026-02-23 09:13:25,2026-02-23 15:05:00,351.6,75,16310,16890,15830,2.943,40594,3.319,1.13,7.971,0,0,0,ForceClose,"ORB5 고가 16,300 돌파 (범위 4.9%, 등락 +9.8%)",장마감 강제청산,9.83,2.40,1,261.8,1.349,2.81,1,13,3,10,0,1.2,False
062040#604-20260223090727,062040,산일전기,ORB,FullAuto,Paper,Backtest,2026-02-23 09:07:27,2026-02-23 09:07:27,2026-02-23 15:05:00,357.5,10,158400,164250,153700,2.967,54732,3.455,1.16,6.376,-1.326,0,-0.061,ForceClose,"ORB5 고가 158,200 돌파 (범위 3.5%, 등락 +6.2%) · A등급",장마감 강제청산,6.24,1.27,1,235.6,0.997,3.21,1,7,3,10,0,1.2,False
005930#614-20260223151000,005930,삼성전자,오버나잇,FullAuto,Paper,Backtest,2026-02-23 15:10:00,2026-02-23 15:10:00,2026-02-24 09:01:00,1071,4,192700,192900,183100,4.982,-973,-0.126,-0.03,0.156,-0.156,0,-0.052,NextDayOpen,"오버나잇: 등락 +1.3%, 범위 위치 31%",익일 시초 매도,1.26,-0.59,0.310,480.4,0.159,0.72,1,370,5,0,0,1.2,True
009150#618-20260223151000,009150,삼성전기,오버나잇,FullAuto,Paper,Backtest,2026-02-23 15:10:00,2026-02-23 15:10:00,2026-02-24 09:01:00,1071,2,426000,425500,405000,4.930,-2956,-0.347,-0.07,0.235,-0.704,0,0,NextDayOpen,"오버나잇: 등락 +13.3%, 범위 위치 76%",익일 시초 매도,13.30,1.18,0.756,308.7,0.310,0.68,1,370,5,0,0,1.2,True
086520#617-20260223151000,086520,에코프로,오버나잇,FullAuto,Paper,Backtest,2026-02-23 15:10:00,2026-02-23 15:10:00,2026-02-24 09:01:00,1071,5,169800,172900,161400,4.947,13515,1.592,0.32,1.885,-0.353,0,-0.058,NextDayOpen,"오버나잇: 등락 -+0.6%, 범위 위치 17%",익일 시초 매도,-0.64,-3.15,0.168,185.5,0.341,1.17,1,370,5,0,0,1.2,True
066570#616-20260223151000,066570,LG전자,오버나잇,FullAuto,Paper,Backtest,2026-02-23 15:10:00,2026-02-23 15:10:00,2026-02-24 09:01:00,1071,7,132000,134700,125400,5.00,16736,1.811,0.36,2.045,0,0,0,NextDayOpen,"오버나잇: 등락 +7.1%, 범위 위치 50%",익일 시초 매도,7.06,-1.74,0.5,224.8,0.176,0.45,1,370,5,0,0,1.2,True
032820#619-20260223151000,032820,우리기술,오버나잇,FullAuto,Paper,Backtest,2026-02-23 15:10:00,2026-02-23 15:10:00,2026-02-24 09:01:00,1071,55,16870,17290,16030,4.979,20918,2.254,0.45,2.549,-0.119,0,-0.058,NextDayOpen,"오버나잇: 등락 +13.6%, 범위 위치 64%",익일 시초 매도,13.60,0.64,0.643,223.3,0.144,1.78,1,370,5,0,0,1.2,True
000720#621-20260223151000,000720,현대건설,오버나잇,FullAuto,Paper,Backtest,2026-02-23 15:10:00,2026-02-23 15:10:00,2026-02-24 09:01:00,1071,6,134500,136200,127800,4.981,8323,1.031,0.21,1.338,0,0,-0.073,NextDayOpen,"오버나잇: 등락 +5.1%, 범위 위치 34%",익일 시초 매도,5.08,-1.53,0.341,758.3,0.170,0.55,1,370,5,0,0,1.2,True
001440#620-20260223151000,001440,대한전선,오버나잇,FullAuto,Paper,Backtest,2026-02-23 15:10:00,2026-02-23 15:10:00,2026-02-24 09:01:00,1071,26,34500,34250,32800,4.928,-8548,-0.953,-0.19,0,-0.725,0,0,NextDayOpen,"오버나잇: 등락 +4.7%, 범위 위치 55%",익일 시초 매도,4.71,-0.29,0.547,275.1,0.207,0.89,1,370,5,0,0,1.2,True
066970#624-20260224090522,066970,엘앤에프,ORB,FullAuto,Paper,Backtest,2026-02-24 09:05:22,2026-02-24 09:05:22,2026-02-24 09:10:25,5,10,122600,118800,119000,2.936,-40737,-3.323,-1.13,1.142,-3.100,0,-0.168,StopLoss,"ORB5 고가 122,300 돌파 (범위 5.9%, 등락 +6.4%)","손절 (119,000)",6.42,1.72,1,339.8,1.903,1.96,1,5,3,10,0,1.2,False
006400#623-20260224090515,006400,삼성SDI,ORB,FullAuto,Paper,Backtest,2026-02-24 09:05:15,2026-02-24 09:05:15,2026-02-24 15:05:00,359.8,2,418000,421000,405500,2.990,4065,0.486,0.16,2.153,-2.751,0,0,ForceClose,"ORB5 고가 417,500 돌파 (범위 5.0%, 등락 +6.2%)",장마감 강제청산,6.23,2.07,1,289.2,1.356,1.66,1,5,3,10,0,1.2,False
005930#631-20260224151000,005930,삼성전자,오버나잇,FullAuto,Paper,Backtest,2026-02-24 15:10:00,2026-02-24 15:10:00,2026-02-25 09:01:00,1071,4,199700,202000,189800,4.957,7344,0.919,0.19,1.402,-0.050,0,-0.247,NextDayOpen,"오버나잇: 등락 +2.8%, 범위 위치 96%",익일 시초 매도,2.83,1.35,0.962,1388.3,0.061,1.45,1,370,5,0,0,1.2,True
006400#633-20260224151000,006400,삼성SDI,오버나잇,FullAuto,Paper,Backtest,2026-02-24 15:10:00,2026-02-24 15:10:00,2026-02-25 09:01:00,1071,2,421000,422000,400000,4.988,60,0.007,0.00,0.238,-0.238,0,0,NextDayOpen,"오버나잇: 등락 +7.0%, 범위 위치 80%",익일 시초 매도,6.99,0.74,0.797,344.2,0.229,1.29,1,370,5,0,0,1.2,True
009150#634-20260224151000,009150,삼성전기,오버나잇,FullAuto,Paper,Backtest,2026-02-24 15:10:00,2026-02-24 15:10:00,2026-02-25 09:01:00,1071,2,444500,469000,422500,4.949,46851,5.270,1.06,5.512,-0.112,0,0,NextDayOpen,"오버나잇: 등락 +3.0%, 범위 위치 88%",익일 시초 매도,3.01,3.06,0.885,469.7,0.249,0.40,1,370,5,0,0,1.2,True
007660#638-20260224151000,007660,이수페타시스,오버나잇,FullAuto,Paper,Backtest,2026-02-24 15:10:00,2026-02-24 15:10:00,2026-02-25 09:01:00,1071,8,112000,116900,106400,5.00,37056,4.136,0.83,4.464,-0.179,0,-0.085,NextDayOpen,"오버나잇: 등락 +3.6%, 범위 위치 77%",익일 시초 매도,3.61,0.67,0.770,456.0,0.210,0.88,1,370,5,0,0,1.2,True
032820#635-20260224151000,032820,우리기술,오버나잇,FullAuto,Paper,Backtest,2026-02-24 15:10:00,2026-02-24 15:10:00,2026-02-25 09:01:00,1071,54,17210,17820,16350,4.997,30733,3.307,0.66,3.603,-0.813,0,-0.056,NextDayOpen,"오버나잇: 등락 +1.6%, 범위 위치 52%",익일 시초 매도,1.59,-0.68,0.525,554.3,0.287,0.61,1,370,5,0,0,1.2,True
048410#636-20260224151000,048410,현대바이오,오버나잇,FullAuto,Paper,Backtest,2026-02-24 15:10:00,2026-02-24 15:10:00,2026-02-25 09:01:00,1071,46,20100,20550,19140,4.776,18531,2.004,0.42,2.488,-1.294,0,-0.243,NextDayOpen,"오버나잇: 등락 +13.1%, 범위 위치 73%",익일 시초 매도,13.11,2.58,0.725,868.0,0.450,1.31,1,370,5,0,0,1.2,True
222080#637-20260224151000,222080,SFA넥셀,오버나잇,FullAuto,Paper,Backtest,2026-02-24 15:10:00,2026-02-24 15:10:00,2026-02-25 09:01:00,1071,62,15030,15100,14280,4.990,2189,0.235,0.05,0.466,-0.133,0,0,NextDayOpen,"오버나잇: 등락 +17.3%, 범위 위치 74%",익일 시초 매도,17.33,0.93,0.744,231.0,0.271,0.98,1,370,5,0,0,1.2,True
000270#641-20260225090525,000270,기아,ORB,FullAuto,Paper,Backtest,2026-02-25 09:05:25,2026-02-25 09:05:25,2026-02-25 15:05:00,359.6,6,184300,196400,178800,2.984,69903,6.321,2.12,8.464,-0.326,0,-0.051,ForceClose,"ORB5 고가 184,100 돌파 (범위 5.3%, 등락 +5.6%)",장마감 강제청산,5.62,2.49,1,206.5,1.528,1.61,1,5,3,10,0,1.2,False
086520#655-20260225151000,086520,에코프로,오버나잇,FullAuto,Paper,Backtest,2026-02-25 15:10:00,2026-02-25 15:10:00,2026-02-26 09:01:00,1071,5,174400,178400,165700,4.989,17953,2.059,0.41,2.294,-0.115,0,0,NextDayOpen,"오버나잇: 등락 +2.5%, 범위 위치 53%",익일 시초 매도,2.53,0.08,0.525,289.5,0.162,1.67,1,370,5,0,0,1.2,True
006400#654-20260225151000,006400,삼성SDI,오버나잇,FullAuto,Paper,Backtest,2026-02-25 15:10:00,2026-02-25 15:10:00,2026-02-26 09:01:00,1071,2,433500,439500,412000,4.960,9981,1.151,0.23,1.384,-0.346,0,0,NextDayOpen,"오버나잇: 등락 +2.8%, 범위 위치 65%",익일 시초 매도,2.85,0.84,0.649,399.7,0.189,1.30,1,370,5,0,0,1.2,True
034020#656-20260225151000,034020,두산에너빌리티,오버나잇,FullAuto,Paper,Backtest,2026-02-25 15:10:00,2026-02-25 15:10:00,2026-02-26 09:01:00,1071,9,103000,104100,97900,4.951,7748,0.836,0.17,1.068,-0.097,0,0,NextDayOpen,"오버나잇: 등락 +1.5%, 범위 위치 57%",익일 시초 매도,1.48,-0.20,0.571,423.1,0.153,1.46,1,370,5,0,0,1.2,True
006800#652-20260225151000,006800,미래에셋증권,오버나잇,FullAuto,Paper,Backtest,2026-02-25 15:10:00,2026-02-25 15:10:00,2026-02-26 09:01:00,1071,12,73085,72089,69400,5.042,-13942,-1.590,-0.32,0.021,-1.363,0,0,NextDayOpen,"오버나잇: 등락 +2.5%, 범위 위치 65%",익일 시초 매도,2.52,1.21,0.653,430.1,0.357,3.14,2,370,5,0,0,1.2,True
000270#653-20260225151000,000270,기아,오버나잇,FullAuto,Paper,Backtest,2026-02-25 15:10:00,2026-02-25 15:10:00,2026-02-26 09:01:00,1071,4,196600,197400,186800,4.985,1386,0.176,0.04,0.407,-0.051,0,0,NextDayOpen,"오버나잇: 등락 +12.7%, 범위 위치 87%",익일 시초 매도,12.66,1.03,0.868,228.1,0.158,1.25,1,370,5,0,0,1.2,True
000720#657-20260225151000,000720,현대건설,오버나잇,FullAuto,Paper,Backtest,2026-02-25 15:10:00,2026-02-25 15:10:00,2026-02-26 09:01:00,1071,6,154600,160200,146900,4.981,31395,3.385,0.68,3.622,-0.065,0,0,NextDayOpen,"오버나잇: 등락 +11.6%, 범위 위치 75%",익일 시초 매도,11.62,1.15,0.745,252.5,0.310,1.27,1,370,5,0,0,1.2,True
307950#651-20260225151000,307950,현대오토에버,오버나잇,FullAuto,Paper,Backtest,2026-02-25 15:10:00,2026-02-25 15:10:00,2026-02-26 09:01:00,1071,1,494250,491500,469500,5.008,-3880,-0.785,-0.16,0.455,-0.556,0,0,NextDayOpen,"오버나잇: 등락 +14.3%, 범위 위치 60%",익일 시초 매도,14.28,-0.45,0.598,270.0,0.289,1.08,2,370,5,0,0,1.2,True
066570#658-20260226090920,066570,LG전자,ORB,FullAuto,Paper,Backtest,2026-02-26 09:09:20,2026-02-26 09:09:20,2026-02-26 15:05:00,355.7,8,146000,146300,141700,2.945,-290,-0.025,-0.01,2.123,-2.055,0,-0.068,ForceClose,"ORB5 고가 145,800 돌파 (범위 3.8%, 등락 +9.5%)",장마감 강제청산,9.53,1.64,1,172.2,1.282,2.89,1,9,3,10,0,1.2,False
012330#661-20260226090522,012330,현대모비스,ORB,FullAuto,Paper,Backtest,2026-02-26 09:05:22,2026-02-26 09:05:22,2026-02-26 15:05:00,359.6,3,498500,525000,484000,2.909,75890,5.075,1.74,5.717,-1.705,0,-0.190,ForceClose,"ORB5 고가 497,000 돌파 (범위 3.2%, 등락 +5.6%) · A등급",장마감 강제청산,5.61,1.77,1,507.6,1.304,3.75,1,5,3,10,0,1.2,False
018880#662-20260226090722,018880,한온시스템,ORB,FullAuto,Paper,Backtest,2026-02-26 09:07:22,2026-02-26 09:07:22,2026-02-26 15:05:00,357.6,396,4705,4802,4565,2.976,34045,1.827,0.61,3.719,-2.019,0,0,ForceClose,"ORB5 고가 4,700 돌파 (범위 3.5%, 등락 +3.9%) · A등급",장마감 강제청산,3.86,0.99,1,411.3,1.318,2.28,1,7,3,10,0,1.2,False
006400#678-20260226151000,006400,삼성SDI,오버나잇,FullAuto,Paper,Backtest,2026-02-26 15:10:00,2026-02-26 15:10:00,2026-02-27 09:01:00,1071,2,448500,439000,426500,4.905,-21021,-2.343,-0.48,0.334,-2.007,0,-0.114,NextDayOpen,"오버나잇: 등락 +3.0%, 범위 위치 59%",익일 시초 매도,2.99,0.25,0.585,661.0,0.239,0.63,1,370,5,0,0,1.2,True
086520#674-20260226151000,086520,에코프로,오버나잇,FullAuto,Paper,Backtest,2026-02-26 15:10:00,2026-02-26 15:10:00,2026-02-27 09:01:00,1071,5,183300,180500,174200,4.965,-16077,-1.754,-0.35,0.655,-1.528,0,0,NextDayOpen,"오버나잇: 등락 +4.3%, 범위 위치 55%",익일 시초 매도,4.27,0.09,0.553,226.5,0.183,0.70,1,370,5,0,0,1.2,True
066570#676-20260226151000,066570,LG전자,오버나잇,FullAuto,Paper,Backtest,2026-02-26 15:10:00,2026-02-26 15:10:00,2026-02-27 09:01:00,1071,6,146200,144600,138900,4.993,-11596,-1.322,-0.26,0.479,-1.026,0,-0.069,NextDayOpen,"오버나잇: 등락 +9.7%, 범위 위치 66%",익일 시초 매도,9.68,0.49,0.663,226.7,0.171,0.80,1,370,5,0,0,1.2,True
489790#675-20260226151000,489790,한화비전,오버나잇,FullAuto,Paper,Backtest,2026-02-26 15:10:00,2026-02-26 15:10:00,2026-02-27 09:01:00,1071,10,87500,81800,83200,4.914,-58889,-6.730,-1.37,0.114,-6.400,0,-0.122,NextDayOpen,"오버나잇: 등락 +15.3%, 범위 위치 67%",익일 시초 매도,15.28,1.33,0.665,210.4,0.584,0.82,1,370,5,0,0,1.2,True
277810#677-20260226151000,277810,레인보우로보틱스,오버나잇,FullAuto,Paper,Backtest,2026-02-26 15:10:00,2026-02-26 15:10:00,2026-02-27 09:01:00,1071,1,879500,850000,836000,4.946,-31458,-3.577,-0.72,0.284,-3.240,0,-0.118,NextDayOpen,"오버나잇: 등락 +11.9%, 범위 위치 79%",익일 시초 매도,11.91,2.06,0.791,264.9,0.350,1.55,2,370,5,0,0,1.2,True
001510#680-20260226151000,001510,SK증권,오버나잇,FullAuto,Paper,Backtest,2026-02-26 15:10:00,2026-02-26 15:10:00,2026-02-27 09:01:00,1071,222,4290,4305,4080,4.895,1134,0.119,0.02,0.583,-2.914,0,0,NextDayOpen,"오버나잇: 등락 +18.4%, 범위 위치 68%",익일 시초 매도,18.44,-0.96,0.677,182.2,1.024,0.64,1,370,5,0,0,1.2,True
047040#679-20260226151000,047040,대우건설,오버나잇,FullAuto,Paper,Backtest,2026-02-26 15:10:00,2026-02-26 15:10:00,2026-02-27 09:01:00,1071,94,10160,10040,9660,4.921,-13451,-1.408,-0.29,0.295,-1.181,0,-0.100,NextDayOpen,"오버나잇: 등락 +16.0%, 범위 위치 67%",익일 시초 매도,16.00,2.65,0.667,240.3,0.672,0.83,1,370,5,0,0,1.2,True
004020#686-20260227090522,004020,현대제철,ORB,FullAuto,Paper,Backtest,2026-02-27 09:05:22,2026-02-27 09:05:22,2026-02-27 12:15:30,190.1,30,40900,45050,39700,2.934,121411,9.895,3.37,10.269,-2.078,0,-0.111,TakeProfit,"ORB5 고가 40,800 돌파 (범위 6.0%, 등락 +3.9%)",목표 익절 +10%,3.94,2.20,1,300,1.874,1.93,1,5,3,10,0,1.2,False
034020#681-20260227090925,034020,두산에너빌리티,ORB,FullAuto,Paper,Backtest,2026-02-27 09:09:25,2026-02-27 09:09:25,2026-02-27 13:42:15,272.8,16,109400,106200,106200,2.925,-55114,-3.149,-1.08,0.731,-2.925,0,0,StopLoss,"ORB5 고가 109,300 돌파 (범위 3.6%, 등락 +5.2%) · A등급","손절 (106,200)",5.19,1.14,1,239.9,1.032,2.09,1,9,3,10,0,1.2,False
034020#692-20260227151000,034020,두산에너빌리티,오버나잇,FullAuto,Paper,Backtest,2026-02-27 15:10:00,2026-02-27 15:10:00,2026-03-03 09:01:00,5391,9,106300,104600,101000,4.986,-17466,-1.826,-0.37,0.094,-1.505,0,-0.096,NextDayOpen,"오버나잇: 등락 +2.2%, 범위 위치 17%",익일 시초 매도,2.21,-1.47,0.170,328.9,0.215,0.86,1,370,5,0,0,1.2,True
086520#696-20260227151000,086520,에코프로,오버나잇,FullAuto,Paper,Backtest,2026-02-27 15:10:00,2026-02-27 15:10:00,2026-03-03 09:01:00,5391,5,185100,178900,175900,4.970,-33061,-3.572,-0.72,0.108,-3.296,0,-0.056,NextDayOpen,"오버나잇: 등락 +0.2%, 범위 위치 67%",익일 시초 매도,0.16,0.60,0.667,234.9,0.255,0.68,1,370,5,0,0,1.2,True
000250#697-20260227151000,000250,삼천당제약,오버나잇,FullAuto,Paper,Backtest,2026-02-27 15:10:00,2026-02-27 15:10:00,2026-03-03 09:01:00,5391,1,828000,816000,787000,4.952,-13878,-1.676,-0.34,0.121,-1.329,0,-0.122,NextDayOpen,"오버나잇: 등락 +9.4%, 범위 위치 48%",익일 시초 매도,9.38,-0.42,0.475,435.7,0.259,0.55,1,370,5,0,0,1.2,True
004020#693-20260227151000,004020,현대제철,오버나잇,FullAuto,Paper,Backtest,2026-02-27 15:10:00,2026-02-27 15:10:00,2026-03-03 09:01:00,5391,20,46450,48300,44150,4.952,34785,3.744,0.76,3.983,-1.399,0,0,NextDayOpen,"오버나잇: 등락 +18.0%, 범위 위치 67%",익일 시초 매도,18.04,-0.80,0.668,223.4,0.523,0.94,1,370,5,0,0,1.2,True
038500#695-20260227151000,038500,삼표시멘트,오버나잇,FullAuto,Paper,Backtest,2026-02-27 15:10:00,2026-02-27 15:10:00,2026-03-03 09:01:00,5391,55,17380,16790,16520,4.948,-34577,-3.617,-0.73,0.345,-3.337,0,-0.060,NextDayOpen,"오버나잇: 등락 +13.8%, 범위 위치 53%",익일 시초 매도,13.75,-3.09,0.526,157.7,0.510,0.60,1,370,5,0,0,1.2,True
187660#698-20260227151000,187660,페니트리움바이오,오버나잇,FullAuto,Paper,Backtest,2026-02-27 15:10:00,2026-02-27 15:10:00,2026-03-03 09:01:00,5391,53,18253,17000,17340,5.002,-68491,-7.080,-1.42,1.222,-6.865,0,0,NextDayOpen,"오버나잇: 등락 +0.6%, 범위 위치 70%",익일 시초 매도,0.65,4.60,0.704,116.1,1.693,0.31,2,370,5,0,0,1.2,True
005380#691-20260227151000,005380,현대차,오버나잇,FullAuto,Paper,Backtest,2026-02-27 15:10:00,2026-02-27 15:10:00,2026-03-03 09:01:00,5391,1,674000,653000,641000,4.896,-22504,-3.339,-0.68,0.742,-2.967,0,-0.153,NextDayOpen,"오버나잇: 등락 +11.4%, 범위 위치 87%",익일 시초 매도,11.40,4.95,0.866,398.2,0.530,0.34,1,370,5,0,0,1.2,True
006400#694-20260227151000,006400,삼성SDI,오버나잇,FullAuto,Paper,Backtest,2026-02-27 15:10:00,2026-02-27 15:10:00,2026-03-03 09:01:00,5391,2,469000,453500,446000,4.904,-33090,-3.528,-0.72,0,-3.305,0,0,NextDayOpen,"오버나잇: 등락 +4.5%, 범위 위치 86%",익일 시초 매도,4.46,1.77,0.857,321.5,0.297,1.02,1,370,5,0,0,1.2,True
322000#699-20260303090525,322000,HD현대에너지솔루션,ORB,FullAuto,Paper,Backtest,2026-03-03 09:05:25,2026-03-03 09:05:25,2026-03-03 09:06:30,1.1,11,110300,107000,107000,2.992,-39011,-3.215,-1.07,1.269,-2.992,0,0,StopLoss,"ORB5 고가 110,000 돌파 (범위 4.7%, 등락 +6.1%)","손절 (107,000)",6.06,2.38,1,259.6,2.690,1.33,1,5,3,10,0,1.2,False
439260#707-20260303090627,439260,대한조선,ORB,FullAuto,Paper,Backtest,2026-03-03 09:06:27,2026-03-03 09:06:27,2026-03-03 10:17:22,70.9,18,104100,101000,101000,2.978,-59989,-3.201,-1.08,2.498,-2.978,0,0,StopLoss,"ORB5 고가 103,900 돌파 (범위 2.8%, 등락 +3.9%) · A등급","손절 (101,000)",3.89,1.46,1,543.1,1.225,1.30,1,6,3,10,0,1.2,False
000880#706-20260303091930,000880,한화,ORB,FullAuto,Paper,Backtest,2026-03-03 09:19:30,2026-03-03 09:19:30,2026-03-03 11:03:30,104,7,171311,166149,166200,2.983,-38813,-3.237,-1.08,4.065,-3.013,0,-0.031,StopLoss,"ORB5 고가 171,191 돌파 (범위 3.4%, 등락 +5.1%)","손절 (166,200)",5.08,1.45,1,203.2,0.566,3.41,2,20,3,10,0,1.2,False
103140#716-20260303151000,103140,풍산,오버나잇,FullAuto,Paper,Backtest,2026-03-03 15:10:00,2026-03-03 15:10:00,2026-03-04 09:01:00,1071,7,130400,150900,123900,4.985,141094,15.457,3.10,15.798,-0.613,0,-0.066,NextDayOpen,"오버나잇: 등락 +12.1%, 범위 위치 46%",익일 시초 매도,12.13,0.02,0.461,237.1,0.450,0.87,1,370,5,0,0,1.2,True
047810#713-20260303151000,047810,한국항공우주,오버나잇,FullAuto,Paper,Backtest,2026-03-03 15:10:00,2026-03-03 15:10:00,2026-03-04 09:01:00,1071,4,196600,195000,186800,4.985,-8194,-1.042,-0.21,0.763,-0.814,0,0,NextDayOpen,"오버나잇: 등락 +2.1%, 범위 위치 21%",익일 시초 매도,2.08,-2.45,0.209,228.6,0.327,0.64,1,370,5,0,0,1.2,True
096770#714-20260303151000,096770,SK이노베이션,오버나잇,FullAuto,Paper,Backtest,2026-03-03 15:10:00,2026-03-03 15:10:00,2026-03-04 09:01:00,1071,7,131500,136700,125000,4.943,34206,3.716,0.75,3.954,-0.532,0,0,NextDayOpen,"오버나잇: 등락 +1.9%, 범위 위치 17%",익일 시초 매도,1.86,-1.80,0.168,279.9,0.304,1.06,1,370,5,0,0,1.2,True
058470#715-20260303151000,058470,리노공업,오버나잇,FullAuto,Paper,Backtest,2026-03-03 15:10:00,2026-03-03 15:10:00,2026-03-04 09:01:00,1071,8,112600,112700,107000,4.973,-1273,-0.141,-0.03,0.089,-2.043,0,0,NextDayOpen,"오버나잇: 등락 +4.8%, 범위 위치 34%",익일 시초 매도,4.85,-4.33,0.342,190.8,0.603,1.02,1,370,5,0,0,1.2,True
032820#717-20260303151000,032820,우리기술,오버나잇,FullAuto,Paper,Backtest,2026-03-03 15:10:00,2026-03-03 15:10:00,2026-03-04 09:01:00,1071,56,17150,16690,16300,4.956,-27913,-2.906,-0.59,0.058,-2.682,0,0,NextDayOpen,"오버나잇: 등락 +0.2%, 범위 위치 63%",익일 시초 매도,0.23,-0.79,0.635,410.4,0.154,1.41,1,370,5,0,0,1.2,True
226950#718-20260303151000,226950,올릭스,오버나잇,FullAuto,Paper,Backtest,2026-03-03 15:10:00,2026-03-03 15:10:00,2026-03-04 09:01:00,1071,4,195000,190100,185300,4.974,-21351,-2.737,-0.55,0.462,-2.462,0,-0.053,NextDayOpen,"오버나잇: 등락 +9.7%, 범위 위치 44%",익일 시초 매도,9.74,-2.07,0.445,146.5,0.451,0.66,1,370,5,0,0,1.2,True
010170#719-20260303151000,010170,대한광통신,오버나잇,FullAuto,Paper,Backtest,2026-03-03 15:10:00,2026-03-03 15:10:00,2026-03-04 09:01:00,1071,208,4595,4575,4370,4.897,-6348,-0.664,-0.14,0.109,-0.544,0,-0.109,NextDayOpen,"오버나잇: 등락 +7.0%, 범위 위치 31%",익일 시초 매도,6.98,-4.64,0.309,214.7,0.389,0.89,1,370,5,0,0,1.2,True
439260#735-20260304151000,439260,대한조선,오버나잇,FullAuto,Paper,Backtest,2026-03-04 15:10:00,2026-03-04 15:10:00,2026-03-05 09:01:00,1071,9,94600,100300,89900,4.968,49233,5.783,1.16,6.131,-2.220,0,-0.100,NextDayOpen,"오버나잇: 등락 +5.7%, 범위 위치 34%",익일 시초 매도,5.70,-2.13,0.344,240.6,0.503,0.90,1,370,5,0,0,1.2,True
066570#737-20260305090525,066570,LG전자,ORB,FullAuto,Paper,Backtest,2026-03-05 09:05:25,2026-03-05 09:05:25,2026-03-05 10:37:27,92,10,120300,116700,116700,2.993,-38689,-3.216,-1.07,0.333,-2.993,0,0,StopLoss,"ORB5 고가 120,200 돌파 (범위 2.0%, 등락 +4.4%)","손절 (116,700)",4.43,0.75,1,639.7,0.776,1.33,1,5,3,10,0,1.2,False
058470#744-20260305092225,058470,리노공업,ORB,FullAuto,Paper,Backtest,2026-03-05 09:22:25,2026-03-05 09:22:25,2026-03-05 10:58:12,95.8,10,116000,112600,112600,2.931,-36594,-3.155,-1.08,1.466,-2.931,0,0,StopLoss,"ORB5 고가 115,900 돌파 (범위 3.5%, 등락 +8.0%)","손절 (112,600)",8.01,2.24,1,221.4,1.004,2.33,1,22,3,10,0,1.2,False
005930#738-20260305090522,005930,삼성전자,ORB,FullAuto,Paper,Backtest,2026-03-05 09:05:22,2026-03-05 09:05:22,2026-03-05 12:50:22,225,9,195500,189600.0,189700,2.967,-57030,-3.241,-1.09,2.148,-3.018,0,-0.053,StopLoss,"ORB5 고가 195,300 돌파 (범위 2.1%, 등락 +7.7%) · A등급","손절 (189,700)",7.65,0.58,1,712.1,0.784,1.24,1,5,3,10,0,1.2,False
079550#750-20260305151000,079550,LIG디펜스앤에어로스페이스,오버나잇,FullAuto,Paper,Backtest,2026-03-05 15:10:00,2026-03-05 15:10:00,2026-03-06 09:01:00,1071,1,764500,879000,726000,5.036,112497,14.715,2.92,14.977,-0.981,0,0,NextDayOpen,"오버나잇: 등락 +18.3%, 범위 위치 84%",익일 시초 매도,18.34,4.41,0.840,165.7,0.775,0.74,2,370,5,0,0,1.2,True
272210#751-20260305151000,272210,한화시스템,오버나잇,FullAuto,Paper,Backtest,2026-03-05 15:10:00,2026-03-05 15:10:00,2026-03-06 09:01:00,1071,6,150800,163600,143300,4.973,74555,8.240,1.66,8.488,0,0,0,NextDayOpen,"오버나잇: 등락 +23.6%, 범위 위치 100%",익일 시초 매도,23.61,6.94,1,300,0,0.74,1,370,5,0,0,1.2,True
086520#755-20260305151000,086520,에코프로,오버나잇,FullAuto,Paper,Backtest,2026-03-05 15:10:00,2026-03-05 15:10:00,2026-03-06 09:01:00,1071,5,163600,161800,155500,4.951,-10861,-1.328,-0.27,0.244,-1.284,0,0,NextDayOpen,"오버나잇: 등락 +13.5%, 범위 위치 70%",익일 시초 매도,13.46,2.17,0.695,129.1,0.603,1.11,1,370,5,0,0,1.2,True
010950#754-20260305151000,010950,S-Oil,오버나잇,FullAuto,Paper,Backtest,2026-03-05 15:10:00,2026-03-05 15:10:00,2026-03-06 09:01:00,1071,7,131600,141700,125100,4.939,68431,7.428,1.50,7.675,-0.608,0,0,NextDayOpen,"오버나잇: 등락 +11.1%, 범위 위치 92%",익일 시초 매도,11.06,3.89,0.917,224.1,0.625,0.44,1,370,5,0,0,1.2,True
024060#753-20260305151000,024060,흥구석유,오버나잇,FullAuto,Paper,Backtest,2026-03-05 15:10:00,2026-03-05 15:10:00,2026-03-06 09:01:00,1071,28,33500,35450,31850,4.925,52327,5.579,1.13,5.821,-2.985,0,0,NextDayOpen,"오버나잇: 등락 +12.6%, 범위 위치 78%",익일 시초 매도,12.63,5.88,0.778,126.6,1.340,0.68,1,370,5,0,0,1.2,True
005930#748-20260305151000,005930,삼성전자,오버나잇,FullAuto,Paper,Backtest,2026-03-05 15:10:00,2026-03-05 15:10:00,2026-03-06 09:01:00,1071,4,190500,186000,181000,4.987,-19713,-2.587,-0.52,0.997,-2.310,0,-0.054,NextDayOpen,"오버나잇: 등락 +4.9%, 범위 위치 21%",익일 시초 매도,4.90,-1.85,0.207,122.4,0.364,1.55,1,370,5,0,0,1.2,True
000660#749-20260305151000,000660,SK하이닉스,오버나잇,FullAuto,Paper,Backtest,2026-03-05 15:10:00,2026-03-05 15:10:00,2026-03-06 09:01:00,1071,1,944000,911000,897000,4.979,-35099,-3.718,-0.75,1.165,-3.390,0,-0.110,NextDayOpen,"오버나잇: 등락 +4.9%, 범위 위치 26%",익일 시초 매도,4.89,-2.03,0.262,291.5,0.522,1.27,1,370,5,0,0,1.2,True
078600#765-20260306090520,078600,대주전자재료,ORB,FullAuto,Paper,Backtest,2026-03-06 09:05:20,2026-03-06 09:05:20,2026-03-06 09:23:30,18.2,11,106500,117400,103400,2.911,116950,9.983,3.43,10.329,-2.066,0,-0.085,TakeProfit,"ORB5 고가 106,400 돌파 (범위 5.7%, 등락 +5.4%)",목표 익절 +10%,5.45,2.32,1,156.1,2.191,2.31,1,5,3,10,0,1.2,False
032820#756-20260306092425,032820,우리기술,ORB,FullAuto,Paper,Backtest,2026-03-06 09:24:25,2026-03-06 09:24:25,2026-03-06 10:08:20,43.9,68,18010,17460.00,17470,2.998,-40135,-3.277,-1.09,4.109,-3.054,0,-0.057,StopLoss,"ORB5 고가 17,980 돌파 (범위 5.6%, 등락 +8.6%)","손절 (17,470)",8.62,2.98,1,139.2,1.249,8.20,1,24,3,10,0,1.2,False
403870#758-20260306090520,403870,HPSP,ORB,FullAuto,Paper,Backtest,2026-03-06 09:05:20,2026-03-06 09:05:20,2026-03-06 10:18:07,72.8,37,46900,45500.0,45500,2.985,-55679,-3.209,-1.07,3.412,-2.985,0,0.0,StopLoss,"ORB5 고가 46,800 돌파 (범위 3.4%, 등락 +4.3%) · A등급","손절 (45,500)",4.34,1.52,1,278.9,1.812,2.62,1,5,3,10,0,1.2,False
009830#761-20260306090522,009830,한화솔루션,ORB,FullAuto,Paper,Backtest,2026-03-06 09:05:22,2026-03-06 09:05:22,2026-03-06 12:44:27,219.1,39,45200,49700,43850,2.987,171070,9.704,3.25,10.066,-1.925,0,-0.101,TakeProfit,"ORB5 고가 45,132 돌파 (범위 3.9%, 등락 +7.9%) · A등급",목표 익절 +10%,7.93,2.08,1,116.9,2.164,1.26,1,5,3,10,0,1.2,False
272210#771-20260306151000,272210,한화시스템,오버나잇,FullAuto,Paper,Backtest,2026-03-06 15:10:00,2026-03-06 15:10:00,2026-03-09 09:01:00,3951,6,156100,173100,148300,4.997,99628,10.637,2.13,10.890,-0.064,0,0,NextDayOpen,"오버나잇: 등락 +3.5%, 범위 위치 23%",익일 시초 매도,3.51,-3.28,0.233,293.6,0.339,1.09,1,370,5,0,0,1.2,True
034020#774-20260306151000,034020,두산에너빌리티,오버나잇,FullAuto,Paper,Backtest,2026-03-06 15:10:00,2026-03-06 15:10:00,2026-03-09 09:01:00,3951,9,98000,98600,93100,5.00,3361,0.381,0.08,0.612,-0.714,0,0,NextDayOpen,"오버나잇: 등락 +6.3%, 범위 위치 99%",익일 시초 매도,6.29,4.30,0.989,376.1,0.357,0.67,1,370,5,0,0,1.2,True
079550#772-20260306151000,079550,LIG디펜스앤에어로스페이스,오버나잇,FullAuto,Paper,Backtest,2026-03-06 15:10:00,2026-03-06 15:10:00,2026-03-09 09:01:00,3951,1,817000,876000,777000,4.896,56995,6.976,1.42,7.344,-0.122,0,-0.114,NextDayOpen,"오버나잇: 등락 +1.6%, 범위 위치 20%",익일 시초 매도,1.62,-3.86,0.204,627.9,0.332,0.77,1,370,5,0,0,1.2,True
086520#775-20260306151000,086520,에코프로,오버나잇,FullAuto,Paper,Backtest,2026-03-06 15:10:00,2026-03-06 15:10:00,2026-03-09 09:01:00,3951,5,168100,160400,159700,4.997,-40350,-4.801,-0.96,0.595,-4.581,0,0,NextDayOpen,"오버나잇: 등락 +1.6%, 범위 위치 61%",익일 시초 매도,1.57,0.42,0.606,311.4,0.221,0.98,1,370,5,0,0,1.2,True
032820#777-20260306151000,032820,우리기술,오버나잇,FullAuto,Paper,Backtest,2026-03-06 15:10:00,2026-03-06 15:10:00,2026-03-09 09:01:00,3951,54,17145,16600,16290,4.987,-31494,-3.402,-0.68,0.612,-3.120,0,-0.060,NextDayOpen,"오버나잇: 등락 +3.4%, 범위 위치 25%",익일 시초 매도,3.41,-1.95,0.246,276.3,0.242,1.14,2,370,5,0,0,1.2,True
009830#776-20260306151000,009830,한화솔루션,오버나잇,FullAuto,Paper,Backtest,2026-03-06 15:10:00,2026-03-06 15:10:00,2026-03-09 09:01:00,3951,19,49096,47959,46600,5.084,-23700,-2.541,-0.50,0,-2.214,0,-0.104,NextDayOpen,"오버나잇: 등락 +17.1%, 범위 위치 69%",익일 시초 매도,17.12,1.86,0.688,161.5,0.585,0.66,2,370,5,0,0,1.2,True
089030#778-20260306151000,089030,테크윙,오버나잇,FullAuto,Paper,Backtest,2026-03-06 15:10:00,2026-03-06 15:10:00,2026-03-09 09:01:00,3951,13,71800,64900,68300,4.875,-91653,-9.819,-2.01,0,-9.471,0,-0.154,NextDayOpen,"오버나잇: 등락 +8.1%, 범위 위치 87%",익일 시초 매도,8.14,4.83,0.871,242.4,0.513,0.54,1,370,5,0,0,1.2,True
117580#800-20260309151000,117580,대성에너지,오버나잇,FullAuto,Paper,Backtest,2026-03-09 15:10:00,2026-03-09 15:10:00,2026-03-09 15:14:27,4.5,64,15100,14350,14350,4.967,-50117,-5.186,-1.04,0.265,-4.967,0,0,StopLoss,"오버나잇: 등락 +27.2%, 범위 위치 86%","손절 (14,350)",27.21,3.37,0.857,184.2,0.946,0.62,1,370,5,0,0,1.2,True
032820#796-20260309151000,032820,우리기술,오버나잇,FullAuto,Paper,Backtest,2026-03-09 15:10:00,2026-03-09 15:10:00,2026-03-10 09:01:00,1071,56,17300,18500,16440,4.971,64828,6.692,1.35,6.936,-0.173,0,0,NextDayOpen,"오버나잇: 등락 +0.4%, 범위 위치 39%",익일 시초 매도,0.41,-1.90,0.393,348.3,0.223,1.09,1,370,5,0,0,1.2,True
272210#795-20260309151000,272210,한화시스템,오버나잇,FullAuto,Paper,Backtest,2026-03-09 15:10:00,2026-03-09 15:10:00,2026-03-10 09:01:00,1071,6,161900,151400,153900,4.941,-65097,-6.701,-1.36,0.309,-6.424,0,-0.066,NextDayOpen,"오버나잇: 등락 +4.1%, 범위 위치 22%",익일 시초 매도,4.05,-1.60,0.22,229.7,0.172,0.49,1,370,5,0,0,1.2,True
047050#797-20260309151000,047050,포스코인터내셔널,오버나잇,FullAuto,Paper,Backtest,2026-03-09 15:10:00,2026-03-09 15:10:00,2026-03-10 09:01:00,1071,12,75700,72900,72000,4.888,-35616,-3.921,-0.80,1.453,-3.699,0,0,NextDayOpen,"오버나잇: 등락 +4.9%, 범위 위치 34%",익일 시초 매도,4.85,-5.40,0.335,192.0,0.803,0.63,1,370,5,0,0,1.2,True
247540#801-20260309151000,247540,에코프로비엠,오버나잇,FullAuto,Paper,Backtest,2026-03-09 15:10:00,2026-03-09 15:10:00,2026-03-10 09:01:00,1071,4,195777,212117,186000,4.994,63420,8.098,1.62,8.346,-0.050,0,0,NextDayOpen,"오버나잇: 등락 -+0.3%, 범위 위치 53%",익일 시초 매도,-0.30,0.68,0.527,156.5,0.396,0.90,2,370,5,0,0,1.2,True
187660#799-20260309151000,187660,페니트리움바이오,오버나잇,FullAuto,Paper,Backtest,2026-03-09 15:10:00,2026-03-09 15:10:00,2026-03-10 09:01:00,1071,57,16922,18457,16080,4.976,85090,8.822,1.77,9.071,-1.206,0,0,NextDayOpen,"오버나잇: 등락 +12.0%, 범위 위치 66%",익일 시초 매도,12.03,2.64,0.659,137.5,1.681,0.80,2,370,5,0,0,1.2,True
476830#802-20260309151000,476830,알지노믹스,오버나잇,FullAuto,Paper,Backtest,2026-03-09 15:10:00,2026-03-09 15:10:00,2026-03-10 09:01:00,1071,11,84100,88350,79900,4.994,44524,4.813,0.96,5.054,-0.713,0,0,NextDayOpen,"오버나잇: 등락 +3.9%, 범위 위치 59%",익일 시초 매도,3.90,0.38,0.593,223.8,0.540,0.44,1,370,5,0,0,1.2,True
010950#798-20260309151000,010950,S-Oil,오버나잇,FullAuto,Paper,Backtest,2026-03-09 15:10:00,2026-03-09 15:10:00,2026-03-10 09:01:00,1071,7,126900,119000,120600,4.965,-57223,-6.442,-1.30,1.103,-6.225,0,0,NextDayOpen,"오버나잇: 등락 -+1.2%, 범위 위치 17%",익일 시초 매도,-1.17,-3.41,0.169,156.2,0.371,0.60,1,370,5,0,0,1.2,True
017960#803-20260309151432,017960,한국카본,오버나잇,FullAuto,Paper,Backtest,2026-03-09 15:14:32,2026-03-09 15:14:32,2026-03-10 09:01:00,1066.5,21,44650,43950,42450,4.927,-16823,-1.794,-0.36,0,-1.456,0,-0.114,NextDayOpen,"오버나잇: 등락 +8.2%, 범위 위치 79%",익일 시초 매도,8.24,0.78,0.794,245.0,0.664,1.07,1,375,5,0,0,1.2,True
032820#805-20260310090527,032820,우리기술,ORB,FullAuto,Paper,Backtest,2026-03-10 09:05:27,2026-03-10 09:05:27,2026-03-10 09:46:20,40.9,103,18570,20400,18020,2.962,183687,9.603,3.24,10.124,-2.369,0,-0.244,TakeProfit,"ORB5 고가 18,550 돌파 (범위 3.6%, 등락 +7.3%) · A등급",목표 익절 +10%,7.34,1.75,1,124.3,2.064,2.51,1,5,3,10,0,1.2,False
115180#812-20260310090530,115180,큐리언트,ORB,FullAuto,Paper,Backtest,2026-03-10 09:05:30,2026-03-10 09:05:30,2026-03-10 09:51:27,46,25,48700,47200,47250,2.977,-40219,-3.303,-1.11,8.008,-3.080,0,-0.106,StopLoss,"ORB5 고가 48,500 돌파 (범위 5.4%, 등락 +7.2%)","손절 (47,250)",7.15,2.69,1,150.1,3.628,1.77,1,6,3,10,0,1.2,False
034020#804-20260310091830,034020,두산에너빌리티,ORB,FullAuto,Paper,Backtest,2026-03-10 09:18:30,2026-03-10 09:18:30,2026-03-10 15:05:00,346.5,12,102800,102300,99800,2.918,-8824,-0.715,-0.25,2.043,-2.626,0,-0.098,ForceClose,"ORB5 고가 102,600 돌파 (범위 2.7%, 등락 +9.9%)",장마감 강제청산,9.95,1.42,1,298.0,0.757,6.27,1,18,3,10,0,1.2,False
005930#818-20260310151000,005930,삼성전자,오버나잇,FullAuto,Paper,Backtest,2026-03-10 15:10:00,2026-03-10 15:10:00,2026-03-11 09:01:00,1071,5,188100,192900,178700,4.997,21786,2.316,0.46,2.605,-0.053,0,-0.052,NextDayOpen,"오버나잇: 등락 +9.7%, 범위 위치 53%",익일 시초 매도,9.68,0.04,0.528,616.5,0.159,0.78,1,370,5,0,0,1.2,True
000660#819-20260310151000,000660,SK하이닉스,오버나잇,FullAuto,Paper,Backtest,2026-03-10 15:10:00,2026-03-10 15:10:00,2026-03-11 09:01:00,1071,1,940000,954000,893000,5.00,11808,1.256,0.25,1.489,-0.319,0,0,NextDayOpen,"오버나잇: 등락 +13.1%, 범위 위치 80%",익일 시초 매도,13.12,1.39,0.804,540.2,0.334,0.61,1,370,5,0,0,1.2,True
034020#820-20260310151000,034020,두산에너빌리티,오버나잇,FullAuto,Paper,Backtest,2026-03-10 15:10:00,2026-03-10 15:10:00,2026-03-11 09:01:00,1071,9,102400,103800,97300,4.980,10454,1.134,0.23,1.367,-0.098,0,0,NextDayOpen,"오버나잇: 등락 +9.5%, 범위 위치 51%",익일 시초 매도,9.52,-0.25,0.510,361.1,0.181,0.87,1,370,5,0,0,1.2,True
086520#822-20260310151000,086520,에코프로,오버나잇,FullAuto,Paper,Backtest,2026-03-10 15:10:00,2026-03-10 15:10:00,2026-03-11 09:01:00,1071,5,163900,167800,155800,4.942,17575,2.145,0.43,2.441,-0.305,0,-0.060,NextDayOpen,"오버나잇: 등락 +1.7%, 범위 위치 19%",익일 시초 매도,1.68,-2.46,0.190,313.3,0.209,1.12,1,370,5,0,0,1.2,True
006400#824-20260310151000,006400,삼성SDI,오버나잇,FullAuto,Paper,Backtest,2026-03-10 15:10:00,2026-03-10 15:10:00,2026-03-11 09:01:00,1071,2,403000,413000,383000,4.963,18105,2.246,0.45,2.605,-0.124,0,-0.121,NextDayOpen,"오버나잇: 등락 +4.3%, 범위 위치 41%",익일 시초 매도,4.27,-0.19,0.409,1291.5,0.230,1.13,1,370,5,0,0,1.2,True
009150#823-20260310151000,009150,삼성전기,오버나잇,FullAuto,Paper,Backtest,2026-03-10 15:10:00,2026-03-10 15:10:00,2026-03-11 09:01:00,1071,2,399000,414500,379500,4.887,29099,3.646,0.75,4.010,0,0,-0.120,NextDayOpen,"오버나잇: 등락 +6.3%, 범위 위치 46%",익일 시초 매도,6.26,-0.28,0.462,753.9,0.260,0.93,1,370,5,0,0,1.2,True
036930#825-20260310151000,036930,주성엔지니어링,오버나잇,FullAuto,Paper,Backtest,2026-03-10 15:10:00,2026-03-10 15:10:00,2026-03-11 09:01:00,1071,14,69000,70900,65600,4.928,24323,2.518,0.51,2.754,0,0,0,NextDayOpen,"오버나잇: 등락 +15.2%, 범위 위치 49%",익일 시초 매도,15.19,-1.20,0.485,299.9,0.404,1.15,1,370,5,0,0,1.2,True
050890#829-20260311090520,050890,쏠리드,ORB,FullAuto,Paper,Backtest,2026-03-11 09:05:20,2026-03-11 09:05:20,2026-03-11 09:21:27,16.1,131,9720,10700,9430,2.984,125177,9.831,3.29,10.185,0,0,-0.093,TakeProfit,"ORB5 고가 9,700 돌파 (범위 4.8%, 등락 +7.9%)",목표 익절 +10%,7.88,2.00,1,168.3,2.229,3.10,1,5,3,10,0,1.2,False
009830#830-20260311090630,009830,한화솔루션,ORB,FullAuto,Paper,Backtest,2026-03-11 09:06:30,2026-03-11 09:06:30,2026-03-11 14:55:27,349,39,49707,48250,48250,2.931,-61158,-3.155,-1.08,2.601,-2.931,0,0,StopLoss,"ORB5 고가 49,612 돌파 (범위 3.7%, 등락 +4.4%) · A등급","손절 (48,250)",4.36,1.26,1,150.4,1.204,2.12,2,6,3,10,0,1.2,False
042660#835-20260311091727,042660,한화오션,ORB,FullAuto,Paper,Backtest,2026-03-11 09:17:27,2026-03-11 09:17:27,2026-03-11 15:01:22,343.9,9,136300,132300.0,132300,2.935,-38743,-3.158,-1.08,3.595,-2.935,0,0.0,StopLoss,"ORB5 고가 136,000 돌파 (범위 4.3%, 등락 +8.7%)","손절 (132,300)",8.69,1.70,1,254.6,0.917,7.38,1,17,3,10,0,1.2,False
000660#840-20260311151000,000660,SK하이닉스,오버나잇,FullAuto,Paper,Backtest,2026-03-11 15:10:00,2026-03-11 15:10:00,2026-03-12 09:01:00,1071,1,956000,937000,909000,4.916,-21157,-2.213,-0.45,0.732,-1.883,0,-0.107,NextDayOpen,"오버나잇: 등락 +1.8%, 범위 위치 34%",익일 시초 매도,1.81,-0.96,0.341,239.7,0.530,0.73,1,370,5,0,0,1.2,True
006800#841-20260311151000,006800,미래에셋증권,오버나잇,FullAuto,Paper,Backtest,2026-03-11 15:10:00,2026-03-11 15:10:00,2026-03-12 09:01:00,1071,13,70595,71193,67000,5.092,5648,0.615,0.12,1.424,-0.418,0,0,NextDayOpen,"오버나잇: 등락 +8.2%, 범위 위치 48%",익일 시초 매도,8.24,-1.58,0.477,287.3,0.779,0.98,2,370,5,0,0,1.2,True
042660#842-20260311151000,042660,한화오션,오버나잇,FullAuto,Paper,Backtest,2026-03-11 15:10:00,2026-03-11 15:10:00,2026-03-12 09:01:00,1071,7,133700,132200,127100,4.936,-12628,-1.349,-0.27,0.673,-1.047,0,-0.076,NextDayOpen,"오버나잇: 등락 +6.6%, 범위 위치 31%",익일 시초 매도,6.62,-2.45,0.306,251.1,0.540,1.80,1,370,5,0,0,1.2,True
010950#845-20260311151000,010950,S-Oil,오버나잇,FullAuto,Paper,Backtest,2026-03-11 15:10:00,2026-03-11 15:10:00,2026-03-12 09:01:00,1071,8,114900,118800,109200,4.961,29021,3.157,0.64,3.481,-1.131,0,-0.084,NextDayOpen,"오버나잇: 등락 -+2.0%, 범위 위치 48%",익일 시초 매도,-1.96,0.46,0.481,122.2,0.958,0.32,1,370,5,0,0,1.2,True
009830#847-20260311151000,009830,한화솔루션,오버나잇,FullAuto,Paper,Backtest,2026-03-11 15:10:00,2026-03-11 15:10:00,2026-03-12 09:01:00,1071,20,48575,47676,46150,4.992,-20175,-2.077,-0.42,0.387,-1.748,0,-0.105,NextDayOpen,"오버나잇: 등락 +2.0%, 범위 위치 29%",익일 시초 매도,1.98,-1.94,0.287,196.7,0.719,0.45,2,370,5,0,0,1.2,True
015750#846-20260311151000,015750,성우하이텍,오버나잇,FullAuto,Paper,Backtest,2026-03-11 15:10:00,2026-03-11 15:10:00,2026-03-12 09:01:00,1071,93,10580,11830,10060,4.915,113738,11.559,2.35,11.909,-0.189,0,-0.084,NextDayOpen,"오버나잇: 등락 +5.9%, 범위 위치 19%",익일 시초 매도,5.91,-6.19,0.194,197.0,0.810,0.72,1,370,5,0,0,1.2,True
218410#843-20260311151000,218410,RFHIC,오버나잇,FullAuto,Paper,Backtest,2026-03-11 15:10:00,2026-03-11 15:10:00,2026-03-12 09:01:00,1071,11,89300,87600,84900,4.927,-20918,-2.129,-0.43,1.232,-1.904,0,0,NextDayOpen,"오버나잇: 등락 +18.3%, 범위 위치 72%",익일 시초 매도,18.28,2.57,0.724,191.9,1.096,1.09,1,370,5,0,0,1.2,True
006910#844-20260311151000,006910,보성파워텍,오버나잇,FullAuto,Paper,Backtest,2026-03-11 15:10:00,2026-03-11 15:10:00,2026-03-12 09:01:00,1071,84,11650,11470,11070,4.979,-17336,-1.772,-0.36,0.944,-1.459,0,-0.087,NextDayOpen,"오버나잇: 등락 +13.2%, 범위 위치 64%",익일 시초 매도,13.23,-0.36,0.642,178.8,1.098,0.92,1,370,5,0,0,1.2,True
047050#855-20260312090827,047050,포스코인터내셔널,ORB,FullAuto,Paper,Backtest,2026-03-12 09:08:27,2026-03-12 09:08:27,2026-03-12 09:34:30,26,22,81300,78900,78900,2.952,-56799,-3.176,-1.08,1.968,-2.952,0,0,StopLoss,"ORB5 고가 81,200 돌파 (범위 3.8%, 등락 +7.1%) · A등급","손절 (78,900)",7.11,1.59,1,218.6,1.866,2.07,1,8,3,10,0,1.2,False
034020#866-20260312151000,034020,두산에너빌리티,오버나잇,FullAuto,Paper,Backtest,2026-03-12 15:10:00,2026-03-12 15:10:00,2026-03-13 09:01:00,1071,9,102600,100600,97500,4.971,-20083,-2.175,-0.44,0.585,-1.852,0,-0.099,NextDayOpen,"오버나잇: 등락 +1.7%, 범위 위치 46%",익일 시초 매도,1.68,-0.58,0.459,620.0,0.174,1.07,1,370,5,0,0,1.2,True
079550#870-20260312151000,079550,LIG디펜스앤에어로스페이스,오버나잇,FullAuto,Paper,Backtest,2026-03-12 15:10:00,2026-03-12 15:10:00,2026-03-13 09:01:00,1071,1,749000,756000,712000,4.940,5263,0.703,0.14,0.935,-0.401,0,0,NextDayOpen,"오버나잇: 등락 +1.1%, 범위 위치 24%",익일 시초 매도,1.08,-0.47,0.242,522.9,0.210,1.81,1,370,5,0,0,1.2,True
272210#868-20260312151000,272210,한화시스템,오버나잇,FullAuto,Paper,Backtest,2026-03-12 15:10:00,2026-03-12 15:10:00,2026-03-13 09:01:00,1071,6,145900,148600,138700,4.935,14153,1.617,0.33,1.851,-0.069,0,0,NextDayOpen,"오버나잇: 등락 -+0.1%, 범위 위치 24%",익일 시초 매도,-0.07,-1.36,0.244,335.4,0.147,1.35,1,370,5,0,0,1.2,True
010170#865-20260312151000,010170,대한광통신,오버나잇,FullAuto,Paper,Backtest,2026-03-12 15:10:00,2026-03-12 15:10:00,2026-03-13 09:01:00,1071,129,7650,7210,7270,4.967,-58907,-5.969,-1.20,0.654,-5.752,0,0,NextDayOpen,"오버나잇: 등락 +6.8%, 범위 위치 26%",익일 시초 매도,6.84,-5.15,0.265,208.6,0.486,0.66,1,370,5,0,0,1.2,True
322000#864-20260312151000,322000,HD현대에너지솔루션,오버나잇,FullAuto,Paper,Backtest,2026-03-12 15:10:00,2026-03-12 15:10:00,2026-03-13 09:01:00,1071,7,131100,127100,124600,4.958,-30049,-3.274,-0.66,1.220,-2.975,0,-0.079,NextDayOpen,"오버나잇: 등락 +24.9%, 범위 위치 87%",익일 시초 매도,24.86,5.06,0.869,205.3,1.008,0.61,1,370,5,0,0,1.2,True
050890#867-20260312151000,050890,쏠리드,오버나잇,FullAuto,Paper,Backtest,2026-03-12 15:10:00,2026-03-12 15:10:00,2026-03-13 09:01:00,1071,80,12400,12120,11780,5.00,-24632,-2.483,-0.50,0,-2.177,0,-0.082,NextDayOpen,"오버나잇: 등락 +5.8%, 범위 위치 39%",익일 시초 매도,5.81,-0.85,0.386,288.5,0.346,0.40,1,370,5,0,0,1.2,True
0009K0#869-20260312151000,0009K0,에임드바이오,오버나잇,FullAuto,Paper,Backtest,2026-03-12 15:10:00,2026-03-12 15:10:00,2026-03-13 09:01:00,1071,13,71300,68200,67800,4.909,-42344,-4.568,-0.93,0.421,-4.348,0,0,NextDayOpen,"오버나잇: 등락 +8.7%, 범위 위치 94%",익일 시초 매도,8.69,2.94,0.935,379.1,0.471,0.58,1,370,5,0,0,1.2,True
038500#863-20260312151000,038500,삼표시멘트,오버나잇,FullAuto,Paper,Backtest,2026-03-12 15:10:00,2026-03-12 15:10:00,2026-03-13 09:01:00,1071,50,19900,19390,18910,4.975,-27733,-2.787,-0.56,1.759,-2.563,0,0,NextDayOpen,"오버나잇: 등락 +9.7%, 범위 위치 47%",익일 시초 매도,9.70,0.07,0.468,206.4,0.341,0.53,1,370,5,0,0,1.2,True
0007C0#877-20260313090525,0007C0,아크릴,ORB,FullAuto,Paper,Backtest,2026-03-13 09:05:25,2026-03-13 09:05:25,2026-03-13 09:21:27,16,30,41800,46250,40550,2.990,130329,10.393,3.48,10.766,-2.392,0,-0.108,TakeProfit,"ORB5 고가 41,700 돌파 (범위 4.6%, 등락 +8.6%)",목표 익절 +10%,8.57,2.81,1,345.9,1.954,4.43,1,5,3,10,0,1.2,False
475150#874-20260313090620,475150,SK이터닉스,ORB,FullAuto,Paper,Backtest,2026-03-13 09:06:20,2026-03-13 09:06:20,2026-03-13 10:25:15,78.9,31,40450,39250,39250,2.967,-40003,-3.190,-1.08,8.035,-2.967,0,0,StopLoss,"ORB5 고가 40,400 돌파 (범위 3.6%, 등락 +8.3%)","손절 (39,250)",8.30,1.53,1,177.0,2.225,4.08,1,6,3,10,0,1.2,False
034020#882-20260313151000,034020,두산에너빌리티,오버나잇,FullAuto,Paper,Backtest,2026-03-13 15:10:00,2026-03-13 15:10:00,2026-03-16 09:01:00,3951,9,106200,107900,100900,4.991,13070,1.367,0.27,1.695,-0.377,0,-0.093,NextDayOpen,"오버나잇: 등락 +2.6%, 범위 위치 71%",익일 시초 매도,2.61,0.43,0.705,340.8,0.420,1.11,1,370,5,0,0,1.2,True
047040#883-20260313151000,047040,대우건설,오버나잇,FullAuto,Paper,Backtest,2026-03-13 15:10:00,2026-03-13 15:10:00,2026-03-16 09:01:00,3951,81,12280,12700,11670,4.967,31660,3.183,0.64,3.420,-1.466,0,0,NextDayOpen,"오버나잇: 등락 +17.3%, 범위 위치 62%",익일 시초 매도,17.30,-1.47,0.625,205.0,0.463,1.11,1,370,5,0,0,1.2,True
000720#884-20260313151000,000720,현대건설,오버나잇,FullAuto,Paper,Backtest,2026-03-13 15:10:00,2026-03-13 15:10:00,2026-03-16 09:01:00,3951,6,162900,166400,154800,4.972,18709,1.914,0.38,2.149,-0.184,0,0,NextDayOpen,"오버나잇: 등락 +3.9%, 범위 위치 65%",익일 시초 매도,3.89,-0.55,0.645,351.0,0.307,0.87,1,370,5,0,0,1.2,True
052690#888-20260313151000,052690,한전기술,오버나잇,FullAuto,Paper,Backtest,2026-03-13 15:10:00,2026-03-13 15:10:00,2026-03-16 09:01:00,3951,5,176900,183000,168100,4.975,28401,3.211,0.65,3.448,-0.170,0,0,NextDayOpen,"오버나잇: 등락 +6.3%, 범위 위치 69%",익일 시초 매도,6.31,0.47,0.686,235.8,0.194,1.83,1,370,5,0,0,1.2,True
476830#887-20260313151000,476830,알지노믹스,오버나잇,FullAuto,Paper,Backtest,2026-03-13 15:10:00,2026-03-13 15:10:00,2026-03-16 09:01:00,3951,10,96200,98150,91400,4.990,17246,1.793,0.36,2.027,-0.104,0,0,NextDayOpen,"오버나잇: 등락 +6.1%, 범위 위치 64%",익일 시초 매도,6.12,0.63,0.639,241.8,0.319,0.58,1,370,5,0,0,1.2,True
015760#889-20260313151000,015760,한국전력,오버나잇,FullAuto,Paper,Backtest,2026-03-13 15:10:00,2026-03-13 15:10:00,2026-03-16 09:01:00,3951,20,48450,48550,46050,4.954,-232,-0.024,0.00,0.206,-0.310,0,0,NextDayOpen,"오버나잇: 등락 +1.0%, 범위 위치 61%",익일 시초 매도,1.04,-0.52,0.612,443.6,0.273,1.08,1,370,5,0,0,1.2,True
475150#885-20260313151000,475150,SK이터닉스,오버나잇,FullAuto,Paper,Backtest,2026-03-13 15:10:00,2026-03-13 15:10:00,2026-03-16 09:01:00,3951,25,39000,41050,37050,5.00,48899,5.015,1.00,5.385,-0.513,0,-0.122,NextDayOpen,"오버나잇: 등락 +4.4%, 범위 위치 10%",익일 시초 매도,4.42,-4.56,0.096,204.3,0.513,0.90,1,370,5,0,0,1.2,True
005930#900-20260316151000,005930,삼성전자,오버나잇,FullAuto,Paper,Backtest,2026-03-16 15:10:00,2026-03-16 15:10:00,2026-03-17 09:01:00,1071,5,188600,198000,179200,4.984,44731,4.743,0.95,4.984,-0.053,0,0,NextDayOpen,"오버나잇: 등락 +2.5%, 범위 위치 93%",익일 시초 매도,2.50,1.21,0.926,518.3,0.134,0.83,1,370,5,0,0,1.2,True
000660#901-20260316151000,000660,SK하이닉스,오버나잇,FullAuto,Paper,Backtest,2026-03-16 15:10:00,2026-03-16 15:10:00,2026-03-17 09:01:00,1071,1,967000,1009000,919000,4.964,39686,4.104,0.83,4.343,0,0,0,NextDayOpen,"오버나잇: 등락 +5.7%, 범위 위치 90%",익일 시초 매도,5.68,2.36,0.896,473.9,0.236,0.62,1,370,5,0,0,1.2,True
009150#905-20260316151000,009150,삼성전기,오버나잇,FullAuto,Paper,Backtest,2026-03-16 15:10:00,2026-03-16 15:10:00,2026-03-17 09:01:00,1071,2,413250,428500,392500,5.021,28535,3.453,0.69,3.690,-0.181,0,0,NextDayOpen,"오버나잇: 등락 +2.7%, 범위 위치 52%",익일 시초 매도,2.67,-0.13,0.522,780.3,0.225,0.30,2,370,5,0,0,1.2,True
006800#904-20260316151000,006800,미래에셋증권,오버나잇,FullAuto,Paper,Backtest,2026-03-16 15:10:00,2026-03-16 15:10:00,2026-03-17 09:01:00,1071,13,70900,72600,67400,4.937,19934,2.163,0.44,2.398,-0.141,0,0,NextDayOpen,"오버나잇: 등락 +2.8%, 범위 위치 45%",익일 시초 매도,2.75,-0.05,0.447,750.7,0.282,0.63,1,370,5,0,0,1.2,True
047810#906-20260316151000,047810,한국항공우주,오버나잇,FullAuto,Paper,Backtest,2026-03-16 15:10:00,2026-03-16 15:10:00,2026-03-17 09:01:00,1071,5,191800,199600,182300,4.953,36712,3.828,0.77,4.067,-0.313,0,0,NextDayOpen,"오버나잇: 등락 +6.0%, 범위 위치 45%",익일 시초 매도,5.97,-0.33,0.449,307.1,0.145,0.73,1,370,5,0,0,1.2,True
079550#902-20260316151000,079550,LIG디펜스앤에어로스페이스,오버나잇,FullAuto,Paper,Backtest,2026-03-16 15:10:00,2026-03-16 15:10:00,2026-03-17 09:01:00,1071,1,731000,725000,695000,4.925,-7667,-1.049,-0.21,0.274,-0.821,0,0,NextDayOpen,"오버나잇: 등락 +2.5%, 범위 위치 34%",익일 시초 매도,2.53,-2.14,0.338,338.3,0.333,0.99,1,370,5,0,0,1.2,True
006910#903-20260316151000,006910,보성파워텍,오버나잇,FullAuto,Paper,Backtest,2026-03-16 15:10:00,2026-03-16 15:10:00,2026-03-17 09:01:00,1071,81,12100,12360,11500,4.959,18761,1.914,0.39,2.231,-0.413,0,-0.081,NextDayOpen,"오버나잇: 등락 +4.0%, 범위 위치 18%",익일 시초 매도,4.04,-5.63,0.182,307.1,0.230,0.83,1,370,5,0,0,1.2,True
047040#913-20260317091330,047040,대우건설,ORB,FullAuto,Paper,Backtest,2026-03-17 09:13:30,2026-03-17 09:13:30,2026-03-17 09:56:25,42.9,105,12600,12230.00,12230,2.937,-41808,-3.160,-1.08,2.460,-2.937,0,0.000,StopLoss,"ORB5 고가 12,580 돌파 (범위 4.6%, 등락 +5.2%)","손절 (12,230)",5.18,1.90,1,156.8,1.400,2.42,1,14,3,10,0,1.2,False
009830#916-20260317090522,009830,한화솔루션,ORB,FullAuto,Paper,Backtest,2026-03-17 09:05:22,2026-03-17 09:05:22,2026-03-17 15:05:00,359.6,42,45550,47042,44200,2.964,58131,3.039,1.03,8.296,-1.333,0,0,ForceClose,"ORB5 고가 45,462 돌파 (범위 3.9%, 등락 +4.9%) · A등급",장마감 강제청산,4.87,1.77,1,800.1,1.483,1.21,1,5,3,10,0,1.2,False
006910#915-20260317092125,006910,보성파워텍,ORB,FullAuto,Paper,Backtest,2026-03-17 09:21:25,2026-03-17 09:21:25,2026-03-17 15:05:00,343.6,102,12720,12610,12340,2.987,-14178,-1.093,-0.37,7.311,-2.437,0,-0.079,ForceClose,"ORB5 고가 12,680 돌파 (범위 2.7%, 등락 +5.2%)",장마감 강제청산,5.21,2.21,1,178.9,1.044,7.64,1,21,3,10,0,1.2,False
005930#919-20260317151000,005930,삼성전자,오버나잇,FullAuto,Paper,Backtest,2026-03-17 15:10:00,2026-03-17 15:10:00,2026-03-18 09:01:00,1071,5,194200,200500,184500,4.995,29200,3.007,0.60,3.244,-0.515,0,0,NextDayOpen,"오버나잇: 등락 +1.6%, 범위 위치 20%",익일 시초 매도,1.62,-1.13,0.204,169.0,0.252,0.69,1,370,5,0,0,1.2,True
009150#922-20260317151000,009150,삼성전기,오버나잇,FullAuto,Paper,Backtest,2026-03-17 15:10:00,2026-03-17 15:10:00,2026-03-18 09:01:00,1071,2,445500,462500,423500,4.938,31879,3.578,0.72,3.816,-0.561,0,0,NextDayOpen,"오버나잇: 등락 +7.1%, 범위 위치 73%",익일 시초 매도,7.10,1.60,0.730,275.9,0.522,0.94,1,370,5,0,0,1.2,True
090710#923-20260317151000,090710,휴림로봇,오버나잇,FullAuto,Paper,Backtest,2026-03-17 15:10:00,2026-03-17 15:10:00,2026-03-18 09:01:00,1071,74,13400,13800,12730,5.00,27257,2.749,0.55,2.985,-0.522,0,0,NextDayOpen,"오버나잇: 등락 +12.0%, 범위 위치 55%",익일 시초 매도,12.04,-1.48,0.547,221.3,0.432,0.71,1,370,5,0,0,1.2,True
272210#925-20260317151000,272210,한화시스템,오버나잇,FullAuto,Paper,Backtest,2026-03-17 15:10:00,2026-03-17 15:10:00,2026-03-18 09:01:00,1071,7,139300,138900,132400,4.953,-5035,-0.516,-0.10,0.144,-0.287,0,-0.072,NextDayOpen,"오버나잇: 등락 -+0.1%, 범위 위치 51%",익일 시초 매도,-0.14,0.00,0.515,401.6,0.154,0.77,1,370,5,0,0,1.2,True
322000#921-20260317151000,322000,HD현대에너지솔루션,오버나잇,FullAuto,Paper,Backtest,2026-03-17 15:10:00,2026-03-17 15:10:00,2026-03-18 09:01:00,1071,7,127800,129000,121500,4.930,6325,0.707,0.14,0.939,-1.487,0,0,NextDayOpen,"오버나잇: 등락 +7.0%, 범위 위치 27%",익일 시초 매도,6.95,-6.89,0.274,203.6,0.397,0.27,1,370,5,0,0,1.2,True
009830#924-20260317151000,009830,한화솔루션,오버나잇,FullAuto,Paper,Backtest,2026-03-17 15:10:00,2026-03-17 15:10:00,2026-03-18 09:01:00,1071,21,47021,48009,44650,5.042,18433,1.867,0.37,2.101,-1.108,0,0,NextDayOpen,"오버나잇: 등락 +8.1%, 범위 위치 58%",익일 시초 매도,8.14,-1.05,0.576,190.0,0.366,0.76,2,370,5,0,0,1.2,True
003280#920-20260317151000,003280,흥아해운,오버나잇,FullAuto,Paper,Backtest,2026-03-17 15:10:00,2026-03-17 15:10:00,2026-03-18 09:01:00,1071,282,3535,3360,3360,4.950,-51536,-5.170,-1.04,1.273,-4.809,0,-0.149,NextDayOpen,"오버나잇: 등락 +16.5%, 범위 위치 70%",익일 시초 매도,16.47,4.09,0.703,219.6,1.728,0.53,1,370,5,0,0,1.2,True
027360#926-20260317151000,027360,아주IB투자,오버나잇,FullAuto,Paper,Backtest,2026-03-17 15:10:00,2026-03-17 15:10:00,2026-03-18 09:01:00,1071,133,7500,7620,7130,4.933,13633,1.367,0.28,1.600,-1.333,0,0,NextDayOpen,"오버나잇: 등락 +18.3%, 범위 위치 74%",익일 시초 매도,18.33,0.85,0.745,186.9,0.629,1.13,1,370,5,0,0,1.2,True
445680#934-20260318090622,445680,큐리옥스바이오시스템즈,ORB,FullAuto,Paper,Backtest,2026-03-18 09:06:22,2026-03-18 09:06:22,2026-03-18 09:24:12,17.8,10,126200,121900,122500,2.932,-45809,-3.630,-1.24,4.200,-3.407,0,-0.490,StopLoss,"ORB5 고가 125,700 돌파 (범위 4.5%, 등락 +9.2%)","손절 (122,500)",9.17,1.94,1,199.9,2.754,4.93,1,6,3,10,0,1.2,False
047040#933-20260318090522,047040,대우건설,ORB,FullAuto,Paper,Backtest,2026-03-18 09:05:22,2026-03-18 09:05:22,2026-03-18 09:40:30,35.1,103,12920,14240,12540,2.941,132608,9.965,3.39,10.294,-2.399,0,-0.070,TakeProfit,"ORB5 고가 12,870 돌파 (범위 4.5%, 등락 +6.7%)",목표 익절 +10%,6.69,1.88,1,350.0,1.883,2.89,1,5,3,10,0,1.2,False
001510#935-20260318090727,001510,SK증권,ORB,FullAuto,Paper,Backtest,2026-03-18 09:07:27,2026-03-18 09:07:27,2026-03-18 10:05:15,57.8,550,3610,3969,3505,2.909,192461,9.693,3.33,10.083,-0.997,0,-0.126,TakeProfit,"ORB5 고가 3,604 돌파 (범위 2.5%, 등락 +4.2%) · A등급",목표 익절 +10%,4.21,1.35,1,266.7,1.252,2.78,1,7,3,10,0,1.2,False
403870#927-20260318090527,403870,HPSP,ORB,FullAuto,Paper,Backtest,2026-03-18 09:05:27,2026-03-18 09:05:27,2026-03-18 15:05:00,359.5,40,46750,49850,45350,2.995,119433,6.387,2.13,9.947,0,0,-0.100,ForceClose,"ORB5 고가 46,650 돌파 (범위 3.7%, 등락 +6.1%) · A등급",장마감 강제청산,6.13,1.49,1,459.9,1.105,2.07,1,5,3,10,0,1.2,False
007660#932-20260318090630,007660,이수페타시스,ORB,FullAuto,Paper,Backtest,2026-03-18 09:06:30,2026-03-18 09:06:30,2026-03-18 15:05:00,358.5,15,121600,125100,118000,2.961,48193,2.642,0.89,3.372,-1.562,0,0,ForceClose,"ORB5 고가 121,500 돌파 (범위 3.3%, 등락 +5.7%) · A등급",장마감 강제청산,5.74,1.46,1,223.6,1.192,1.26,1,6,3,10,0,1.2,False
353200#929-20260318091022,353200,대덕전자,ORB,FullAuto,Paper,Backtest,2026-03-18 09:10:22,2026-03-18 09:10:22,2026-03-18 15:05:00,354.6,18,72800,74500,70700,2.885,27521,2.100,0.73,3.846,-2.198,0,0,ForceClose,"ORB5 고가 72,500 돌파 (범위 5.7%, 등락 +8.3%)",장마감 강제청산,8.33,2.16,1,324.7,1.837,5.07,1,10,3,10,0,1.2,False
322000#937-20260318092422,322000,HD현대에너지솔루션,ORB,FullAuto,Paper,Backtest,2026-03-18 09:24:22,2026-03-18 09:24:22,2026-03-18 15:05:00,340.6,10,131300,132700,127400,2.970,10951,0.834,0.28,4.417,-2.056,0,-0.075,ForceClose,"ORB5 고가 131,000 돌파 (범위 2.2%, 등락 +4.2%)",장마감 강제청산,4.21,2.04,1,147.2,0.702,10.21,1,24,3,10,0,1.2,False
047040#940-20260318151000,047040,대우건설,오버나잇,FullAuto,Paper,Backtest,2026-03-18 15:10:00,2026-03-18 15:10:00,2026-03-19 09:01:00,1071,67,14850,14550,14110,4.983,-22344,-2.246,-0.45,0,-1.953,0,-0.069,NextDayOpen,"오버나잇: 등락 +22.5%, 범위 위치 83%",익일 시초 매도,22.54,3.37,0.832,371.8,0.361,0.46,1,370,5,0,0,1.2,True
034020#941-20260318151000,034020,두산에너빌리티,오버나잇,FullAuto,Paper,Backtest,2026-03-18 15:10:00,2026-03-18 15:10:00,2026-03-19 09:01:00,1071,9,107100,105000,101800,4.949,-21075,-2.186,-0.44,0.187,-1.867,0,-0.095,NextDayOpen,"오버나잇: 등락 +2.1%, 범위 위치 35%",익일 시초 매도,2.10,-0.33,0.348,2754.2,0.123,0.47,1,370,5,0,0,1.2,True
009150#944-20260318151000,009150,삼성전기,오버나잇,FullAuto,Paper,Backtest,2026-03-18 15:10:00,2026-03-18 15:10:00,2026-03-19 09:01:00,1071,2,464000,447500,441000,4.957,-35063,-3.778,-0.76,0.108,-3.448,0,-0.112,NextDayOpen,"오버나잇: 등락 +0.2%, 범위 위치 93%",익일 시초 매도,0.22,1.72,0.933,587.4,0.208,1.25,1,370,5,0,0,1.2,True
007660#946-20260318151000,007660,이수페타시스,오버나잇,FullAuto,Paper,Backtest,2026-03-18 15:10:00,2026-03-18 15:10:00,2026-03-19 09:01:00,1071,8,125100,120200,118900,4.956,-41417,-4.138,-0.84,0,-3.837,0,-0.083,NextDayOpen,"오버나잇: 등락 +8.7%, 범위 위치 91%",익일 시초 매도,8.70,1.72,0.914,420.7,0.166,0.99,1,370,5,0,0,1.2,True
403870#942-20260318151000,403870,HPSP,오버나잇,FullAuto,Paper,Backtest,2026-03-18 15:10:00,2026-03-18 15:10:00,2026-03-19 09:01:00,1071,20,49850,48250,47400,4.915,-34223,-3.433,-0.70,0.702,-3.109,0,-0.104,NextDayOpen,"오버나잇: 등락 +13.2%, 범위 위치 76%",익일 시초 매도,13.17,0.93,0.758,321.5,0.222,0.65,1,370,5,0,0,1.2,True
476830#945-20260318151000,476830,알지노믹스,오버나잇,FullAuto,Paper,Backtest,2026-03-18 15:10:00,2026-03-18 15:10:00,2026-03-19 09:01:00,1071,10,97250,96500,92400,4.987,-9719,-0.999,-0.20,0.771,-0.668,0,-0.104,NextDayOpen,"오버나잇: 등락 +4.2%, 범위 위치 49%",익일 시초 매도,4.23,-1.41,0.485,299.7,0.338,1.13,2,370,5,0,0,1.2,True
090710#943-20260318151000,090710,휴림로봇,오버나잇,FullAuto,Paper,Backtest,2026-03-18 15:10:00,2026-03-18 15:10:00,2026-03-19 09:01:00,1071,68,14810,14580,14070,4.997,-17921,-1.780,-0.36,0.473,-1.485,0,-0.069,NextDayOpen,"오버나잇: 등락 +10.1%, 범위 위치 74%",익일 시초 매도,10.12,0.27,0.742,260.2,0.256,1.53,1,370,5,0,0,1.2,True
047040#947-20260319151000,047040,대우건설,오버나잇,FullAuto,Paper,Backtest,2026-03-19 15:10:00,2026-03-19 15:10:00,2026-03-20 09:01:00,1071,65,16120,16850,15320,4.963,44939,4.289,0.86,4.591,-0.496,0,-0.059,NextDayOpen,"오버나잇: 등락 +8.3%, 범위 위치 59%",익일 시초 매도,8.34,0.50,0.594,175.6,0.270,0.31,1,370,5,0,0,1.2,True
001510#948-20260319151000,001510,SK증권,오버나잇,FullAuto,Paper,Backtest,2026-03-19 15:10:00,2026-03-19 15:10:00,2026-03-20 09:01:00,1071,245,4305,4475,4090,4.994,39136,3.711,0.74,3.949,0,0,0,NextDayOpen,"오버나잇: 등락 +14.4%, 범위 위치 70%",익일 시초 매도,14.37,0.29,0.705,221.8,0.514,0.52,1,370,5,0,0,1.2,True
000250#951-20260319151000,000250,삼천당제약,오버나잇,FullAuto,Paper,Backtest,2026-03-19 15:10:00,2026-03-19 15:10:00,2026-03-20 09:01:00,1071,1,797000,805000,758000,4.893,6151,0.772,0.16,1.004,-0.251,0,0,NextDayOpen,"오버나잇: 등락 +1.8%, 범위 위치 42%",익일 시초 매도,1.79,-1.54,0.422,445.7,0.246,0.34,1,370,5,0,0,1.2,True
009150#949-20260319151000,009150,삼성전기,오버나잇,FullAuto,Paper,Backtest,2026-03-19 15:10:00,2026-03-19 15:10:00,2026-03-20 09:01:00,1071,2,481000,487500,457000,4.990,10760,1.119,0.22,1.351,-0.416,0,0,NextDayOpen,"오버나잇: 등락 +3.8%, 범위 위치 88%",익일 시초 매도,3.78,1.80,0.877,546.4,0.208,0.88,1,370,5,0,0,1.2,True
079550#952-20260319151000,079550,LIG디펜스앤에어로스페이스,오버나잇,FullAuto,Paper,Backtest,2026-03-19 15:10:00,2026-03-19 15:10:00,2026-03-20 09:01:00,1071,1,704000,683000,669000,4.972,-22573,-3.206,-0.64,0,-2.841,0,-0.146,NextDayOpen,"오버나잇: 등락 +1.6%, 범위 위치 56%",익일 시초 매도,1.59,1.01,0.561,1250.8,0.193,1.65,1,370,5,0,0,1.2,True
007660#950-20260319151000,007660,이수페타시스,오버나잇,FullAuto,Paper,Backtest,2026-03-19 15:10:00,2026-03-19 15:10:00,2026-03-20 09:01:00,1071,8,129500,131200,123100,4.942,11189,1.080,0.22,1.313,-0.154,0,0,NextDayOpen,"오버나잇: 등락 +2.9%, 범위 위치 76%",익일 시초 매도,2.86,0.43,0.764,429.1,0.201,0.56,1,370,5,0,0,1.2,True
322000#954-20260319151000,322000,HD현대에너지솔루션,오버나잇,FullAuto,Paper,Backtest,2026-03-19 15:10:00,2026-03-19 15:10:00,2026-03-20 09:01:00,1071,7,137200,141000,130400,4.956,24334,2.534,0.51,2.843,-0.364,0,-0.071,NextDayOpen,"오버나잇: 등락 +4.1%, 범위 위치 51%",익일 시초 매도,4.10,-0.81,0.507,241.9,0.302,0.83,1,370,5,0,0,1.2,True
476830#953-20260319151000,476830,알지노믹스,오버나잇,FullAuto,Paper,Backtest,2026-03-19 15:10:00,2026-03-19 15:10:00,2026-03-20 09:01:00,1071,9,106000,105000,100700,5.00,-11174,-1.171,-0.23,1.415,-0.943,0,0,NextDayOpen,"오버나잇: 등락 +7.2%, 범위 위치 65%",익일 시초 매도,7.23,1.35,0.651,233.0,0.748,0.66,1,370,5,0,0,1.2,True
353200#959-20260320091330,353200,대덕전자,ORB,FullAuto,Paper,Backtest,2026-03-20 09:13:30,2026-03-20 09:13:30,2026-03-20 09:20:30,7,16,84800,82300,82300,2.948,-43033,-3.172,-1.08,0.236,-2.948,0,0,StopLoss,"ORB5 고가 84,600 돌파 (범위 5.6%, 등락 +9.7%)","손절 (82,300)",9.70,2.44,1,246.9,1.244,2.39,1,14,3,10,0,1.2,False
046120#961-20260320090527,046120,오르비텍,ORB,FullAuto,Paper,Backtest,2026-03-20 09:05:27,2026-03-20 09:05:27,2026-03-20 09:39:27,34,115,11900,13090,11550,2.941,133410,9.749,3.31,10.084,-2.521,0,-0.076,TakeProfit,"ORB5 고가 11,870 돌파 (범위 4.8%, 등락 +8.4%)",목표 익절 +10%,8.38,2.24,1,193.5,1.681,1.57,1,5,3,10,0,1.2,False
047040#956-20260320090820,047040,대우건설,ORB,FullAuto,Paper,Backtest,2026-03-20 09:08:20,2026-03-20 09:08:20,2026-03-20 11:14:30,126.2,78,17510,19280,16990,2.970,134624,9.857,3.32,10.166,-2.056,0,-0.052,TakeProfit,"ORB5 고가 17,430 돌파 (범위 3.5%, 등락 +8.3%)",목표 익절 +10%,8.29,2.08,1,162.1,1.618,3.07,1,8,3,10,0,1.2,False
005930#965-20260320151000,005930,삼성전자,오버나잇,FullAuto,Paper,Backtest,2026-03-20 15:10:00,2026-03-20 15:10:00,2026-03-23 09:01:00,3951,5,200000,190400,190400,4.800,-50196,-5.020,-1.05,0.500,-4.750,0,-0.052,NextDayOpen,"오버나잇: 등락 +0.7%, 범위 위치 29%",익일 시초 매도,0.65,-0.22,0.286,669.1,0.229,1.24,5,370,5,0,0,1.2,True
000660#966-20260320151000,000660,SK하이닉스,오버나잇,FullAuto,Paper,Backtest,2026-03-20 15:10:00,2026-03-20 15:10:00,2026-03-23 09:01:00,3951,1,1016000,951000,966000,4.921,-67196,-6.614,-1.34,0,-6.299,0,-0.105,NextDayOpen,"오버나잇: 등락 +1.4%, 범위 위치 52%",익일 시초 매도,1.40,0.15,0.52,486.7,0.190,0.42,1,370,5,0,0,1.2,True
047040#967-20260320151000,047040,대우건설,오버나잇,FullAuto,Paper,Backtest,2026-03-20 15:10:00,2026-03-20 15:10:00,2026-03-23 09:01:00,3951,55,18930,19730,17990,4.966,41512,3.987,0.80,4.226,-0.158,0,0,NextDayOpen,"오버나잇: 등락 +17.1%, 범위 위치 81%",익일 시초 매도,17.07,2.75,0.807,189.5,0.430,0.58,1,370,5,0,0,1.2,True
000250#969-20260320151000,000250,삼천당제약,오버나잇,FullAuto,Paper,Backtest,2026-03-20 15:10:00,2026-03-20 15:10:00,2026-03-23 09:01:00,3951,1,908000,930000,863000,4.956,19865,2.188,0.44,2.423,-0.441,0,0,NextDayOpen,"오버나잇: 등락 +16.1%, 범위 위치 74%",익일 시초 매도,16.11,2.18,0.737,326.9,0.307,0.57,1,370,5,0,0,1.2,True
009830#970-20260320151000,009830,한화솔루션,오버나잇,FullAuto,Paper,Backtest,2026-03-20 15:10:00,2026-03-20 15:10:00,2026-03-23 09:01:00,3951,21,49329,49990,46850,5.025,11470,1.107,0.22,1.340,-1.985,0,0,NextDayOpen,"오버나잇: 등락 +5.1%, 범위 위치 12%",익일 시초 매도,5.13,-3.65,0.118,194.4,0.350,0.38,2,370,5,0,0,1.2,True
036930#971-20260320151000,036930,주성엔지니어링,오버나잇,FullAuto,Paper,Backtest,2026-03-20 15:10:00,2026-03-20 15:10:00,2026-03-23 09:01:00,3951,14,72800,71400,69200,4.945,-21900,-2.149,-0.43,0,-1.786,0,-0.140,NextDayOpen,"오버나잇: 등락 +19.2%, 범위 위치 49%",익일 시초 매도,19.18,-1.15,0.487,234.6,0.550,1.34,1,370,5,0,0,1.2,True
034020#968-20260320151000,034020,두산에너빌리티,오버나잇,FullAuto,Paper,Backtest,2026-03-20 15:10:00,2026-03-20 15:10:00,2026-03-23 09:01:00,3951,9,109200,107100,103800,4.945,-21118,-2.149,-0.43,0.366,-1.923,0,0,NextDayOpen,"오버나잇: 등락 +3.3%, 범위 위치 55%",익일 시초 매도,3.31,-0.36,0.554,446.4,0.150,0.83,1,370,5,0,0,1.2,True
050890#972-20260320151000,050890,쏠리드,오버나잇,FullAuto,Paper,Backtest,2026-03-20 15:10:00,2026-03-20 15:10:00,2026-03-23 09:01:00,3951,79,13190,12560,12540,4.928,-52058,-4.996,-1.01,0.682,-4.701,0,-0.080,NextDayOpen,"오버나잇: 등락 +2.2%, 범위 위치 27%",익일 시초 매도,2.25,-3.04,0.266,308.2,0.255,0.96,1,370,5,0,0,1.2,True
322000#975-20260323092125,322000,HD현대에너지솔루션,ORB,FullAuto,Paper,Backtest,2026-03-23 09:21:25,2026-03-23 09:21:25,2026-03-23 09:29:15,7.8,9,141100,136900,136900,2.977,-40638,-3.200,-1.08,3.047,-2.977,0,0,StopLoss,"ORB5 고가 140,500 돌파 (범위 4.5%, 등락 +7.7%)","손절 (136,900)",7.71,2.70,1,190.3,1.261,9.84,1,21,3,10,0,1.2,False
000250#987-20260323151000,000250,삼천당제약,오버나잇,FullAuto,Paper,Backtest,2026-03-23 15:10:00,2026-03-23 15:10:00,2026-03-24 09:01:00,1071,1,937000,990000,891000,4.909,50732,5.414,1.10,5.656,-0.747,0,0,NextDayOpen,"오버나잇: 등락 +4.0%, 범위 위치 37%",익일 시초 매도,4.00,-0.94,0.371,314.4,0.366,0.55,1,370,5,0,0,1.2,True
263750#988-20260323151000,263750,펄어비스,오버나잇,FullAuto,Paper,Backtest,2026-03-23 15:10:00,2026-03-23 15:10:00,2026-03-24 09:01:00,1071,25,42100,42400,40000,4.988,5064,0.481,0.10,0.831,-1.425,0,-0.118,NextDayOpen,"오버나잇: 등락 +2.4%, 범위 위치 43%",익일 시초 매도,2.43,-0.69,0.433,306.9,0.331,0.49,1,370,5,0,0,1.2,True
046120#989-20260323151000,046120,오르비텍,오버나잇,FullAuto,Paper,Backtest,2026-03-23 15:10:00,2026-03-23 15:10:00,2026-03-24 09:01:00,1071,76,13965,14600,13270,4.977,45716,4.307,0.87,4.619,-0.465,0,-0.068,NextDayOpen,"오버나잇: 등락 +1.9%, 범위 위치 44%",익일 시초 매도,1.86,-5.09,0.436,188.9,0.453,1.89,2,370,5,0,0,1.2,True
322000#990-20260323151000,322000,HD현대에너지솔루션,오버나잇,FullAuto,Paper,Backtest,2026-03-23 15:10:00,2026-03-23 15:10:00,2026-03-24 09:01:00,1071,7,135800,138200,129100,4.934,14579,1.534,0.31,1.841,-0.515,0,-0.072,NextDayOpen,"오버나잇: 등락 +3.7%, 범위 위치 26%",익일 시초 매도,3.66,-1.99,0.256,307.7,0.310,0.91,1,370,5,0,0,1.2,True
028050#991-20260323151000,028050,삼성E&A,오버나잇,FullAuto,Paper,Backtest,2026-03-23 15:10:00,2026-03-23 15:10:00,2026-03-24 09:01:00,1071,30,35375,38000,33600,5.018,76140,7.175,1.43,7.420,-0.071,0,0,NextDayOpen,"오버나잇: 등락 +0.2%, 범위 위치 5%",익일 시초 매도,0.21,-4.54,0.049,534.9,0.313,1.94,2,370,5,0,0,1.2,True
090710#992-20260323151000,090710,휴림로봇,오버나잇,FullAuto,Paper,Backtest,2026-03-23 15:10:00,2026-03-23 15:10:00,2026-03-24 09:01:00,1071,74,14370,15300,13660,4.941,66228,6.228,1.26,6.472,-0.557,0,0,NextDayOpen,"오버나잇: 등락 +2.5%, 범위 위치 70%",익일 시초 매도,2.50,1.49,0.703,250.0,0.338,0.35,1,370,5,0,0,1.2,True
131970#993-20260323151000,131970,두산테스나,오버나잇,FullAuto,Paper,Backtest,2026-03-23 15:10:00,2026-03-23 15:10:00,2026-03-24 09:01:00,1071,10,102900,110600,97800,4.956,74469,7.237,1.46,7.483,-0.486,0,0,NextDayOpen,"오버나잇: 등락 +3.0%, 범위 위치 27%",익일 시초 매도,3.00,-3.60,0.266,262.9,0.604,0.70,1,370,5,0,0,1.2,True
003280#986-20260323151000,003280,흥아해운,오버나잇,FullAuto,Paper,Backtest,2026-03-23 15:10:00,2026-03-23 15:10:00,2026-03-24 09:03:00,1073,292,3635,3095,3455,4.952,-159781,-15.054,-3.04,1.238,-14.718,0,-0.161,NextDayOpen,"오버나잇: 등락 +19.8%, 범위 위치 65%",익일 시초 매도,19.80,-0.33,0.650,246.2,0.693,0.72,1,370,5,0,0,1.2,True
036930#998-20260324090722,036930,주성엔지니어링,ORB,FullAuto,Paper,Backtest,2026-03-24 09:07:22,2026-03-24 09:07:22,2026-03-24 09:24:30,17.1,25,77100,84800,74800,2.983,187653,9.736,3.26,10.117,0,0,-0.118,TakeProfit,"ORB5 고가 77,000 돌파 (범위 3.5%, 등락 +7.8%) · A등급",목표 익절 +10%,7.83,1.54,1,231.6,1.634,3.14,1,7,3,10,0,1.2,False
001510#1003-20260324091527,001510,SK증권,ORB,FullAuto,Paper,Backtest,2026-03-24 09:15:27,2026-03-24 09:15:27,2026-03-24 09:45:32,30.1,263,5150,5000,5000,2.913,-42480,-3.136,-1.08,3.107,-2.913,0,0,StopLoss,"ORB5 고가 5,146 돌파 (범위 3.6%, 등락 +8.3%)","손절 (5,000)",8.31,2.49,1,220.1,1.633,3.49,1,15,3,10,0,1.2,False
050890#999-20260324090505,050890,쏠리드,ORB,FullAuto,Paper,Backtest,2026-03-24 09:05:05,2026-03-24 09:05:05,2026-03-24 10:55:25,110.3,157,13160,12760.00,12770,2.964,-67415,-3.263,-1.10,2.964,-3.040,0,-0.078,StopLoss,"ORB5 고가 13,150 돌파 (범위 3.1%, 등락 +6.4%) · A등급","손절 (12,770)",6.39,1.67,1,209.4,1.976,0.80,1,5,3,10,0,1.2,False
005930#1007-20260324151000,005930,삼성전자,오버나잇,FullAuto,Paper,Backtest,2026-03-24 15:10:00,2026-03-24 15:10:00,2026-03-25 09:01:00,1071,5,190100,193700,180600,4.997,15776,1.660,0.33,1.894,-0.158,0,0,NextDayOpen,"오버나잇: 등락 +2.6%, 범위 위치 44%",익일 시초 매도,2.59,0.08,0.438,395.6,0.188,0.83,1,370,5,0,0,1.2,True
000660#1008-20260324151000,000660,SK하이닉스,오버나잇,FullAuto,Paper,Backtest,2026-03-24 15:10:00,2026-03-24 15:10:00,2026-03-25 09:01:00,1071,1,988000,1016000,939000,4.960,25668,2.598,0.52,2.834,-0.202,0,0,NextDayOpen,"오버나잇: 등락 +5.9%, 범위 위치 89%",익일 시초 매도,5.89,1.66,0.893,612.7,0.224,1.06,1,370,5,0,0,1.2,True
005380#1010-20260324151000,005380,현대차,오버나잇,FullAuto,Paper,Backtest,2026-03-24 15:10:00,2026-03-24 15:10:00,2026-03-25 09:01:00,1071,2,494000,508000,469500,4.960,25668,2.598,0.52,3.036,-0.101,0,-0.196,NextDayOpen,"오버나잇: 등락 +2.3%, 범위 위치 40%",익일 시초 매도,2.28,0.03,0.4,722.6,0.152,2.02,1,370,5,0,0,1.2,True
034020#1009-20260324151000,034020,두산에너빌리티,오버나잇,FullAuto,Paper,Backtest,2026-03-24 15:10:00,2026-03-24 15:10:00,2026-03-25 09:01:00,1071,10,100300,102400,95300,4.985,18649,1.859,0.37,2.094,-0.199,0,0,NextDayOpen,"오버나잇: 등락 +1.3%, 범위 위치 32%",익일 시초 매도,1.31,-0.14,0.323,716.8,0.185,0.83,1,370,5,0,0,1.2,True
086520#1014-20260324151000,086520,에코프로,오버나잇,FullAuto,Paper,Backtest,2026-03-24 15:10:00,2026-03-24 15:10:00,2026-03-25 09:01:00,1071,7,148100,151400,140700,4.997,20668,1.994,0.40,2.228,-0.068,0,0,NextDayOpen,"오버나잇: 등락 +7.9%, 범위 위치 45%",익일 시초 매도,7.87,-0.64,0.455,349.8,0.318,0.62,1,370,5,0,0,1.2,True
000720#1013-20260324151000,000720,현대건설,오버나잇,FullAuto,Paper,Backtest,2026-03-24 15:10:00,2026-03-24 15:10:00,2026-03-25 09:01:00,1071,7,150200,153600,142700,4.993,21332,2.029,0.41,2.264,-0.799,0,0,NextDayOpen,"오버나잇: 등락 +0.4%, 범위 위치 38%",익일 시초 매도,0.40,0.60,0.377,447.2,0.257,1.43,1,370,5,0,0,1.2,True
001510#1012-20260324151000,001510,SK증권,오버나잇,FullAuto,Paper,Backtest,2026-03-24 15:10:00,2026-03-24 15:10:00,2026-03-25 09:01:00,1071,220,4775,4925,4540,4.921,30514,2.905,0.59,3.141,-0.628,0,0,NextDayOpen,"오버나잇: 등락 +0.4%, 범위 위치 18%",익일 시초 매도,0.42,-4.37,0.184,1416.8,0.329,1.09,1,370,5,0,0,1.2,True
036930#1011-20260324151000,036930,주성엔지니어링,오버나잇,FullAuto,Paper,Backtest,2026-03-24 15:10:00,2026-03-24 15:10:00,2026-03-25 09:01:00,1071,13,76600,77000,72800,4.961,2899,0.291,0.06,0.522,-0.522,0,0,NextDayOpen,"오버나잇: 등락 +7.1%, 범위 위치 22%",익일 시초 매도,7.13,-4.43,0.216,222.2,0.382,0.80,1,370,5,0,0,1.2,True
050890#1020-20260325090520,050890,쏠리드,ORB,FullAuto,Paper,Backtest,2026-03-25 09:05:20,2026-03-25 09:05:20,2026-03-25 09:24:27,19.1,153,13980,15370,13570,2.933,207295,9.691,3.30,10.014,-0.787,0,-0.065,TakeProfit,"ORB5 고가 13,930 돌파 (범위 3.8%, 등락 +5.0%) · A등급",목표 익절 +10%,4.95,1.90,1,60.0,1.979,1.78,1,5,3,10,0,1.2,False
066970#1019-20260325091127,066970,엘앤에프,ORB,FullAuto,Paper,Backtest,2026-03-25 09:11:27,2026-03-25 09:11:27,2026-03-25 10:17:30,66,10,133300,146600,129300,3.001,129650,9.726,3.24,10.053,-0.450,0,-0.068,TakeProfit,"ORB5 고가 133,000 돌파 (범위 4.6%, 등락 +5.9%)",목표 익절 +10%,5.88,1.85,1,248.9,1.242,2.64,1,11,3,10,0,1.2,False
263750#1015-20260325090520,263750,펄어비스,ORB,FullAuto,Paper,Backtest,2026-03-25 09:05:20,2026-03-25 09:05:20,2026-03-25 10:30:25,85.1,30,46500,51100,45150,2.903,134496,9.641,3.32,10.108,-1.613,0,-0.195,TakeProfit,"ORB5 고가 46,400 돌파 (범위 4.4%, 등락 +6.9%)",목표 익절 +10%,6.90,1.76,1,712.6,1.505,2.49,1,5,3,10,0,1.2,False
000660#1024-20260325151000,000660,SK하이닉스,오버나잇,FullAuto,Paper,Backtest,2026-03-25 15:10:00,2026-03-25 15:10:00,2026-03-26 09:01:00,1071,1,999000,964000,950000,4.905,-37221,-3.726,-0.76,0,-3.403,0,-0.104,NextDayOpen,"오버나잇: 등락 +1.1%, 범위 위치 19%",익일 시초 매도,1.11,-1.86,0.185,398.9,0.208,0.97,1,370,5,0,0,1.2,True
079550#1025-20260325151000,079550,LIG디펜스앤에어로스페이스,오버나잇,FullAuto,Paper,Backtest,2026-03-25 15:10:00,2026-03-25 15:10:00,2026-03-26 09:01:00,1071,1,731000,754000,695000,4.925,21270,2.910,0.59,3.146,-0.137,0,0,NextDayOpen,"오버나잇: 등락 +14.8%, 범위 위치 88%",익일 시초 매도,14.76,3.89,0.878,332.7,0.528,1.11,1,370,5,0,0,1.2,True
006800#1028-20260325151000,006800,미래에셋증권,오버나잇,FullAuto,Paper,Backtest,2026-03-25 15:10:00,2026-03-25 15:10:00,2026-03-26 09:01:00,1071,15,67500,69700,64200,4.889,30602,3.022,0.62,3.259,-1.185,0,0,NextDayOpen,"오버나잇: 등락 +8.9%, 범위 위치 76%",익일 시초 매도,8.89,1.88,0.763,477.3,0.413,3.21,1,370,5,0,0,1.2,True
047040#1029-20260325151000,047040,대우건설,오버나잇,FullAuto,Paper,Backtest,2026-03-25 15:10:00,2026-03-25 15:10:00,2026-03-26 09:01:00,1071,65,16450,16390,15630,4.985,-6349,-0.594,-0.12,0,-0.304,0,-0.061,NextDayOpen,"오버나잇: 등락 +0.2%, 범위 위치 33%",익일 시초 매도,0.24,-1.40,0.333,939.6,0.122,0.74,1,370,5,0,0,1.2,True
066970#1031-20260325151000,066970,엘앤에프,오버나잇,FullAuto,Paper,Backtest,2026-03-25 15:10:00,2026-03-25 15:10:00,2026-03-26 09:01:00,1071,7,144300,144200,137100,4.990,-3020,-0.299,-0.06,0.901,-0.139,0,0,NextDayOpen,"오버나잇: 등락 +14.6%, 범위 위치 82%",익일 시초 매도,14.61,1.69,0.822,283.4,0.243,0.93,1,370,5,0,0,1.2,True
050890#1026-20260325151000,050890,쏠리드,오버나잇,FullAuto,Paper,Backtest,2026-03-25 15:10:00,2026-03-25 15:10:00,2026-03-26 09:01:00,1071,66,16090,15390,15290,4.972,-48542,-4.571,-0.92,0,-4.351,0,0,NextDayOpen,"오버나잇: 등락 +20.7%, 범위 위치 88%",익일 시초 매도,20.72,5.28,0.875,163.9,0.617,1.45,1,370,5,0,0,1.2,True
489790#1030-20260325151000,489790,한화비전,오버나잇,FullAuto,Paper,Backtest,2026-03-25 15:10:00,2026-03-25 15:10:00,2026-03-26 09:01:00,1071,11,91900,90700,87400,4.897,-15495,-1.533,-0.31,0.544,-1.306,0,0,NextDayOpen,"오버나잇: 등락 +6.4%, 범위 위치 43%",익일 시초 매도,6.37,-1.58,0.429,223.2,0.171,1.03,1,370,5,0,0,1.2,True
079550#1035-20260326091330,079550,LIG디펜스앤에어로스페이스,ORB,FullAuto,Paper,Backtest,2026-03-26 09:13:30,2026-03-26 09:13:30,2026-03-26 09:42:25,28.9,1,760000,738000,738000,2.895,-23700,-3.118,-1.08,0.526,-2.895,0,0,StopLoss,"ORB5 고가 758,000 돌파 (범위 2.7%, 등락 +3.8%) · A등급","손절 (738,000)",3.83,1.49,1,205.9,1.136,2.03,1,14,3,10,0,1.2,False
062040#1037-20260326090525,062040,산일전기,ORB,FullAuto,Paper,Backtest,2026-03-26 09:05:25,2026-03-26 09:05:25,2026-03-26 11:16:30,131.1,8,175100,169800,169900,2.970,-45529,-3.250,-1.09,1.713,-3.027,0,-0.059,StopLoss,"ORB5 고가 174,600 돌파 (범위 5.0%, 등락 +5.5%)","손절 (169,900)",5.48,2.00,1,131.6,1.399,3.22,1,5,3,10,0,1.2,False
079550#1044-20260326151000,079550,LIG디펜스앤에어로스페이스,오버나잇,FullAuto,Paper,Backtest,2026-03-26 15:10:00,2026-03-26 15:10:00,2026-03-27 09:01:00,1071,1,734000,722000,698000,4.905,-13662,-1.861,-0.38,0.272,-1.499,0,-0.138,NextDayOpen,"오버나잇: 등락 +1.9%, 범위 위치 14%",익일 시초 매도,1.94,-1.74,0.139,276.7,0.380,0.66,1,370,5,0,0,1.2,True
038110#1046-20260326151000,038110,에코플라스틱,오버나잇,FullAuto,Paper,Backtest,2026-03-26 15:10:00,2026-03-26 15:10:00,2026-03-27 09:01:00,1071,266,4195,4540,3990,4.887,89007,7.976,1.63,8.224,-1.311,0,0,NextDayOpen,"오버나잇: 등락 +19.9%, 범위 위치 66%",익일 시초 매도,19.89,-1.48,0.659,193.6,0.694,0.97,1,370,5,0,0,1.2,True
108860#1043-20260326151000,108860,셀바스AI,오버나잇,FullAuto,Paper,Backtest,2026-03-26 15:10:00,2026-03-26 15:10:00,2026-03-27 09:01:00,1071,65,17100,16000,16250,4.971,-73902,-6.649,-1.34,2.807,-6.433,0,0,NextDayOpen,"오버나잇: 등락 +27.5%, 범위 위치 94%",익일 시초 매도,27.52,9.53,0.940,133.7,0.731,1.09,1,370,5,0,0,1.2,True
027360#1042-20260326151000,027360,아주IB투자,오버나잇,FullAuto,Paper,Backtest,2026-03-26 15:10:00,2026-03-26 15:10:00,2026-03-27 09:01:00,1071,124,8980,8680,8540,4.900,-39680,-3.563,-0.73,0.445,-3.229,0,-0.115,NextDayOpen,"오버나잇: 등락 +5.3%, 범위 위치 43%",익일 시초 매도,5.28,-3.00,0.425,269.5,0.597,0.74,1,370,5,0,0,1.2,True
298380#1047-20260326151000,298380,에이비엘바이오,오버나잇,FullAuto,Paper,Backtest,2026-03-26 15:10:00,2026-03-26 15:10:00,2026-03-27 09:01:00,1071,6,179100,180900,170200,4.969,8307,0.773,0.16,1.005,-0.056,0,0,NextDayOpen,"오버나잇: 등락 +2.0%, 범위 위치 10%",익일 시초 매도,1.99,-2.58,0.096,325.0,0.146,0.38,1,370,5,0,0,1.2,True
476830#1048-20260326151000,476830,알지노믹스,오버나잇,FullAuto,Paper,Backtest,2026-03-26 15:10:00,2026-03-26 15:10:00,2026-03-27 09:01:00,1071,9,115100,113500,109400,4.952,-16751,-1.617,-0.33,0.130,-2.259,0,0,NextDayOpen,"오버나잇: 등락 +3.6%, 범위 위치 45%",익일 시초 매도,3.60,-1.56,0.450,157.1,0.635,0.77,1,370,5,0,0,1.2,True
060280#1049-20260326151000,060280,큐렉소,오버나잇,FullAuto,Paper,Backtest,2026-03-26 15:10:00,2026-03-26 15:10:00,2026-03-27 09:01:00,1071,65,17140,17010,16290,4.959,-10993,-0.987,-0.20,1.400,-0.700,0,-0.059,NextDayOpen,"오버나잇: 등락 +14.3%, 범위 위치 52%",익일 시초 매도,14.27,-3.59,0.524,187.7,0.344,1.39,1,370,5,0,0,1.2,True
006400#1060-20260327151000,006400,삼성SDI,오버나잇,FullAuto,Paper,Backtest,2026-03-27 15:10:00,2026-03-27 15:10:00,2026-03-30 09:01:00,3951,2,403500,388500,383500,4.957,-31791,-3.939,-0.79,0.124,-3.594,0,-0.129,NextDayOpen,"오버나잇: 등락 +2.8%, 범위 위치 82%",익일 시초 매도,2.81,2.35,0.824,435.4,0.204,0.45,1,370,5,0,0,1.2,True
047040#1057-20260327151000,047040,대우건설,오버나잇,FullAuto,Paper,Backtest,2026-03-27 15:10:00,2026-03-27 15:10:00,2026-03-30 09:01:00,3951,64,17170,16550,16320,4.950,-42120,-3.833,-0.77,0.582,-3.553,0,-0.060,NextDayOpen,"오버나잇: 등락 +8.0%, 범위 위치 80%",익일 시초 매도,7.99,2.04,0.801,224.8,0.225,0.81,1,370,5,0,0,1.2,True
066970#1059-20260327151000,066970,엘앤에프,오버나잇,FullAuto,Paper,Backtest,2026-03-27 15:10:00,2026-03-27 15:10:00,2026-03-30 09:01:00,3951,7,155000,153900,147300,4.968,-10177,-0.938,-0.19,0,-0.645,0,-0.065,NextDayOpen,"오버나잇: 등락 +7.9%, 범위 위치 81%",익일 시초 매도,7.94,2.10,0.810,264.0,0.249,1.00,1,370,5,0,0,1.2,True
086520#1061-20260327151000,086520,에코프로,오버나잇,FullAuto,Paper,Backtest,2026-03-27 15:10:00,2026-03-27 15:10:00,2026-03-30 09:01:00,3951,7,148600,141500,141200,4.980,-51985,-4.998,-1.00,0.404,-4.711,0,-0.071,NextDayOpen,"오버나잇: 등락 +2.6%, 범위 위치 81%",익일 시초 매도,2.55,1.85,0.815,394.4,0.163,1.24,1,370,5,0,0,1.2,True
010170#1064-20260327151000,010170,대한광통신,오버나잇,FullAuto,Paper,Backtest,2026-03-27 15:10:00,2026-03-27 15:10:00,2026-03-30 09:01:00,3951,119,9290,9080,8830,4.952,-27478,-2.486,-0.50,0.323,-2.153,0,-0.110,NextDayOpen,"오버나잇: 등락 -+0.1%, 범위 위치 49%",익일 시초 매도,-0.11,0.04,0.492,403.8,0.196,1.02,1,370,5,0,0,1.2,True
005380#1058-20260327151000,005380,현대차,오버나잇,FullAuto,Paper,Backtest,2026-03-27 15:10:00,2026-03-27 15:10:00,2026-03-30 09:01:00,3951,2,492500,468000,468000,4.975,-51159,-5.194,-1.04,0.203,-4.873,0,-0.107,NextDayOpen,"오버나잇: 등락 +0.9%, 범위 위치 81%",익일 시초 매도,0.92,2.21,0.810,455.0,0.189,0.71,1,370,5,0,0,1.2,True
006800#1062-20260327151000,006800,미래에셋증권,오버나잇,FullAuto,Paper,Backtest,2026-03-27 15:10:00,2026-03-27 15:10:00,2026-03-30 09:01:00,3951,16,66500,63000,63200,4.962,-58326,-5.482,-1.10,0.602,-5.113,0,-0.158,NextDayOpen,"오버나잇: 등락 +2.9%, 범위 위치 85%",익일 시초 매도,2.94,2.26,0.854,601.9,0.311,0.62,1,370,5,0,0,1.2,True
115440#1063-20260327151000,115440,우리넷,오버나잇,FullAuto,Paper,Backtest,2026-03-27 15:10:00,2026-03-27 15:10:00,2026-03-30 09:01:00,3951,79,13930,13140,13240,4.953,-64806,-5.889,-1.19,0.646,-5.599,0,-0.076,NextDayOpen,"오버나잇: 등락 +8.3%, 범위 위치 49%",익일 시초 매도,8.32,-5.07,0.493,235.2,0.795,0.34,1,370,5,0,0,1.2,True
006400#1068-20260330151000,006400,삼성SDI,오버나잇,FullAuto,Paper,Backtest,2026-03-30 15:10:00,2026-03-30 15:10:00,2026-03-31 09:01:00,1071,2,412500,419500,392000,4.970,12074,1.464,0.29,1.697,-0.485,0,0,NextDayOpen,"오버나잇: 등락 +3.4%, 범위 위치 80%",익일 시초 매도,3.39,0.77,0.797,382.4,0.251,1.11,1,370,5,0,0,1.2,True
263750#1065-20260330151000,263750,펄어비스,오버나잇,FullAuto,Paper,Backtest,2026-03-30 15:10:00,2026-03-30 15:10:00,2026-03-31 09:01:00,1071,16,67700,66400,64400,4.874,-23245,-2.146,-0.44,0.295,-1.773,0,-0.150,NextDayOpen,"오버나잇: 등락 +17.8%, 범위 위치 77%",익일 시초 매도,17.77,2.40,0.771,342.7,0.412,0.75,1,370,5,0,0,1.2,True
322000#1070-20260330151000,322000,HD현대에너지솔루션,오버나잇,FullAuto,Paper,Backtest,2026-03-30 15:10:00,2026-03-30 15:10:00,2026-03-31 09:01:00,1071,8,134500,137600,127800,4.981,22273,2.070,0.42,2.379,-0.223,0,-0.073,NextDayOpen,"오버나잇: 등락 +9.2%, 범위 위치 56%",익일 시초 매도,9.17,-1.25,0.561,203.9,0.489,1.08,1,370,5,0,0,1.2,True
047040#1067-20260330151000,047040,대우건설,오버나잇,FullAuto,Paper,Backtest,2026-03-30 15:10:00,2026-03-30 15:10:00,2026-03-31 09:01:00,1071,63,17320,17530,16460,4.965,10694,0.980,0.20,1.212,-0.346,0,0,NextDayOpen,"오버나잇: 등락 +0.3%, 범위 위치 86%",익일 시초 매도,0.35,2.07,0.861,473.7,0.252,0.69,1,370,5,0,0,1.2,True
373220#1069-20260330151000,373220,LG에너지솔루션,오버나잇,FullAuto,Paper,Backtest,2026-03-30 15:10:00,2026-03-30 15:10:00,2026-03-31 09:01:00,1071,2,405500,405500,385500,4.932,-1864,-0.230,-0.05,0.247,-0.617,0,-0.123,NextDayOpen,"오버나잇: 등락 +5.1%, 범위 위치 76%",익일 시초 매도,5.06,-0.21,0.757,633.7,0.238,0.50,1,370,5,0,0,1.2,True
066970#1071-20260330151000,066970,엘앤에프,오버나잇,FullAuto,Paper,Backtest,2026-03-30 15:10:00,2026-03-30 15:10:00,2026-03-31 09:01:00,1071,7,155100,156700,147400,4.965,8681,0.800,0.16,1.032,-0.451,0,0,NextDayOpen,"오버나잇: 등락 +1.4%, 범위 위치 15%",익일 시초 매도,1.44,-2.66,0.148,154.0,0.511,0.53,1,370,5,0,0,1.2,True
009150#1072-20260330151000,009150,삼성전기,오버나잇,FullAuto,Paper,Backtest,2026-03-30 15:10:00,2026-03-30 15:10:00,2026-03-31 09:01:00,1071,2,429000,412000,408000,4.895,-35899,-4.184,-0.85,0.583,-3.846,0,-0.121,NextDayOpen,"오버나잇: 등락 +0.8%, 범위 위치 77%",익일 시초 매도,0.82,2.15,0.775,294.5,0.308,0.69,1,370,5,0,0,1.2,True
263750#1084-20260331151000,263750,펄어비스,오버나잇,FullAuto,Paper,Backtest,2026-03-31 15:10:00,2026-03-31 15:10:00,2026-04-01 09:01:00,1071,15,68900,65500,65500,4.935,-53267,-5.154,-1.04,0.581,-4.790,0,-0.152,NextDayOpen,"오버나잇: 등락 -+0.4%, 범위 위치 65%",익일 시초 매도,-0.43,0.04,0.652,253.3,0.518,0.60,1,370,5,0,0,1.2,True
042660#1086-20260331151000,042660,한화오션,오버나잇,FullAuto,Paper,Backtest,2026-03-31 15:10:00,2026-03-31 15:10:00,2026-04-01 09:01:00,1071,9,119900,125400,114000,4.921,46913,4.347,0.88,4.587,-0.667,0,0,NextDayOpen,"오버나잇: 등락 +0.6%, 범위 위치 1%",익일 시초 매도,0.59,-2.48,0.013,195.7,0.286,1.83,1,370,5,0,0,1.2,True
006110#1085-20260331151000,006110,삼아알미늄,오버나잇,FullAuto,Paper,Backtest,2026-03-31 15:10:00,2026-03-31 15:10:00,2026-04-01 09:01:00,1071,26,40200,36400,38200,4.975,-100989,-9.662,-1.94,0,-9.453,0,0,NextDayOpen,"오버나잇: 등락 +25.6%, 범위 위치 100%",익일 시초 매도,25.62,5.32,1,300,0,1.35,1,370,5,0,0,1.2,True
009830#1087-20260331151000,009830,한화솔루션,오버나잇,FullAuto,Paper,Backtest,2026-03-31 15:10:00,2026-03-31 15:10:00,2026-04-01 09:01:00,1071,30,35137,35983,33350,5.086,22903,2.173,0.43,2.408,-0.675,0,0,NextDayOpen,"오버나잇: 등락 +1.6%, 범위 위치 52%",익일 시초 매도,1.64,-1.01,0.521,211.6,0.420,1.26,2,370,5,0,0,1.2,True
322000#1083-20260331151000,322000,HD현대에너지솔루션,오버나잇,FullAuto,Paper,Backtest,2026-03-31 15:10:00,2026-03-31 15:10:00,2026-04-01 09:01:00,1071,7,141100,141800,134100,4.961,2619,0.265,0.05,0.496,-1.276,0,0,NextDayOpen,"오버나잇: 등락 +4.4%, 범위 위치 49%",익일 시초 매도,4.37,-0.81,0.490,178.3,0.765,0.43,1,370,5,0,0,1.2,True
425040#1088-20260331151000,425040,티이엠씨,오버나잇,FullAuto,Paper,Backtest,2026-03-31 15:10:00,2026-03-31 15:10:00,2026-04-01 09:01:00,1071,80,13350,12650,12690,4.944,-58335,-5.462,-1.10,0.899,-5.169,0,-0.079,NextDayOpen,"오버나잇: 등락 +2.9%, 범위 위치 34%",익일 시초 매도,2.85,-2.21,0.341,177.3,0.685,1.64,1,370,5,0,0,1.2,True
028050#1089-20260331151000,028050,삼성E&A,오버나잇,FullAuto,Paper,Backtest,2026-03-31 15:10:00,2026-03-31 15:10:00,2026-04-01 09:01:00,1071,30,35750,37250,34000,4.895,42438,3.957,0.81,4.336,-0.559,0,-0.134,NextDayOpen,"오버나잇: 등락 +7.4%, 범위 위치 61%",익일 시초 매도,7.37,0.18,0.611,301.8,0.410,1.51,1,370,5,0,0,1.2,True
003280#1082-20260331151000,003280,흥아해운,오버나잇,FullAuto,Paper,Backtest,2026-03-31 15:10:00,2026-03-31 15:10:00,2026-04-01 09:03:00,1073,275,3910,3585,3715,4.987,-91654,-8.524,-1.71,1.790,-8.184,0,-0.139,NextDayOpen,"오버나잇: 등락 +27.6%, 범위 위치 94%",익일 시초 매도,27.57,10.04,0.936,297.8,0.996,0.25,1,370,5,0,0,1.2,True
375500#1095-20260401090520,375500,DL이앤씨,ORB,FullAuto,Paper,Backtest,2026-04-01 09:05:20,2026-04-01 09:05:20,2026-04-01 09:28:25,23.1,18,73300,71000,71100,3.001,-44344,-3.361,-1.12,1.637,-3.138,0,-0.141,StopLoss,"ORB5 고가 73,200 돌파 (범위 2.4%, 등락 +9.7%)","손절 (71,100)",9.73,1.22,1,616.3,1.228,5.85,1,5,3,10,0,1.2,False
005930#1104-20260401151000,005930,삼성전자,오버나잇,FullAuto,Paper,Backtest,2026-04-01 15:10:00,2026-04-01 15:10:00,2026-04-02 09:01:00,1071,5,189500,192500,180100,4.960,12789,1.350,0.27,1.636,-0.158,0,-0.052,NextDayOpen,"오버나잇: 등락 +13.6%, 범위 위치 89%",익일 시초 매도,13.62,2.98,0.891,213.2,0.287,1.11,1,370,5,0,0,1.2,True
000660#1105-20260401151000,000660,SK하이닉스,오버나잇,FullAuto,Paper,Backtest,2026-04-01 15:10:00,2026-04-01 15:10:00,2026-04-02 09:01:00,1071,1,898000,912000,854000,4.900,11906,1.326,0.27,1.559,-0.334,0,0,NextDayOpen,"오버나잇: 등락 +11.3%, 범위 위치 83%",익일 시초 매도,11.29,1.98,0.830,283.7,0.398,0.86,1,370,5,0,0,1.2,True
006400#1110-20260401151000,006400,삼성SDI,오버나잇,FullAuto,Paper,Backtest,2026-04-01 15:10:00,2026-04-01 15:10:00,2026-04-02 09:01:00,1071,2,431000,434500,409500,4.988,5003,0.580,0.12,0.812,-0.116,0,0,NextDayOpen,"오버나잇: 등락 +5.6%, 범위 위치 86%",익일 시초 매도,5.64,1.54,0.857,402.3,0.373,0.92,1,370,5,0,0,1.2,True
005380#1107-20260401151000,005380,현대차,오버나잇,FullAuto,Paper,Backtest,2026-04-01 15:10:00,2026-04-01 15:10:00,2026-04-02 09:01:00,1071,2,488000,499000,464000,4.918,19709,2.019,0.41,2.254,-0.102,0,0,NextDayOpen,"오버나잇: 등락 +10.5%, 범위 위치 83%",익일 시초 매도,10.53,1.70,0.830,442.5,0.263,0.97,1,370,5,0,0,1.2,True
034020#1109-20260401151000,034020,두산에너빌리티,오버나잇,FullAuto,Paper,Backtest,2026-04-01 15:10:00,2026-04-01 15:10:00,2026-04-02 09:01:00,1071,10,99500,100500,94600,4.925,7691,0.773,0.16,1.005,-0.101,0,0,NextDayOpen,"오버나잇: 등락 +9.1%, 범위 위치 80%",익일 시초 매도,9.10,1.21,0.795,280.9,0.266,0.77,1,370,5,0,0,1.2,True
047040#1106-20260401151000,047040,대우건설,오버나잇,FullAuto,Paper,Backtest,2026-04-01 15:10:00,2026-04-01 15:10:00,2026-04-02 09:01:00,1071,55,19290,19650,18330,4.977,17318,1.632,0.33,1.866,0,0,0,NextDayOpen,"오버나잇: 등락 +24.1%, 범위 위치 81%",익일 시초 매도,24.05,3.78,0.807,176.3,0.567,1.31,1,370,5,0,0,1.2,True
263750#1108-20260401151000,263750,펄어비스,오버나잇,FullAuto,Paper,Backtest,2026-04-01 15:10:00,2026-04-01 15:10:00,2026-04-02 09:01:00,1071,14,71850,72200,68300,4.941,2578,0.256,0.05,0.487,-0.765,0,0,NextDayOpen,"오버나잇: 등락 +6.3%, 범위 위치 53%",익일 시초 매도,6.30,-0.77,0.525,219.1,0.418,0.63,2,370,5,0,0,1.2,True
064350#1114-20260402090625,064350,현대로템,ORB,FullAuto,Paper,Backtest,2026-04-02 09:06:25,2026-04-02 09:06:25,2026-04-02 15:05:00,358.6,9,200000,198400,194400,2.800,-18508,-1.028,-0.37,6.500,-0.950,0,-0.050,ForceClose,"ORB5 고가 199,900 돌파 (범위 3.1%, 등락 +5.5%) · A등급",장마감 강제청산,5.54,0.82,1,107.4,0.675,2.51,5,6,3,10,0,1.2,False
006400#1123-20260402151000,006400,삼성SDI,오버나잇,FullAuto,Paper,Backtest,2026-04-02 15:10:00,2026-04-02 15:10:00,2026-04-03 09:01:00,1071,2,443500,451500,421500,4.961,13926,1.570,0.32,1.804,-0.564,0,0,NextDayOpen,"오버나잇: 등락 +2.3%, 범위 위치 43%",익일 시초 매도,2.31,-0.38,0.433,436.0,0.363,1.66,1,370,5,0,0,1.2,True
322000#1128-20260402151000,322000,HD현대에너지솔루션,오버나잇,FullAuto,Paper,Backtest,2026-04-02 15:10:00,2026-04-02 15:10:00,2026-04-03 09:01:00,1071,7,145700,144900,138500,4.942,-7932,-0.778,-0.16,1.510,-0.618,0,-0.069,NextDayOpen,"오버나잇: 등락 +6.7%, 범위 위치 66%",익일 시초 매도,6.66,-0.34,0.663,214.4,0.392,1.41,1,370,5,0,0,1.2,True
050890#1130-20260402151000,050890,쏠리드,오버나잇,FullAuto,Paper,Backtest,2026-04-02 15:10:00,2026-04-02 15:10:00,2026-04-03 09:01:00,1071,70,14960,15690,14220,4.947,48583,4.639,0.94,4.947,-0.468,0,-0.064,NextDayOpen,"오버나잇: 등락 +2.6%, 범위 위치 49%",익일 시초 매도,2.61,-0.60,0.487,263.1,0.354,1.36,1,370,5,0,0,1.2,True
066970#1126-20260402151000,066970,엘앤에프,오버나잇,FullAuto,Paper,Backtest,2026-04-02 15:10:00,2026-04-02 15:10:00,2026-04-03 09:01:00,1071,6,161000,166100,153000,4.969,28314,2.931,0.59,3.168,-0.559,0,0,NextDayOpen,"오버나잇: 등락 +9.8%, 범위 위치 55%",익일 시초 매도,9.83,-2.34,0.548,189.3,0.431,0.60,1,370,5,0,0,1.2,True
064350#1127-20260402151000,064350,현대로템,오버나잇,FullAuto,Paper,Backtest,2026-04-02 15:10:00,2026-04-02 15:10:00,2026-04-03 09:01:00,1071,5,201000,202000,191400,4.776,2679,0.267,0.06,0.498,-0.846,0,0,NextDayOpen,"오버나잇: 등락 +5.8%, 범위 위치 35%",익일 시초 매도,5.80,-1.78,0.346,415.4,0.335,1.33,1,370,5,0,0,1.2,True
010170#1124-20260402151000,010170,대한광통신,오버나잇,FullAuto,Paper,Backtest,2026-04-02 15:10:00,2026-04-02 15:10:00,2026-04-03 09:03:00,1073,105,10020,11660,9520,4.990,169412,16.102,3.23,16.367,-0.200,0,0,NextDayOpen,"오버나잇: 등락 +6.5%, 범위 위치 20%",익일 시초 매도,6.48,-3.78,0.201,168.5,0.613,0.75,1,370,5,0,0,1.2,True
008350#1129-20260402151000,008350,남선알미늄,오버나잇,FullAuto,Paper,Backtest,2026-04-02 15:10:00,2026-04-02 15:10:00,2026-04-03 09:03:00,1073,614,1729,2040,1643,4.974,188103,17.719,3.56,17.987,-0.636,0,0,NextDayOpen,"오버나잇: 등락 +5.9%, 범위 위치 30%",익일 시초 매도,5.88,-4.35,0.299,153.0,0.591,0.72,1,370,5,0,0,1.2,True
050890#1131-20260403090517,050890,쏠리드,ORB,FullAuto,Paper,Backtest,2026-04-03 09:05:17,2026-04-03 09:05:17,2026-04-03 09:48:27,43.2,85,16420,15910,15930,2.984,-46465,-3.329,-1.12,6.090,-3.106,0,-0.126,StopLoss,"ORB5 고가 16,400 돌파 (범위 5.9%, 등락 +9.0%)","손절 (15,930)",8.96,3.03,1,279.5,2.010,2.26,1,5,3,10,0,1.2,False
028050#1137-20260403090530,028050,삼성E&A,ORB,FullAuto,Paper,Backtest,2026-04-03 09:05:30,2026-04-03 09:05:30,2026-04-03 10:17:30,72,37,38075,41850,36950,2.955,136136,9.663,3.27,10.046,-0.722,0,-0.119,TakeProfit,"ORB5 고가 38,000 돌파 (범위 4.0%, 등락 +8.5%)",목표 익절 +10%,8.48,1.76,1,360.6,1.620,1.70,2,6,3,10,0,1.2,False
046970#1134-20260403091220,046970,우리로,ORB,FullAuto,Paper,Backtest,2026-04-03 09:12:20,2026-04-03 09:12:20,2026-04-03 10:31:25,79.1,178,7960,7730.00,7730,2.889,-44109,-3.113,-1.08,6.658,-2.889,0,0.000,StopLoss,"ORB5 고가 7,950 돌파 (범위 6.0%, 등락 +7.6%)","손절 (7,730)",7.57,2.57,1,209.6,2.525,4.22,1,12,3,10,0,1.2,False
375500#1140-20260403091120,375500,DL이앤씨,ORB,FullAuto,Paper,Backtest,2026-04-03 09:11:20,2026-04-03 09:11:20,2026-04-03 15:05:00,353.7,27,73500,75300,71300,2.993,43933,2.214,0.74,9.252,0,0,-0.133,ForceClose,"ORB5 고가 73,400 돌파 (범위 3.4%, 등락 +7.9%) · A등급",장마감 강제청산,7.93,1.16,1,601.5,0.892,6.11,1,11,3,10,0,1.2,False
005930#1142-20260403151000,005930,삼성전자,오버나잇,FullAuto,Paper,Backtest,2026-04-03 15:10:00,2026-04-03 15:10:00,2026-04-06 09:01:00,3951,5,186500,190800,177200,4.987,19310,2.071,0.42,2.359,-0.054,0,-0.052,NextDayOpen,"오버나잇: 등락 +6.2%, 범위 위치 84%",익일 시초 매도,6.21,0.61,0.844,454.7,0.130,0.89,1,370,5,0,0,1.2,True
000660#1143-20260403151000,000660,SK하이닉스,오버나잇,FullAuto,Paper,Backtest,2026-04-03 15:10:00,2026-04-03 15:10:00,2026-04-06 09:01:00,3951,1,883000,876000,839000,4.983,-9015,-1.021,-0.20,0.113,-0.680,0,-0.114,NextDayOpen,"오버나잇: 등락 +7.3%, 범위 위치 88%",익일 시초 매도,7.29,0.79,0.885,610.3,0.178,0.63,1,370,5,0,0,1.2,True
010170#1145-20260403151000,010170,대한광통신,오버나잇,FullAuto,Paper,Backtest,2026-04-03 15:10:00,2026-04-03 15:10:00,2026-04-06 09:01:00,3951,82,12960,13190,12320,4.938,16376,1.541,0.31,1.852,-2.083,0,-0.076,NextDayOpen,"오버나잇: 등락 +28.0%, 범위 위치 93%",익일 시초 매도,27.96,4.50,0.928,223.5,0.665,0.69,1,370,5,0,0,1.2,True
079550#1144-20260403151000,079550,LIG디펜스앤에어로스페이스,오버나잇,FullAuto,Paper,Backtest,2026-04-03 15:10:00,2026-04-03 15:10:00,2026-04-06 09:01:00,3951,1,864000,856000,821000,4.977,-9969,-1.154,-0.23,0.231,-0.926,0,0,NextDayOpen,"오버나잇: 등락 +9.9%, 범위 위치 77%",익일 시초 매도,9.94,2.63,0.767,303.0,0.331,1.94,1,370,5,0,0,1.2,True
047040#1148-20260403151000,047040,대우건설,오버나잇,FullAuto,Paper,Backtest,2026-04-03 15:10:00,2026-04-03 15:10:00,2026-04-06 09:01:00,3951,63,16930,17020,16090,4.962,3207,0.301,0.06,0.591,-0.473,0,-0.059,NextDayOpen,"오버나잇: 등락 +3.0%, 범위 위치 26%",익일 시초 매도,2.98,-1.87,0.262,265.0,0.354,0.57,1,370,5,0,0,1.2,True
011930#1147-20260403151000,011930,신성이엔지,오버나잇,FullAuto,Paper,Backtest,2026-04-03 15:10:00,2026-04-03 15:10:00,2026-04-06 09:01:00,3951,30,34650,34750,32950,4.906,604,0.058,0.01,0.433,-0.866,0,0,NextDayOpen,"오버나잇: 등락 +26.0%, 범위 위치 85%",익일 시초 매도,26.00,2.38,0.847,332.8,0.402,1.5,1,370,5,0,0,1.2,True
009150#1149-20260403151000,009150,삼성전기,오버나잇,FullAuto,Paper,Backtest,2026-04-03 15:10:00,2026-04-03 15:10:00,2026-04-06 09:01:00,3951,2,456000,455000,433500,4.934,-4092,-0.449,-0.09,0,-0.329,0,-0.110,NextDayOpen,"오버나잇: 등락 +10.9%, 범위 위치 81%",익일 시초 매도,10.95,0.78,0.806,913.4,0.196,1.45,1,370,5,0,0,1.2,True
475150#1146-20260403151000,475150,SK이터닉스,오버나잇,FullAuto,Paper,Backtest,2026-04-03 15:10:00,2026-04-03 15:10:00,2026-04-06 09:01:00,3951,15,67700,66000,64400,4.874,-27780,-2.736,-0.56,0.739,-2.511,0,0,NextDayOpen,"오버나잇: 등락 +23.1%, 범위 위치 89%",익일 시초 매도,23.09,4.82,0.891,426.5,0.401,0.55,1,370,5,0,0,1.2,True
375500#1156-20260406090515,375500,DL이앤씨,ORB,FullAuto,Paper,Backtest,2026-04-06 09:05:15,2026-04-06 09:05:15,2026-04-06 10:39:27,94.2,27,79100,76800,76800,2.908,-66878,-3.131,-1.08,1.391,-2.908,0,0,StopLoss,"ORB5 고가 79,000 돌파 (범위 3.8%, 등락 +5.5%) · A등급","손절 (76,800)",5.47,1.98,1,149.3,2.107,1.73,1,5,3,10,0,1.2,False
047040#1158-20260406090520,047040,대우건설,ORB,FullAuto,Paper,Backtest,2026-04-06 09:05:20,2026-04-06 09:05:20,2026-04-06 15:05:00,359.7,124,17490,17330,16970,2.973,-24784,-1.143,-0.38,3.145,-2.001,0,0,ForceClose,"ORB5 고가 17,470 돌파 (범위 2.7%, 등락 +4.0%) · A등급",장마감 강제청산,4.05,1.42,1,271.2,1.334,2.51,1,5,3,10,0,1.2,False
005930#1161-20260406151000,005930,삼성전자,오버나잇,FullAuto,Paper,Backtest,2026-04-06 15:10:00,2026-04-06 15:10:00,2026-04-07 09:01:00,1071,5,192800,201500,183200,4.979,41190,4.273,0.86,4.772,-0.052,0,-0.248,NextDayOpen,"오버나잇: 등락 +3.8%, 범위 위치 60%",익일 시초 매도,3.77,0.18,0.6,878.9,0.104,0.83,1,370,5,0,0,1.2,True
000660#1162-20260406151000,000660,SK하이닉스,오버나잇,FullAuto,Paper,Backtest,2026-04-06 15:10:00,2026-04-06 15:10:00,2026-04-07 09:01:00,1071,1,881000,917000,837000,4.994,33897,3.848,0.77,4.086,-0.114,0,0,NextDayOpen,"오버나잇: 등락 +0.7%, 범위 위치 37%",익일 시초 매도,0.69,-0.50,0.369,648.2,0.219,1.13,1,370,5,0,0,1.2,True
006400#1164-20260406151000,006400,삼성SDI,오버나잇,FullAuto,Paper,Backtest,2026-04-06 15:10:00,2026-04-06 15:10:00,2026-04-07 09:01:00,1071,2,452500,448500,430000,4.972,-10063,-1.112,-0.22,0.331,-0.884,0,0,NextDayOpen,"오버나잇: 등락 +3.1%, 범위 위치 45%",익일 시초 매도,3.08,-1.05,0.453,449.3,0.237,0.60,1,370,5,0,0,1.2,True
047040#1165-20260406151000,047040,대우건설,오버나잇,FullAuto,Paper,Backtest,2026-04-06 15:10:00,2026-04-06 15:10:00,2026-04-07 09:01:00,1071,63,17300,17840,16440,4.971,31442,2.885,0.58,3.179,-0.173,0,-0.056,NextDayOpen,"오버나잇: 등락 +2.9%, 범위 위치 28%",익일 시초 매도,2.91,-1.11,0.282,234.8,0.149,0.51,1,370,5,0,0,1.2,True
010170#1163-20260406151000,010170,대한광통신,오버나잇,FullAuto,Paper,Backtest,2026-04-06 15:10:00,2026-04-06 15:10:00,2026-04-07 09:01:00,1071,82,13400,13600,12730,5.00,13839,1.259,0.25,1.493,0,0,0,NextDayOpen,"오버나잇: 등락 +5.2%, 범위 위치 39%",익일 시초 매도,5.18,-2.76,0.390,214.7,0.688,0.63,1,370,5,0,0,1.2,True
103140#1167-20260406151000,103140,풍산,오버나잇,FullAuto,Paper,Backtest,2026-04-06 15:10:00,2026-04-06 15:10:00,2026-04-07 09:01:00,1071,10,109000,108200,103600,4.954,-10489,-0.962,-0.19,0.734,-0.734,0,0,NextDayOpen,"오버나잇: 등락 +4.2%, 범위 위치 29%",익일 시초 매도,4.21,-2.39,0.292,276.0,0.400,0.42,1,370,5,0,0,1.2,True
011930#1168-20260406151000,011930,신성이엔지,오버나잇,FullAuto,Paper,Backtest,2026-04-06 15:10:00,2026-04-06 15:10:00,2026-04-07 09:01:00,1071,30,35800,35850,34050,4.888,-973,-0.091,-0.02,0.559,-0.140,0,0,NextDayOpen,"오버나잇: 등락 +3.9%, 범위 위치 54%",익일 시초 매도,3.92,0.11,0.543,585.4,0.499,0.72,1,370,5,0,0,1.2,True
028050#1166-20260406151000,028050,삼성E&A,오버나잇,FullAuto,Paper,Backtest,2026-04-06 15:10:00,2026-04-06 15:10:00,2026-04-07 09:03:00,1073,24,45750,51200,43500,4.918,127995,11.657,2.37,12.131,-0.437,0,-0.195,NextDayOpen,"오버나잇: 등락 +12.7%, 범위 위치 61%",익일 시초 매도,12.70,0.47,0.612,224.2,0.328,0.89,1,370,5,0,0,1.2,True
079550#1170-20260407090520,079550,LIG디펜스앤에어로스페이스,ORB,FullAuto,Paper,Backtest,2026-04-07 09:05:20,2026-04-07 09:05:20,2026-04-07 15:05:00,359.7,1,838000,832000,813000,2.983,-7913,-0.944,-0.32,3.222,-2.625,0,0,ForceClose,"ORB5 고가 837,000 돌파 (범위 5.5%, 등락 +4.5%)",장마감 강제청산,4.49,1.75,1,1058.3,1.989,2.41,1,5,3,10,0,1.2,False
000660#1179-20260407151000,000660,SK하이닉스,오버나잇,FullAuto,Paper,Backtest,2026-04-07 15:10:00,2026-04-07 15:10:00,2026-04-08 09:01:00,1071,1,918000,1007000,873000,4.902,86698,9.444,1.93,9.695,-0.327,0,0,NextDayOpen,"오버나잇: 등락 +2.0%, 범위 위치 67%",익일 시초 매도,2.00,0.91,0.667,860.1,0.265,0.96,1,370,5,0,0,1.2,True
047040#1182-20260407151000,047040,대우건설,오버나잇,FullAuto,Paper,Backtest,2026-04-07 15:10:00,2026-04-07 15:10:00,2026-04-08 09:01:00,1071,62,17490,18770,16620,4.974,76697,7.073,1.42,7.376,-1.086,0,-0.053,NextDayOpen,"오버나잇: 등락 +1.0%, 범위 위치 33%",익일 시초 매도,0.98,-1.71,0.325,256.0,0.384,0.99,1,370,5,0,0,1.2,True
006400#1183-20260407151000,006400,삼성SDI,오버나잇,FullAuto,Paper,Backtest,2026-04-07 15:10:00,2026-04-07 15:10:00,2026-04-08 09:01:00,1071,2,457500,471000,435000,4.918,24838,2.715,0.55,2.951,-0.546,0,0,NextDayOpen,"오버나잇: 등락 +0.1%, 범위 위치 51%",익일 시초 매도,0.11,-0.74,0.511,442.7,0.227,0.70,1,370,5,0,0,1.2,True
079550#1180-20260407151000,079550,LIG디펜스앤에어로스페이스,오버나잇,FullAuto,Paper,Backtest,2026-04-07 15:10:00,2026-04-07 15:10:00,2026-04-08 09:01:00,1071,1,832000,802000,791000,4.928,-31848,-3.828,-0.78,0.120,-3.486,0,-0.125,NextDayOpen,"오버나잇: 등락 +3.6%, 범위 위치 53%",익일 시초 매도,3.62,-1.05,0.528,306.1,0.266,1.61,1,370,5,0,0,1.2,True
028050#1185-20260407151000,028050,삼성E&A,오버나잇,FullAuto,Paper,Backtest,2026-04-07 15:10:00,2026-04-07 15:10:00,2026-04-08 09:01:00,1071,22,48700,52400,46300,4.928,78763,7.351,1.49,7.803,-1.745,0,-0.190,NextDayOpen,"오버나잇: 등락 +6.6%, 범위 위치 42%",익일 시초 매도,6.57,-0.42,0.422,363.2,0.536,0.46,1,370,5,0,0,1.2,True
066970#1181-20260407151000,066970,엘앤에프,오버나잇,FullAuto,Paper,Backtest,2026-04-07 15:10:00,2026-04-07 15:10:00,2026-04-08 09:01:00,1071,5,184600,191800,175400,4.984,33801,3.662,0.73,3.900,-0.542,0,0,NextDayOpen,"오버나잇: 등락 +7.8%, 범위 위치 62%",익일 시초 매도,7.83,-0.79,0.618,215.2,0.244,1.03,1,370,5,0,0,1.2,True
450080#1184-20260407151000,450080,에코프로머티,오버나잇,FullAuto,Paper,Backtest,2026-04-07 15:10:00,2026-04-07 15:10:00,2026-04-08 09:01:00,1071,14,73400,76100,69800,4.905,35357,3.441,0.70,3.815,-0.681,0,-0.131,NextDayOpen,"오버나잇: 등락 +6.5%, 범위 위치 45%",익일 시초 매도,6.53,-3.23,0.455,281.4,0.243,0.80,1,370,5,0,0,1.2,True
375500#1195-20260408090520,375500,DL이앤씨,ORB,FullAuto,Paper,Backtest,2026-04-08 09:05:20,2026-04-08 09:05:20,2026-04-08 09:28:22,23,17,81700,90000,79300,2.938,137603,9.907,3.37,10.282,-2.081,0,-0.111,TakeProfit,"ORB5 고가 81,400 돌파 (범위 2.0%, 등락 +8.1%)",목표 익절 +10%,8.07,1.41,1,517.4,1.020,2.57,1,5,3,10,0,1.2,False
058470#1194-20260408090725,058470,리노공업,ORB,FullAuto,Paper,Backtest,2026-04-08 09:07:25,2026-04-08 09:07:25,2026-04-08 09:33:25,26,12,116800,113300.00,113300,2.997,-45132,-3.220,-1.07,0.428,-2.997,0,0.000,StopLoss,"ORB5 고가 116,700 돌파 (범위 2.3%, 등락 +9.5%)","손절 (113,300)",9.47,0.96,1,237.0,1.301,1.57,1,7,3,10,0,1.2,False
000660#1201-20260408151000,000660,SK하이닉스,오버나잇,FullAuto,Paper,Backtest,2026-04-08 15:10:00,2026-04-08 15:10:00,2026-04-09 09:01:00,1071,1,1040000,1015000,988000,5.00,-27338,-2.629,-0.53,0.192,-2.404,0,0,NextDayOpen,"오버나잇: 등락 +16.2%, 범위 위치 75%",익일 시초 매도,16.20,2.18,0.75,309.5,0.326,1.06,1,370,5,0,0,1.2,True
006400#1206-20260408151000,006400,삼성SDI,오버나잇,FullAuto,Paper,Backtest,2026-04-08 15:10:00,2026-04-08 15:10:00,2026-04-09 09:01:00,1071,2,469000,474500,446000,4.904,8820,0.940,0.19,1.279,0,0,-0.105,NextDayOpen,"오버나잇: 등락 +4.5%, 범위 위치 85%",익일 시초 매도,4.45,1.00,0.853,905.8,0.183,0.95,1,370,5,0,0,1.2,True
000250#1203-20260408151000,000250,삼천당제약,오버나잇,FullAuto,Paper,Backtest,2026-04-08 15:10:00,2026-04-08 15:10:00,2026-04-09 09:01:00,1071,2,472500,548000,449000,4.974,148503,15.715,3.16,15.979,0,0,0,NextDayOpen,"오버나잇: 등락 +9.1%, 범위 위치 64%",익일 시초 매도,9.12,0.42,0.644,204.5,0.454,0.85,1,370,5,0,0,1.2,True
000720#1202-20260408151000,000720,현대건설,오버나잇,FullAuto,Paper,Backtest,2026-04-08 15:10:00,2026-04-08 15:10:00,2026-04-09 09:01:00,1071,5,189100,182500,179700,4.971,-35102,-3.713,-0.75,0.212,-3.490,0,0,NextDayOpen,"오버나잇: 등락 +23.1%, 범위 위치 72%",익일 시초 매도,23.11,2.82,0.722,260.4,0.208,0.80,1,370,5,0,0,1.2,True
034020#1205-20260408151000,034020,두산에너빌리티,오버나잇,FullAuto,Paper,Backtest,2026-04-08 15:10:00,2026-04-08 15:10:00,2026-04-09 09:01:00,1071,10,101000,100100,96000,4.950,-11303,-1.119,-0.23,0.297,-0.891,0,0,NextDayOpen,"오버나잇: 등락 +7.6%, 범위 위치 75%",익일 시초 매도,7.56,0.49,0.75,840.2,0.198,1.14,1,370,5,0,0,1.2,True
010170#1204-20260408151000,010170,대한광통신,오버나잇,FullAuto,Paper,Backtest,2026-04-08 15:10:00,2026-04-08 15:10:00,2026-04-09 09:01:00,1071,75,14665,14650,13930,5.012,-3650,-0.332,-0.07,0.511,-0.511,0,0,NextDayOpen,"오버나잇: 등락 +16.0%, 범위 위치 78%",익일 시초 매도,16.02,5.43,0.778,230.4,0.662,1.89,2,370,5,0,0,1.2,True
006800#1208-20260408151000,006800,미래에셋증권,오버나잇,FullAuto,Paper,Backtest,2026-04-08 15:10:00,2026-04-08 15:10:00,2026-04-09 09:01:00,1071,16,67500,66900,64200,4.889,-12062,-1.117,-0.23,0.444,-0.889,0,0,NextDayOpen,"오버나잇: 등락 +9.9%, 범위 위치 81%",익일 시초 매도,9.93,1.00,0.815,523.3,0.222,0.99,1,370,5,0,0,1.2,True
375500#1207-20260408151000,375500,DL이앤씨,오버나잇,FullAuto,Paper,Backtest,2026-04-08 15:10:00,2026-04-08 15:10:00,2026-04-09 09:01:00,1071,11,96600,90800,91800,4.969,-66105,-6.221,-1.25,0.414,-6.004,0,0,NextDayOpen,"오버나잇: 등락 +27.8%, 범위 위치 97%",익일 시초 매도,27.78,6.99,0.966,582.8,0.348,1.69,1,370,5,0,0,1.2,True
051910#1218-20260409091620,051910,LG화학,ORB,FullAuto,Paper,Backtest,2026-04-09 09:16:20,2026-04-09 09:16:20,2026-04-09 15:05:00,348.7,4,357000,358000,346500,2.941,708,0.050,0.02,2.801,-0.700,0,0,ForceClose,"ORB5 고가 356,500 돌파 (범위 4.2%, 등락 +3.6%)",장마감 강제청산,3.63,1.21,1,596.5,0.780,10.38,1,16,3,10,0,1.2,False
065440#1229-20260409151000,065440,이루온,오버나잇,FullAuto,Paper,Backtest,2026-04-09 15:10:00,2026-04-09 15:10:00,2026-04-09 15:18:27,8.5,238,4805,4565,4565,4.995,-59625,-5.214,-1.04,1.665,-4.995,0,0,StopLoss,"오버나잇: 등락 +22.8%, 범위 위치 66%","손절 (4,565)",22.76,1.02,0.665,158.5,1.280,4.62,1,370,5,0,0,1.2,True
079550#1222-20260409151000,079550,LIG디펜스앤에어로스페이스,오버나잇,FullAuto,Paper,Backtest,2026-04-09 15:10:00,2026-04-09 15:10:00,2026-04-10 09:01:00,1071,1,891000,889000,847000,4.938,-4044,-0.454,-0.09,0.561,-0.112,0,-0.112,NextDayOpen,"오버나잇: 등락 +6.8%, 범위 위치 68%",익일 시초 매도,6.83,0.94,0.676,311.6,0.289,0.51,1,370,5,0,0,1.2,True
006400#1223-20260409151000,006400,삼성SDI,오버나잇,FullAuto,Paper,Backtest,2026-04-09 15:10:00,2026-04-09 15:10:00,2026-04-10 09:01:00,1071,2,480500,482500,456500,4.995,1782,0.185,0.04,0.520,-0.520,0,-0.104,NextDayOpen,"오버나잇: 등락 +1.3%, 범위 위치 45%",익일 시초 매도,1.27,-0.99,0.449,274.2,0.208,2.30,1,370,5,0,0,1.2,True
278470#1224-20260409151000,278470,에이피알,오버나잇,FullAuto,Paper,Backtest,2026-04-09 15:10:00,2026-04-09 15:10:00,2026-04-10 09:01:00,1071,3,364500,372500,346500,4.938,21434,1.960,0.40,2.332,-0.274,0,-0.134,NextDayOpen,"오버나잇: 등락 +7.5%, 범위 위치 36%",익일 시초 매도,7.52,-1.77,0.359,317.4,0.333,0.75,1,370,5,0,0,1.2,True
017670#1225-20260409151000,017670,SK텔레콤,오버나잇,FullAuto,Paper,Backtest,2026-04-09 15:10:00,2026-04-09 15:10:00,2026-04-10 09:01:00,1071,12,94300,95000,89600,4.984,5780,0.511,0.10,0.742,-0.424,0,0,NextDayOpen,"오버나잇: 등락 +5.5%, 범위 위치 35%",익일 시초 매도,5.49,-2.11,0.345,326.2,0.197,0.51,1,370,5,0,0,1.2,True
373220#1226-20260409151000,373220,LG에너지솔루션,오버나잇,FullAuto,Paper,Backtest,2026-04-09 15:10:00,2026-04-09 15:10:00,2026-04-10 09:01:00,1071,2,419750,421000,399000,4.943,565,0.067,0.01,0.298,-0.298,0,0,NextDayOpen,"오버나잇: 등락 +2.1%, 범위 위치 86%",익일 시초 매도,2.13,0.50,0.855,734.4,0.170,0.74,2,370,5,0,0,1.2,True
093370#1227-20260409151000,093370,후성,오버나잇,FullAuto,Paper,Backtest,2026-04-09 15:10:00,2026-04-09 15:10:00,2026-04-10 09:01:00,1071,103,11105,10940,10550,4.998,-19588,-1.713,-0.34,1.126,-1.486,0,0,NextDayOpen,"오버나잇: 등락 +14.3%, 범위 위치 59%",익일 시초 매도,14.26,0.66,0.591,206.4,0.380,1.22,2,370,5,0,0,1.2,True
051910#1228-20260409151000,051910,LG화학,오버나잇,FullAuto,Paper,Backtest,2026-04-09 15:10:00,2026-04-09 15:10:00,2026-04-10 09:01:00,1071,3,356500,359000,339000,4.909,5025,0.470,0.10,0.842,-0.982,0,-0.139,NextDayOpen,"오버나잇: 등락 +3.5%, 범위 위치 58%",익일 시초 매도,3.48,-0.55,0.58,493.1,0.250,1.44,1,370,5,0,0,1.2,True
010170#1231-20260410090725,010170,대한광통신,ORB,FullAuto,Paper,Backtest,2026-04-10 09:07:25,2026-04-10 09:07:25,2026-04-10 09:28:27,21,97,15360,16900,14900,2.995,145634,9.775,3.26,10.091,-0.586,0,-0.059,TakeProfit,"ORB5 고가 15,300 돌파 (범위 5.6%, 등락 +8.3%)",목표 익절 +10%,8.32,2.42,1,123.8,1.784,1.96,1,7,3,10,0,1.2,False
038500#1232-20260410091127,038500,삼표시멘트,ORB,FullAuto,Paper,Backtest,2026-04-10 09:11:27,2026-04-10 09:11:27,2026-04-10 10:12:30,61,81,18380,17820,17830,2.992,-48685,-3.270,-1.09,7.127,-3.047,0,-0.056,StopLoss,"ORB5 고가 18,320 돌파 (범위 3.4%, 등락 +9.0%)","손절 (17,830)",8.95,2.42,1,208.1,1.762,4.29,1,11,3,10,0,1.2,False
278470#1238-20260410090522,278470,에이피알,ORB,FullAuto,Paper,Backtest,2026-04-10 09:05:22,2026-04-10 09:05:22,2026-04-10 15:05:00,359.6,3,391500,392500,380000,2.937,293,0.025,0.01,1.149,-2.299,0,0,ForceClose,"ORB5 고가 390,000 돌파 (범위 5.0%, 등락 +6.8%)",장마감 강제청산,6.82,2.02,1,424.2,1.490,1.87,1,5,3,10,0,1.2,False
000660#1245-20260410151000,000660,SK하이닉스,오버나잇,FullAuto,Paper,Backtest,2026-04-10 15:10:00,2026-04-10 15:10:00,2026-04-13 09:01:00,3951,1,1028000,999000,977000,4.961,-31301,-3.045,-0.61,0,-2.821,0,0,NextDayOpen,"오버나잇: 등락 +3.2%, 범위 위치 12%",익일 시초 매도,3.22,-0.56,0.118,396.4,0.153,1.01,1,370,5,0,0,1.2,True
010170#1246-20260410151000,010170,대한광통신,오버나잇,FullAuto,Paper,Backtest,2026-04-10 15:10:00,2026-04-10 15:10:00,2026-04-13 09:01:00,3951,63,18055,17800,17150,5.012,-18645,-1.639,-0.33,0,-1.357,0,-0.056,NextDayOpen,"오버나잇: 등락 +27.3%, 범위 위치 92%",익일 시초 매도,27.26,5.57,0.923,240.6,0.404,0.58,2,370,5,0,0,1.2,True
079550#1248-20260410151000,079550,LIG디펜스앤에어로스페이스,오버나잇,FullAuto,Paper,Backtest,2026-04-10 15:10:00,2026-04-10 15:10:00,2026-04-13 09:01:00,3951,1,925000,978000,879000,4.973,50760,5.488,1.10,5.730,-0.324,0,0,NextDayOpen,"오버나잇: 등락 +3.9%, 범위 위치 64%",익일 시초 매도,3.93,-0.04,0.642,461.2,0.208,1.33,1,370,5,0,0,1.2,True
006400#1251-20260410151000,006400,삼성SDI,오버나잇,FullAuto,Paper,Backtest,2026-04-10 15:10:00,2026-04-10 15:10:00,2026-04-13 09:01:00,3951,2,481250,476000,457000,5.039,-12690,-1.318,-0.26,0.156,-0.987,0,-0.105,NextDayOpen,"오버나잇: 등락 +0.4%, 범위 위치 49%",익일 시초 매도,0.36,-0.21,0.485,569.9,0.208,1.27,2,370,5,0,0,1.2,True
050890#1247-20260410151000,050890,쏠리드,오버나잇,FullAuto,Paper,Backtest,2026-04-10 15:10:00,2026-04-10 15:10:00,2026-04-13 09:01:00,3951,66,17280,16700,16420,4.977,-40820,-3.579,-0.72,0.116,-3.299,0,-0.060,NextDayOpen,"오버나잇: 등락 +21.5%, 범위 위치 79%",익일 시초 매도,21.52,1.62,0.789,202.5,0.351,0.71,1,370,5,0,0,1.2,True
034020#1252-20260410151000,034020,두산에너빌리티,오버나잇,FullAuto,Paper,Backtest,2026-04-10 15:10:00,2026-04-10 15:10:00,2026-04-13 09:01:00,3951,11,100300,97900,95300,4.985,-28879,-2.618,-0.53,0,-2.393,0,0,NextDayOpen,"오버나잇: 등락 +0.3%, 범위 위치 47%",익일 시초 매도,0.30,0.23,0.471,784.2,0.178,1.17,1,370,5,0,0,1.2,True
011930#1249-20260410151000,011930,신성이엔지,오버나잇,FullAuto,Paper,Backtest,2026-04-10 15:10:00,2026-04-10 15:10:00,2026-04-13 09:01:00,3951,30,37700,38050,35850,4.907,7877,0.696,0.14,0.928,-1.061,0,0,NextDayOpen,"오버나잇: 등락 +19.3%, 범위 위치 75%",익일 시초 매도,19.30,0.91,0.753,191.4,0.540,1.43,1,370,5,0,0,1.2,True
000720#1250-20260410151000,000720,현대건설,오버나잇,FullAuto,Paper,Backtest,2026-04-10 15:10:00,2026-04-10 15:10:00,2026-04-13 09:01:00,3951,6,180400,171900,171400,4.989,-53378,-4.931,-0.99,0.055,-4.656,0,-0.058,NextDayOpen,"오버나잇: 등락 +0.1%, 범위 위치 11%",익일 시초 매도,0.11,-1.16,0.108,447.4,0.135,0.51,1,370,5,0,0,1.2,True
046970#1258-20260413090805,046970,우리로,ORB,FullAuto,Paper,Backtest,2026-04-13 09:08:05,2026-04-13 09:08:05,2026-04-13 13:29:25,261.3,183,8230,9060,7990,2.916,148102,9.834,3.37,10.207,-2.795,0,-0.110,TakeProfit,"ORB5 고가 8,220 돌파 (범위 5.4%, 등락 +7.0%)",목표 익절 +10%,7.02,2.06,1,211.2,2.147,0.80,1,8,3,10,0,1.2,False
000660#1268-20260413151000,000660,SK하이닉스,오버나잇,FullAuto,Paper,Backtest,2026-04-13 15:10:00,2026-04-13 15:10:00,2026-04-14 09:01:00,1071,1,1034000,1092000,983000,4.932,55498,5.367,1.09,5.609,-0.097,0,0,NextDayOpen,"오버나잇: 등락 +0.8%, 범위 위치 82%",익일 시초 매도,0.78,0.74,0.82,485.4,0.173,1.54,1,370,5,0,0,1.2,True
010170#1269-20260413151000,010170,대한광통신,오버나잇,FullAuto,Paper,Backtest,2026-04-13 15:10:00,2026-04-13 15:10:00,2026-04-14 09:01:00,1071,58,19720,21650,18740,4.970,109070,9.536,1.92,9.787,-0.025,0,0,NextDayOpen,"오버나잇: 등락 +11.0%, 범위 위치 55%",익일 시초 매도,10.97,-0.12,0.547,225.5,0.427,0.43,1,370,5,0,0,1.2,True
079550#1270-20260413151000,079550,LIG디펜스앤에어로스페이스,오버나잇,FullAuto,Paper,Backtest,2026-04-13 15:10:00,2026-04-13 15:10:00,2026-04-14 09:01:00,1071,1,939000,934000,893000,4.899,-7148,-0.761,-0.16,0.106,-0.639,0,-0.107,NextDayOpen,"오버나잇: 등락 +2.0%, 범위 위치 38%",익일 시초 매도,1.95,-0.09,0.375,598.2,0.205,1.04,1,370,5,0,0,1.2,True
062040#1273-20260413151000,062040,산일전기,오버나잇,FullAuto,Paper,Backtest,2026-04-13 15:10:00,2026-04-13 15:10:00,2026-04-14 09:01:00,1071,6,171900,182900,163400,4.945,63488,6.156,1.24,6.399,-0.175,0,0,NextDayOpen,"오버나잇: 등락 +11.6%, 범위 위치 90%",익일 시초 매도,11.63,2.34,0.897,259.2,0.104,1.57,1,370,5,0,0,1.2,True
490470#1271-20260413151000,490470,세미파이브,오버나잇,FullAuto,Paper,Backtest,2026-04-13 15:10:00,2026-04-13 15:10:00,2026-04-14 09:01:00,1071,31,36450,37150,34650,4.938,19056,1.686,0.34,1.920,-1.920,0,0,NextDayOpen,"오버나잇: 등락 +16.3%, 범위 위치 77%",익일 시초 매도,16.29,4.12,0.771,224.8,0.515,0.61,1,370,5,0,0,1.2,True
025860#1274-20260413151000,025860,남해화학,오버나잇,FullAuto,Paper,Backtest,2026-04-13 15:10:00,2026-04-13 15:10:00,2026-04-14 09:01:00,1071,120,9540,9420,9070,4.927,-17000,-1.485,-0.30,0.105,-1.572,0,-0.106,NextDayOpen,"오버나잇: 등락 +20.0%, 범위 위치 83%",익일 시초 매도,20.03,2.68,0.831,202.4,0.720,0.98,1,370,5,0,0,1.2,True
050890#1272-20260413151000,050890,쏠리드,오버나잇,FullAuto,Paper,Backtest,2026-04-13 15:10:00,2026-04-13 15:10:00,2026-04-14 09:01:00,1071,65,17370,17730,16510,4.951,20755,1.838,0.37,2.130,-0.058,0,-0.056,NextDayOpen,"오버나잇: 등락 +1.7%, 범위 위치 42%",익일 시초 매도,1.70,-0.88,0.418,512.5,0.214,1.24,1,370,5,0,0,1.2,True
000660#1290-20260414151000,000660,SK하이닉스,오버나잇,FullAuto,Paper,Backtest,2026-04-14 15:10:00,2026-04-14 15:10:00,2026-04-15 09:01:00,1071,1,1104000,1165000,1049000,4.982,58331,5.284,1.06,5.525,-0.543,0,0,NextDayOpen,"오버나잇: 등락 +6.9%, 범위 위치 50%",익일 시초 매도,6.88,-0.52,0.5,303.0,0.233,1.51,1,370,5,0,0,1.2,True
034020#1296-20260414151000,034020,두산에너빌리티,오버나잇,FullAuto,Paper,Backtest,2026-04-14 15:10:00,2026-04-14 15:10:00,2026-04-15 09:01:00,1071,11,99800,101800,94900,4.910,19430,1.770,0.36,2.104,-0.100,0,-0.098,NextDayOpen,"오버나잇: 등락 +1.1%, 범위 위치 12%",익일 시초 매도,1.11,-0.38,0.118,754.7,0.115,0.87,1,370,5,0,0,1.2,True
005380#1292-20260414151000,005380,현대차,오버나잇,FullAuto,Paper,Backtest,2026-04-14 15:10:00,2026-04-14 15:10:00,2026-04-15 09:01:00,1071,2,491000,510000,466500,4.990,35660,3.631,0.73,3.870,0,0,0,NextDayOpen,"오버나잇: 등락 +2.3%, 범위 위치 16%",익일 시초 매도,2.29,-0.96,0.16,453.2,0.124,0.61,1,370,5,0,0,1.2,True
006800#1291-20260414151000,006800,미래에셋증권,오버나잇,FullAuto,Paper,Backtest,2026-04-14 15:10:00,2026-04-14 15:10:00,2026-04-15 09:01:00,1071,15,71900,73400,68400,4.868,19972,1.852,0.38,2.086,-0.139,0,0,NextDayOpen,"오버나잇: 등락 +10.3%, 범위 위치 69%",익일 시초 매도,10.28,0.23,0.686,361.9,0.189,0.45,1,370,5,0,0,1.2,True
010120#1293-20260414151000,010120,LS ELECTRIC,오버나잇,FullAuto,Paper,Backtest,2026-04-14 15:10:00,2026-04-14 15:10:00,2026-04-15 09:01:00,1071,6,187900,191200,178600,4.949,17165,1.523,0.31,1.756,-0.745,0,0,NextDayOpen,"오버나잇: 등락 +3.1%, 범위 위치 21%",익일 시초 매도,3.07,-0.67,0.210,392.6,0.169,1.09,1,370,5,0,0,1.2,True
062040#1295-20260414151000,062040,산일전기,오버나잇,FullAuto,Paper,Backtest,2026-04-14 15:10:00,2026-04-14 15:10:00,2026-04-15 09:01:00,1071,6,185100,186300,175900,4.970,4632,0.417,0.08,0.702,-1.243,0,-0.054,NextDayOpen,"오버나잇: 등락 +5.8%, 범위 위치 76%",익일 시초 매도,5.77,2.53,0.757,257.2,0.367,0.70,1,370,5,0,0,1.2,True
375500#1297-20260414151000,375500,DL이앤씨,오버나잇,FullAuto,Paper,Backtest,2026-04-14 15:10:00,2026-04-14 15:10:00,2026-04-15 09:01:00,1071,11,99400,101600,94500,4.930,21634,1.979,0.40,2.213,-0.302,0,0,NextDayOpen,"오버나잇: 등락 +5.2%, 범위 위치 55%",익일 시초 매도,5.19,-1.08,0.547,242.5,0.302,0.97,1,370,5,0,0,1.2,True
046970#1294-20260414151000,046970,우리로,오버나잇,FullAuto,Paper,Backtest,2026-04-14 15:10:00,2026-04-14 15:10:00,2026-04-15 09:03:00,1073,94,12200,12830,11590,5.00,56456,4.923,0.98,5.164,-4.754,0,0,NextDayOpen,"오버나잇: 등락 +22.0%, 범위 위치 68%",익일 시초 매도,22.02,1.74,0.676,186.1,0.785,0.82,1,370,5,0,0,1.2,True
050890#1300-20260415091230,050890,쏠리드,ORB,FullAuto,Paper,Backtest,2026-04-15 09:12:30,2026-04-15 09:12:30,2026-04-15 09:22:27,10,86,17940,19800,17410,2.954,156069,10.116,3.42,10.424,-0.084,0,-0.050,TakeProfit,"ORB5 고가 17,930 돌파 (범위 4.2%, 등락 +6.3%)",목표 익절 +10%,6.28,2.42,1,142.2,1.483,2.74,1,12,3,10,0,1.2,False
078600#1305-20260415090607,078600,대주전자재료,ORB,FullAuto,Paper,Backtest,2026-04-15 09:06:07,2026-04-15 09:06:07,2026-04-15 15:05:00,358.9,12,124700,134700,121000,2.967,116302,7.772,2.62,9.864,-1.363,0,-0.074,ForceClose,"ORB5 고가 124,400 돌파 (범위 4.9%, 등락 +6.0%)",장마감 강제청산,6.04,1.71,1,81.7,1.303,0.34,1,6,3,10,0,1.2,False
000660#1312-20260415151000,000660,SK하이닉스,오버나잇,FullAuto,Paper,Backtest,2026-04-15 15:10:00,2026-04-15 15:10:00,2026-04-16 09:01:00,1071,1,1141000,1141000,1084000,4.996,-2624,-0.230,-0.05,0.263,-0.701,0,0,NextDayOpen,"오버나잇: 등락 +2.1%, 범위 위치 25%",익일 시초 매도,2.15,-1.48,0.25,362.0,0.285,0.88,1,370,5,0,0,1.2,True
034020#1314-20260415151000,034020,두산에너빌리티,오버나잇,FullAuto,Paper,Backtest,2026-04-15 15:10:00,2026-04-15 15:10:00,2026-04-16 09:01:00,1071,11,104000,107800,98800,5.00,39081,3.416,0.68,3.654,-0.096,0,0,NextDayOpen,"오버나잇: 등락 +3.7%, 범위 위치 59%",익일 시초 매도,3.69,-0.39,0.585,502.0,0.206,1.18,1,370,5,0,0,1.2,True
011930#1317-20260415151000,011930,신성이엔지,오버나잇,FullAuto,Paper,Backtest,2026-04-15 15:10:00,2026-04-15 15:10:00,2026-04-16 09:01:00,1071,28,41520,41950,39450,4.986,9341,0.803,0.16,1.156,-0.891,0,-0.119,NextDayOpen,"오버나잇: 등락 +11.0%, 범위 위치 66%",익일 시초 매도,11.02,1.65,0.658,240.6,0.791,0.54,2,370,5,0,0,1.2,True
000720#1316-20260415151000,000720,현대건설,오버나잇,FullAuto,Paper,Backtest,2026-04-15 15:10:00,2026-04-15 15:10:00,2026-04-16 09:01:00,1071,6,178700,181600,169800,4.980,14898,1.389,0.28,1.623,-0.056,0,0,NextDayOpen,"오버나잇: 등락 +0.4%, 범위 위치 15%",익일 시초 매도,0.45,-1.87,0.152,371.9,0.244,0.72,1,370,5,0,0,1.2,True
050890#1315-20260415151000,050890,쏠리드,오버나잇,FullAuto,Paper,Backtest,2026-04-15 15:10:00,2026-04-15 15:10:00,2026-04-16 09:01:00,1071,64,18155,18410,17250,4.985,13614,1.172,0.24,1.460,-0.193,0,-0.054,NextDayOpen,"오버나잇: 등락 +7.6%, 범위 위치 35%",익일 시초 매도,7.55,-2.96,0.348,177.6,0.216,0.96,2,370,5,0,0,1.2,True
100790#1318-20260415151000,100790,미래에셋벤처투자,오버나잇,FullAuto,Paper,Backtest,2026-04-15 15:10:00,2026-04-15 15:10:00,2026-04-16 09:01:00,1071,29,39200,40500,37250,4.974,35005,3.079,0.62,3.316,-0.128,0,0,NextDayOpen,"오버나잇: 등락 +0.8%, 범위 위치 31%",익일 시초 매도,0.77,-2.31,0.309,392.2,0.415,1.95,1,370,5,0,0,1.2,True
011930#1323-20260416090520,011930,신성이엔지,ORB,FullAuto,Paper,Backtest,2026-04-16 09:05:20,2026-04-16 09:05:20,2026-04-16 09:23:12,17.9,35,44550,49000,43250,2.918,151830,9.737,3.34,10.101,0,0,-0.102,TakeProfit,"ORB5 고가 44,400 돌파 (범위 5.8%, 등락 +8.1%)",목표 익절 +10%,8.13,2.56,1,222.1,3.367,2.98,1,5,3,10,0,1.2,False
059090#1326-20260416090622,059090,미코,ORB,FullAuto,Paper,Backtest,2026-04-16 09:06:22,2026-04-16 09:06:22,2026-04-16 12:25:22,199,136,17350,19140,16830,2.997,237491,10.065,3.36,10.375,-0.922,0,-0.052,TakeProfit,"ORB5 고가 17,340 돌파 (범위 2.9%, 등락 +4.1%) · A등급",목표 익절 +10%,4.08,0.90,1,170.5,1.398,3.94,1,6,3,10,0,1.2,False
034020#1322-20260416091127,034020,두산에너빌리티,ORB,FullAuto,Paper,Backtest,2026-04-16 09:11:27,2026-04-16 09:11:27,2026-04-16 15:05:00,353.5,21,109100,110500,105900,2.933,24068,1.050,0.36,2.658,-0.550,0,0,ForceClose,"ORB5 고가 109,000 돌파 (범위 2.3%, 등락 +4.6%) · A등급",장마감 강제청산,4.60,0.81,1,272.8,0.647,3.27,1,11,3,10,0,1.2,False
000660#1332-20260416151000,000660,SK하이닉스,오버나잇,FullAuto,Paper,Backtest,2026-04-16 15:10:00,2026-04-16 15:10:00,2026-04-17 09:01:00,1071,1,1154000,1148000,1097000,4.939,-8641,-0.749,-0.15,0,-0.433,0,-0.087,NextDayOpen,"오버나잇: 등락 +1.3%, 범위 위치 74%",익일 시초 매도,1.32,0.44,0.742,488.4,0.167,0.55,1,370,5,0,0,1.2,True
034020#1333-20260416151000,034020,두산에너빌리티,오버나잇,FullAuto,Paper,Backtest,2026-04-16 15:10:00,2026-04-16 15:10:00,2026-04-17 09:01:00,1071,10,110400,111600,104900,4.982,9436,0.855,0.17,1.087,0,0,0,NextDayOpen,"오버나잇: 등락 +5.8%, 범위 위치 71%",익일 시초 매도,5.85,0.12,0.709,405.0,0.155,1.11,1,370,5,0,0,1.2,True
402340#1339-20260416151000,402340,SK스퀘어,오버나잇,FullAuto,Paper,Backtest,2026-04-16 15:10:00,2026-04-16 15:10:00,2026-04-17 09:01:00,1071,1,688000,695000,654000,4.942,5403,0.785,0.16,1.017,-0.581,0,0,NextDayOpen,"오버나잇: 등락 +3.6%, 범위 위치 100%",익일 시초 매도,3.62,1.36,1,783.3,0.260,0.83,1,370,5,0,0,1.2,True
042660#1337-20260416151000,042660,한화오션,오버나잇,FullAuto,Paper,Backtest,2026-04-16 15:10:00,2026-04-16 15:10:00,2026-04-17 09:01:00,1071,9,130800,131900,124300,4.969,7172,0.609,0.12,0.841,-0.229,0,0,NextDayOpen,"오버나잇: 등락 +3.8%, 범위 위치 76%",익일 시초 매도,3.81,0.48,0.765,428.1,0.202,0.85,1,370,5,0,0,1.2,True
001440#1334-20260416151000,001440,대한전선,오버나잇,FullAuto,Paper,Backtest,2026-04-16 15:10:00,2026-04-16 15:10:00,2026-04-17 09:01:00,1071,28,41800,42100,39750,4.904,5692,0.486,0.10,0.718,-0.120,0,0,NextDayOpen,"오버나잇: 등락 +1.3%, 범위 위치 59%",익일 시초 매도,1.33,-0.10,0.591,715.5,0.154,0.77,1,370,5,0,0,1.2,True
011790#1336-20260416151000,011790,SKC,오버나잇,FullAuto,Paper,Backtest,2026-04-16 15:10:00,2026-04-16 15:10:00,2026-04-17 09:01:00,1071,9,120800,117000,114800,4.967,-36626,-3.369,-0.68,0.662,-3.146,0,0,NextDayOpen,"오버나잇: 등락 +21.1%, 범위 위치 94%",익일 시초 매도,21.06,3.68,0.940,302.6,0.385,0.29,1,370,5,0,0,1.2,True
011930#1335-20260416151000,011930,신성이엔지,오버나잇,FullAuto,Paper,Backtest,2026-04-16 15:10:00,2026-04-16 15:10:00,2026-04-17 09:01:00,1071,27,43300,43200,41150,4.965,-5381,-0.460,-0.09,0.346,-1.155,0,-0.116,NextDayOpen,"오버나잇: 등락 +5.1%, 범위 위치 17%",익일 시초 매도,5.10,-5.69,0.174,196.5,0.449,0.40,1,370,5,0,0,1.2,True
158430#1338-20260416151000,158430,아톤,오버나잇,FullAuto,Paper,Backtest,2026-04-16 15:10:00,2026-04-16 15:10:00,2026-04-17 09:01:00,1071,131,9140,9110,8690,4.923,-6674,-0.557,-0.11,1.422,-2.298,0,0,NextDayOpen,"오버나잇: 등락 +3.6%, 범위 위치 2%",익일 시초 매도,3.63,-13.25,0.022,143.7,1.329,1.17,1,370,5,0,0,1.2,True
046970#1319-20260415151000,046970,우리로,오버나잇,FullAuto,Paper,Backtest,2026-04-15 15:10:00,2026-04-15 15:10:00,2026-04-17 09:03:00,2513,81,14270,12000,13560,4.975,-186132,-16.103,-3.24,1.472,-15.907,0,0,NextDayOpen,"오버나잇: 등락 +20.3%, 범위 위치 77%",익일 시초 매도,20.32,1.86,0.767,265.8,0.566,0.92,1,370,5,0,0,1.2,True
005490#1342-20260417090525,005490,POSCO홀딩스,ORB,FullAuto,Paper,Backtest,2026-04-17 09:05:25,2026-04-17 09:05:25,2026-04-17 15:05:00,359.6,4,384000,385000,372500,2.995,459,0.030,0.01,0.521,-2.214,0,-0.130,ForceClose,"ORB5 고가 383,500 돌파 (범위 1.9%, 등락 +3.6%)",장마감 강제청산,3.64,0.75,1,573.2,0.825,3.16,1,5,3,10,0,1.2,False
017900#1355-20260417151000,017900,광전자,오버나잇,FullAuto,Paper,Backtest,2026-04-17 15:10:00,2026-04-17 15:10:00,2026-04-17 15:19:27,9.5,86,14310,13570,13600,4.962,-66333,-5.390,-1.09,1.328,-5.171,0,-0.221,StopLoss,"오버나잇: 등락 +10.9%, 범위 위치 79%","손절 (13,600)",10.93,7.37,0.794,145.1,2.835,0.47,1,370,5,0,0,1.2,True
009150#1353-20260417151000,009150,삼성전기,오버나잇,FullAuto,Paper,Backtest,2026-04-17 15:10:00,2026-04-17 15:10:00,2026-04-20 09:01:00,3951,1,678000,691000,645000,4.867,11414,1.683,0.35,1.917,0,0,0,NextDayOpen,"오버나잇: 등락 +5.4%, 범위 위치 71%",익일 시초 매도,5.44,0.53,0.706,1895.8,0.200,1.08,1,370,5,0,0,1.2,True
010170#1354-20260417151000,010170,대한광통신,오버나잇,FullAuto,Paper,Backtest,2026-04-17 15:10:00,2026-04-17 15:10:00,2026-04-20 09:01:00,3951,78,15790,15590,15010,4.940,-18398,-1.494,-0.30,0.443,-1.203,0,-0.064,NextDayOpen,"오버나잇: 등락 +5.1%, 범위 위치 33%",익일 시초 매도,5.06,-0.78,0.328,224.1,0.770,0.44,1,370,5,0,0,1.2,True
005490#1359-20260417151000,005490,POSCO홀딩스,오버나잇,FullAuto,Paper,Backtest,2026-04-17 15:10:00,2026-04-17 15:10:00,2026-04-20 09:01:00,3951,3,385500,386500,366500,4.929,335,0.029,0.01,0.259,-0.130,0,0,NextDayOpen,"오버나잇: 등락 +4.0%, 범위 위치 95%",익일 시초 매도,4.05,0.79,0.952,485.0,0.185,1.00,1,370,5,0,0,1.2,True
066970#1357-20260417151000,066970,엘앤에프,오버나잇,FullAuto,Paper,Backtest,2026-04-17 15:10:00,2026-04-17 15:10:00,2026-04-20 09:01:00,3951,6,185400,184600,176200,4.962,-7347,-0.660,-0.13,0.054,-0.431,0,0,NextDayOpen,"오버나잇: 등락 +9.3%, 범위 위치 96%",익일 시초 매도,9.32,2.44,0.965,273.9,0.212,1.04,1,370,5,0,0,1.2,True
100790#1352-20260417151000,100790,미래에셋벤처투자,오버나잇,FullAuto,Paper,Backtest,2026-04-17 15:10:00,2026-04-17 15:10:00,2026-04-20 09:01:00,3951,26,46600,45300,44300,4.936,-36512,-3.014,-0.61,0.215,-2.682,0,-0.110,NextDayOpen,"오버나잇: 등락 +20.4%, 범위 위치 82%",익일 시초 매도,20.41,1.59,0.815,273.2,0.483,0.90,1,370,5,0,0,1.2,True
027360#1356-20260417151000,027360,아주IB투자,오버나잇,FullAuto,Paper,Backtest,2026-04-17 15:10:00,2026-04-17 15:10:00,2026-04-20 09:01:00,3951,103,11960,11880,11370,4.933,-11054,-0.897,-0.18,1.254,-0.753,0,-0.084,NextDayOpen,"오버나잇: 등락 +9.0%, 범위 위치 52%",익일 시초 매도,9.02,-3.15,0.515,180.1,0.532,1.48,1,370,5,0,0,1.2,True
093370#1358-20260417151000,093370,후성,오버나잇,FullAuto,Paper,Backtest,2026-04-17 15:10:00,2026-04-17 15:10:00,2026-04-20 09:01:00,3951,89,13870,13280,13180,4.975,-55235,-4.475,-0.90,0.505,-4.182,0,-0.075,NextDayOpen,"오버나잇: 등락 +22.7%, 범위 위치 76%",익일 시초 매도,22.74,2.38,0.764,264.3,0.474,0.77,1,370,5,0,0,1.2,True
007660#1364-20260420090520,007660,이수페타시스,ORB,FullAuto,Paper,Backtest,2026-04-20 09:05:20,2026-04-20 09:05:20,2026-04-20 15:05:00,359.7,12,127100,133300,123300,2.990,70734,4.638,1.55,7.868,-0.315,0,-0.075,ForceClose,"ORB5 고가 126,800 돌파 (범위 5.0%, 등락 +5.0%)",장마감 강제청산,4.95,1.45,1,544.3,1.075,2.82,1,5,3,10,0,1.2,False
001440#1362-20260420090520,001440,대한전선,ORB,FullAuto,Paper,Backtest,2026-04-20 09:05:20,2026-04-20 09:05:20,2026-04-20 15:05:00,359.7,58,40850,40400,39650,2.938,-31492,-1.329,-0.45,4.712,-2.693,0,-0.124,ForceClose,"ORB5 고가 40,800 돌파 (범위 3.9%, 등락 +3.9%) · A등급",장마감 강제청산,3.94,1.24,1,987.6,1.102,2.81,1,5,3,10,0,1.2,False
000660#1373-20260420151000,000660,SK하이닉스,오버나잇,FullAuto,Paper,Backtest,2026-04-20 15:10:00,2026-04-20 15:10:00,2026-04-21 09:01:00,1071,1,1166000,1195000,1108000,4.974,26257,2.252,0.45,2.573,-0.257,0,-0.084,NextDayOpen,"오버나잇: 등락 +1.8%, 범위 위치 71%",익일 시초 매도,1.84,0.23,0.706,659.9,0.166,1.44,1,370,5,0,0,1.2,True
034020#1374-20260420151000,034020,두산에너빌리티,오버나잇,FullAuto,Paper,Backtest,2026-04-20 15:10:00,2026-04-20 15:10:00,2026-04-21 09:01:00,1071,10,111100,113500,105600,4.950,21394,1.926,0.39,2.160,-0.090,0,0,NextDayOpen,"오버나잇: 등락 +1.7%, 범위 위치 41%",익일 시초 매도,1.74,-1.39,0.410,626.2,0.135,1.92,1,370,5,0,0,1.2,True
086520#1377-20260420151000,086520,에코프로,오버나잇,FullAuto,Paper,Backtest,2026-04-20 15:10:00,2026-04-20 15:10:00,2026-04-21 09:01:00,1071,7,155300,159700,147600,4.958,28235,2.597,0.52,2.833,-0.064,0,0,NextDayOpen,"오버나잇: 등락 +2.2%, 범위 위치 51%",익일 시초 매도,2.24,-0.59,0.510,462.2,0.115,1.05,1,370,5,0,0,1.2,True
079550#1378-20260420151000,079550,LIG디펜스앤에어로스페이스,오버나잇,FullAuto,Paper,Backtest,2026-04-20 15:10:00,2026-04-20 15:10:00,2026-04-21 09:01:00,1071,1,928000,918000,882000,4.957,-12112,-1.305,-0.26,0.323,-1.078,0,0,NextDayOpen,"오버나잇: 등락 +5.8%, 범위 위치 71%",익일 시초 매도,5.82,1.41,0.709,444.6,0.254,0.53,1,370,5,0,0,1.2,True
402340#1380-20260420151000,402340,SK스퀘어,오버나잇,FullAuto,Paper,Backtest,2026-04-20 15:10:00,2026-04-20 15:10:00,2026-04-21 09:01:00,1071,1,701000,713000,666000,4.993,10363,1.478,0.30,1.854,-0.143,0,-0.140,NextDayOpen,"오버나잇: 등락 +1.4%, 범위 위치 33%",익일 시초 매도,1.45,-1.30,0.333,400.8,0.336,0.86,1,370,5,0,0,1.2,True
001440#1376-20260420151000,001440,대한전선,오버나잇,FullAuto,Paper,Backtest,2026-04-20 15:10:00,2026-04-20 15:10:00,2026-04-21 09:01:00,1071,30,40600,40550,38600,4.926,-4297,-0.353,-0.07,0.246,-0.369,0,-0.123,NextDayOpen,"오버나잇: 등락 +3.3%, 범위 위치 38%",익일 시초 매도,3.31,-1.23,0.383,260.6,0.229,1.12,1,370,5,0,0,1.2,True
007660#1375-20260420151000,007660,이수페타시스,오버나잇,FullAuto,Paper,Backtest,2026-04-20 15:10:00,2026-04-20 15:10:00,2026-04-21 09:01:00,1071,9,133250,134800,126600,4.991,11164,0.931,0.19,1.163,-0.188,0,0,NextDayOpen,"오버나잇: 등락 +10.0%, 범위 위치 76%",익일 시초 매도,10.03,0.79,0.764,333.8,0.155,0.58,2,370,5,0,0,1.2,True
356680#1379-20260420151000,356680,엑스게이트,오버나잇,FullAuto,Paper,Backtest,2026-04-20 15:10:00,2026-04-20 15:10:00,2026-04-21 09:01:00,1071,74,16340,16630,15530,4.957,18634,1.541,0.31,1.836,-0.857,0,-0.060,NextDayOpen,"오버나잇: 등락 +8.9%, 범위 위치 42%",익일 시초 매도,8.94,-5.50,0.421,227.3,1.201,0.96,1,370,5,0,0,1.2,True
006360#1383-20260421090730,006360,GS건설,ORB,FullAuto,Paper,Backtest,2026-04-21 09:07:30,2026-04-21 09:07:30,2026-04-21 11:40:30,153,58,40150,44200,38950,2.989,229040,9.836,3.29,10.212,-0.374,0,-0.113,TakeProfit,"ORB5 고가 40,100 돌파 (범위 2.8%, 등락 +5.5%) · A등급",목표 익절 +10%,5.52,1.05,1,220.1,1.171,1.47,1,8,3,10,0,1.2,False
034020#1382-20260421090515,034020,두산에너빌리티,ORB,FullAuto,Paper,Backtest,2026-04-21 09:05:15,2026-04-21 09:05:15,2026-04-21 15:05:00,359.8,19,116400,115100,113000,2.921,-29732,-1.344,-0.46,0,-2.749,0,-0.087,ForceClose,"ORB5 고가 116,300 돌파 (범위 3.3%, 등락 +4.8%) · A등급",장마감 강제청산,4.77,1.37,1,373.8,1.145,1.42,1,5,3,10,0,1.2,False
005490#1385-20260421091122,005490,POSCO홀딩스,ORB,FullAuto,Paper,Backtest,2026-04-21 09:11:22,2026-04-21 09:11:22,2026-04-21 15:05:00,353.6,4,405000,418750,393000,2.963,51156,3.158,1.07,4.198,-0.123,0,-0.119,ForceClose,"ORB5 고가 404,500 돌파 (범위 2.1%, 등락 +3.6%) · A등급",장마감 강제청산,3.58,0.98,1,733.8,0.713,2.46,1,11,3,10,0,1.2,False
375500#1386-20260421090627,375500,DL이앤씨,ORB,FullAuto,Paper,Backtest,2026-04-21 09:06:27,2026-04-21 09:06:27,2026-04-21 15:05:00,358.5,24,98700,100200,95800,2.938,30476,1.287,0.44,7.194,-1.216,0,-0.100,ForceClose,"ORB5 고가 98,600 돌파 (범위 2.6%, 등락 +3.4%) · A등급",장마감 강제청산,3.35,0.94,1,561.7,1.114,1.61,1,6,3,10,0,1.2,False
009150#1393-20260421151000,009150,삼성전기,오버나잇,FullAuto,Paper,Backtest,2026-04-21 15:10:00,2026-04-21 15:10:00,2026-04-22 09:01:00,1071,1,769000,798000,731000,4.941,27170,3.533,0.72,3.771,-0.520,0,0,NextDayOpen,"오버나잇: 등락 +12.6%, 범위 위치 89%",익일 시초 매도,12.59,3.30,0.892,479.7,0.251,1.86,1,370,5,0,0,1.2,True
034020#1395-20260421151000,034020,두산에너빌리티,오버나잇,FullAuto,Paper,Backtest,2026-04-21 15:10:00,2026-04-21 15:10:00,2026-04-22 09:01:00,1071,10,115400,114900,109700,4.939,-7643,-0.662,-0.13,0.087,-0.347,0,-0.087,NextDayOpen,"오버나잇: 등락 +3.9%, 범위 위치 74%",익일 시초 매도,3.87,0.64,0.737,367.7,0.118,1.32,1,370,5,0,0,1.2,True
373220#1394-20260421151000,373220,LG에너지솔루션,오버나잇,FullAuto,Paper,Backtest,2026-04-21 15:10:00,2026-04-21 15:10:00,2026-04-22 09:01:00,1071,2,473500,491500,450000,4.963,33745,3.563,0.72,3.801,-0.106,0,0,NextDayOpen,"오버나잇: 등락 +9.6%, 범위 위치 94%",익일 시초 매도,9.61,1.77,0.940,451.4,0.211,1.16,1,370,5,0,0,1.2,True
086520#1397-20260421151000,086520,에코프로,오버나잇,FullAuto,Paper,Backtest,2026-04-21 15:10:00,2026-04-21 15:10:00,2026-04-22 09:01:00,1071,7,163100,166600,155000,4.966,21823,1.911,0.38,2.146,-0.061,0,0,NextDayOpen,"오버나잇: 등락 +4.2%, 범위 위치 78%",익일 시초 매도,4.22,1.16,0.779,433.9,0.114,1.06,1,370,5,0,0,1.2,True
005490#1396-20260421151000,005490,POSCO홀딩스,오버나잇,FullAuto,Paper,Backtest,2026-04-21 15:10:00,2026-04-21 15:10:00,2026-04-22 09:01:00,1071,2,419500,419500,399000,4.887,-1928,-0.230,-0.05,0.238,-0.119,0,-0.119,NextDayOpen,"오버나잇: 등락 +7.3%, 범위 위치 90%",익일 시초 매도,7.29,1.47,0.904,560.8,0.136,1.18,1,370,5,0,0,1.2,True
010170#1399-20260421151000,010170,대한광통신,오버나잇,FullAuto,Paper,Backtest,2026-04-21 15:10:00,2026-04-21 15:10:00,2026-04-22 09:01:00,1071,78,15580,15690,14810,4.942,5768,0.475,0.10,1.861,-0.064,0,-0.064,NextDayOpen,"오버나잇: 등락 +2.6%, 범위 위치 93%",익일 시초 매도,2.57,5.97,0.934,208.1,0.821,0.70,1,370,5,0,0,1.2,True
080220#1398-20260421151000,080220,제주반도체,오버나잇,FullAuto,Paper,Backtest,2026-04-21 15:10:00,2026-04-21 15:10:00,2026-04-22 09:01:00,1071,25,47000,46100,44650,5.00,-25153,-2.141,-0.43,0.213,-1.809,0,-0.108,NextDayOpen,"오버나잇: 등락 +9.3%, 범위 위치 58%",익일 시초 매도,9.30,-0.06,0.579,233.9,0.236,2.23,1,370,5,0,0,1.2,True
222080#1402-20260422090527,222080,SFA넥셀,ORB,FullAuto,Paper,Backtest,2026-04-22 09:05:27,2026-04-22 09:05:27,2026-04-22 09:06:27,1,92,17870,17300,17340,2.966,-56107,-3.413,-1.15,0.448,-3.190,0,-0.231,StopLoss,"ORB5 고가 17,840 돌파 (범위 5.9%, 등락 +9.6%)","손절 (17,340)",9.56,2.38,1,164.8,2.910,1.72,1,5,3,10,0,1.2,False
018470#1406-20260422090507,018470,조일알미늄,ORB,FullAuto,Paper,Backtest,2026-04-22 09:05:07,2026-04-22 09:05:07,2026-04-22 09:31:30,26.4,185,8910,9825,8650,2.918,165121,10.017,3.43,10.382,-1.066,0,-0.102,TakeProfit,"ORB5 고가 8,900 돌파 (범위 5.1%, 등락 +6.8%)",목표 익절 +10%,6.77,2.48,1,107.9,2.058,1.39,1,5,3,10,0,1.2,False
010820#1405-20260422090505,010820,퍼스텍,ORB,FullAuto,Paper,Backtest,2026-04-22 09:05:05,2026-04-22 09:05:05,2026-04-22 09:39:27,34.4,162,15270,16860,14820,2.947,251338,10.160,3.45,10.478,-1.310,0,-0.059,TakeProfit,"ORB5 고가 15,260 돌파 (범위 4.0%, 등락 +6.0%) · A등급",목표 익절 +10%,5.97,1.95,1,204.4,1.877,0.91,1,5,3,10,0,1.2,False
011790#1407-20260422090630,011790,SKC,ORB,FullAuto,Paper,Backtest,2026-04-22 09:06:30,2026-04-22 09:06:30,2026-04-22 10:30:25,83.9,14,116500,113100,113100,2.918,-51247,-3.142,-1.08,0.773,-2.918,0,0,StopLoss,"ORB5 고가 116,300 돌파 (범위 1.6%, 등락 +5.0%)","손절 (113,100)",4.95,1.16,1,181.3,0.773,1.61,1,6,3,10,0,1.2,False
007660#1400-20260422091130,007660,이수페타시스,ORB,FullAuto,Paper,Backtest,2026-04-22 09:11:30,2026-04-22 09:11:30,2026-04-22 11:51:30,160,16,139800,153800,135700,2.933,218375,9.763,3.33,10.086,-0.358,0,-0.065,TakeProfit,"ORB5 고가 139,700 돌파 (범위 3.7%, 등락 +4.5%) · A등급",목표 익절 +10%,4.48,1.17,1,195.7,0.755,2.18,1,12,3,10,0,1.2,False
009150#1416-20260422151000,009150,삼성전기,오버나잇,FullAuto,Paper,Backtest,2026-04-22 15:10:00,2026-04-22 15:10:00,2026-04-23 09:01:00,1071,1,812000,796000,772000,4.926,-17832,-2.196,-0.45,0.123,-1.970,0,0,NextDayOpen,"오버나잇: 등락 +4.5%, 범위 위치 90%",익일 시초 매도,4.50,1.09,0.9,1164.7,0.150,4.13,1,370,5,0,0,1.2,True
010120#1421-20260422151000,010120,LS ELECTRIC,오버나잇,FullAuto,Paper,Backtest,2026-04-22 15:10:00,2026-04-22 15:10:00,2026-04-23 09:01:00,1071,6,193700,211500,184100,4.956,103898,8.940,1.80,9.189,-0.103,0,0,NextDayOpen,"오버나잇: 등락 +4.0%, 범위 위치 55%",익일 시초 매도,3.97,0.62,0.549,462.8,0.122,0.96,1,370,5,0,0,1.2,True
007660#1415-20260422151000,007660,이수페타시스,오버나잇,FullAuto,Paper,Backtest,2026-04-22 15:10:00,2026-04-22 15:10:00,2026-04-23 09:01:00,1071,7,161500,155700,153500,4.954,-43111,-3.813,-0.77,0,-3.591,0,0,NextDayOpen,"오버나잇: 등락 +20.6%, 범위 위치 89%",익일 시초 매도,20.63,6.07,0.887,209.1,0.363,0.48,1,370,5,0,0,1.2,True
042660#1418-20260422151000,042660,한화오션,오버나잇,FullAuto,Paper,Backtest,2026-04-22 15:10:00,2026-04-22 15:10:00,2026-04-23 09:01:00,1071,9,134600,136300,127900,4.978,12482,1.030,0.21,1.263,-0.297,0,0,NextDayOpen,"오버나잇: 등락 +1.7%, 범위 위치 75%",익일 시초 매도,1.66,0.81,0.755,465.6,0.180,0.94,1,370,5,0,0,1.2,True
079550#1414-20260422151000,079550,LIG디펜스앤에어로스페이스,오버나잇,FullAuto,Paper,Backtest,2026-04-22 15:10:00,2026-04-22 15:10:00,2026-04-23 09:01:00,1071,1,1017000,993000,967000,4.916,-26286,-2.585,-0.53,0.295,-2.360,0,0,NextDayOpen,"오버나잇: 등락 +3.8%, 범위 위치 35%",익일 시초 매도,3.78,-0.93,0.353,310.0,0.260,0.72,1,370,5,0,0,1.2,True
027360#1419-20260422151000,027360,아주IB투자,오버나잇,FullAuto,Paper,Backtest,2026-04-22 15:10:00,2026-04-22 15:10:00,2026-04-23 09:01:00,1071,87,14200,14340,13490,5.00,9313,0.754,0.15,1.056,-0.634,0,-0.070,NextDayOpen,"오버나잇: 등락 +17.1%, 범위 위치 62%",익일 시초 매도,17.08,-0.90,0.624,230.7,0.357,0.82,1,370,5,0,0,1.2,True
036930#1417-20260422151000,036930,주성엔지니어링,오버나잇,FullAuto,Paper,Backtest,2026-04-22 15:10:00,2026-04-22 15:10:00,2026-04-23 09:01:00,1071,10,120900,120400,114900,4.963,-7769,-0.643,-0.13,0.331,-0.414,0,0,NextDayOpen,"오버나잇: 등락 +1.7%, 범위 위치 71%",익일 시초 매도,1.68,1.99,0.708,257.8,0.372,0.57,1,370,5,0,0,1.2,True
322000#1420-20260422151000,322000,HD현대에너지솔루션,오버나잇,FullAuto,Paper,Backtest,2026-04-22 15:10:00,2026-04-22 15:10:00,2026-04-23 09:01:00,1071,6,182000,183000,172900,5.00,3477,0.318,0.06,0.549,-0.275,0,0,NextDayOpen,"오버나잇: 등락 +7.0%, 범위 위치 52%",익일 시초 매도,7.00,-1.33,0.520,181.3,0.240,0.61,1,370,5,0,0,1.2,True
058470#1429-20260423090530,058470,리노공업,ORB,FullAuto,Paper,Backtest,2026-04-23 09:05:30,2026-04-23 09:05:30,2026-04-23 09:17:25,11.9,13,128100,124200.00,124300,2.966,-54420,-3.268,-1.10,0.703,-3.044,0,-0.080,StopLoss,"ORB5 고가 127,600 돌파 (범위 4.1%, 등락 +6.6%)","손절 (124,300)",6.57,1.81,1,339.8,1.405,2.09,1,6,3,10,0,1.2,False
103590#1431-20260423090522,103590,일진전기,ORB,FullAuto,Paper,Backtest,2026-04-23 09:05:22,2026-04-23 09:05:22,2026-04-23 10:55:30,110.1,27,93200,90400,90500,2.897,-81224,-3.228,-1.11,1.824,-3.004,0,-0.110,StopLoss,"ORB5 고가 93,100 돌파 (범위 2.1%, 등락 +5.8%) · A등급","손절 (90,500)",5.79,0.98,1,200.0,1.359,2.48,1,5,3,10,0,1.2,False
034020#1425-20260423090527,034020,두산에너빌리티,ORB,FullAuto,Paper,Backtest,2026-04-23 09:05:27,2026-04-23 09:05:27,2026-04-23 12:13:25,188,19,123100,119500.00,119500,2.924,-73631,-3.148,-1.08,0.650,-2.924,0,0.000,StopLoss,"ORB5 고가 123,000 돌파 (범위 3.8%, 등락 +6.3%) · A등급","손절 (119,500)",6.30,1.57,1,294.8,1.340,1.53,1,5,3,10,0,1.2,False
000660#1435-20260423151000,000660,SK하이닉스,오버나잇,FullAuto,Paper,Backtest,2026-04-23 15:10:00,2026-04-23 15:10:00,2026-04-24 09:01:00,1071,1,1223000,1236000,1162000,4.988,10160,0.831,0.17,1.145,-0.491,0,-0.081,NextDayOpen,"오버나잇: 등락 +0.2%, 범위 위치 46%",익일 시초 매도,0.16,-0.45,0.464,503.5,0.167,0.60,1,370,5,0,0,1.2,True
034020#1436-20260423151000,034020,두산에너빌리티,오버나잇,FullAuto,Paper,Backtest,2026-04-23 15:10:00,2026-04-23 15:10:00,2026-04-24 09:01:00,1071,10,122400,122900,116300,4.984,2175,0.178,0.04,0.490,-0.245,0,-0.081,NextDayOpen,"오버나잇: 등락 +5.7%, 범위 위치 74%",익일 시초 매도,5.70,0.71,0.741,309.8,0.181,1.53,1,370,5,0,0,1.2,True
010140#1437-20260423151000,010140,삼성중공업,오버나잇,FullAuto,Paper,Backtest,2026-04-23 15:10:00,2026-04-23 15:10:00,2026-04-24 09:01:00,1071,37,34100,35050,32400,4.985,32174,2.550,0.51,2.786,-0.880,0,0,NextDayOpen,"오버나잇: 등락 +6.1%, 범위 위치 63%",익일 시초 매도,6.07,0.59,0.634,503.3,0.315,0.67,1,370,5,0,0,1.2,True
047040#1438-20260423151000,047040,대우건설,오버나잇,FullAuto,Paper,Backtest,2026-04-23 15:10:00,2026-04-23 15:10:00,2026-04-24 09:01:00,1071,38,33250,33150,31600,4.962,-6696,-0.530,-0.11,0.150,-0.602,0,-0.151,NextDayOpen,"오버나잇: 등락 +2.2%, 범위 위치 25%",익일 시초 매도,2.15,-2.39,0.253,385.1,0.279,0.57,1,370,5,0,0,1.2,True
402340#1439-20260423151000,402340,SK스퀘어,오버나잇,FullAuto,Paper,Backtest,2026-04-23 15:10:00,2026-04-23 15:10:00,2026-04-24 09:01:00,1071,1,727000,735000,691000,4.952,6311,0.868,0.18,1.100,-0.688,0,0,NextDayOpen,"오버나잇: 등락 +1.7%, 범위 위치 27%",익일 시초 매도,1.68,-1.02,0.273,764.5,0.206,0.74,1,370,5,0,0,1.2,True
000720#1440-20260423151000,000720,현대건설,오버나잇,FullAuto,Paper,Backtest,2026-04-23 15:10:00,2026-04-23 15:10:00,2026-04-24 09:01:00,1071,7,174900,174500,166200,4.974,-5609,-0.458,-0.09,0.114,-0.229,0,0,NextDayOpen,"오버나잇: 등락 +3.0%, 범위 위치 53%",익일 시초 매도,3.00,-0.07,0.528,580.1,0.123,0.74,1,370,5,0,0,1.2,True
006910#1441-20260423151000,006910,보성파워텍,오버나잇,FullAuto,Paper,Backtest,2026-04-23 15:10:00,2026-04-23 15:10:00,2026-04-24 09:01:00,1071,109,11810,11870,11220,4.996,3566,0.277,0.06,0.508,-0.423,0,0,NextDayOpen,"오버나잇: 등락 +17.6%, 범위 위치 61%",익일 시초 매도,17.65,-0.91,0.614,248.5,0.303,0.75,1,370,5,0,0,1.2,True
322000#1447-20260424090517,322000,HD현대에너지솔루션,ORB,FullAuto,Paper,Backtest,2026-04-24 09:05:17,2026-04-24 09:05:17,2026-04-24 09:13:05,7.8,8,190200,184500,184500,2.997,-49001,-3.220,-1.07,1.840,-2.997,0,0,StopLoss,"ORB5 고가 190,000 돌파 (범위 4.6%, 등락 +5.8%)","손절 (184,500)",5.84,1.54,1,238.9,2.278,3.79,1,5,3,10,0,1.2,False
071970#1450-20260424091125,071970,HD현대마린엔진,ORB,FullAuto,Paper,Backtest,2026-04-24 09:11:25,2026-04-24 09:11:25,2026-04-24 09:34:27,23,24,100800,111000,97800,2.976,238711,9.867,3.32,10.218,-0.198,0,-0.090,TakeProfit,"ORB5 고가 100,700 돌파 (범위 2.7%, 등락 +4.9%) · A등급",목표 익절 +10%,4.89,1.06,1,261.7,0.920,3.42,1,11,3,10,0,1.2,False
079550#1449-20260424091325,079550,LIG디펜스앤에어로스페이스,ORB,FullAuto,Paper,Backtest,2026-04-24 09:13:25,2026-04-24 09:13:25,2026-04-24 15:05:00,351.6,1,1010000,994000,980000,2.970,-18288,-1.811,-0.61,1.386,-2.574,0,0,ForceClose,"ORB5 고가 1,008,000 돌파 (범위 2.9%, 등락 +4.6%) · A등급",장마감 강제청산,4.55,1.32,1,272.9,0.765,4.97,1,13,3,10,0,1.2,False
082740#1451-20260424091025,082740,한화엔진,ORB,FullAuto,Paper,Backtest,2026-04-24 09:10:25,2026-04-24 09:10:25,2026-04-24 15:05:00,354.6,33,73600,75700,71400,2.989,63566,2.617,0.88,8.152,-0.815,0,0,ForceClose,"ORB5 고가 73,500 돌파 (범위 3.4%, 등락 +5.4%) · A등급",장마감 강제청산,5.44,1.64,1,277.1,1.579,1.79,1,10,3,10,0,1.2,False
000660#1456-20260424151000,000660,SK하이닉스,오버나잇,FullAuto,Paper,Backtest,2026-04-24 15:10:00,2026-04-24 15:10:00,2026-04-27 09:01:00,3951,1,1224000,1252000,1163000,4.984,25126,2.053,0.41,2.369,-0.082,0,-0.080,NextDayOpen,"오버나잇: 등락 +0.4%, 범위 위치 63%",익일 시초 매도,0.41,0.42,0.633,680.8,0.123,0.92,1,370,5,0,0,1.2,True
034020#1457-20260424151000,034020,두산에너빌리티,오버나잇,FullAuto,Paper,Backtest,2026-04-24 15:10:00,2026-04-24 15:10:00,2026-04-27 09:01:00,3951,10,127200,130300,120900,4.953,28009,2.202,0.44,2.437,-0.236,0,0,NextDayOpen,"오버나잇: 등락 +4.5%, 범위 위치 83%",익일 시초 매도,4.52,1.22,0.833,666.8,0.101,0.91,1,370,5,0,0,1.2,True
009150#1462-20260424151000,009150,삼성전기,오버나잇,FullAuto,Paper,Backtest,2026-04-24 15:10:00,2026-04-24 15:10:00,2026-04-27 09:01:00,3951,1,787000,791000,748000,4.956,2182,0.277,0.06,0.635,-0.127,0,-0.126,NextDayOpen,"오버나잇: 등락 +2.2%, 범위 위치 95%",익일 시초 매도,2.21,0.95,0.952,769.0,0.154,0.98,1,370,5,0,0,1.2,True
006340#1458-20260424151000,006340,대원전선,오버나잇,FullAuto,Paper,Backtest,2026-04-24 15:10:00,2026-04-24 15:10:00,2026-04-27 09:01:00,3951,142,8950,9320,8510,4.916,49506,3.895,0.79,4.246,-0.223,0,-0.107,NextDayOpen,"오버나잇: 등락 +10.0%, 범위 위치 56%",익일 시초 매도,9.95,0.88,0.563,217.3,0.383,0.94,1,370,5,0,0,1.2,True
090710#1461-20260424151000,090710,휴림로봇,오버나잇,FullAuto,Paper,Backtest,2026-04-24 15:10:00,2026-04-24 15:10:00,2026-04-27 09:01:00,3951,97,13160,13420,12510,4.939,22231,1.742,0.35,2.052,-0.304,0,-0.074,NextDayOpen,"오버나잇: 등락 +16.2%, 범위 위치 73%",익일 시초 매도,16.17,0.99,0.726,216.3,0.320,0.62,1,370,5,0,0,1.2,True
001440#1459-20260424151000,001440,대한전선,오버나잇,FullAuto,Paper,Backtest,2026-04-24 15:10:00,2026-04-24 15:10:00,2026-04-27 09:01:00,3951,29,42850,44100,40750,4.901,33316,2.681,0.55,2.917,-0.233,0,0,NextDayOpen,"오버나잇: 등락 +4.9%, 범위 위치 51%",익일 시초 매도,4.90,-0.38,0.512,323.2,0.192,2.96,1,370,5,0,0,1.2,True
010060#1460-20260424151000,010060,OCI홀딩스,오버나잇,FullAuto,Paper,Backtest,2026-04-24 15:10:00,2026-04-24 15:10:00,2026-04-27 09:01:00,3951,3,384750,389000,365500,5.003,10068,0.872,0.17,1.105,-0.975,0,0,NextDayOpen,"오버나잇: 등락 +24.0%, 범위 위치 81%",익일 시초 매도,23.95,5.06,0.811,360.5,0.400,2.15,2,370,5,0,0,1.2,True
036540#1466-20260427090830,036540,SFA반도체,ORB,FullAuto,Paper,Backtest,2026-04-27 09:08:30,2026-04-27 09:08:30,2026-04-27 09:11:30,3,162,10450,10100,10140,2.967,-60470,-3.572,-1.20,0,-3.349,0,-0.394,StopLoss,"ORB5 고가 10,410 돌파 (범위 5.7%, 등락 +8.4%)","손절 (10,140)",8.40,3.34,1,150.5,2.679,1.28,1,8,3,10,0,1.2,False
103590#1473-20260427092725,103590,일진전기,ORB,FullAuto,Paper,Backtest,2026-04-27 09:27:25,2026-04-27 09:27:25,2026-04-27 09:41:27,14,16,105500,102400,102400,2.938,-53374,-3.162,-1.08,0.569,-2.938,0,0,StopLoss,"ORB5 고가 105,400 돌파 (범위 4.6%, 등락 +6.9%)","손절 (102,400)",6.89,2.32,1,215.9,0.748,5.21,1,27,3,10,0,1.2,False
323280#1472-20260427090527,323280,태성,ORB,FullAuto,Paper,Backtest,2026-04-27 09:05:27,2026-04-27 09:05:27,2026-04-27 09:54:27,49,19,84000,92400,81500,2.976,155587,9.749,3.28,10.119,-2.381,0,-0.108,TakeProfit,"ORB5 고가 83,800 돌파 (범위 4.2%, 등락 +9.2%)",목표 익절 +10%,9.23,2.05,1,865.5,1.667,1.66,1,5,3,10,0,1.2,False
082740#1474-20260427091415,082740,한화엔진,ORB,FullAuto,Paper,Backtest,2026-04-27 09:14:15,2026-04-27 09:14:15,2026-04-27 13:56:30,282.2,20,81600,89800,79200,2.941,159895,9.797,3.33,10.172,-1.471,0,-0.111,TakeProfit,"ORB5 고가 81,500 돌파 (범위 3.3%, 등락 +8.1%)",목표 익절 +10%,8.08,1.50,1,234.4,1.205,2.52,1,14,3,10,0,1.2,False
000660#1468-20260427091225,000660,SK하이닉스,ORB,FullAuto,Paper,Backtest,2026-04-27 09:12:25,2026-04-27 09:12:25,2026-04-27 15:05:00,352.6,1,1273000,1292000,1235000,2.985,16033,1.259,0.42,3.456,-0.079,0,0,ForceClose,"ORB5 고가 1,272,000 돌파 (범위 1.9%, 등락 +4.0%)",장마감 강제청산,4.00,0.68,1,335.8,0.460,2.03,1,12,3,10,0,1.2,False
000660#1477-20260427151000,000660,SK하이닉스,오버나잇,FullAuto,Paper,Backtest,2026-04-27 15:10:00,2026-04-27 15:10:00,2026-04-28 09:01:00,1071,1,1289000,1313000,1225000,4.965,20985,1.628,0.33,1.862,-0.233,0,0,NextDayOpen,"오버나잇: 등락 +5.2%, 범위 위치 58%",익일 시초 매도,5.23,-0.05,0.580,435.2,0.216,1.75,1,370,5,0,0,1.2,True
042700#1478-20260427151000,042700,한미반도체,오버나잇,FullAuto,Paper,Backtest,2026-04-27 15:10:00,2026-04-27 15:10:00,2026-04-28 09:01:00,1071,3,373500,367000,355000,4.953,-22035,-1.967,-0.40,0,-1.740,0,0,NextDayOpen,"오버나잇: 등락 +26.2%, 범위 위치 92%",익일 시초 매도,26.23,7.09,0.916,348.4,0.393,0.88,1,370,5,0,0,1.2,True
009150#1483-20260427151000,009150,삼성전기,오버나잇,FullAuto,Paper,Backtest,2026-04-27 15:10:00,2026-04-27 15:10:00,2026-04-28 09:01:00,1071,1,793000,811000,754000,4.918,16139,2.035,0.41,2.270,0,0,0,NextDayOpen,"오버나잇: 등락 +0.5%, 범위 위치 88%",익일 시초 매도,0.51,0.89,0.88,558.0,0.144,0.86,1,370,5,0,0,1.2,True
034020#1480-20260427151000,034020,두산에너빌리티,오버나잇,FullAuto,Paper,Backtest,2026-04-27 15:10:00,2026-04-27 15:10:00,2026-04-28 09:01:00,1071,10,128800,128300,122400,4.969,-7951,-0.617,-0.12,0.155,-0.311,0,-0.078,NextDayOpen,"오버나잇: 등락 +1.2%, 범위 위치 68%",익일 시초 매도,1.18,0.70,0.681,793.7,0.139,1.19,1,370,5,0,0,1.2,True
108490#1481-20260427151000,108490,로보티즈,오버나잇,FullAuto,Paper,Backtest,2026-04-27 15:10:00,2026-04-27 15:10:00,2026-04-28 09:01:00,1071,3,346500,345000,329500,4.906,-6880,-0.662,-0.13,0.433,-0.433,0,0,NextDayOpen,"오버나잇: 등락 +19.1%, 범위 위치 76%",익일 시초 매도,19.07,2.16,0.758,389.7,0.330,1.16,1,370,5,0,0,1.2,True
010170#1479-20260427151000,010170,대한광통신,오버나잇,FullAuto,Paper,Backtest,2026-04-27 15:10:00,2026-04-27 15:10:00,2026-04-28 09:01:00,1071,81,15900,16140,15110,4.969,16437,1.276,0.26,1.509,-0.126,0,0,NextDayOpen,"오버나잇: 등락 +19.0%, 범위 위치 78%",익일 시초 매도,19.01,0.79,0.785,182.8,0.270,0.49,1,370,5,0,0,1.2,True
098460#1482-20260427151000,098460,고영,오버나잇,FullAuto,Paper,Backtest,2026-04-27 15:10:00,2026-04-27 15:10:00,2026-04-28 09:01:00,1071,29,43300,43700,41150,4.965,8688,0.692,0.14,0.924,-0.231,0,0,NextDayOpen,"오버나잇: 등락 +2.4%, 범위 위치 52%",익일 시초 매도,2.36,-0.48,0.524,403.9,0.280,0.97,1,370,5,0,0,1.2,True
006340#1484-20260427151000,006340,대원전선,오버나잇,FullAuto,Paper,Backtest,2026-04-27 15:10:00,2026-04-27 15:10:00,2026-04-28 09:01:00,1071,128,10110,10680,9610,4.946,69827,5.396,1.09,5.638,-0.099,0,0,NextDayOpen,"오버나잇: 등락 +12.1%, 범위 위치 60%",익일 시초 매도,12.08,-0.70,0.596,199.8,0.212,0.44,1,370,5,0,0,1.2,True
009830#1490-20260428091825,009830,한화솔루션,ORB,FullAuto,Paper,Backtest,2026-04-28 09:18:25,2026-04-28 09:18:25,2026-04-28 09:29:22,11,34,50700,49250,49250,2.860,-53158,-3.084,-1.08,1.018,-2.860,0,0,StopLoss,"ORB5 고가 50,650 돌파 (범위 4.5%, 등락 +7.1%)","손절 (49,250)",7.08,1.60,1,213.2,1.390,5.29,1,18,3,10,0,1.2,False
006400#1488-20260428091030,006400,삼성SDI,ORB,FullAuto,Paper,Backtest,2026-04-28 09:10:30,2026-04-28 09:10:30,2026-04-28 09:29:30,19,3,675000,655000,655000,2.963,-64527,-3.187,-1.08,0.593,-2.963,0,0,StopLoss,"ORB5 고가 673,000 돌파 (범위 3.2%, 등락 +5.8%) · A등급","손절 (655,000)",5.80,1.50,1,315.0,1.120,1.86,1,10,3,10,0,1.2,False
375500#1492-20260428091127,375500,DL이앤씨,ORB,FullAuto,Paper,Backtest,2026-04-28 09:11:27,2026-04-28 09:11:27,2026-04-28 14:01:15,289.8,17,102400,99400,99400,2.930,-54893,-3.153,-1.08,3.857,-2.930,0,0,StopLoss,"ORB5 고가 102,300 돌파 (범위 4.6%, 등락 +4.2%)","손절 (99,400)",4.17,1.39,1,177.1,1.400,1.34,1,11,3,10,0,1.2,False
000660#1498-20260428151000,000660,SK하이닉스,오버나잇,FullAuto,Paper,Backtest,2026-04-28 15:10:00,2026-04-28 15:10:00,2026-04-29 09:01:00,1071,1,1303000,1283000,1238000,4.988,-22953,-1.762,-0.35,0.077,-1.458,0,-0.078,NextDayOpen,"오버나잇: 등락 +0.2%, 범위 위치 22%",익일 시초 매도,0.15,-0.72,0.219,622.2,0.143,1.15,1,370,5,0,0,1.2,True
006400#1500-20260428151000,006400,삼성SDI,오버나잇,FullAuto,Paper,Backtest,2026-04-28 15:10:00,2026-04-28 15:10:00,2026-04-29 09:01:00,1071,1,678000,688000,645000,4.867,8420,1.242,0.26,1.622,-0.295,0,-0.145,NextDayOpen,"오버나잇: 등락 +6.3%, 범위 위치 70%",익일 시초 매도,6.27,1.15,0.7,495.8,0.327,0.46,1,370,5,0,0,1.2,True
001440#1502-20260428151000,001440,대한전선,오버나잇,FullAuto,Paper,Backtest,2026-04-28 15:10:00,2026-04-28 15:10:00,2026-04-29 09:01:00,1071,28,46200,46000,43900,4.978,-8563,-0.662,-0.13,0,-0.433,0,0,NextDayOpen,"오버나잇: 등락 +6.0%, 범위 위치 57%",익일 시초 매도,5.97,-0.62,0.568,243.7,0.232,0.53,1,370,5,0,0,1.2,True
402340#1505-20260428151000,402340,SK스퀘어,오버나잇,FullAuto,Paper,Backtest,2026-04-28 15:10:00,2026-04-28 15:10:00,2026-04-29 09:01:00,1071,1,813000,797000,773000,4.920,-17834,-2.194,-0.45,0.246,-1.968,0,0,NextDayOpen,"오버나잇: 등락 +1.6%, 범위 위치 36%",익일 시초 매도,1.62,-1.41,0.356,565.7,0.211,2.70,1,370,5,0,0,1.2,True
005490#1501-20260428151000,005490,POSCO홀딩스,오버나잇,FullAuto,Paper,Backtest,2026-04-28 15:10:00,2026-04-28 15:10:00,2026-04-29 09:01:00,1071,2,466500,477000,443500,4.930,18810,2.016,0.41,2.251,-0.214,0,0,NextDayOpen,"오버나잇: 등락 +11.1%, 범위 위치 61%",익일 시초 매도,11.08,-0.32,0.614,294.6,0.199,1.16,1,370,5,0,0,1.2,True
009150#1503-20260428151000,009150,삼성전기,오버나잇,FullAuto,Paper,Backtest,2026-04-28 15:10:00,2026-04-28 15:10:00,2026-04-29 09:01:00,1071,1,836000,818000,795000,4.904,-19883,-2.378,-0.48,0.478,-2.153,0,0,NextDayOpen,"오버나잇: 등락 +4.5%, 범위 위치 79%",익일 시초 매도,4.50,1.29,0.791,1320.4,0.145,0.66,1,370,5,0,0,1.2,True
047040#1499-20260428151000,047040,대우건설,오버나잇,FullAuto,Paper,Backtest,2026-04-28 15:10:00,2026-04-28 15:10:00,2026-04-29 09:01:00,1071,35,37050,37200,35200,4.993,2257,0.174,0.03,0.405,-0.405,0,0,NextDayOpen,"오버나잇: 등락 +11.6%, 범위 위치 59%",익일 시초 매도,11.60,-2.63,0.590,295.6,0.434,0.42,1,370,5,0,0,1.2,True
066570#1504-20260428151000,066570,LG전자,오버나잇,FullAuto,Paper,Backtest,2026-04-28 15:10:00,2026-04-28 15:10:00,2026-04-29 09:01:00,1071,9,139350,141100,132400,4.987,12833,1.023,0.21,1.328,-0.108,0,-0.071,NextDayOpen,"오버나잇: 등락 +6.5%, 범위 위치 5%",익일 시초 매도,6.46,-2.83,0.054,192.3,0.169,0.33,2,370,5,0,0,1.2,True
011170#1510-20260429090522,011170,롯데케미칼,ORB,FullAuto,Paper,Backtest,2026-04-29 09:05:22,2026-04-29 09:05:22,2026-04-29 09:49:30,44.1,25,100000,109900,97000,3.00,241218,9.649,3.22,10.0,-1.400,0,-0.091,TakeProfit,"ORB5 고가 99,900 돌파 (범위 2.8%, 등락 +4.7%) · A등급",목표 익절 +10%,4.71,1.21,1,290.8,1.267,7.21,1,5,3,10,0,1.2,False
004020#1512-20260429090530,004020,현대제철,ORB,FullAuto,Paper,Backtest,2026-04-29 09:05:30,2026-04-29 09:05:30,2026-04-29 09:54:15,48.8,54,47200,45800,45800,2.966,-81298,-3.190,-1.08,1.271,-2.966,0,0,StopLoss,"ORB5 고가 47,150 돌파 (범위 3.9%, 등락 +6.8%) · A등급","손절 (45,800)",6.79,2.20,1,143.2,3.037,1.76,1,6,3,10,0,1.2,False
096770#1506-20260429090525,096770,SK이노베이션,ORB,FullAuto,Paper,Backtest,2026-04-29 09:05:25,2026-04-29 09:05:25,2026-04-29 15:05:00,359.6,12,141800,148800,137600,2.962,79907,4.696,1.59,5.219,-2.891,0,0,ForceClose,"ORB5 고가 141,700 돌파 (범위 5.2%, 등락 +6.8%)",장마감 강제청산,6.78,1.40,1,213.8,1.810,1.33,1,5,3,10,0,1.2,False
079550#1509-20260429091027,079550,LIG디펜스앤에어로스페이스,ORB,FullAuto,Paper,Backtest,2026-04-29 09:10:27,2026-04-29 09:10:27,2026-04-29 15:05:00,354.5,1,969000,970000,940000,2.993,-1230,-0.127,-0.04,3.406,-0.516,0,-0.103,ForceClose,"ORB5 고가 968,000 돌파 (범위 2.0%, 등락 +4.6%) · A등급",장마감 강제청산,4.64,0.89,1,286.5,0.864,2.27,1,10,3,10,0,1.2,False
000660#1516-20260429151000,000660,SK하이닉스,오버나잇,FullAuto,Paper,Backtest,2026-04-29 15:10:00,2026-04-29 15:10:00,2026-04-30 09:01:00,1071,1,1291500,1311000,1227000,4.994,16489,1.277,0.26,1.587,-0.039,0,-0.076,NextDayOpen,"오버나잇: 등락 +0.3%, 범위 위치 29%",익일 시초 매도,0.27,-0.47,0.292,883.6,0.138,0.58,2,370,5,0,0,1.2,True
006400#1517-20260429151000,006400,삼성SDI,오버나잇,FullAuto,Paper,Backtest,2026-04-29 15:10:00,2026-04-29 15:10:00,2026-04-30 09:01:00,1071,1,713000,721000,678000,4.909,6344,0.890,0.18,1.122,-0.281,0,0,NextDayOpen,"오버나잇: 등락 +5.6%, 범위 위치 97%",익일 시초 매도,5.63,1.54,0.968,656.3,0.250,1.25,1,370,5,0,0,1.2,True
009150#1522-20260429151000,009150,삼성전기,오버나잇,FullAuto,Paper,Backtest,2026-04-29 15:10:00,2026-04-29 15:10:00,2026-04-30 09:01:00,1071,1,828000,828000,787000,4.952,-1904,-0.230,-0.05,0.121,-0.121,0,-0.121,NextDayOpen,"오버나잇: 등락 +0.5%, 범위 위치 77%",익일 시초 매도,0.49,0.93,0.769,751.4,0.207,1.51,1,370,5,0,0,1.2,True
034020#1519-20260429151000,034020,두산에너빌리티,오버나잇,FullAuto,Paper,Backtest,2026-04-29 15:10:00,2026-04-29 15:10:00,2026-04-30 09:01:00,1071,10,129200,129800,122800,4.954,3017,0.234,0.05,0.464,-0.155,0,0,NextDayOpen,"오버나잇: 등락 +2.1%, 범위 위치 61%",익일 시초 매도,2.13,0.12,0.612,627.3,0.127,0.44,1,370,5,0,0,1.2,True
402340#1518-20260429151000,402340,SK스퀘어,오버나잇,FullAuto,Paper,Backtest,2026-04-29 15:10:00,2026-04-29 15:10:00,2026-04-30 09:01:00,1071,1,829000,844000,788000,4.946,13062,1.576,0.32,1.930,-0.241,0,-0.118,NextDayOpen,"오버나잇: 등락 +3.0%, 범위 위치 65%",익일 시초 매도,2.98,0.12,0.649,679.0,0.215,1.16,1,370,5,0,0,1.2,True
329180#1523-20260429151000,329180,HD현대중공업,오버나잇,FullAuto,Paper,Backtest,2026-04-29 15:10:00,2026-04-29 15:10:00,2026-04-30 09:01:00,1071,1,691000,687000,657000,4.920,-5580,-0.808,-0.16,0.145,-0.579,0,-0.145,NextDayOpen,"오버나잇: 등락 +4.1%, 범위 위치 69%",익일 시초 매도,4.07,0.62,0.689,532.2,0.227,0.40,1,370,5,0,0,1.2,True
096770#1520-20260429151000,096770,SK이노베이션,오버나잇,FullAuto,Paper,Backtest,2026-04-29 15:10:00,2026-04-29 15:10:00,2026-04-30 09:01:00,1071,8,148100,146500,140700,4.997,-15496,-1.308,-0.26,1.215,-1.080,0,0,NextDayOpen,"오버나잇: 등락 +11.4%, 범위 위치 92%",익일 시초 매도,11.45,3.69,0.917,262.5,0.265,1.01,1,370,5,0,0,1.2,True
098460#1521-20260429151000,098460,고영,오버나잇,FullAuto,Paper,Backtest,2026-04-29 15:10:00,2026-04-29 15:10:00,2026-04-30 09:01:00,1071,31,41950,41900,39900,4.887,-4536,-0.349,-0.07,0.477,-0.119,0,-0.119,NextDayOpen,"오버나잇: 등락 +5.0%, 범위 위치 47%",익일 시초 매도,5.01,-1.46,0.474,245.9,0.204,1.64,1,370,5,0,0,1.2,True
007660#1526-20260430090925,007660,이수페타시스,ORB,FullAuto,Paper,Backtest,2026-04-30 09:09:25,2026-04-30 09:09:25,2026-04-30 09:50:30,41.1,16,155600,151000,151000,2.956,-79167,-3.180,-1.08,0.386,-2.956,0,0,StopLoss,"ORB5 고가 155,400 돌파 (범위 3.3%, 등락 +5.6%) · A등급","손절 (151,000)",5.63,0.93,1,237.6,0.927,2.54,1,9,3,10,0,1.2,False
024060#1531-20260430090725,024060,흥구석유,ORB,FullAuto,Paper,Backtest,2026-04-30 09:07:25,2026-04-30 09:07:25,2026-04-30 10:35:20,87.9,148,17710,17180.00,17180,2.993,-84299,-3.216,-1.07,1.468,-2.993,0,0.000,StopLoss,"ORB5 고가 17,690 돌파 (범위 2.1%, 등락 +4.5%) · A등급","손절 (17,180)",4.55,1.18,1,176.0,0.779,1.87,1,7,3,10,0,1.2,False
066570#1525-20260430090512,066570,LG전자,ORB,FullAuto,Paper,Backtest,2026-04-30 09:05:12,2026-04-30 09:05:12,2026-04-30 10:55:25,110.2,11,146600,142200,142200,3.001,-52003,-3.225,-1.07,3.479,-3.001,0,0,StopLoss,"ORB5 고가 146,500 돌파 (범위 4.9%, 등락 +6.7%)","손절 (142,200)",6.70,1.89,1,273.9,1.683,1.81,1,5,3,10,0,1.2,False
402340#1541-20260430151000,402340,SK스퀘어,오버나잇,FullAuto,Paper,Backtest,2026-04-30 15:10:00,2026-04-30 15:10:00,2026-05-04 09:01:00,5391,1,843000,908000,801000,4.982,62922,7.464,1.50,7.829,-0.356,0,-0.110,NextDayOpen,"오버나잇: 등락 +0.5%, 범위 위치 6%",익일 시초 매도,0.48,-1.46,0.056,704.4,0.144,0.91,1,370,5,0,0,1.2,True
009150#1539-20260430151000,009150,삼성전기,오버나잇,FullAuto,Paper,Backtest,2026-04-30 15:10:00,2026-04-30 15:10:00,2026-05-04 09:01:00,5391,1,835000,858000,794000,4.910,21031,2.519,0.51,2.874,-0.479,0,-0.116,NextDayOpen,"오버나잇: 등락 +0.2%, 범위 위치 29%",익일 시초 매도,0.24,-1.23,0.288,1067.9,0.214,0.81,1,370,5,0,0,1.2,True
010170#1542-20260430151000,010170,대한광통신,오버나잇,FullAuto,Paper,Backtest,2026-04-30 15:10:00,2026-04-30 15:10:00,2026-05-04 09:01:00,5391,88,15160,15480,14410,4.947,25032,1.876,0.38,2.177,-0.132,0,-0.065,NextDayOpen,"오버나잇: 등락 +0.6%, 범위 위치 20%",익일 시초 매도,0.60,-2.90,0.199,475.7,0.137,0.64,1,370,5,0,0,1.2,True
042700#1536-20260430151000,042700,한미반도체,오버나잇,FullAuto,Paper,Backtest,2026-04-30 15:10:00,2026-04-30 15:10:00,2026-05-04 09:01:00,5391,3,369000,385000,351000,4.878,45351,4.097,0.84,4.336,-0.407,0,0,NextDayOpen,"오버나잇: 등락 +1.9%, 범위 위치 23%",익일 시초 매도,1.94,-2.94,0.226,378.5,0.194,0.87,1,370,5,0,0,1.2,True
006340#1537-20260430151000,006340,대원전선,오버나잇,FullAuto,Paper,Backtest,2026-04-30 15:10:00,2026-04-30 15:10:00,2026-05-04 09:01:00,5391,88,15110,16370,14360,4.964,107584,8.091,1.63,8.405,-0.728,0,-0.061,NextDayOpen,"오버나잇: 등락 +15.4%, 범위 위치 61%",익일 시초 매도,15.36,-2.20,0.605,143.9,0.889,1.50,1,370,5,0,0,1.2,True
066570#1538-20260430151000,066570,LG전자,오버나잇,FullAuto,Paper,Backtest,2026-04-30 15:10:00,2026-04-30 15:10:00,2026-05-04 09:01:00,5391,9,140600,146200,133600,4.979,47383,3.745,0.75,3.983,-0.356,0,0,NextDayOpen,"오버나잇: 등락 +2.3%, 범위 위치 13%",익일 시초 매도,2.26,-3.62,0.132,527.8,0.153,0.96,1,370,5,0,0,1.2,True
058470#1543-20260430151000,058470,리노공업,오버나잇,FullAuto,Paper,Backtest,2026-04-30 15:10:00,2026-04-30 15:10:00,2026-05-04 09:01:00,5391,11,119000,122500,113100,4.958,35407,2.705,0.55,2.941,-0.588,0,0,NextDayOpen,"오버나잇: 등락 +5.0%, 범위 위치 50%",익일 시초 매도,5.04,-0.34,0.5,336.7,0.192,0.97,1,370,5,0,0,1.2,True
009830#1540-20260430151000,009830,한화솔루션,오버나잇,FullAuto,Paper,Backtest,2026-04-30 15:10:00,2026-04-30 15:10:00,2026-05-04 09:01:00,5391,28,47632,48292,45250,5.001,15374,1.153,0.23,1.386,-0.277,0,0,NextDayOpen,"오버나잇: 등락 +5.3%, 범위 위치 24%",익일 시초 매도,5.32,-4.02,0.240,197.2,0.455,0.34,2,370,5,0,0,1.2,True
000660#1547-20260504091027,000660,SK하이닉스,ORB,FullAuto,Paper,Backtest,2026-05-04 09:10:27,2026-05-04 09:10:27,2026-05-04 15:05:00,354.5,1,1346000,1445000,1306000,2.972,95693,7.109,2.39,7.355,-0.223,0,0,ForceClose,"ORB5 고가 1,345,000 돌파 (범위 1.2%, 등락 +4.0%)",장마감 강제청산,4.02,0.47,1,325.0,0.371,1.55,1,10,3,10,0,1.2,False
006800#1563-20260504151000,006800,미래에셋증권,오버나잇,FullAuto,Paper,Backtest,2026-05-04 15:10:00,2026-05-04 15:10:00,2026-05-06 09:01:00,2511,18,70200,75400,66700,4.986,90494,7.162,1.44,7.550,-0.142,0,-0.132,NextDayOpen,"오버나잇: 등락 +7.3%, 범위 위치 74%",익일 시초 매도,7.34,0.99,0.741,509.4,0.254,1.49,1,370,5,0,0,1.2,True
402340#1558-20260504151000,402340,SK스퀘어,오버나잇,FullAuto,Paper,Backtest,2026-05-04 15:10:00,2026-05-04 15:10:00,2026-05-06 09:01:00,2511,1,995000,1182000,946000,4.925,184310,18.524,3.76,18.894,-0.804,0,-0.085,NextDayOpen,"오버나잇: 등락 +18.1%, 범위 위치 96%",익일 시초 매도,18.05,3.80,0.959,325.9,0.302,2.00,1,370,5,0,0,1.2,True
009150#1561-20260504151000,009150,삼성전기,오버나잇,FullAuto,Paper,Backtest,2026-05-04 15:10:00,2026-05-04 15:10:00,2026-05-06 09:01:00,2511,1,915000,971000,870000,4.918,53776,5.877,1.20,6.120,-0.219,0,0,NextDayOpen,"오버나잇: 등락 +9.8%, 범위 위치 87%",익일 시초 매도,9.84,2.39,0.867,541.7,0.180,0.80,1,370,5,0,0,1.2,True
016360#1562-20260504151000,016360,삼성증권,오버나잇,FullAuto,Paper,Backtest,2026-05-04 15:10:00,2026-05-04 15:10:00,2026-05-06 09:01:00,2511,9,136400,163000,129600,4.985,236062,19.230,3.86,19.501,-0.147,0,0,NextDayOpen,"오버나잇: 등락 +26.2%, 범위 위치 89%",익일 시초 매도,26.18,2.75,0.890,208.9,0.351,1.41,1,370,5,0,0,1.2,True
006400#1564-20260504151000,006400,삼성SDI,오버나잇,FullAuto,Paper,Backtest,2026-05-04 15:10:00,2026-05-04 15:10:00,2026-05-06 09:01:00,2511,1,704000,707000,669000,4.972,1375,0.195,0.04,0.426,-0.284,0,0,NextDayOpen,"오버나잇: 등락 +0.1%, 범위 위치 39%",익일 시초 매도,0.14,0.22,0.391,694.3,0.183,1.06,1,370,5,0,0,1.2,True
010170#1559-20260504151000,010170,대한광통신,오버나잇,FullAuto,Paper,Backtest,2026-05-04 15:10:00,2026-05-04 15:10:00,2026-05-06 09:01:00,2511,73,17870,18460,16980,4.980,39978,3.065,0.62,3.358,-1.343,0,-0.054,NextDayOpen,"오버나잇: 등락 +17.9%, 범위 위치 87%",익일 시초 매도,17.89,3.21,0.875,210.3,0.384,1.13,1,370,5,0,0,1.2,True
062040#1560-20260504151000,062040,산일전기,오버나잇,FullAuto,Paper,Backtest,2026-05-04 15:10:00,2026-05-04 15:10:00,2026-05-06 09:01:00,2511,3,335000,329000,318500,4.925,-20272,-2.017,-0.41,0.299,-1.791,0,0,NextDayOpen,"오버나잇: 등락 +26.9%, 범위 위치 90%",익일 시초 매도,26.94,6.83,0.898,521.6,0.416,1.55,1,370,5,0,0,1.2,True
267260#1566-20260506091202,267260,HD현대일렉트릭,ORB,FullAuto,Paper,Backtest,2026-05-06 09:12:02,2026-05-06 09:12:02,2026-05-06 15:05:00,353,1,1369000,1391000,1328000,2.995,18805,1.374,0.46,3.725,-0.730,0,-0.072,ForceClose,"ORB5 고가 1,367,000 돌파 (범위 2.4%, 등락 +5.5%) · A등급",장마감 강제청산,5.47,1.02,1,195.8,0.745,0.75,1,12,3,10,0,1.2,False
402340#1578-20260506151000,402340,SK스퀘어,오버나잇,FullAuto,Paper,Backtest,2026-05-06 15:10:00,2026-05-06 15:10:00,2026-05-07 09:01:00,1071,1,1092000,1100000,1038000,4.945,5472,0.501,0.10,0.824,-0.549,0,-0.091,NextDayOpen,"오버나잇: 등락 +9.9%, 범위 위치 34%",익일 시초 매도,9.86,-0.79,0.335,230.3,0.216,0.83,1,370,5,0,0,1.2,True
006800#1577-20260506151000,006800,미래에셋증권,오버나잇,FullAuto,Paper,Backtest,2026-05-06 15:10:00,2026-05-06 15:10:00,2026-05-07 09:01:00,1071,15,84800,82800,80600,4.953,-32860,-2.583,-0.52,0,-2.358,0,0,NextDayOpen,"오버나잇: 등락 +21.2%, 범위 위치 79%",익일 시초 매도,21.17,3.94,0.788,291.2,0.354,0.64,1,370,5,0,0,1.2,True
009150#1580-20260506151000,009150,삼성전기,오버나잇,FullAuto,Paper,Backtest,2026-05-06 15:10:00,2026-05-06 15:10:00,2026-05-07 09:01:00,1071,1,919000,926000,874000,4.897,4873,0.530,0.11,0.762,-0.218,0,0,NextDayOpen,"오버나잇: 등락 +1.1%, 범위 위치 28%",익일 시초 매도,1.10,-0.13,0.275,610.1,0.148,0.56,1,370,5,0,0,1.2,True
042700#1583-20260506151000,042700,한미반도체,오버나잇,FullAuto,Paper,Backtest,2026-05-06 15:10:00,2026-05-06 15:10:00,2026-05-07 09:01:00,1071,3,391750,397500,372000,5.041,14511,1.235,0.24,1.595,-0.319,0,-0.126,NextDayOpen,"오버나잇: 등락 +4.7%, 범위 위치 59%",익일 시초 매도,4.75,1.41,0.589,1246.3,0.237,0.44,2,370,5,0,0,1.2,True
001440#1579-20260506151000,001440,대한전선,오버나잇,FullAuto,Paper,Backtest,2026-05-06 15:10:00,2026-05-06 15:10:00,2026-05-07 09:01:00,1071,19,69200,69600,65800,4.913,4561,0.347,0.07,0.578,-0.289,0,0,NextDayOpen,"오버나잇: 등락 +14.0%, 범위 위치 66%",익일 시초 매도,14.00,1.55,0.657,297.7,0.248,0.61,1,370,5,0,0,1.2,True
066570#1582-20260506151000,066570,LG전자,오버나잇,FullAuto,Paper,Backtest,2026-05-06 15:10:00,2026-05-06 15:10:00,2026-05-07 09:01:00,1071,8,154400,155000,146700,4.987,1949,0.158,0.03,0.389,-0.259,0,0,NextDayOpen,"오버나잇: 등락 +8.7%, 범위 위치 75%",익일 시초 매도,8.73,0.88,0.748,248.1,0.148,1.24,1,370,5,0,0,1.2,True
016360#1581-20260506151000,016360,삼성증권,오버나잇,FullAuto,Paper,Backtest,2026-05-06 15:10:00,2026-05-06 15:10:00,2026-05-07 09:01:00,1071,9,150600,147100,143100,4.980,-34548,-2.549,-0.51,0.066,-2.324,0,0,NextDayOpen,"오버나잇: 등락 +7.8%, 범위 위치 34%",익일 시초 매도,7.80,0.55,0.344,253.9,0.304,0.39,1,370,5,0,0,1.2,True
010170#1588-20260507090625,010170,대한광통신,ORB,FullAuto,Paper,Backtest,2026-05-07 09:06:25,2026-05-07 09:06:25,2026-05-07 09:13:22,7,141,19580,21600,19000,2.962,277859,10.065,3.40,10.572,0,0,-0.231,TakeProfit,"ORB5 고가 19,480 돌파 (범위 3.8%, 등락 +7.2%) · A등급",목표 익절 +10%,7.17,2.79,1,186.5,1.302,2.90,1,6,3,10,0,1.2,False
010140#1602-20260507151000,010140,삼성중공업,오버나잇,FullAuto,Paper,Backtest,2026-05-07 15:10:00,2026-05-07 15:10:00,2026-05-08 09:01:00,1071,41,33650,33600,32000,4.903,-5217,-0.378,-0.08,0.297,-0.446,0,0,NextDayOpen,"오버나잇: 등락 +3.9%, 범위 위치 92%",익일 시초 매도,3.86,2.32,0.919,569.2,0.266,1.00,1,370,5,0,0,1.2,True
329180#1599-20260507151000,329180,HD현대중공업,오버나잇,FullAuto,Paper,Backtest,2026-05-07 15:10:00,2026-05-07 15:10:00,2026-05-08 09:01:00,1071,2,696000,687000,662000,4.885,-21162,-1.520,-0.31,0.144,-1.293,0,0,NextDayOpen,"오버나잇: 등락 +5.6%, 범위 위치 82%",익일 시초 매도,5.62,1.75,0.821,329.0,0.411,2.00,1,370,5,0,0,1.2,True
028260#1603-20260507151000,028260,삼성물산,오버나잇,FullAuto,Paper,Backtest,2026-05-07 15:10:00,2026-05-07 15:10:00,2026-05-08 09:01:00,1071,3,399500,405000,380000,4.881,13709,1.144,0.23,1.502,-0.125,0,0,NextDayOpen,"오버나잇: 등락 +4.0%, 범위 위치 87%",익일 시초 매도,4.04,3.96,0.867,440.8,0.519,0.61,1,370,5,0,0,1.2,True
011790#1600-20260507151000,011790,SKC,오버나잇,FullAuto,Paper,Backtest,2026-05-07 15:10:00,2026-05-07 15:10:00,2026-05-08 09:01:00,1071,7,175200,163600,166500,4.966,-83844,-6.837,-1.38,0,-6.564,0,-0.061,NextDayOpen,"오버나잇: 등락 +8.6%, 범위 위치 57%",익일 시초 매도,8.62,1.62,0.565,247.4,0.400,0.65,1,370,5,0,0,1.2,True
034020#1598-20260507151000,034020,두산에너빌리티,오버나잇,FullAuto,Paper,Backtest,2026-05-07 15:10:00,2026-05-07 15:10:00,2026-05-08 09:01:00,1071,10,136300,134500,129500,4.989,-21095,-1.548,-0.31,0.147,-1.321,0,0,NextDayOpen,"오버나잇: 등락 +6.4%, 범위 위치 66%",익일 시초 매도,6.41,0.35,0.663,254.8,0.184,0.53,1,370,5,0,0,1.2,True
203650#1601-20260507151000,203650,드림시큐리티,오버나잇,FullAuto,Paper,Backtest,2026-05-07 15:10:00,2026-05-07 15:10:00,2026-05-08 09:01:00,1071,340,4105,3850,3900,4.994,-89723,-6.429,-1.29,0.244,-6.212,0,0,NextDayOpen,"오버나잇: 등락 +9.2%, 범위 위치 39%",익일 시초 매도,9.19,-4.00,0.395,176.2,1.115,0.56,1,370,5,0,0,1.2,True
264850#1606-20260508090927,264850,이랜시스,ORB,FullAuto,Paper,Backtest,2026-05-08 09:09:27,2026-05-08 09:09:27,2026-05-08 09:13:07,3.7,210,8910,8640.0,8650,2.918,-60880,-3.254,-1.12,1.122,-3.030,0,-0.116,StopLoss,"ORB5 고가 8,900 돌파 (범위 5.3%, 등락 +9.7%)","손절 (8,650)",9.73,3.03,1,119.8,2.854,2.87,1,9,3,10,0,1.2,False
459510#1611-20260508090520,459510,나우로보틱스,ORB,FullAuto,Paper,Backtest,2026-05-08 09:05:20,2026-05-08 09:05:20,2026-05-08 09:15:22,10,51,36400,35300,35350,2.885,-60248,-3.245,-1.13,1.648,-3.022,0,-0.141,StopLoss,"ORB5 고가 36,300 돌파 (범위 4.6%, 등락 +5.2%)","손절 (35,350)",5.20,1.71,1,300.0,1.877,3.30,1,5,3,10,0,1.2,False
125490#1605-20260508090520,125490,한라캐스트,ORB,FullAuto,Paper,Backtest,2026-05-08 09:05:20,2026-05-08 09:05:20,2026-05-08 13:39:10,273.8,157,17680,19440,17150,2.998,269343,9.703,3.24,10.011,-0.226,0,-0.051,TakeProfit,"ORB5 고가 17,670 돌파 (범위 2.6%, 등락 +5.1%) · A등급",목표 익절 +10%,5.05,1.19,1,239.0,1.339,1.27,1,5,3,10,0,1.2,False
402340#1624-20260508151000,402340,SK스퀘어,오버나잇,FullAuto,Paper,Backtest,2026-05-08 15:10:00,2026-05-08 15:10:00,2026-05-11 09:01:00,3951,1,1099000,1174000,1045000,4.914,72312,6.580,1.34,6.915,-0.273,0,-0.085,NextDayOpen,"오버나잇: 등락 +0.6%, 범위 위치 88%",익일 시초 매도,0.64,1.57,0.881,804.1,0.169,1.36,1,370,5,0,0,1.2,True
009150#1627-20260508151000,009150,삼성전기,오버나잇,FullAuto,Paper,Backtest,2026-05-08 15:10:00,2026-05-08 15:10:00,2026-05-11 09:01:00,3951,1,916000,896000,871000,4.913,-22063,-2.409,-0.49,0.109,-2.183,0,0,NextDayOpen,"오버나잇: 등락 +0.2%, 범위 위치 85%",익일 시초 매도,0.22,1.26,0.852,505.0,0.172,0.63,1,370,5,0,0,1.2,True
006800#1625-20260508151000,006800,미래에셋증권,오버나잇,FullAuto,Paper,Backtest,2026-05-08 15:10:00,2026-05-08 15:10:00,2026-05-11 09:01:00,3951,17,79800,83400,75900,4.887,57950,4.272,0.87,4.637,-0.251,0,-0.120,NextDayOpen,"오버나잇: 등락 +2.2%, 범위 위치 53%",익일 시초 매도,2.18,-0.39,0.532,689.7,0.170,1.05,1,370,5,0,0,1.2,True
277810#1622-20260508151000,277810,레인보우로보틱스,오버나잇,FullAuto,Paper,Backtest,2026-05-08 15:10:00,2026-05-08 15:10:00,2026-05-11 09:01:00,3951,1,784000,786000,745000,4.974,194,0.025,0.00,0.255,-0.383,0,0,NextDayOpen,"오버나잇: 등락 +12.2%, 범위 위치 74%",익일 시초 매도,12.18,0.06,0.742,295.4,0.292,1.17,1,370,5,0,0,1.2,True
000270#1623-20260508151000,000270,기아,오버나잇,FullAuto,Paper,Backtest,2026-05-08 15:10:00,2026-05-08 15:10:00,2026-05-11 09:01:00,3951,8,164200,170400,156000,4.994,46473,3.538,0.71,3.776,-0.244,0,0,NextDayOpen,"오버나잇: 등락 +4.1%, 범위 위치 56%",익일 시초 매도,4.12,-0.20,0.561,289.8,0.183,1.51,1,370,5,0,0,1.2,True
001440#1621-20260508151000,001440,대한전선,오버나잇,FullAuto,Paper,Backtest,2026-05-08 15:10:00,2026-05-08 15:10:00,2026-05-11 09:01:00,3951,19,72900,73600,69300,4.938,10088,0.728,0.15,1.097,-1.097,0,-0.136,NextDayOpen,"오버나잇: 등락 +13.6%, 범위 위치 83%",익일 시초 매도,13.57,3.56,0.835,305.6,0.559,0.64,1,370,5,0,0,1.2,True
319400#1626-20260508151000,319400,현대무벡스,오버나잇,FullAuto,Paper,Backtest,2026-05-08 15:10:00,2026-05-08 15:10:00,2026-05-11 09:01:00,3951,37,37400,38100,35550,4.947,22663,1.638,0.33,1.872,-0.134,0,0,NextDayOpen,"오버나잇: 등락 +20.6%, 범위 위치 64%",익일 시초 매도,20.65,0.21,0.642,397.0,0.353,0.37,1,370,5,0,0,1.2,True
024840#1604-20260507151000,024840,KBI메탈,오버나잇,FullAuto,Paper,Backtest,2026-05-07 15:10:00,2026-05-07 15:10:00,2026-05-11 09:03:00,5393,150,9290,10380,8830,4.952,159944,11.478,2.32,11.841,-4.198,0,-0.096,NextDayOpen,"오버나잇: 등락 +7.8%, 범위 위치 56%",익일 시초 매도,7.78,-0.20,0.564,187.6,0.747,0.48,1,370,5,0,0,1.2,True
329180#1634-20260511090510,329180,HD현대중공업,ORB,FullAuto,Paper,Backtest,2026-05-11 09:05:10,2026-05-11 09:05:10,2026-05-11 09:14:10,9,2,697000,677000,677000,2.869,-43120,-3.093,-1.08,0.143,-2.869,0,0,StopLoss,"ORB5 고가 696,000 돌파 (범위 4.7%, 등락 +5.9%)","손절 (677,000)",5.93,2.01,1,197.4,2.056,0.98,1,5,3,10,0,1.2,False
011790#1630-20260511090522,011790,SKC,ORB,FullAuto,Paper,Backtest,2026-05-11 09:05:22,2026-05-11 09:05:22,2026-05-11 09:23:30,18.1,10,172300,167200,167200,2.960,-54852,-3.184,-1.08,4.179,-2.960,0,0,StopLoss,"ORB5 고가 172,100 돌파 (범위 3.4%, 등락 +8.1%)","손절 (167,200)",8.09,1.29,1,285.0,1.548,3.00,1,5,3,10,0,1.2,False
027360#1637-20260511091430,027360,아주IB투자,ORB,FullAuto,Paper,Backtest,2026-05-11 09:14:30,2026-05-11 09:14:30,2026-05-11 09:27:15,12.8,166,16850,16340,16350,2.967,-90909,-3.250,-1.10,0.890,-3.027,0,-0.061,StopLoss,"ORB5 고가 16,780 돌파 (범위 3.1%, 등락 +7.0%) · A등급","손절 (16,350)",6.98,2.73,1,146.6,1.528,5.07,1,14,3,10,0,1.2,False
042660#1628-20260511090612,042660,한화오션,ORB,FullAuto,Paper,Backtest,2026-05-11 09:06:12,2026-05-11 09:06:12,2026-05-11 09:40:25,34.2,19,135800,131800,131800,2.946,-81770,-3.169,-1.08,0.074,-2.946,0,0,StopLoss,"ORB5 고가 135,700 돌파 (범위 3.9%, 등락 +7.5%) · A등급","손절 (131,800)",7.52,1.01,1,187.2,1.123,0.87,1,6,3,10,0,1.2,False
010140#1633-20260511090527,010140,삼성중공업,ORB,FullAuto,Paper,Backtest,2026-05-11 09:05:27,2026-05-11 09:05:27,2026-05-11 15:05:00,359.5,53,34350,33850,33350,2.911,-30630,-1.682,-0.58,2.911,-2.766,0,-0.147,ForceClose,"ORB5 고가 34,300 돌파 (범위 5.5%, 등락 +6.8%)",장마감 강제청산,6.84,2.03,1,339.4,1.528,1.53,1,5,3,10,0,1.2,False
009540#1636-20260511090520,009540,HD한국조선해양,ORB,FullAuto,Paper,Backtest,2026-05-11 09:05:20,2026-05-11 09:05:20,2026-05-11 15:05:00,359.7,3,478000,474750,464000,2.929,-13026,-0.908,-0.31,2.092,-1.883,0,0,ForceClose,"ORB5 고가 477,000 돌파 (범위 4.6%, 등락 +5.8%)",장마감 강제청산,5.75,1.53,1,456.5,1.185,2.03,1,5,3,10,0,1.2,False
032820#1650-20260512090727,032820,우리기술,ORB,FullAuto,Paper,Backtest,2026-05-12 09:07:27,2026-05-12 09:07:27,2026-05-12 09:19:22,11.9,92,20250,19690,19690,2.765,-55692,-2.989,-1.08,1.975,-2.765,0,0,StopLoss,"ORB5 고가 20,200 돌파 (범위 4.6%, 등락 +4.9%)","손절 (19,690)",4.92,1.63,1,264.1,0.978,2.86,1,7,3,10,0,1.2,False
034020#1647-20260512091030,034020,두산에너빌리티,ORB,FullAuto,Paper,Backtest,2026-05-12 09:10:30,2026-05-12 09:10:30,2026-05-12 10:14:27,64,19,133800,129800,129800,2.990,-81682,-3.213,-1.07,0.149,-2.990,0,0,StopLoss,"ORB5 고가 133,600 돌파 (범위 2.4%, 등락 +4.4%) · A등급","손절 (129,800)",4.37,0.91,1,179.6,0.542,3.06,1,10,3,10,0,1.2,False
017670#1644-20260512092425,017670,SK텔레콤,ORB,FullAuto,Paper,Backtest,2026-05-12 09:24:25,2026-05-12 09:24:25,2026-05-12 10:17:30,53.1,17,105100,101900,102000,2.950,-58391,-3.268,-1.11,2.759,-3.045,0,-0.098,StopLoss,"ORB5 고가 105,000 돌파 (범위 4.6%, 등락 +6.9%)","손절 (102,000)",6.92,1.38,1,318.0,0.496,3.67,1,24,3,10,0,1.2,False
007610#1659-20260512151000,007610,선도전기,오버나잇,FullAuto,Paper,Backtest,2026-05-12 15:10:00,2026-05-12 15:10:00,2026-05-12 15:15:27,5.5,94,15040,14260,14290,4.987,-76413,-5.405,-1.08,0.332,-5.186,0,-0.210,StopLoss,"오버나잇: 등락 +16.8%, 범위 위치 69%","손절 (14,290)",16.78,0.88,0.688,130.8,2.032,1.24,1,370,5,0,0,1.2,True
066570#1654-20260512151000,066570,LG전자,오버나잇,FullAuto,Paper,Backtest,2026-05-12 15:10:00,2026-05-12 15:10:00,2026-05-13 09:01:00,1071,7,183000,192800,173900,4.973,65507,5.114,1.03,5.355,-0.109,0,0,NextDayOpen,"오버나잇: 등락 +17.1%, 범위 위치 65%",익일 시초 매도,17.08,0.12,0.653,219.9,0.324,1.17,1,370,5,0,0,1.2,True
009150#1655-20260512151000,009150,삼성전기,오버나잇,FullAuto,Paper,Backtest,2026-05-12 15:10:00,2026-05-12 15:10:00,2026-05-13 09:01:00,1071,1,950000,922000,903000,4.947,-30124,-3.171,-0.64,1.789,-2.842,0,-0.108,NextDayOpen,"오버나잇: 등락 +5.8%, 범위 위치 53%",익일 시초 매도,5.79,-0.16,0.531,265.5,0.308,0.86,1,370,5,0,0,1.2,True
329180#1656-20260512151000,329180,HD현대중공업,오버나잇,FullAuto,Paper,Backtest,2026-05-12 15:10:00,2026-05-12 15:10:00,2026-05-13 09:01:00,1071,2,703000,711000,668000,4.979,12733,0.906,0.18,1.280,-0.142,0,-0.140,NextDayOpen,"오버나잇: 등락 +3.2%, 범위 위치 47%",익일 시초 매도,3.23,-0.53,0.475,372.5,0.224,0.70,1,370,5,0,0,1.2,True
319400#1657-20260512151000,319400,현대무벡스,오버나잇,FullAuto,Paper,Backtest,2026-05-12 15:10:00,2026-05-12 15:10:00,2026-05-13 09:01:00,1071,33,42100,43950,40000,4.988,57725,4.155,0.83,4.394,-0.119,0,0,NextDayOpen,"오버나잇: 등락 +8.8%, 범위 위치 41%",익일 시초 매도,8.79,-4.16,0.408,285.7,0.450,0.83,1,370,5,0,0,1.2,True
079550#1660-20260512151000,079550,LIG디펜스앤에어로스페이스,오버나잇,FullAuto,Paper,Backtest,2026-05-12 15:10:00,2026-05-12 15:10:00,2026-05-13 09:01:00,1071,1,876000,883000,833000,4.909,4971,0.567,0.12,0.913,0,0,-0.113,NextDayOpen,"오버나잇: 등락 +0.8%, 범위 위치 62%",익일 시초 매도,0.81,-0.64,0.623,384.9,0.330,0.68,1,370,5,0,0,1.2,True
090710#1658-20260512151000,090710,휴림로봇,오버나잇,FullAuto,Paper,Backtest,2026-05-12 15:10:00,2026-05-12 15:10:00,2026-05-13 09:01:00,1071,110,12860,13070,12220,4.977,19798,1.400,0.28,1.633,0,0,0,NextDayOpen,"오버나잇: 등락 +4.3%, 범위 위치 55%",익일 시초 매도,4.30,-3.88,0.547,462.0,0.311,0.29,1,370,5,0,0,1.2,True
218410#1661-20260512151000,218410,RFHIC,오버나잇,FullAuto,Paper,Backtest,2026-05-12 15:10:00,2026-05-12 15:10:00,2026-05-13 09:01:00,1071,12,111600,108100,106100,4.928,-44988,-3.359,-0.68,1.254,-3.136,0,0,NextDayOpen,"오버나잇: 등락 +6.8%, 범위 위치 25%",익일 시초 매도,6.79,-3.50,0.246,217.2,0.470,1.02,1,370,5,0,0,1.2,True
005380#1671-20260513151000,005380,현대차,오버나잇,FullAuto,Paper,Backtest,2026-05-13 15:10:00,2026-05-13 15:10:00,2026-05-14 09:01:00,1071,1,708000,724000,673000,4.944,14338,2.025,0.41,2.260,-0.282,0,0,NextDayOpen,"오버나잇: 등락 +13.6%, 범위 위치 97%",익일 시초 매도,13.64,3.19,0.971,449.6,0.222,1.75,1,370,5,0,0,1.2,True
066570#1673-20260513151000,066570,LG전자,오버나잇,FullAuto,Paper,Backtest,2026-05-13 15:10:00,2026-05-13 15:10:00,2026-05-14 09:01:00,1071,7,190700,201500,181200,4.982,72368,5.421,1.09,5.926,-0.210,0,-0.248,NextDayOpen,"오버나잇: 등락 +3.1%, 범위 위치 61%",익일 시초 매도,3.14,0.44,0.607,223.4,0.146,0.93,1,370,5,0,0,1.2,True
402340#1674-20260513151000,402340,SK스퀘어,오버나잇,FullAuto,Paper,Backtest,2026-05-13 15:10:00,2026-05-13 15:10:00,2026-05-14 09:01:00,1071,1,1190000,1182000,1131000,4.958,-10719,-0.901,-0.18,0.252,-0.588,0,-0.085,NextDayOpen,"오버나잇: 등락 +8.6%, 범위 위치 98%",익일 시초 매도,8.58,3.67,0.975,403.8,0.198,1.15,1,370,5,0,0,1.2,True
009150#1672-20260513151000,009150,삼성전기,오버나잇,FullAuto,Paper,Backtest,2026-05-13 15:10:00,2026-05-13 15:10:00,2026-05-14 09:01:00,1071,1,1032000,1024000,981000,4.942,-10355,-1.003,-0.20,0,-0.775,0,0,NextDayOpen,"오버나잇: 등락 +11.1%, 범위 위치 79%",익일 시초 매도,11.10,2.74,0.791,423.2,0.256,0.86,1,370,5,0,0,1.2,True
042700#1677-20260513151000,042700,한미반도체,오버나잇,FullAuto,Paper,Backtest,2026-05-13 15:10:00,2026-05-13 15:10:00,2026-05-14 09:01:00,1071,3,397750,393000,378000,4.965,-16962,-1.421,-0.29,0.566,-1.194,0,0,NextDayOpen,"오버나잇: 등락 +7.2%, 범위 위치 96%",익일 시초 매도,7.21,2.87,0.963,1381.3,0.224,1.13,2,370,5,0,0,1.2,True
000270#1676-20260513151000,000270,기아,오버나잇,FullAuto,Paper,Backtest,2026-05-13 15:10:00,2026-05-13 15:10:00,2026-05-14 09:01:00,1071,7,178500,182100,169600,4.986,22273,1.783,0.36,2.017,-0.112,0,0,NextDayOpen,"오버나잇: 등락 +7.7%, 범위 위치 94%",익일 시초 매도,7.66,2.93,0.942,303.2,0.120,0.62,1,370,5,0,0,1.2,True
307950#1675-20260513151000,307950,현대오토에버,오버나잇,FullAuto,Paper,Backtest,2026-05-13 15:10:00,2026-05-13 15:10:00,2026-05-14 09:01:00,1071,2,698000,702000,664000,4.871,4773,0.342,0.07,0.573,-0.143,0,0,NextDayOpen,"오버나잇: 등락 +15.4%, 범위 위치 77%",익일 시초 매도,15.37,2.99,0.766,378.4,0.287,2.23,1,370,5,0,0,1.2,True
064400#1685-20260514090515,064400,LG씨엔에스,ORB,FullAuto,Paper,Backtest,2026-05-14 09:05:15,2026-05-14 09:05:15,2026-05-14 09:45:27,40.2,23,77600,85400,75300,2.964,174911,9.800,3.31,10.180,-1.546,0,-0.117,TakeProfit,"ORB5 고가 77,500 돌파 (범위 4.0%, 등락 +5.6%)",목표 익절 +10%,5.58,1.44,1,260.3,1.418,3.05,1,5,3,10,0,1.2,False
034220#1679-20260514090727,034220,LG디스플레이,ORB,FullAuto,Paper,Backtest,2026-05-14 09:07:27,2026-05-14 09:07:27,2026-05-14 15:05:00,357.5,124,14880,15280,14440,2.957,45251,2.452,0.83,5.309,-1.680,0,-0.065,ForceClose,"ORB5 고가 14,850 돌파 (범위 4.9%, 등락 +5.0%)",장마감 강제청산,5.01,2.11,1,217.9,1.344,1.52,1,7,3,10,0,1.2,False
009830#1684-20260514090525,009830,한화솔루션,ORB,FullAuto,Paper,Backtest,2026-05-14 09:05:25,2026-05-14 09:05:25,2026-05-14 15:05:00,359.6,41,43350,44705,42050,2.999,51350,2.889,0.96,5.200,-1.001,0,-0.112,ForceClose,"ORB5 고가 43,300 돌파 (범위 5.8%, 등락 +6.5%)",장마감 강제청산,6.51,1.57,1,332.7,1.420,1.92,1,5,3,10,0,1.2,False
042700#1690-20260514151000,042700,한미반도체,오버나잇,FullAuto,Paper,Backtest,2026-05-14 15:10:00,2026-05-14 15:10:00,2026-05-15 09:01:00,1071,3,403000,405000,383000,4.963,3207,0.265,0.05,0.496,-0.496,0,0,NextDayOpen,"오버나잇: 등락 +0.2%, 범위 위치 90%",익일 시초 매도,0.25,2.09,0.897,370.1,0.350,0.78,1,370,5,0,0,1.2,True
064400#1688-20260514151000,064400,LG씨엔에스,오버나잇,FullAuto,Paper,Backtest,2026-05-14 15:10:00,2026-05-14 15:10:00,2026-05-15 09:01:00,1071,16,85600,93700,81400,4.907,126173,9.212,1.88,9.463,-0.117,0,0,NextDayOpen,"오버나잇: 등락 +16.5%, 범위 위치 80%",익일 시초 매도,16.46,2.30,0.799,246.4,0.309,0.87,1,370,5,0,0,1.2,True
005490#1692-20260514151000,005490,POSCO홀딩스,오버나잇,FullAuto,Paper,Backtest,2026-05-14 15:10:00,2026-05-14 15:10:00,2026-05-15 09:01:00,1071,2,492000,487000,467500,4.980,-12241,-1.244,-0.25,0,-0.915,0,-0.103,NextDayOpen,"오버나잇: 등락 +2.1%, 범위 위치 83%",익일 시초 매도,2.08,1.54,0.825,1587.8,0.160,1.21,1,370,5,0,0,1.2,True
010060#1695-20260514151000,010060,OCI홀딩스,오버나잇,FullAuto,Paper,Backtest,2026-05-14 15:10:00,2026-05-14 15:10:00,2026-05-15 09:01:00,1071,3,361500,364500,343500,4.979,6487,0.598,0.12,0.830,-0.415,0,0,NextDayOpen,"오버나잇: 등락 +7.8%, 범위 위치 66%",익일 시초 매도,7.76,0.29,0.659,472.1,0.356,1.87,1,370,5,0,0,1.2,True
034220#1689-20260514151000,034220,LG디스플레이,오버나잇,FullAuto,Paper,Backtest,2026-05-14 15:10:00,2026-05-14 15:10:00,2026-05-15 09:01:00,1071,91,15355,15900,14590,4.982,46276,3.312,0.66,3.614,-0.228,0,-0.063,NextDayOpen,"오버나잇: 등락 +8.3%, 범위 위치 78%",익일 시초 매도,8.29,1.39,0.785,261.0,0.182,1.26,2,370,5,0,0,1.2,True
028260#1693-20260514151000,028260,삼성물산,오버나잇,FullAuto,Paper,Backtest,2026-05-14 15:10:00,2026-05-14 15:10:00,2026-05-15 09:01:00,1071,3,437000,435000,415500,4.920,-9001,-0.687,-0.14,0.229,-0.686,0,0,NextDayOpen,"오버나잇: 등락 +1.7%, 범위 위치 61%",익일 시초 매도,1.75,0.52,0.608,752.3,0.229,0.47,1,370,5,0,0,1.2,True
000720#1694-20260514151000,000720,현대건설,오버나잇,FullAuto,Paper,Backtest,2026-05-14 15:10:00,2026-05-14 15:10:00,2026-05-15 09:01:00,1071,8,167300,167500,159000,4.961,-1481,-0.111,-0.02,0.418,-0.418,0,0,NextDayOpen,"오버나잇: 등락 +4.2%, 범위 위치 68%",익일 시초 매도,4.17,0.47,0.684,759.8,0.184,0.73,1,370,5,0,0,1.2,True
454910#1700-20260515090520,454910,두산로보틱스,ORB,FullAuto,Paper,Backtest,2026-05-15 09:05:20,2026-05-15 09:05:20,2026-05-15 09:32:30,27.2,16,115100,126900,111700,2.954,184160,10.0,3.39,10.339,-0.695,0,-0.079,TakeProfit,"ORB5 고가 115,000 돌파 (범위 5.0%, 등락 +7.8%)",목표 익절 +10%,7.77,1.75,1,383.9,1.825,2.98,1,5,3,10,0,1.2,False
034220#1699-20260515090517,034220,LG디스플레이,ORB,FullAuto,Paper,Backtest,2026-05-15 09:05:17,2026-05-15 09:05:17,2026-05-15 09:43:22,38.1,114,16410,15910.0,15920,2.986,-61179,-3.270,-1.10,2.377,-3.047,0,-0.063,StopLoss,"ORB5 고가 16,400 돌파 (범위 4.7%, 등락 +7.0%)","손절 (15,920)",6.98,1.90,1,211.9,2.478,2.79,1,5,3,10,0,1.2,False
080220#1710-20260515151000,080220,제주반도체,오버나잇,FullAuto,Paper,Backtest,2026-05-15 15:10:00,2026-05-15 15:10:00,2026-05-18 09:01:00,3951,17,81200,84300,77200,4.926,49413,3.580,0.73,3.941,-0.123,0,-0.118,NextDayOpen,"오버나잇: 등락 +7.4%, 범위 위치 56%",익일 시초 매도,7.41,-1.89,0.561,227.1,0.994,0.78,1,370,5,0,0,1.2,True
001740#1713-20260515151000,001740,SK네트웍스,오버나잇,FullAuto,Paper,Backtest,2026-05-15 15:10:00,2026-05-15 15:10:00,2026-05-18 09:01:00,3951,164,8700,8690,8270,4.943,-4917,-0.345,-0.07,2.184,-1.149,0,-0.115,NextDayOpen,"오버나잇: 등락 +10.1%, 범위 위치 52%",익일 시초 매도,10.13,-0.63,0.52,142.9,1.864,0.50,1,370,5,0,0,1.2,True
003550#1714-20260515151000,003550,LG,오버나잇,FullAuto,Paper,Backtest,2026-05-15 15:10:00,2026-05-15 15:10:00,2026-05-18 09:01:00,3951,11,125800,132000,119600,4.928,64872,4.688,0.95,4.928,-0.795,0,0,NextDayOpen,"오버나잇: 등락 +7.1%, 범위 위치 5%",익일 시초 매도,7.07,-8.33,0.054,178.7,0.426,1.01,1,370,5,0,0,1.2,True
454910#1709-20260515151000,454910,두산로보틱스,오버나잇,FullAuto,Paper,Backtest,2026-05-15 15:10:00,2026-05-15 15:10:00,2026-05-18 09:01:00,3951,11,125700,132100,119500,4.932,67070,4.851,0.98,5.091,-0.716,0,0,NextDayOpen,"오버나잇: 등락 +17.7%, 범위 위치 55%",익일 시초 매도,17.70,-1.81,0.553,215.8,0.636,1.63,1,370,5,0,0,1.2,True
090360#1715-20260515151000,090360,로보스타,오버나잇,FullAuto,Paper,Backtest,2026-05-15 15:10:00,2026-05-15 15:10:00,2026-05-18 09:01:00,3951,16,87700,94600,83400,4.903,106936,7.621,1.55,7.868,-1.254,0,0,NextDayOpen,"오버나잇: 등락 +6.4%, 범위 위치 20%",익일 시초 매도,6.43,-5.24,0.198,182.8,0.595,1.11,1,370,5,0,0,1.2,True
018260#1712-20260515151000,018260,삼성에스디에스,오버나잇,FullAuto,Paper,Backtest,2026-05-15 15:10:00,2026-05-15 15:10:00,2026-05-18 09:01:00,3951,7,187800,189000,178500,4.952,5359,0.408,0.08,0.692,-0.266,0,0,NextDayOpen,"오버나잇: 등락 +2.2%, 범위 위치 20%",익일 시초 매도,2.18,-5.34,0.196,243.7,0.411,0.67,1,370,5,0,0,1.2,True
090710#1711-20260515151000,090710,휴림로봇,오버나잇,FullAuto,Paper,Backtest,2026-05-15 15:10:00,2026-05-15 15:10:00,2026-05-18 09:01:00,3951,110,12970,13520,12330,4.934,57089,4.001,0.81,4.241,-0.848,0,0,NextDayOpen,"오버나잇: 등락 +2.7%, 범위 위치 17%",익일 시초 매도,2.69,-6.30,0.165,268.1,0.474,0.88,1,370,5,0,0,1.2,True
036540#1716-20260515151000,036540,SFA반도체,오버나잇,FullAuto,Paper,Backtest,2026-05-15 15:10:00,2026-05-15 15:10:00,2026-05-18 09:01:00,3951,166,8580,7990,8160,4.895,-101003,-7.092,-1.45,0.350,-6.760,0,-0.125,NextDayOpen,"오버나잇: 등락 +3.5%, 범위 위치 17%",익일 시초 매도,3.50,-6.94,0.169,185.6,0.558,0.35,1,370,5,0,0,1.2,True
079550#1720-20260518090527,079550,LIG디펜스앤에어로스페이스,ORB,FullAuto,Paper,Backtest,2026-05-18 09:05:27,2026-05-18 09:05:27,2026-05-18 09:11:27,6,3,880000,852000,854000,2.955,-89891,-3.405,-1.15,0.341,-3.182,0,-0.234,StopLoss,"ORB5 고가 878,000 돌파 (범위 3.1%, 등락 +5.4%) · A등급","손절 (854,000)",5.39,1.52,1,261.2,1.705,2.38,1,5,3,10,0,1.2,False
009150#1725-20260518151000,009150,삼성전기,오버나잇,FullAuto,Paper,Backtest,2026-05-18 15:10:00,2026-05-18 15:10:00,2026-05-19 09:01:00,1071,1,1043000,1031000,991000,4.986,-14372,-1.378,-0.28,0,-1.151,0,0,NextDayOpen,"오버나잇: 등락 +0.6%, 범위 위치 73%",익일 시초 매도,0.58,3.12,0.734,770.2,0.274,1.14,1,370,5,0,0,1.2,True
034020#1727-20260518151000,034020,두산에너빌리티,오버나잇,FullAuto,Paper,Backtest,2026-05-18 15:10:00,2026-05-18 15:10:00,2026-05-19 09:01:00,1071,12,112500,110900,106900,4.978,-22262,-1.649,-0.33,0.178,-1.333,0,-0.090,NextDayOpen,"오버나잇: 등락 +1.7%, 범위 위치 89%",익일 시초 매도,1.72,3.25,0.891,546.2,0.210,0.97,1,370,5,0,0,1.2,True
027360#1728-20260518151000,027360,아주IB투자,오버나잇,FullAuto,Paper,Backtest,2026-05-18 15:10:00,2026-05-18 15:10:00,2026-05-19 09:01:00,1071,85,17060,17450,16210,4.982,29745,2.051,0.41,2.286,-0.293,0,0,NextDayOpen,"오버나잇: 등락 +19.2%, 범위 위치 68%",익일 시초 매도,19.22,0.47,0.680,188.5,0.569,0.89,1,370,5,0,0,1.2,True
011070#1731-20260518151000,011070,LG이노텍,오버나잇,FullAuto,Paper,Backtest,2026-05-18 15:10:00,2026-05-18 15:10:00,2026-05-19 09:01:00,1071,1,767000,799000,729000,4.954,30168,3.933,0.79,4.172,-0.261,0,0,NextDayOpen,"오버나잇: 등락 +2.4%, 범위 위치 97%",익일 시초 매도,2.40,5.51,0.969,588.0,0.368,2.50,1,370,5,0,0,1.2,True
079550#1732-20260518151000,079550,LIG디펜스앤에어로스페이스,오버나잇,FullAuto,Paper,Backtest,2026-05-18 15:10:00,2026-05-18 15:10:00,2026-05-19 09:01:00,1071,1,845000,840000,803000,4.970,-6932,-0.820,-0.17,0.710,-0.473,0,-0.119,NextDayOpen,"오버나잇: 등락 +1.2%, 범위 위치 48%",익일 시초 매도,1.20,0.28,0.479,465.3,0.304,1.10,1,370,5,0,0,1.2,True
080220#1726-20260518151000,080220,제주반도체,오버나잇,FullAuto,Paper,Backtest,2026-05-18 15:10:00,2026-05-18 15:10:00,2026-05-19 09:01:00,1071,15,92500,90700,87900,4.973,-30133,-2.172,-0.44,1.514,-1.946,0,0,NextDayOpen,"오버나잇: 등락 +12.3%, 범위 위치 53%",익일 시초 매도,12.27,1.27,0.528,202.5,0.703,1.92,1,370,5,0,0,1.2,True
006800#1729-20260518151000,006800,미래에셋증권,오버나잇,FullAuto,Paper,Backtest,2026-05-18 15:10:00,2026-05-18 15:10:00,2026-05-19 09:01:00,1071,20,70400,70500,66900,4.972,-1242,-0.088,-0.02,0.284,-0.142,0,0,NextDayOpen,"오버나잇: 등락 +1.4%, 범위 위치 40%",익일 시초 매도,1.44,-0.15,0.4,646.8,0.213,1.70,1,370,5,0,0,1.2,True
178320#1730-20260518151000,178320,서진시스템,오버나잇,FullAuto,Paper,Backtest,2026-05-18 15:10:00,2026-05-18 15:10:00,2026-05-19 09:01:00,1071,20,72300,72400,68700,4.979,-1329,-0.092,-0.02,0.830,-0.138,0,-0.138,NextDayOpen,"오버나잇: 등락 +7.9%, 범위 위치 67%",익일 시초 매도,7.91,0.72,0.667,270.0,0.484,0.61,1,370,5,0,0,1.2,True
440110#1733-20260519090505,440110,파두,ORB,FullAuto,Paper,Backtest,2026-05-19 09:05:05,2026-05-19 09:05:05,2026-05-19 09:17:27,12.4,18,104200,100200.00,101100,2.975,-76158,-4.060,-1.36,4.223,-3.839,0,-0.890,StopLoss,"ORB5 고가 104,000 돌파 (범위 5.3%, 등락 +5.4%)","손절 (101,100)",5.36,1.61,1,89.7,1.887,0.84,1,5,3,10,0,1.2,False
079550#1736-20260519090525,079550,LIG디펜스앤에어로스페이스,ORB,FullAuto,Paper,Backtest,2026-05-19 09:05:25,2026-05-19 09:05:25,2026-05-19 15:05:00,359.6,2,876000,865000,850000,2.968,-25981,-1.483,-0.50,3.196,-2.511,0,0,ForceClose,"ORB5 고가 875,000 돌파 (범위 4.0%, 등락 +3.4%)",장마감 강제청산,3.42,1.64,1,324.0,1.560,1.92,1,5,3,10,0,1.2,False
009150#1750-20260520151000,009150,삼성전기,오버나잇,FullAuto,Paper,Backtest,2026-05-20 15:10:00,2026-05-20 15:10:00,2026-05-21 09:01:00,1071,1,1069000,1134000,1016000,4.958,62402,5.837,1.18,6.174,-0.842,0,-0.088,NextDayOpen,"오버나잇: 등락 +11.7%, 범위 위치 79%",익일 시초 매도,11.72,5.15,0.791,218.7,0.548,0.86,1,370,5,0,0,1.2,True
402340#1752-20260520151000,402340,SK스퀘어,오버나잇,FullAuto,Paper,Backtest,2026-05-20 15:10:00,2026-05-20 15:10:00,2026-05-21 09:01:00,1071,1,1025000,1079000,974000,4.976,51528,5.027,1.01,5.366,-0.098,0,-0.093,NextDayOpen,"오버나잇: 등락 +2.4%, 범위 위치 47%",익일 시초 매도,2.40,0.72,0.466,500.9,0.279,0.40,1,370,5,0,0,1.2,True
036930#1751-20260520151000,036930,주성엔지니어링,오버나잇,FullAuto,Paper,Backtest,2026-05-20 15:10:00,2026-05-20 15:10:00,2026-05-21 09:01:00,1071,8,176500,186200,167700,4.986,74187,5.254,1.05,5.496,-0.057,0,0,NextDayOpen,"오버나잇: 등락 -+0.2%, 범위 위치 17%",익일 시초 매도,-0.23,-8.82,0.167,142.3,0.983,0.65,1,370,5,0,0,1.2,True
086520#1756-20260520151000,086520,에코프로,오버나잇,FullAuto,Paper,Backtest,2026-05-20 15:10:00,2026-05-20 15:10:00,2026-05-21 09:01:00,1071,12,118300,122700,112400,4.987,49424,3.482,0.70,3.719,-0.085,0,0,NextDayOpen,"오버나잇: 등락 -+0.3%, 범위 위치 55%",익일 시초 매도,-0.34,0.34,0.55,252.3,0.278,0.65,1,370,5,0,0,1.2,True
007660#1754-20260520151000,007660,이수페타시스,오버나잇,FullAuto,Paper,Backtest,2026-05-20 15:10:00,2026-05-20 15:10:00,2026-05-21 09:01:00,1071,12,121000,125900,115000,4.959,55336,3.811,0.77,4.132,-0.248,0,-0.079,NextDayOpen,"오버나잇: 등락 +1.6%, 범위 위치 12%",익일 시초 매도,1.60,-2.39,0.121,466.2,0.195,0.60,1,370,5,0,0,1.2,True
001820#1755-20260520151000,001820,삼화콘덴서,오버나잇,FullAuto,Paper,Backtest,2026-05-20 15:10:00,2026-05-20 15:10:00,2026-05-21 09:01:00,1071,18,77950,75200,74100,4.939,-52620,-3.750,-0.76,3.143,-3.528,0,0,NextDayOpen,"오버나잇: 등락 +22.0%, 범위 위치 90%",익일 시초 매도,21.99,5.17,0.895,241.7,1.118,0.97,2,370,5,0,0,1.2,True
440110#1762-20260521090622,440110,파두,ORB,FullAuto,Paper,Backtest,2026-05-21 09:06:22,2026-05-21 09:06:22,2026-05-21 10:04:25,58,24,117500,114000.00,114000,2.979,-90305,-3.202,-1.08,2.043,-2.979,0,0.000,StopLoss,"ORB5 고가 117,000 돌파 (범위 2.9%, 등락 +4.7%) · A등급","손절 (114,000)",4.72,1.48,1,211.4,1.691,5.00,1,6,3,10,0,1.2,False
066570#1757-20260521090615,066570,LG전자,ORB,FullAuto,Paper,Backtest,2026-05-21 09:06:15,2026-05-21 09:06:15,2026-05-21 10:18:30,72.2,13,195900,215000,190100,2.961,241909,9.499,3.21,10.005,-2.246,0,-0.232,TakeProfit,"ORB5 고가 195,800 돌파 (범위 2.5%, 등락 +6.2%) · A등급",목표 익절 +10%,6.24,1.01,1,197.6,1.008,1.52,1,6,3,10,0,1.2,False
034220#1764-20260521090625,034220,LG디스플레이,ORB,FullAuto,Paper,Backtest,2026-05-21 09:06:25,2026-05-21 09:06:25,2026-05-21 10:21:25,75,217,13280,14600,12890,2.937,279197,9.688,3.30,10.015,-0.602,0,-0.068,TakeProfit,"ORB5 고가 13,250 돌파 (범위 3.1%, 등락 +5.7%) · A등급",목표 익절 +10%,5.73,1.53,1,255.8,0.998,2.05,1,6,3,10,0,1.2,False
009150#1759-20260521090517,009150,삼성전기,ORB,FullAuto,Paper,Backtest,2026-05-21 09:05:17,2026-05-21 09:05:17,2026-05-21 15:05:00,359.7,1,1163000,1194000,1129000,2.923,28259,2.430,0.83,4.815,-2.408,0,0,ForceClose,"ORB5 고가 1,162,000 돌파 (범위 5.2%, 등락 +9.0%)",장마감 강제청산,9.00,1.46,1,158.2,1.146,2.10,1,5,3,10,0,1.2,False
009150#1770-20260521151000,009150,삼성전기,오버나잇,FullAuto,Paper,Backtest,2026-05-21 15:10:00,2026-05-21 15:10:00,2026-05-22 09:01:00,1071,1,1197000,1240000,1138000,4.929,40155,3.355,0.68,3.592,-0.418,0,0,NextDayOpen,"오버나잇: 등락 +12.2%, 범위 위치 81%",익일 시초 매도,12.18,1.55,0.807,245.0,0.203,0.98,1,370,5,0,0,1.2,True
005380#1771-20260521151000,005380,현대차,오버나잇,FullAuto,Paper,Backtest,2026-05-21 15:10:00,2026-05-21 15:10:00,2026-05-22 09:01:00,1071,2,666000,666000,633000,4.955,-3062,-0.230,-0.05,0.150,-0.150,0,0,NextDayOpen,"오버나잇: 등락 +9.7%, 범위 위치 91%",익일 시초 매도,9.72,3.36,0.908,404.4,0.279,0.62,1,370,5,0,0,1.2,True
036930#1775-20260521151000,036930,주성엔지니어링,오버나잇,FullAuto,Paper,Backtest,2026-05-21 15:10:00,2026-05-21 15:10:00,2026-05-22 09:01:00,1071,7,187200,185200,177900,4.968,-16982,-1.296,-0.26,0.107,-1.122,0,-0.054,NextDayOpen,"오버나잇: 등락 +4.9%, 범위 위치 79%",익일 시초 매도,4.87,2.76,0.792,280.8,0.301,0.67,1,370,5,0,0,1.2,True
402340#1773-20260521151000,402340,SK스퀘어,오버나잇,FullAuto,Paper,Backtest,2026-05-21 15:10:00,2026-05-21 15:10:00,2026-05-22 09:01:00,1071,1,1175000,1179000,1117000,4.936,1290,0.110,0.02,0.511,-0.426,0,-0.085,NextDayOpen,"오버나잇: 등락 +11.4%, 범위 위치 97%",익일 시초 매도,11.37,3.68,0.972,315.5,0.280,0.93,1,370,5,0,0,1.2,True
012330#1772-20260521151000,012330,현대모비스,오버나잇,FullAuto,Paper,Backtest,2026-05-21 15:10:00,2026-05-21 15:10:00,2026-05-22 09:01:00,1071,2,672000,654000,639000,4.911,-39013,-2.903,-0.59,0.298,-2.679,0,0,NextDayOpen,"오버나잇: 등락 +21.1%, 범위 위치 93%",익일 시초 매도,21.08,5.58,0.930,438.8,0.319,0.83,1,370,5,0,0,1.2,True
034020#1776-20260521151000,034020,두산에너빌리티,오버나잇,FullAuto,Paper,Backtest,2026-05-21 15:10:00,2026-05-21 15:10:00,2026-05-22 09:01:00,1071,13,108700,117000,103300,4.968,104419,7.389,1.49,7.636,-0.368,0,0,NextDayOpen,"오버나잇: 등락 +4.8%, 범위 위치 70%",익일 시초 매도,4.82,0.32,0.704,520.1,0.131,1.04,1,370,5,0,0,1.2,True
080220#1774-20260521151000,080220,제주반도체,오버나잇,FullAuto,Paper,Backtest,2026-05-21 15:10:00,2026-05-21 15:10:00,2026-05-22 09:01:00,1071,12,118200,119900,112300,4.992,17096,1.205,0.24,1.438,-1.946,0,0,NextDayOpen,"오버나잇: 등락 +24.7%, 범위 위치 83%",익일 시초 매도,24.68,7.27,0.827,335.7,0.423,2.39,1,370,5,0,0,1.2,True
001820#1783-20260522090715,001820,삼화콘덴서,ORB,FullAuto,Paper,Backtest,2026-05-22 09:07:15,2026-05-22 09:07:15,2026-05-22 09:07:30,0.2,34,83300,80600,80800,3.001,-98115,-3.464,-1.15,0,-3.241,0,-0.248,StopLoss,"ORB5 고가 83,000 돌파 (범위 3.9%, 등락 +6.1%) · A등급","손절 (80,800)",6.11,2.20,1,162.6,1.777,2.87,1,7,3,10,0,1.2,False
079550#1785-20260522090525,079550,LIG디펜스앤에어로스페이스,ORB,FullAuto,Paper,Backtest,2026-05-22 09:05:25,2026-05-22 09:05:25,2026-05-22 15:05:00,359.6,2,911000,929000,884000,2.964,31733,1.742,0.59,3.074,-0.878,0,0,ForceClose,"ORB5 고가 910,000 돌파 (범위 5.0%, 등락 +4.7%)",장마감 강제청산,4.71,1.62,1,400,3.147,1.21,1,5,3,10,0,1.2,False
440110#1777-20260522090515,440110,파두,ORB,FullAuto,Paper,Backtest,2026-05-22 09:05:15,2026-05-22 09:05:15,2026-05-22 15:05:00,359.8,16,122400,126800,118800,2.941,65746,3.357,1.14,5.719,-2.696,0,-0.079,ForceClose,"ORB5 고가 122,300 돌파 (범위 5.1%, 등락 +4.9%)",장마감 강제청산,4.88,2.08,1,127.8,2.424,1.44,1,5,3,10,0,1.2,False
050890#1780-20260522090520,050890,쏠리드,ORB,FullAuto,Paper,Backtest,2026-05-22 09:05:20,2026-05-22 09:05:20,2026-05-22 15:05:00,359.7,175,16990,18120,16490,2.943,190488,6.407,2.18,9.888,-0.589,0,0,ForceClose,"ORB5 고가 16,930 돌파 (범위 3.0%, 등락 +7.9%) · A등급",장마감 강제청산,7.94,1.99,1,260.8,1.648,2.91,1,5,3,10,0,1.2,False
068270#1779-20260522091222,068270,셀트리온,ORB,FullAuto,Paper,Backtest,2026-05-22 09:12:22,2026-05-22 09:12:22,2026-05-22 15:05:00,352.6,15,190600,188920,184900,2.991,-31720,-1.109,-0.37,1.021,-1.154,0,-0.053,ForceClose,"ORB5 고가 190,545 돌파 (범위 3.5%, 등락 +5.3%) · A등급",장마감 강제청산,5.30,1.04,1,204.6,0.688,4.58,1,12,3,10,0,1.2,False
009150#1792-20260522151000,009150,삼성전기,오버나잇,FullAuto,Paper,Backtest,2026-05-22 15:10:00,2026-05-22 15:10:00,2026-05-26 09:01:00,5391,1,1329000,1470000,1263000,4.966,137641,10.357,2.09,10.685,-0.301,0,-0.068,NextDayOpen,"오버나잇: 등락 +9.6%, 범위 위치 77%",익일 시초 매도,9.57,2.48,0.770,187.6,0.441,0.88,1,370,5,0,0,1.2,True
402340#1794-20260522151000,402340,SK스퀘어,오버나잇,FullAuto,Paper,Backtest,2026-05-22 15:10:00,2026-05-22 15:10:00,2026-05-26 09:01:00,5391,1,1182000,1219000,1123000,4.992,34203,2.894,0.58,3.215,-0.423,0,-0.082,NextDayOpen,"오버나잇: 등락 +2.5%, 범위 위치 66%",익일 시초 매도,2.52,0.09,0.66,383.3,0.200,0.81,1,370,5,0,0,1.2,True
034020#1797-20260522151000,034020,두산에너빌리티,오버나잇,FullAuto,Paper,Backtest,2026-05-22 15:10:00,2026-05-22 15:10:00,2026-05-26 09:01:00,5391,13,111300,114200,105800,4.942,34292,2.370,0.48,2.695,-0.090,0,-0.087,NextDayOpen,"오버나잇: 등락 +2.8%, 범위 위치 11%",익일 시초 매도,2.77,-1.43,0.109,440.2,0.154,0.84,1,370,5,0,0,1.2,True
086520#1793-20260522151000,086520,에코프로,오버나잇,FullAuto,Paper,Backtest,2026-05-22 15:10:00,2026-05-22 15:10:00,2026-05-26 09:01:00,5391,10,144400,151300,137200,4.986,65532,4.538,0.91,4.778,0,0,0,NextDayOpen,"오버나잇: 등락 +10.9%, 범위 위치 63%",익일 시초 매도,10.91,-1.26,0.628,220.2,0.381,0.76,1,370,5,0,0,1.2,True
036540#1795-20260522151000,036540,SFA반도체,오버나잇,FullAuto,Paper,Backtest,2026-05-22 15:10:00,2026-05-22 15:10:00,2026-05-26 09:01:00,5391,145,10300,10470,9790,4.951,21163,1.417,0.29,1.748,-0.388,0,-0.095,NextDayOpen,"오버나잇: 등락 +15.0%, 범위 위치 70%",익일 시초 매도,14.97,-0.44,0.695,227.0,0.410,0.73,1,370,5,0,0,1.2,True
080220#1796-20260522151000,080220,제주반도체,오버나잇,FullAuto,Paper,Backtest,2026-05-22 15:10:00,2026-05-22 15:10:00,2026-05-26 09:01:00,5391,12,123050,119700,116900,4.998,-43508,-2.946,-0.59,0,-3.535,0,-0.083,NextDayOpen,"오버나잇: 등락 +4.4%, 범위 위치 26%",익일 시초 매도,4.37,-2.96,0.263,190.3,0.802,0.72,2,370,5,0,0,1.2,True
079550#1798-20260522151000,079550,LIG디펜스앤에어로스페이스,오버나잇,FullAuto,Paper,Backtest,2026-05-22 15:10:00,2026-05-22 15:10:00,2026-05-26 09:01:00,5391,1,926000,918000,880000,4.968,-10111,-1.092,-0.22,0.432,-0.864,0,0,NextDayOpen,"오버나잇: 등락 +6.4%, 범위 위치 82%",익일 시초 매도,6.44,0.45,0.819,376.6,0.255,0.78,1,370,5,0,0,1.2,True
027360#1806-20260526091625,027360,아주IB투자,ORB,FullAuto,Paper,Backtest,2026-05-26 09:16:25,2026-05-26 09:16:25,2026-05-26 10:21:30,65.1,116,17150,16640,16640,2.974,-63607,-3.197,-1.08,3.149,-2.974,0,0,StopLoss,"ORB5 고가 17,130 돌파 (범위 5.4%, 등락 +8.7%)","손절 (16,640)",8.68,2.27,1,172.7,1.514,5.81,1,16,3,10,0,1.2,False
007660#1804-20260526090530,007660,이수페타시스,ORB,FullAuto,Paper,Backtest,2026-05-26 09:05:30,2026-05-26 09:05:30,2026-05-26 15:05:00,359.5,21,136500,139650,132500,2.930,59417,2.073,0.71,6.227,-0.659,0,0,ForceClose,"ORB5 고가 136,300 돌파 (범위 3.3%, 등락 +8.0%) · A등급",장마감 강제청산,7.99,1.50,1,270.0,1.221,1.29,1,6,3,10,0,1.2,False
011790#1801-20260526090520,011790,SKC,ORB,FullAuto,Paper,Backtest,2026-05-26 09:05:20,2026-05-26 09:05:20,2026-05-26 15:05:00,359.7,18,154000,152200,149400,2.987,-38704,-1.396,-0.47,4.545,-2.857,0,-0.066,ForceClose,"ORB5 고가 153,700 돌파 (범위 3.3%, 등락 +7.6%) · A등급",장마감 강제청산,7.62,1.58,1,655.2,1.364,2.51,1,5,3,10,0,1.2,False
005380#1814-20260526151000,005380,현대차,오버나잇,FullAuto,Paper,Backtest,2026-05-26 15:10:00,2026-05-26 15:10:00,2026-05-27 09:01:00,1071,2,688000,691000,654000,4.942,2823,0.205,0.04,0.436,0,0,0,NextDayOpen,"오버나잇: 등락 +5.0%, 범위 위치 78%",익일 시초 매도,5.04,0.63,0.778,853.0,0.208,1.08,1,370,5,0,0,1.2,True
011070#1816-20260526151000,011070,LG이노텍,오버나잇,FullAuto,Paper,Backtest,2026-05-26 15:10:00,2026-05-26 15:10:00,2026-05-27 09:01:00,1071,1,1065000,1266000,1012000,4.977,198120,18.603,3.74,18.967,-0.188,0,-0.079,NextDayOpen,"오버나잇: 등락 +23.3%, 범위 위치 72%",익일 시초 매도,23.29,0.87,0.720,439.4,0.282,0.83,1,370,5,0,0,1.2,True
402340#1815-20260526151000,402340,SK스퀘어,오버나잇,FullAuto,Paper,Backtest,2026-05-26 15:10:00,2026-05-26 15:10:00,2026-05-27 09:01:00,1071,1,1178000,1297000,1120000,4.924,116036,9.850,2.00,10.187,-0.509,0,-0.077,NextDayOpen,"오버나잇: 등락 +0.1%, 범위 위치 20%",익일 시초 매도,0.09,-1.76,0.2,385.3,0.200,1.00,1,370,5,0,0,1.2,True
042660#1817-20260526151000,042660,한화오션,오버나잇,FullAuto,Paper,Backtest,2026-05-26 15:10:00,2026-05-26 15:10:00,2026-05-27 09:01:00,1071,11,133600,134000,127000,4.940,1011,0.069,0.01,0.599,-0.150,0,0,NextDayOpen,"오버나잇: 등락 +8.5%, 범위 위치 62%",익일 시초 매도,8.54,-0.10,0.622,306.8,0.134,0.58,1,370,5,0,0,1.2,True
034020#1819-20260526151000,034020,두산에너빌리티,오버나잇,FullAuto,Paper,Backtest,2026-05-26 15:10:00,2026-05-26 15:10:00,2026-05-27 09:01:00,1071,13,112700,114700,107100,4.969,22576,1.541,0.31,1.775,-0.177,0,0,NextDayOpen,"오버나잇: 등락 +0.9%, 범위 위치 37%",익일 시초 매도,0.90,-0.24,0.367,553.4,0.171,0.97,1,370,5,0,0,1.2,True
329180#1818-20260526151000,329180,HD현대중공업,오버나잇,FullAuto,Paper,Backtest,2026-05-26 15:10:00,2026-05-26 15:10:00,2026-05-27 09:01:00,1071,2,743000,749000,706000,4.980,8558,0.576,0.12,0.808,-0.269,0,0,NextDayOpen,"오버나잇: 등락 +9.4%, 범위 위치 72%",익일 시초 매도,9.44,1.11,0.716,458.9,0.245,1.08,1,370,5,0,0,1.2,True
012330#1835-20260527151000,012330,현대모비스,오버나잇,FullAuto,Paper,Backtest,2026-05-27 15:10:00,2026-05-27 15:10:00,2026-05-28 09:01:00,1071,2,691000,739000,657000,4.920,92616,6.702,1.36,6.946,-0.289,0,0,NextDayOpen,"오버나잇: 등락 +2.4%, 범위 위치 67%",익일 시초 매도,2.37,0.68,0.672,362.3,0.341,0.69,1,370,5,0,0,1.2,True
307950#1837-20260527151000,307950,현대오토에버,오버나잇,FullAuto,Paper,Backtest,2026-05-27 15:10:00,2026-05-27 15:10:00,2026-05-28 09:01:00,1071,2,729000,756000,693000,4.938,50532,3.466,0.70,7.407,-0.137,0,0,NextDayOpen,"오버나잇: 등락 +13.2%, 범위 위치 92%",익일 시초 매도,13.20,6.50,0.915,428.0,0.558,3.18,1,370,5,0,0,1.2,True
001740#1836-20260527151000,001740,SK네트웍스,오버나잇,FullAuto,Paper,Backtest,2026-05-27 15:10:00,2026-05-27 15:10:00,2026-05-28 09:01:00,1071,136,11270,11270,10710,4.969,-3523,-0.230,-0.05,2.396,-0.177,0,-0.089,NextDayOpen,"오버나잇: 등락 +3.2%, 범위 위치 1%",익일 시초 매도,3.21,-11.26,0.007,168.7,0.754,0.99,1,370,5,0,0,1.2,True
010060#1838-20260527151000,010060,OCI홀딩스,오버나잇,FullAuto,Paper,Backtest,2026-05-27 15:10:00,2026-05-27 15:10:00,2026-05-28 09:01:00,1071,3,389000,384000,370000,4.884,-17651,-1.513,-0.31,0.257,-1.285,0,-0.130,NextDayOpen,"오버나잇: 등락 +8.8%, 범위 위치 64%",익일 시초 매도,8.81,-0.01,0.638,247.2,0.468,0.67,1,370,5,0,0,1.2,True
402340#1834-20260527151000,402340,SK스퀘어,오버나잇,FullAuto,Paper,Backtest,2026-05-27 15:10:00,2026-05-27 15:10:00,2026-05-28 09:01:00,1071,1,1277000,1264000,1214000,4.933,-15908,-1.246,-0.25,1.096,-1.018,0,0,NextDayOpen,"오버나잇: 등락 +8.3%, 범위 위치 35%",익일 시초 매도,8.31,-1.65,0.348,256.6,0.358,1.14,1,370,5,0,0,1.2,True
064400#1839-20260527151000,064400,LG씨엔에스,오버나잇,FullAuto,Paper,Backtest,2026-05-27 15:10:00,2026-05-27 15:10:00,2026-05-28 09:01:00,1071,16,91400,89000,86900,4.923,-41680,-2.850,-0.58,4.705,-2.626,0,0,NextDayOpen,"오버나잇: 등락 +10.3%, 범위 위치 80%",익일 시초 매도,10.25,5.16,0.8,222.6,1.250,0.83,1,370,5,0,0,1.2,True
417010#1843-20260528090527,417010,나노팀,ORB,FullAuto,Paper,Backtest,2026-05-28 09:05:27,2026-05-28 09:05:27,2026-05-28 09:14:22,8.9,148,13420,13000,13020,2.981,-66593,-3.353,-1.12,7.303,-3.130,0,-0.154,StopLoss,"ORB5 고가 13,400 돌파 (범위 5.9%, 등락 +6.8%)","손절 (13,020)",6.85,2.94,1,243.5,3.229,2.74,1,5,3,10,0,1.2,False
011070#1852-20260528151000,011070,LG이노텍,오버나잇,FullAuto,Paper,Backtest,2026-05-28 15:10:00,2026-05-28 15:10:00,2026-05-29 09:01:00,1071,1,1120000,1193000,1064000,5.00,70268,6.274,1.25,6.518,-0.357,0,0,NextDayOpen,"오버나잇: 등락 +2.1%, 범위 위치 68%",익일 시초 매도,2.10,1.27,0.679,223.6,0.552,0.74,1,370,5,0,0,1.2,True
006400#1851-20260528151000,006400,삼성SDI,오버나잇,FullAuto,Paper,Backtest,2026-05-28 15:10:00,2026-05-28 15:10:00,2026-05-29 09:01:00,1071,2,672000,680000,639000,4.911,12875,0.958,0.20,1.190,-0.446,0,0,NextDayOpen,"오버나잇: 등락 +5.8%, 범위 위치 58%",익일 시초 매도,5.84,0.30,0.583,685.7,0.261,0.87,1,370,5,0,0,1.2,True
373220#1853-20260528151000,373220,LG에너지솔루션,오버나잇,FullAuto,Paper,Backtest,2026-05-28 15:10:00,2026-05-28 15:10:00,2026-05-29 09:01:00,1071,3,437500,444000,416000,4.914,16441,1.253,0.25,1.600,0,0,-0.112,NextDayOpen,"오버나잇: 등락 +12.9%, 범위 위치 72%",익일 시초 매도,12.90,1.45,0.721,286.5,0.339,0.92,1,370,5,0,0,1.2,True
001820#1854-20260528151000,001820,삼화콘덴서,오버나잇,FullAuto,Paper,Backtest,2026-05-28 15:10:00,2026-05-28 15:10:00,2026-05-29 09:01:00,1071,10,153200,160600,145600,4.961,70319,4.590,0.93,4.830,-0.131,0,0,NextDayOpen,"오버나잇: 등락 +21.7%, 범위 위치 85%",익일 시초 매도,21.68,4.39,0.853,155.2,0.984,0.39,1,370,5,0,0,1.2,True
066970#1857-20260528151000,066970,엘앤에프,오버나잇,FullAuto,Paper,Backtest,2026-05-28 15:10:00,2026-05-28 15:10:00,2026-05-29 09:01:00,1071,9,167800,167500,159500,4.946,-6167,-0.408,-0.08,0.894,-0.179,0,0,NextDayOpen,"오버나잇: 등락 +11.8%, 범위 위치 45%",익일 시초 매도,11.79,-0.81,0.446,198.1,0.228,1.05,1,370,5,0,0,1.2,True
001740#1855-20260528151000,001740,SK네트웍스,오버나잇,FullAuto,Paper,Backtest,2026-05-28 15:10:00,2026-05-28 15:10:00,2026-05-29 09:01:00,1071,131,12010,11990,11410,4.996,-6231,-0.396,-0.08,0.749,-0.083,0,-0.083,NextDayOpen,"오버나잇: 등락 +5.5%, 범위 위치 50%",익일 시초 매도,5.54,-1.31,0.5,235.7,0.622,0.71,1,370,5,0,0,1.2,True
347850#1856-20260528151000,347850,디앤디파마텍,오버나잇,FullAuto,Paper,Backtest,2026-05-28 15:10:00,2026-05-28 15:10:00,2026-05-29 09:01:00,1071,14,108300,106000,102900,4.986,-35617,-2.349,-0.47,0.369,-2.124,0,0,NextDayOpen,"오버나잇: 등락 +9.6%, 범위 위치 48%",익일 시초 매도,9.62,-0.78,0.484,203.7,0.983,0.39,1,370,5,0,0,1.2,True
003550#1860-20260529091130,003550,LG,ORB,FullAuto,Paper,Backtest,2026-05-29 09:11:30,2026-05-29 09:11:30,2026-05-29 13:01:30,230,22,126000,138600,122300,2.937,270230,9.749,3.32,10.079,-1.587,0,-0.072,TakeProfit,"ORB5 고가 125,600 돌파 (범위 3.8%, 등락 +6.9%) · A등급",목표 익절 +10%,6.87,1.74,1,181.2,1.420,2.39,1,12,3,10,0,1.2,False
005380#1859-20260529091422,005380,현대차,ORB,FullAuto,Paper,Backtest,2026-05-29 09:14:22,2026-05-29 09:14:22,2026-05-29 15:05:00,350.6,3,721000,725000,700000,2.913,7000,0.324,0.11,2.497,-2.774,0,-0.138,ForceClose,"ORB5 고가 720,000 돌파 (범위 2.7%, 등락 +6.7%) · A등급",장마감 강제청산,6.66,0.81,1,363.7,0.809,3.64,1,14,3,10,0,1.2,False
012330#1861-20260529090527,012330,현대모비스,ORB,FullAuto,Paper,Backtest,2026-05-29 09:05:27,2026-05-29 09:05:27,2026-05-29 15:05:00,359.5,3,726000,771000,705000,2.893,129702,5.955,2.06,9.504,-1.515,0,-0.130,ForceClose,"ORB5 고가 725,000 돌파 (범위 2.7%, 등락 +7.1%) · A등급",장마감 강제청산,7.08,1.45,1,218.3,1.423,2.78,1,5,3,10,0,1.2,False
034220#1865-20260529090730,034220,LG디스플레이,ORB,FullAuto,Paper,Backtest,2026-05-29 09:07:30,2026-05-29 09:07:30,2026-05-29 15:05:00,357.5,195,15280,16140,14830,2.945,160488,5.386,1.83,8.639,-1.898,0,-0.062,ForceClose,"ORB5 고가 15,250 돌파 (범위 3.7%, 등락 +6.0%) · A등급",장마감 강제청산,5.96,2.09,1,285.8,1.584,1.37,1,8,3,10,0,1.2,False
005380#1872-20260529151000,005380,현대차,오버나잇,FullAuto,Paper,Backtest,2026-05-29 15:10:00,2026-05-29 15:10:00,2026-06-01 09:01:00,3951,2,729000,736000,693000,4.938,10618,0.728,0.15,0.960,-0.412,0,0,NextDayOpen,"오버나잇: 등락 +7.7%, 범위 위치 71%",익일 시초 매도,7.69,1.14,0.711,391.2,0.226,0.89,1,370,5,0,0,1.2,True
012330#1873-20260529151000,012330,현대모비스,오버나잇,FullAuto,Paper,Backtest,2026-05-29 15:10:00,2026-05-29 15:10:00,2026-06-01 09:01:00,3951,2,773000,770000,735000,4.916,-9542,-0.617,-0.13,0.388,-0.388,0,0,NextDayOpen,"오버나잇: 등락 +13.9%, 범위 위치 74%",익일 시초 매도,13.86,2.45,0.742,286.1,0.315,1.33,1,370,5,0,0,1.2,True
003550#1877-20260529151000,003550,LG,오버나잇,FullAuto,Paper,Backtest,2026-05-29 15:10:00,2026-05-29 15:10:00,2026-06-01 09:01:00,3951,10,149000,158800,141600,4.966,94363,6.333,1.28,6.644,-1.342,0,-0.063,NextDayOpen,"오버나잇: 등락 +26.4%, 범위 위치 98%",익일 시초 매도,26.38,9.73,0.976,319.7,0.499,0.69,1,370,5,0,0,1.2,True
402340#1876-20260529151000,402340,SK스퀘어,오버나잇,FullAuto,Paper,Backtest,2026-05-29 15:10:00,2026-05-29 15:10:00,2026-06-01 09:01:00,3951,1,1245000,1248000,1183000,4.980,131,0.011,0.00,0.964,0,0,-0.080,NextDayOpen,"오버나잇: 등락 +2.1%, 범위 위치 47%",익일 시초 매도,2.13,0.04,0.475,371.6,0.281,1.14,1,370,5,0,0,1.2,True
307950#1874-20260529151000,307950,현대오토에버,오버나잇,FullAuto,Paper,Backtest,2026-05-29 15:10:00,2026-05-29 15:10:00,2026-06-01 09:01:00,3951,1,925000,931000,879000,4.973,3861,0.417,0.08,0.649,-0.324,0,0,NextDayOpen,"오버나잇: 등락 +27.8%, 범위 위치 82%",익일 시초 매도,27.80,6.63,0.817,234.4,0.441,0.59,1,370,5,0,0,1.2,True
006400#1875-20260529151000,006400,삼성SDI,오버나잇,FullAuto,Paper,Backtest,2026-05-29 15:10:00,2026-05-29 15:10:00,2026-06-01 09:01:00,3951,2,685000,679000,651000,4.964,-15124,-1.104,-0.22,0.584,-0.876,0,0,NextDayOpen,"오버나잇: 등락 +1.8%, 범위 위치 56%",익일 시초 매도,1.78,0.09,0.56,544.1,0.198,0.64,1,370,5,0,0,1.2,True
032640#1886-20260601090925,032640,LG유플러스,ORB,FullAuto,Paper,Backtest,2026-06-01 09:09:25,2026-06-01 09:09:25,2026-06-01 09:15:22,6,107,18530,17980.0,17980,2.968,-63282,-3.192,-1.08,1.457,-2.968,0,0.0,StopLoss,"ORB5 고가 18,520 돌파 (범위 4.9%, 등락 +5.3%)","손절 (17,980)",5.28,1.96,1,228.2,1.503,1.71,1,9,3,10,0,1.2,False
034220#1880-20260601091122,034220,LG디스플레이,ORB,FullAuto,Paper,Backtest,2026-06-01 09:11:22,2026-06-01 09:11:22,2026-06-01 09:19:20,8,113,17670,17120.00,17140,2.999,-66608,-3.336,-1.11,1.585,-3.113,0,-0.117,StopLoss,"ORB5 고가 17,600 돌파 (범위 5.5%, 등락 +9.8%)","손절 (17,140)",9.82,2.64,1,178.3,1.509,3.39,1,11,3,10,0,1.2,False
005930#1896-20260601151000,005930,삼성전자,오버나잇,FullAuto,Paper,Backtest,2026-06-01 15:10:00,2026-06-01 15:10:00,2026-06-02 09:01:00,1071,4,354000,360000,336500,4.944,20692,1.461,0.30,1.836,-0.989,0,-0.139,NextDayOpen,"오버나잇: 등락 +11.0%, 범위 위치 97%",익일 시초 매도,10.99,3.78,0.971,895.4,0.323,0.68,1,370,5,0,0,1.2,True
005380#1899-20260601151000,005380,현대차,오버나잇,FullAuto,Paper,Backtest,2026-06-01 15:10:00,2026-06-01 15:10:00,2026-06-02 09:01:00,1071,2,756000,770000,719000,4.894,24463,1.618,0.33,1.852,-0.529,0,0,NextDayOpen,"오버나잇: 등락 +3.0%, 범위 위치 50%",익일 시초 매도,3.00,-0.18,0.5,318.4,0.322,1.10,1,370,5,0,0,1.2,True
011070#1898-20260601151000,011070,LG이노텍,오버나잇,FullAuto,Paper,Backtest,2026-06-01 15:10:00,2026-06-01 15:10:00,2026-06-02 09:01:00,1071,1,1527000,1381000,1451000,4.977,-149198,-9.771,-1.96,0.262,-9.561,0,0,NextDayOpen,"오버나잇: 등락 +3.6%, 범위 위치 11%",익일 시초 매도,3.60,-6.36,0.114,157.7,0.585,0.97,1,370,5,0,0,1.2,True
018260#1900-20260601151000,018260,삼성에스디에스,오버나잇,FullAuto,Paper,Backtest,2026-06-01 15:10:00,2026-06-01 15:10:00,2026-06-02 09:01:00,1071,4,354750,330500,337000,5.004,-100054,-7.051,-1.41,0.493,-6.836,0,0,NextDayOpen,"오버나잇: 등락 +15.6%, 범위 위치 55%",익일 시초 매도,15.55,-2.16,0.547,166.1,1.062,0.71,2,370,5,0,0,1.2,True
064400#1902-20260601151000,064400,LG씨엔에스,오버나잇,FullAuto,Paper,Backtest,2026-06-01 15:10:00,2026-06-01 15:10:00,2026-06-02 09:01:00,1071,11,142600,144500,135500,4.979,17248,1.100,0.22,1.332,-1.122,0,0,NextDayOpen,"오버나잇: 등락 +25.2%, 범위 위치 59%",익일 시초 매도,25.22,-0.30,0.591,193.1,0.727,1.06,1,370,5,0,0,1.2,True
003550#1901-20260601151000,003550,LG,오버나잇,FullAuto,Paper,Backtest,2026-06-01 15:10:00,2026-06-01 15:10:00,2026-06-02 09:01:00,1071,9,168300,152700,159900,4.991,-143581,-9.479,-1.90,0.178,-9.269,0,0,NextDayOpen,"오버나잇: 등락 +15.9%, 범위 위치 38%",익일 시초 매도,15.91,-4.28,0.376,161.6,0.615,0.66,1,370,5,0,0,1.2,True
307950#1903-20260601151000,307950,현대오토에버,오버나잇,FullAuto,Paper,Backtest,2026-06-01 15:10:00,2026-06-01 15:10:00,2026-06-02 09:01:00,1071,1,951000,899000,904000,4.942,-54074,-5.686,-1.15,0,-5.363,0,-0.111,NextDayOpen,"오버나잇: 등락 +3.7%, 범위 위치 28%",익일 시초 매도,3.71,-3.31,0.280,223.2,0.380,0.51,1,370,5,0,0,1.2,True
005930#1917-20260602151000,005930,삼성전자,오버나잇,FullAuto,Paper,Backtest,2026-06-02 15:10:00,2026-06-02 15:10:00,2026-06-04 09:01:00,2511,4,360000,348500,342000,5.00,-49213,-3.418,-0.68,0.556,-3.056,0,-0.143,NextDayOpen,"오버나잇: 등락 +1.3%, 범위 위치 63%",익일 시초 매도,1.27,0.78,0.625,243.2,0.407,0.70,1,370,5,0,0,1.2,True
066570#1918-20260602151000,066570,LG전자,오버나잇,FullAuto,Paper,Backtest,2026-06-02 15:10:00,2026-06-02 15:10:00,2026-06-04 09:01:00,2511,4,391000,358000,371500,4.987,-135312,-8.652,-1.73,1.535,-8.440,0,0,NextDayOpen,"오버나잇: 등락 +2.6%, 범위 위치 48%",익일 시초 매도,2.63,4.90,0.484,180.5,0.777,0.59,1,370,5,0,0,1.2,True
036930#1922-20260602151000,036930,주성엔지니어링,오버나잇,FullAuto,Paper,Backtest,2026-06-02 15:10:00,2026-06-02 15:10:00,2026-06-04 09:01:00,2511,8,195900,197000,186200,4.952,5177,0.330,0.07,0.613,-0.357,0,-0.051,NextDayOpen,"오버나잇: 등락 +5.6%, 범위 위치 62%",익일 시초 매도,5.61,0.51,0.624,214.6,0.266,1.53,1,370,5,0,0,1.2,True
402340#1919-20260602151000,402340,SK스퀘어,오버나잇,FullAuto,Paper,Backtest,2026-06-02 15:10:00,2026-06-02 15:10:00,2026-06-04 09:01:00,2511,1,1328000,1347000,1262000,4.970,15905,1.198,0.24,1.431,-0.075,0,0,NextDayOpen,"오버나잇: 등락 +5.8%, 범위 위치 71%",익일 시초 매도,5.82,3.72,0.712,315.3,0.457,0.46,1,370,5,0,0,1.2,True
028260#1924-20260602151000,028260,삼성물산,오버나잇,FullAuto,Paper,Backtest,2026-06-02 15:10:00,2026-06-02 15:10:00,2026-06-04 09:01:00,2511,3,482500,501000,458500,4.974,52052,3.596,0.72,4.041,-0.518,0,-0.199,NextDayOpen,"오버나잇: 등락 +4.9%, 범위 위치 90%",익일 시초 매도,4.90,4.50,0.901,286.6,0.408,0.98,1,370,5,0,0,1.2,True
043260#1923-20260602151000,043260,성호전자,오버나잇,FullAuto,Paper,Backtest,2026-06-02 15:10:00,2026-06-02 15:10:00,2026-06-04 09:01:00,2511,33,47900,47450,45550,4.906,-18452,-1.167,-0.24,0.626,-0.939,0,0,NextDayOpen,"오버나잇: 등락 +21.4%, 범위 위치 83%",익일 시초 매도,21.42,5.18,0.828,233.1,0.716,1.24,1,370,5,0,0,1.2,True
454910#1920-20260602151000,454910,두산로보틱스,오버나잇,FullAuto,Paper,Backtest,2026-06-02 15:10:00,2026-06-02 15:10:00,2026-06-04 09:01:00,2511,9,163300,155600,155200,4.960,-72530,-4.935,-0.99,1.470,-4.654,0,-0.064,NextDayOpen,"오버나잇: 등락 +17.9%, 범위 위치 78%",익일 시초 매도,17.92,3.44,0.785,219.2,0.608,0.94,1,370,5,0,0,1.2,True
034220#1921-20260602151000,034220,LG디스플레이,오버나잇,FullAuto,Paper,Backtest,2026-06-02 15:10:00,2026-06-02 15:10:00,2026-06-04 09:01:00,2511,97,16510,16530,15690,4.967,-1746,-0.109,-0.02,0.848,-0.182,0,0,NextDayOpen,"오버나잇: 등락 +4.5%, 범위 위치 50%",익일 시초 매도,4.49,-1.94,0.504,181.1,0.296,0.70,1,370,5,0,0,1.2,True
403870#1928-20260604090727,403870,HPSP,ORB,FullAuto,Paper,Backtest,2026-06-04 09:07:27,2026-06-04 09:07:27,2026-06-04 15:05:00,357.5,43,46200,47200,44850,2.922,38340,1.930,0.66,6.926,-2.056,0,0,ForceClose,"ORB5 고가 46,150 돌파 (범위 5.5%, 등락 +4.6%)",장마감 강제청산,4.64,2.15,1,173.6,1.948,1.31,1,7,3,10,0,1.2,False
402340#1935-20260604151000,402340,SK스퀘어,오버나잇,FullAuto,Paper,Backtest,2026-06-04 15:10:00,2026-06-04 15:10:00,2026-06-05 09:01:00,1071,1,1369000,1332000,1301000,4.967,-40068,-2.927,-0.59,0.146,-2.703,0,0,NextDayOpen,"오버나잇: 등락 +3.8%, 범위 위치 77%",익일 시초 매도,3.79,1.03,0.768,426.8,0.162,1.66,1,370,5,0,0,1.2,True
012330#1936-20260604151000,012330,현대모비스,오버나잇,FullAuto,Paper,Backtest,2026-06-04 15:10:00,2026-06-04 15:10:00,2026-06-05 09:01:00,1071,2,754000,708000,717000,4.907,-95270,-6.318,-1.29,0,-6.101,0,0,NextDayOpen,"오버나잇: 등락 +0.5%, 범위 위치 62%",익일 시초 매도,0.53,1.06,0.615,305.4,0.313,0.60,1,370,5,0,0,1.2,True
105560#1938-20260604151000,105560,KB금융,오버나잇,FullAuto,Paper,Backtest,2026-06-04 15:10:00,2026-06-04 15:10:00,2026-06-05 09:01:00,1071,9,164000,171500,155800,5.00,63961,4.333,0.87,4.573,-0.244,0,0,NextDayOpen,"오버나잇: 등락 +4.9%, 범위 위치 82%",익일 시초 매도,4.86,1.41,0.823,423.0,0.122,1.52,1,370,5,0,0,1.2,True
011790#1937-20260604151000,011790,SKC,오버나잇,FullAuto,Paper,Backtest,2026-06-04 15:10:00,2026-06-04 15:10:00,2026-06-05 09:01:00,1071,10,155900,150200,148200,4.939,-60462,-3.878,-0.79,0.385,-3.656,0,0,NextDayOpen,"오버나잇: 등락 +10.9%, 범위 위치 58%",익일 시초 매도,10.89,0.14,0.581,166.5,0.293,1.68,1,370,5,0,0,1.2,True
000810#1940-20260604151000,000810,삼성화재,오버나잇,FullAuto,Paper,Backtest,2026-06-04 15:10:00,2026-06-04 15:10:00,2026-06-05 09:01:00,1071,2,722000,704000,686000,4.986,-39243,-2.718,-0.55,0.970,-2.355,0,-0.142,NextDayOpen,"오버나잇: 등락 +12.8%, 범위 위치 69%",익일 시초 매도,12.81,0.33,0.693,482.8,0.287,0.39,1,370,5,0,0,1.2,True
001740#1939-20260604151000,001740,SK네트웍스,오버나잇,FullAuto,Paper,Backtest,2026-06-04 15:10:00,2026-06-04 15:10:00,2026-06-05 09:01:00,1071,120,13190,11990,12540,4.928,-147329,-9.308,-1.89,0.531,-9.022,0,-0.083,NextDayOpen,"오버나잇: 등락 +2.7%, 범위 위치 83%",익일 시초 매도,2.73,3.71,0.828,132.7,1.110,1.05,1,370,5,0,0,1.2,True
080220#1941-20260604151000,080220,제주반도체,오버나잇,FullAuto,Paper,Backtest,2026-06-04 15:10:00,2026-06-04 15:10:00,2026-06-05 09:01:00,1071,14,108400,102400,103000,4.982,-87309,-5.753,-1.15,0.092,-5.535,0,0,NextDayOpen,"오버나잇: 등락 +7.2%, 범위 위치 59%",익일 시초 매도,7.23,1.13,0.591,279.1,0.745,1.51,1,370,5,0,0,1.2,True
489790#1942-20260604151000,489790,한화비전,오버나잇,FullAuto,Paper,Backtest,2026-06-04 15:10:00,2026-06-04 15:10:00,2026-06-05 09:01:00,1071,20,79500,74400,75600,4.906,-105437,-6.631,-1.35,0,-6.415,0,0,NextDayOpen,"오버나잇: 등락 +18.5%, 범위 위치 84%",익일 시초 매도,18.51,2.99,0.841,205.8,0.612,0.55,1,370,5,0,0,1.2,True
105560#1943-20260605090927,105560,KB금융,ORB,FullAuto,Paper,Backtest,2026-06-05 09:09:27,2026-06-05 09:09:27,2026-06-05 10:19:30,70,16,172400,167300,167300,2.958,-87767,-3.182,-1.08,1.914,-2.958,0,0,StopLoss,"ORB5 고가 172,200 돌파 (범위 3.0%, 등락 +5.2%) · A등급","손절 (167,300)",5.19,1.23,1,147.3,1.119,1.76,1,9,3,10,0,1.2,False
055550#1945-20260605091027,055550,신한지주,ORB,FullAuto,Paper,Backtest,2026-06-05 09:10:27,2026-06-05 09:10:27,2026-06-05 15:05:00,354.5,27,106700,106700,103500,2.999,-6625,-0.230,-0.08,2.905,-2.624,0,-0.094,ForceClose,"ORB5 고가 106,500 돌파 (범위 3.9%, 등락 +6.6%) · A등급",장마감 강제청산,6.59,1.78,1,308.7,0.750,1.72,1,10,3,10,0,1.2,False
388790#1961-20260608151000,388790,라이콤,오버나잇,FullAuto,Paper,Backtest,2026-06-08 15:10:00,2026-06-08 15:10:00,2026-06-08 15:11:27,1.5,210,7260,6900,6900,4.959,-78943,-5.178,-1.04,0,-4.959,0,0,StopLoss,"오버나잇: 등락 +22.7%, 범위 위치 89%","손절 (6,900)",22.67,6.91,0.886,132.5,1.340,2.02,1,370,5,0,0,1.2,True
017670#1959-20260608151000,017670,SK텔레콤,오버나잇,FullAuto,Paper,Backtest,2026-06-08 15:10:00,2026-06-08 15:10:00,2026-06-09 09:01:00,1071,14,105600,114000,100400,4.924,113948,7.708,1.57,7.955,-0.095,0,0,NextDayOpen,"오버나잇: 등락 +0.3%, 범위 위치 20%",익일 시초 매도,0.28,-4.77,0.205,198.5,0.528,3.17,1,370,5,0,0,1.2,True
080220#1960-20260608151000,080220,제주반도체,오버나잇,FullAuto,Paper,Backtest,2026-06-08 15:10:00,2026-06-08 15:10:00,2026-06-09 09:01:00,1071,16,94900,101900,90200,4.953,108269,7.130,1.44,7.482,-0.316,0,-0.098,NextDayOpen,"오버나잇: 등락 +1.5%, 범위 위치 65%",익일 시초 매도,1.50,-0.85,0.645,198.1,0.715,2.12,1,370,5,0,0,1.2,True
003220#1962-20260608151000,003220,대원제약,오버나잇,FullAuto,Paper,Backtest,2026-06-08 15:10:00,2026-06-08 15:10:00,2026-06-09 09:01:00,1071,125,12210,11620,11600,4.996,-77100,-5.052,-1.01,2.867,-4.832,0,0,NextDayOpen,"오버나잇: 등락 +8.5%, 범위 위치 33%",익일 시초 매도,8.54,-4.85,0.335,127.4,1.411,0.99,1,370,5,0,0,1.2,True
242040#1963-20260608151000,242040,나무AX,오버나잇,FullAuto,Paper,Backtest,2026-06-08 15:10:00,2026-06-08 15:10:00,2026-06-09 09:01:00,1071,177,8580,8560,8160,4.895,-7024,-0.463,-0.09,3.613,-4.545,0,-0.117,NextDayOpen,"오버나잇: 등락 +0.0%, 범위 위치 58%",익일 시초 매도,0,-1.51,0.582,72.9,0.692,4.49,1,370,5,0,0,1.2,True
006220#1964-20260608151000,006220,제주은행,오버나잇,FullAuto,Paper,Backtest,2026-06-08 15:10:00,2026-06-08 15:10:00,2026-06-09 09:01:00,1071,143,10630,9990,10100,4.986,-94819,-6.238,-1.25,1.881,-5.927,0,-0.100,NextDayOpen,"오버나잇: 등락 -+0.6%, 범위 위치 0%",익일 시초 매도,-0.56,-9.14,0,172.8,0.632,3.03,1,370,5,0,0,1.2,True
032640#1965-20260608151000,032640,LG유플러스,오버나잇,FullAuto,Paper,Backtest,2026-06-08 15:10:00,2026-06-08 15:10:00,2026-06-09 09:01:00,1071,97,15630,15990,14850,4.990,31359,2.068,0.41,2.303,-0.832,0,0,NextDayOpen,"오버나잇: 등락 +3.2%, 범위 위치 65%",익일 시초 매도,3.17,0.67,0.650,332.6,0.434,1.52,1,370,5,0,0,1.2,True
069960#1966-20260608151000,069960,현대백화점,오버나잇,FullAuto,Paper,Backtest,2026-06-08 15:10:00,2026-06-08 15:10:00,2026-06-09 09:01:00,1071,10,148100,153000,140700,4.997,45489,3.072,0.61,3.309,-1.013,0,0,NextDayOpen,"오버나잇: 등락 +2.6%, 범위 위치 79%",익일 시초 매도,2.63,0.10,0.788,193.2,0.584,0.88,1,370,5,0,0,1.2,True
010690#1967-20260608151132,010690,화신,오버나잇,FullAuto,Paper,Backtest,2026-06-08 15:11:32,2026-06-08 15:11:32,2026-06-09 09:01:00,1069.5,128,11930,12350,11340,4.946,50133,3.283,0.66,3.521,-4.778,0,0,NextDayOpen,"오버나잇: 등락 +27.5%, 범위 위치 100%",익일 시초 매도,27.46,9.93,1,217.4,1.581,4.01,1,372,5,0,0,1.2,True
036930#1988-20260609151000,036930,주성엔지니어링,오버나잇,FullAuto,Paper,Backtest,2026-06-09 15:10:00,2026-06-09 15:10:00,2026-06-10 09:01:00,1071,7,191400,189500,181900,4.963,-16351,-1.220,-0.25,0.679,-0.940,0,-0.053,NextDayOpen,"오버나잇: 등락 +4.6%, 범위 위치 33%",익일 시초 매도,4.65,-2.04,0.333,115.1,0.273,1.60,1,370,5,0,0,1.2,True
017670#1985-20260609151000,017670,SK텔레콤,오버나잇,FullAuto,Paper,Backtest,2026-06-09 15:10:00,2026-06-09 15:10:00,2026-06-10 09:01:00,1071,13,108900,107900,103500,4.959,-16227,-1.146,-0.23,0.551,-0.826,0,-0.093,NextDayOpen,"오버나잇: 등락 +1.8%, 범위 위치 43%",익일 시초 매도,1.78,0.11,0.431,1162.8,0.361,1.24,1,370,5,0,0,1.2,True
011070#1983-20260609151000,011070,LG이노텍,오버나잇,FullAuto,Paper,Backtest,2026-06-09 15:10:00,2026-06-09 15:10:00,2026-06-10 09:01:00,1071,1,1127000,1089000,1071000,4.969,-40510,-3.594,-0.72,1.508,-3.283,0,-0.092,NextDayOpen,"오버나잇: 등락 +0.7%, 범위 위치 77%",익일 시초 매도,0.71,3.24,0.770,191.3,0.602,1.89,1,370,5,0,0,1.2,True
402340#1984-20260609151000,402340,SK스퀘어,오버나잇,FullAuto,Paper,Backtest,2026-06-09 15:10:00,2026-06-09 15:10:00,2026-06-10 09:01:00,1071,1,1271000,1209000,1208000,4.957,-64789,-5.097,-1.03,0.157,-4.799,0,-0.083,NextDayOpen,"오버나잇: 등락 +12.4%, 범위 위치 99%",익일 시초 매도,12.38,5.40,0.992,272.9,0.455,0.84,1,370,5,0,0,1.2,True
034020#1986-20260609151000,034020,두산에너빌리티,오버나잇,FullAuto,Paper,Backtest,2026-06-09 15:10:00,2026-06-09 15:10:00,2026-06-10 09:01:00,1071,16,92300,89800,87700,4.984,-43309,-2.933,-0.59,0.217,-2.600,0,-0.111,NextDayOpen,"오버나잇: 등락 +6.7%, 범위 위치 80%",익일 시초 매도,6.71,1.96,0.804,398.4,0.248,0.85,1,370,5,0,0,1.2,True
000270#1987-20260609151000,000270,기아,오버나잇,FullAuto,Paper,Backtest,2026-06-09 15:10:00,2026-06-09 15:10:00,2026-06-10 09:01:00,1071,9,165000,162000,156800,4.970,-30356,-2.044,-0.41,0.061,-1.818,0,0,NextDayOpen,"오버나잇: 등락 +8.6%, 범위 위치 82%",익일 시초 매도,8.62,1.28,0.820,306.4,0.165,1.00,1,370,5,0,0,1.2,True
036930#1989-20260610151000,036930,주성엔지니어링,오버나잇,FullAuto,Paper,Backtest,2026-06-10 15:10:00,2026-06-10 15:10:00,2026-06-11 09:01:00,1071,7,197200,197300,187400,4.970,-2476,-0.179,-0.04,1.927,-0.051,0,0,NextDayOpen,"오버나잇: 등락 +2.9%, 범위 위치 23%",익일 시초 매도,2.87,-6.62,0.23,217.3,0.342,0.87,1,370,5,0,0,1.2,True
042660#1994-20260610151000,042660,한화오션,오버나잇,FullAuto,Paper,Backtest,2026-06-10 15:10:00,2026-06-10 15:10:00,2026-06-11 09:01:00,1071,14,108600,108400,103200,4.972,-6290,-0.414,-0.08,1.750,-0.184,0,0,NextDayOpen,"오버나잇: 등락 +4.3%, 범위 위치 76%",익일 시초 매도,4.32,1.34,0.759,601.1,0.388,1.25,1,370,5,0,0,1.2,True
267260#1992-20260610151000,267260,HD현대일렉트릭,오버나잇,FullAuto,Paper,Backtest,2026-06-10 15:10:00,2026-06-10 15:10:00,2026-06-11 09:01:00,1071,1,974000,970000,926000,4.928,-6231,-0.640,-0.13,1.848,-0.411,0,0,NextDayOpen,"오버나잇: 등락 +0.8%, 범위 위치 46%",익일 시초 매도,0.83,-1.32,0.464,362.9,0.418,2.30,1,370,5,0,0,1.2,True
079550#1993-20260610151000,079550,LIG디펜스앤에어로스페이스,오버나잇,FullAuto,Paper,Backtest,2026-06-10 15:10:00,2026-06-10 15:10:00,2026-06-11 09:01:00,1071,1,787000,796000,748000,4.956,7171,0.911,0.18,1.144,-0.127,0,0,NextDayOpen,"오버나잇: 등락 +7.4%, 범위 위치 88%",익일 시초 매도,7.37,1.69,0.884,711.2,0.372,1.08,1,370,5,0,0,1.2,True
093370#1990-20260610151000,093370,후성,오버나잇,FullAuto,Paper,Backtest,2026-06-10 15:10:00,2026-06-10 15:10:00,2026-06-11 09:01:00,1071,96,15940,15800,15150,4.956,-16929,-1.106,-0.22,1.631,-0.878,0,0,NextDayOpen,"오버나잇: 등락 +17.9%, 범위 위치 74%",익일 시초 매도,17.90,1.65,0.745,185.5,0.721,1.05,1,370,5,0,0,1.2,True
319660#1991-20260610151000,319660,피에스케이,오버나잇,FullAuto,Paper,Backtest,2026-06-10 15:10:00,2026-06-10 15:10:00,2026-06-11 09:01:00,1071,10,146000,143400,138700,5.00,-29302,-2.007,-0.40,0.959,-1.712,0,-0.070,NextDayOpen,"오버나잇: 등락 +4.7%, 범위 위치 36%",익일 시초 매도,4.74,-4.64,0.364,161.6,0.783,0.90,1,370,5,0,0,1.2,True
006220#1995-20260610151000,006220,제주은행,오버나잇,FullAuto,Paper,Backtest,2026-06-10 15:10:00,2026-06-10 15:10:00,2026-06-11 09:01:00,1071,119,12810,13250,12170,4.996,48743,3.198,0.64,3.513,-1.874,0,-0.075,NextDayOpen,"오버나잇: 등락 +15.0%, 범위 위치 59%",익일 시초 매도,15.00,-1.12,0.595,147.9,0.865,0.61,1,370,5,0,0,1.2,True
000720#1996-20260610151000,000720,현대건설,오버나잇,FullAuto,Paper,Backtest,2026-06-10 15:10:00,2026-06-10 15:10:00,2026-06-11 09:01:00,1071,11,128700,125200,122300,4.973,-41672,-2.944,-0.59,1.243,-2.720,0,0,NextDayOpen,"오버나잇: 등락 +2.1%, 범위 위치 71%",익일 시초 매도,2.06,0.09,0.705,381.0,0.452,1.07,1,370,5,0,0,1.2,True
402340#2005-20260611151000,402340,SK스퀘어,오버나잇,FullAuto,Paper,Backtest,2026-06-11 15:10:00,2026-06-11 15:10:00,2026-06-12 09:01:00,1071,1,1214000,1349000,1154000,4.942,131918,10.866,2.20,11.120,-0.329,0,0,NextDayOpen,"오버나잇: 등락 +5.0%, 범위 위치 87%",익일 시초 매도,5.02,2.60,0.874,290.1,0.406,1.24,1,370,5,0,0,1.2,True
011070#2006-20260611151000,011070,LG이노텍,오버나잇,FullAuto,Paper,Backtest,2026-06-11 15:10:00,2026-06-11 15:10:00,2026-06-12 09:01:00,1071,1,1059000,1163000,1007000,4.910,101342,9.570,1.95,9.821,-0.189,0,0,NextDayOpen,"오버나잇: 등락 +1.6%, 범위 위치 56%",익일 시초 매도,1.63,0.79,0.562,310.6,0.314,0.79,1,370,5,0,0,1.2,True
007660#2010-20260611151000,007660,이수페타시스,오버나잇,FullAuto,Paper,Backtest,2026-06-11 15:10:00,2026-06-11 15:10:00,2026-06-12 09:01:00,1071,12,123200,131200,117100,4.951,92395,6.250,1.26,6.494,0,0,0,NextDayOpen,"오버나잇: 등락 +12.4%, 범위 위치 93%",익일 시초 매도,12.41,3.27,0.926,279.5,0.481,1.06,1,370,5,0,0,1.2,True
222800#2007-20260611151000,222800,심텍,오버나잇,FullAuto,Paper,Backtest,2026-06-11 15:10:00,2026-06-11 15:10:00,2026-06-12 09:01:00,1071,11,131200,142900,124700,4.954,125106,8.669,1.75,8.918,-0.686,0,0,NextDayOpen,"오버나잇: 등락 +20.1%, 범위 위치 77%",익일 시초 매도,20.05,1.85,0.770,195.1,0.447,1.32,1,370,5,0,0,1.2,True
100790#2008-20260611151000,100790,미래에셋벤처투자,오버나잇,FullAuto,Paper,Backtest,2026-06-11 15:10:00,2026-06-11 15:10:00,2026-06-12 09:01:00,1071,35,42550,42450,40450,4.935,-6916,-0.464,-0.09,1.645,-0.588,0,-0.118,NextDayOpen,"오버나잇: 등락 +7.9%, 범위 위치 79%",익일 시초 매도,7.86,5.97,0.793,184.5,0.747,1.21,1,370,5,0,0,1.2,True
240810#2009-20260611151000,240810,원익IPS,오버나잇,FullAuto,Paper,Backtest,2026-06-11 15:10:00,2026-06-11 15:10:00,2026-06-12 09:03:00,1073,11,136500,163100,129700,4.982,288518,19.215,3.86,19.487,-0.147,0,0,NextDayOpen,"오버나잇: 등락 +17.0%, 범위 위치 76%",익일 시초 매도,16.97,1.80,0.761,222.4,0.392,1.08,1,370,5,0,0,1.2,True
440110#2013-20260612091122,440110,파두,ORB,FullAuto,Paper,Backtest,2026-06-12 09:11:22,2026-06-12 09:11:22,2026-06-12 10:13:27,62.1,27,106600,103400.00,103400,3.002,-92832,-3.225,-1.07,2.064,-3.002,0,0.000,StopLoss,"ORB5 고가 106,500 돌파 (범위 3.4%, 등락 +7.4%) · A등급","손절 (103,400)",7.35,1.47,1,183.2,1.313,2.65,1,11,3,10,0,1.2,False
402340#2023-20260612151000,402340,SK스퀘어,오버나잇,FullAuto,Paper,Backtest,2026-06-12 15:10:00,2026-06-12 15:10:00,2026-06-15 09:01:00,3951,1,1349000,1439000,1282000,4.967,86705,6.427,1.29,6.672,-0.371,0,0,NextDayOpen,"오버나잇: 등락 +9.1%, 범위 위치 32%",익일 시초 매도,9.14,-2.09,0.318,283.5,1.080,0.97,1,370,5,0,0,1.2,True
042700#2022-20260612151000,042700,한미반도체,오버나잇,FullAuto,Paper,Backtest,2026-06-12 15:10:00,2026-06-12 15:10:00,2026-06-15 09:01:00,3951,4,361000,365000,343000,4.986,12645,0.876,0.18,1.108,-1.108,0,0,NextDayOpen,"오버나잇: 등락 +21.2%, 범위 위치 84%",익일 시초 매도,21.18,5.87,0.839,248.5,0.807,0.75,1,370,5,0,0,1.2,True
267260#2024-20260612151000,267260,HD현대일렉트릭,오버나잇,FullAuto,Paper,Backtest,2026-06-12 15:10:00,2026-06-12 15:10:00,2026-06-15 09:01:00,3951,1,1103000,1131000,1048000,4.986,25404,2.303,0.46,2.629,0,0,-0.088,NextDayOpen,"오버나잇: 등락 +7.1%, 범위 위치 47%",익일 시초 매도,7.09,-1.66,0.466,317.4,0.719,0.86,1,370,5,0,0,1.2,True
058470#2025-20260612151000,058470,리노공업,오버나잇,FullAuto,Paper,Backtest,2026-06-12 15:10:00,2026-06-12 15:10:00,2026-06-15 09:01:00,3951,14,104200,107000,99000,4.990,35762,2.451,0.49,2.687,-0.576,0,0,NextDayOpen,"오버나잇: 등락 +2.9%, 범위 위치 49%",익일 시초 매도,2.86,-1.44,0.490,191.6,0.692,0.99,1,370,5,0,0,1.2,True
010170#2028-20260612151000,010170,대한광통신,오버나잇,FullAuto,Paper,Backtest,2026-06-12 15:10:00,2026-06-12 15:10:00,2026-06-15 09:01:00,3951,80,19010,20050,18060,4.997,79524,5.229,1.05,5.734,-0.105,0,-0.249,NextDayOpen,"오버나잇: 등락 +11.4%, 범위 위치 49%",익일 시초 매도,11.36,-0.55,0.495,269.1,0.357,0.58,1,370,5,0,0,1.2,True
353200#2027-20260612151000,353200,대덕전자,오버나잇,FullAuto,Paper,Backtest,2026-06-12 15:10:00,2026-06-12 15:10:00,2026-06-15 09:01:00,3951,9,167900,173500,159600,4.943,46817,3.098,0.63,3.395,-0.893,0,-0.058,NextDayOpen,"오버나잇: 등락 +7.1%, 범위 위치 61%",익일 시초 매도,7.08,0.32,0.610,151.6,0.715,1.58,1,370,5,0,0,1.2,True
000990#2026-20260612151000,000990,DB하이텍,오버나잇,FullAuto,Paper,Backtest,2026-06-12 15:10:00,2026-06-12 15:10:00,2026-06-15 09:01:00,3951,8,172900,175000,164300,4.974,13583,0.982,0.20,1.966,-0.868,0,0,NextDayOpen,"오버나잇: 등락 +8.6%, 범위 위치 68%",익일 시초 매도,8.61,1.62,0.679,211.1,0.835,0.74,1,370,5,0,0,1.2,True
093370#2029-20260615090520,093370,후성,ORB,FullAuto,Paper,Backtest,2026-06-15 09:05:20,2026-06-15 09:05:20,2026-06-15 09:20:27,15.1,99,20100,19530,19540,2.786,-60884,-3.060,-1.10,4.229,-2.836,0,-0.051,StopLoss,"ORB5 고가 19,990 돌파 (범위 5.5%, 등락 +5.7%)","손절 (19,540)",5.73,2.66,1,144.7,1.692,1.81,1,5,3,10,0,1.2,False
064400#2034-20260615090630,064400,LG씨엔에스,ORB,FullAuto,Paper,Backtest,2026-06-15 09:06:30,2026-06-15 09:06:30,2026-06-15 10:37:15,90.8,30,99600,96700,96700,2.912,-93685,-3.135,-1.08,4.418,-2.912,0,0,StopLoss,"ORB5 고가 99,300 돌파 (범위 2.8%, 등락 +7.3%) · A등급","손절 (96,700)",7.33,1.53,1,299.9,1.581,1.45,1,6,3,10,0,1.2,False
009150#2031-20260615090527,009150,삼성전기,ORB,FullAuto,Paper,Backtest,2026-06-15 09:05:27,2026-06-15 09:05:27,2026-06-15 15:05:00,359.5,1,1915000,1980000,1858000,2.977,60456,3.157,1.06,3.394,-1.619,0,0,ForceClose,"ORB5 고가 1,912,000 돌파 (범위 4.2%, 등락 +9.6%)",장마감 강제청산,9.62,1.61,1,235.5,1.062,1.63,1,5,3,10,0,1.2,False
005930#2041-20260615151000,005930,삼성전자,오버나잇,FullAuto,Paper,Backtest,2026-06-15 15:10:00,2026-06-15 15:10:00,2026-06-16 09:01:00,1071,4,338500,342500,322000,4.874,12852,0.949,0.19,1.329,-0.591,0,-0.146,NextDayOpen,"오버나잇: 등락 +4.2%, 범위 위치 38%",익일 시초 매도,4.16,-0.02,0.381,1506.7,0.269,0.74,1,370,5,0,0,1.2,True
402340#2044-20260615151000,402340,SK스퀘어,오버나잇,FullAuto,Paper,Backtest,2026-06-15 15:10:00,2026-06-15 15:10:00,2026-06-16 09:01:00,1071,1,1401000,1440000,1331000,4.996,35694,2.548,0.51,2.784,-0.357,0,0,NextDayOpen,"오버나잇: 등락 +4.8%, 범위 위치 52%",익일 시초 매도,4.79,0.44,0.517,300.0,0.342,0.76,1,370,5,0,0,1.2,True
011070#2045-20260615151000,011070,LG이노텍,오버나잇,FullAuto,Paper,Backtest,2026-06-15 15:10:00,2026-06-15 15:10:00,2026-06-16 09:01:00,1071,1,1208000,1289000,1148000,4.967,78048,6.461,1.30,6.788,-0.414,0,-0.078,NextDayOpen,"오버나잇: 등락 +15.5%, 범위 위치 86%",익일 시초 매도,15.50,2.62,0.863,237.9,0.355,1.77,1,370,5,0,0,1.2,True
042700#2046-20260615151000,042700,한미반도체,오버나잇,FullAuto,Paper,Backtest,2026-06-15 15:10:00,2026-06-15 15:10:00,2026-06-16 09:01:00,1071,4,346000,358000,329000,4.913,44715,3.231,0.66,3.613,-0.289,0,-0.139,NextDayOpen,"오버나잇: 등락 +1.5%, 범위 위치 12%",익일 시초 매도,1.47,-2.20,0.118,420.7,0.341,1.20,1,370,5,0,0,1.2,True
204320#2047-20260615151000,204320,HL만도,오버나잇,FullAuto,Paper,Backtest,2026-06-15 15:10:00,2026-06-15 15:10:00,2026-06-16 09:01:00,1071,22,70100,72200,66600,4.993,42555,2.759,0.55,2.996,-1.141,0,0,NextDayOpen,"오버나잇: 등락 +7.7%, 범위 위치 59%",익일 시초 매도,7.69,-1.14,0.588,246.9,0.469,1.48,1,370,5,0,0,1.2,True
403870#2043-20260615151000,403870,HPSP,오버나잇,FullAuto,Paper,Backtest,2026-06-15 15:10:00,2026-06-15 15:10:00,2026-06-16 09:01:00,1071,18,84500,80500,80300,4.970,-75343,-4.954,-1.00,0.710,-4.734,0,0,NextDayOpen,"오버나잇: 등락 +18.2%, 범위 위치 69%",익일 시초 매도,18.18,3.55,0.694,227.0,0.587,0.81,1,370,5,0,0,1.2,True
105560#2049-20260616090720,105560,KB금융,ORB,FullAuto,Paper,Backtest,2026-06-16 09:07:20,2026-06-16 09:07:20,2026-06-16 14:30:30,323.2,11,178100,172800,172800,2.976,-62679,-3.199,-1.08,2.583,-2.976,0,0,StopLoss,"ORB5 고가 177,800 돌파 (범위 5.0%, 등락 +4.9%)","손절 (172,800)",4.89,1.67,1,253.9,1.044,2.14,1,7,3,10,0,1.2,False
402340#2059-20260616151000,402340,SK스퀘어,오버나잇,FullAuto,Paper,Backtest,2026-06-16 15:10:00,2026-06-16 15:10:00,2026-06-17 09:01:00,1071,1,1500000,1533000,1425000,5.00,29480,1.965,0.39,2.267,-0.333,0,-0.065,NextDayOpen,"오버나잇: 등락 +5.3%, 범위 위치 99%",익일 시초 매도,5.27,2.85,0.992,335.7,0.219,1.10,1,370,5,0,0,1.2,True
042660#2063-20260616151000,042660,한화오션,오버나잇,FullAuto,Paper,Backtest,2026-06-16 15:10:00,2026-06-16 15:10:00,2026-06-17 09:01:00,1071,12,128850,129200,122400,5.006,637,0.041,0.01,0.349,-0.116,0,-0.077,NextDayOpen,"오버나잇: 등락 +4.3%, 범위 위치 78%",익일 시초 매도,4.25,0.51,0.783,523.5,0.166,0.60,2,370,5,0,0,1.2,True
034020#2061-20260616151000,034020,두산에너빌리티,오버나잇,FullAuto,Paper,Backtest,2026-06-16 15:10:00,2026-06-16 15:10:00,2026-06-17 09:01:00,1071,15,103600,104500,98500,4.923,9897,0.637,0.13,0.869,-0.097,0,0,NextDayOpen,"오버나잇: 등락 +1.7%, 범위 위치 46%",익일 시초 매도,1.67,-0.06,0.462,636.4,0.159,0.73,1,370,5,0,0,1.2,True
012450#2060-20260616151000,012450,한화에어로스페이스,오버나잇,FullAuto,Paper,Backtest,2026-06-16 15:10:00,2026-06-16 15:10:00,2026-06-17 09:01:00,1071,1,1181000,1240000,1122000,4.996,56157,4.755,0.95,5.080,-0.085,0,-0.081,NextDayOpen,"오버나잇: 등락 +6.8%, 범위 위치 64%",익일 시초 매도,6.78,0.41,0.636,269.8,0.181,0.90,1,370,5,0,0,1.2,True
079550#2058-20260616151000,079550,LIG디펜스앤에어로스페이스,오버나잇,FullAuto,Paper,Backtest,2026-06-16 15:10:00,2026-06-16 15:10:00,2026-06-17 09:01:00,1071,1,1010000,997000,960000,4.950,-15294,-1.514,-0.31,0.297,-1.287,0,0,NextDayOpen,"오버나잇: 등락 +18.7%, 범위 위치 46%",익일 시초 매도,18.68,-1.66,0.457,232.4,0.537,0.59,1,370,5,0,0,1.2,True
000720#2062-20260616151000,000720,현대건설,오버나잇,FullAuto,Paper,Backtest,2026-06-16 15:10:00,2026-06-16 15:10:00,2026-06-17 09:01:00,1071,10,148000,150500,140600,5.00,21543,1.456,0.29,1.689,-0.203,0,0,NextDayOpen,"오버나잇: 등락 +1.0%, 범위 위치 49%",익일 시초 매도,0.96,-1.03,0.490,669.7,0.145,0.70,1,370,5,0,0,1.2,True
005930#2075-20260617151000,005930,삼성전자,오버나잇,FullAuto,Paper,Backtest,2026-06-17 15:10:00,2026-06-17 15:10:00,2026-06-18 09:01:00,1071,4,345000,344500,328000,4.928,-5169,-0.375,-0.08,0.580,-0.290,0,-0.145,NextDayOpen,"오버나잇: 등락 +0.4%, 범위 위치 79%",익일 시초 매도,0.44,1.84,0.788,343.2,0.238,1.07,1,370,5,0,0,1.2,True
080220#2078-20260617151000,080220,제주반도체,오버나잇,FullAuto,Paper,Backtest,2026-06-17 15:10:00,2026-06-17 15:10:00,2026-06-18 09:01:00,1071,14,112300,111400,106700,4.987,-16187,-1.030,-0.21,0.534,-0.890,0,-0.090,NextDayOpen,"오버나잇: 등락 +10.9%, 범위 위치 78%",익일 시초 매도,10.87,2.13,0.784,200.0,0.579,0.38,1,370,5,0,0,1.2,True
042660#2077-20260617151000,042660,한화오션,오버나잇,FullAuto,Paper,Backtest,2026-06-17 15:10:00,2026-06-17 15:10:00,2026-06-18 09:01:00,1071,11,133100,132200,126500,4.959,-13245,-0.905,-0.18,0,-0.676,0,0,NextDayOpen,"오버나잇: 등락 +3.4%, 범위 위치 30%",익일 시초 매도,3.42,-2.95,0.299,304.7,0.247,1.26,1,370,5,0,0,1.2,True
012450#2081-20260617151000,012450,한화에어로스페이스,오버나잇,FullAuto,Paper,Backtest,2026-06-17 15:10:00,2026-06-17 15:10:00,2026-06-18 09:01:00,1071,1,1231000,1235000,1170000,4.955,1161,0.094,0.02,0.325,-0.406,0,0,NextDayOpen,"오버나잇: 등락 +3.6%, 범위 위치 50%",익일 시초 매도,3.62,-0.53,0.5,497.8,0.174,0.50,1,370,5,0,0,1.2,True
006340#2079-20260617151000,006340,대원전선,오버나잇,FullAuto,Paper,Backtest,2026-06-17 15:10:00,2026-06-17 15:10:00,2026-06-18 09:01:00,1071,127,12470,12780,11850,4.972,35644,2.251,0.45,2.566,-0.561,0,-0.078,NextDayOpen,"오버나잇: 등락 +11.8%, 범위 위치 59%",익일 시초 매도,11.84,-2.24,0.586,202.0,0.412,1.03,1,370,5,0,0,1.2,True
347850#2080-20260617151000,347850,디앤디파마텍,오버나잇,FullAuto,Paper,Backtest,2026-06-17 15:10:00,2026-06-17 15:10:00,2026-06-18 09:01:00,1071,14,107800,107800,102500,4.917,-3470,-0.230,-0.05,0.464,-0.835,0,0,NextDayOpen,"오버나잇: 등락 +17.7%, 범위 위치 64%",익일 시초 매도,17.69,0.81,0.642,212.4,0.606,1.19,1,370,5,0,0,1.2,True
005930#2094-20260618151000,005930,삼성전자,오버나잇,FullAuto,Paper,Backtest,2026-06-18 15:10:00,2026-06-18 15:10:00,2026-06-19 09:01:00,1071,4,359000,372500,341500,4.875,50582,3.522,0.72,3.760,-0.139,0,0,NextDayOpen,"오버나잇: 등락 +4.7%, 범위 위치 100%",익일 시초 매도,4.66,2.06,1,510.6,0.229,0.81,1,370,5,0,0,1.2,True
011070#2097-20260618151000,011070,LG이노텍,오버나잇,FullAuto,Paper,Backtest,2026-06-18 15:10:00,2026-06-18 15:10:00,2026-06-19 09:01:00,1071,1,1282000,1293000,1218000,4.992,8029,0.626,0.13,0.858,-0.312,0,0,NextDayOpen,"오버나잇: 등락 +3.6%, 범위 위치 68%",익일 시초 매도,3.55,1.04,0.683,225.8,0.368,0.63,1,370,5,0,0,1.2,True
080220#2098-20260618151000,080220,제주반도체,오버나잇,FullAuto,Paper,Backtest,2026-06-18 15:10:00,2026-06-18 15:10:00,2026-06-19 09:01:00,1071,13,117400,122300,111600,4.940,60055,3.935,0.80,4.259,-0.511,0,-0.082,NextDayOpen,"오버나잇: 등락 +5.3%, 범위 위치 65%",익일 시초 매도,5.29,0.89,0.653,209.5,0.395,1.42,1,370,5,0,0,1.2,True
032830#2099-20260618151000,032830,삼성생명,오버나잇,FullAuto,Paper,Backtest,2026-06-18 15:10:00,2026-06-18 15:10:00,2026-06-19 09:01:00,1071,3,467500,481000,444500,4.920,37188,2.652,0.54,2.995,-0.107,0,-0.104,NextDayOpen,"오버나잇: 등락 +5.5%, 범위 위치 89%",익일 시초 매도,5.53,1.45,0.891,339.5,0.367,0.66,1,370,5,0,0,1.2,True
004310#2100-20260618151000,004310,현대약품,오버나잇,FullAuto,Paper,Backtest,2026-06-18 15:10:00,2026-06-18 15:10:00,2026-06-19 09:01:00,1071,182,8700,8290,8270,4.943,-78100,-4.932,-1.00,0.230,-4.598,0,-0.120,NextDayOpen,"오버나잇: 등락 +7.2%, 범위 위치 37%",익일 시초 매도,7.15,-4.60,0.369,183.7,0.649,1.47,1,370,5,0,0,1.2,True
028260#2110-20260619151000,028260,삼성물산,오버나잇,FullAuto,Paper,Backtest,2026-06-19 15:10:00,2026-06-19 15:10:00,2026-06-22 09:01:00,3951,3,501000,500000,476500,4.890,-6450,-0.429,-0.09,0.399,-1.796,0,-0.200,NextDayOpen,"오버나잇: 등락 +2.9%, 범위 위치 25%",익일 시초 매도,2.88,-3.70,0.248,464.5,0.514,0.71,1,370,5,0,0,1.2,True
042660#2111-20260619151000,042660,한화오션,오버나잇,FullAuto,Paper,Backtest,2026-06-19 15:10:00,2026-06-19 15:10:00,2026-06-22 09:01:00,3951,12,126600,125100,120300,4.976,-21454,-1.412,-0.28,0.474,-1.185,0,0,NextDayOpen,"오버나잇: 등락 +1.3%, 범위 위치 78%",익일 시초 매도,1.28,2.16,0.782,271.1,0.700,0.68,1,370,5,0,0,1.2,True
032830#2114-20260619151000,032830,삼성생명,오버나잇,FullAuto,Paper,Backtest,2026-06-19 15:10:00,2026-06-19 15:10:00,2026-06-22 09:01:00,3951,3,494000,486500,469500,4.960,-25859,-1.745,-0.35,0.810,-1.518,0,0,NextDayOpen,"오버나잇: 등락 +4.2%, 범위 위치 46%",익일 시초 매도,4.22,-0.85,0.458,584.1,0.325,1.21,1,370,5,0,0,1.2,True
034730#2113-20260619151000,034730,SK,오버나잇,FullAuto,Paper,Backtest,2026-06-19 15:10:00,2026-06-19 15:10:00,2026-06-22 09:01:00,3951,2,725000,725000,689000,4.966,-3334,-0.230,-0.05,0.138,-0.966,0,0,NextDayOpen,"오버나잇: 등락 +5.4%, 범위 위치 43%",익일 시초 매도,5.38,-0.44,0.429,430.4,0.374,0.56,1,370,5,0,0,1.2,True
005930#2125-20260622151000,005930,삼성전자,오버나잇,FullAuto,Paper,Backtest,2026-06-22 15:10:00,2026-06-22 15:10:00,2026-06-23 09:01:00,1071,4,353000,347000,335500,4.958,-27195,-1.926,-0.39,0.283,-1.558,0,-0.144,NextDayOpen,"오버나잇: 등락 +0.7%, 범위 위치 52%",익일 시초 매도,0.71,-0.14,0.524,390.2,0.243,0.99,1,370,5,0,0,1.2,True
036930#2128-20260622151000,036930,주성엔지니어링,오버나잇,FullAuto,Paper,Backtest,2026-06-22 15:10:00,2026-06-22 15:10:00,2026-06-23 09:01:00,1071,8,195800,198000,186100,4.954,13961,0.891,0.18,1.226,0,0,0,NextDayOpen,"오버나잇: 등락 +1.4%, 범위 위치 62%",익일 시초 매도,1.40,1.68,0.624,299.8,0.376,1.28,1,370,5,0,0,1.2,True
000990#2131-20260622151000,000990,DB하이텍,오버나잇,FullAuto,Paper,Backtest,2026-06-22 15:10:00,2026-06-22 15:10:00,2026-06-23 09:01:00,1071,9,173500,172000,164900,4.957,-17062,-1.093,-0.22,0.403,-0.865,0,0,NextDayOpen,"오버나잇: 등락 +13.0%, 범위 위치 96%",익일 시초 매도,12.96,4.76,0.959,333.6,0.391,0.76,1,370,5,0,0,1.2,True
240810#2129-20260622151000,240810,원익IPS,오버나잇,FullAuto,Paper,Backtest,2026-06-22 15:10:00,2026-06-22 15:10:00,2026-06-23 09:01:00,1071,9,171900,172200,163400,4.945,-863,-0.056,-0.01,0.873,0,0,0,NextDayOpen,"오버나잇: 등락 +10.2%, 범위 위치 84%",익일 시초 매도,10.19,2.61,0.837,214.7,0.307,0.82,1,370,5,0,0,1.2,True
080220#2127-20260622151000,080220,제주반도체,오버나잇,FullAuto,Paper,Backtest,2026-06-22 15:10:00,2026-06-22 15:10:00,2026-06-23 09:01:00,1071,11,133600,133300,127000,4.940,-6671,-0.454,-0.09,1.048,-0.225,0,0,NextDayOpen,"오버나잇: 등락 +16.9%, 범위 위치 84%",익일 시초 매도,16.89,3.18,0.839,202.7,0.374,0.78,1,370,5,0,0,1.2,True
319660#2130-20260622151000,319660,피에스케이,오버나잇,FullAuto,Paper,Backtest,2026-06-22 15:10:00,2026-06-22 15:10:00,2026-06-23 09:01:00,1071,8,179800,180000,170900,4.950,-1711,-0.119,-0.02,0.779,-0.501,0,0,NextDayOpen,"오버나잇: 등락 +11.0%, 범위 위치 53%",익일 시초 매도,10.99,-3.20,0.531,150.6,0.386,2.02,1,370,5,0,0,1.2,True
055550#2143-20260623151000,055550,신한지주,오버나잇,FullAuto,Paper,Backtest,2026-06-23 15:10:00,2026-06-23 15:10:00,2026-06-24 09:01:00,1071,16,97300,97700,92500,4.933,2807,0.180,0.04,0.719,-0.822,0,0,NextDayOpen,"오버나잇: 등락 -+0.5%, 범위 위치 2%",익일 시초 매도,-0.51,-3.19,0.015,128.7,0.433,0.95,1,370,5,0,0,1.2,True
290650#2142-20260623151000,290650,엘앤씨바이오,오버나잇,FullAuto,Paper,Backtest,2026-06-23 15:10:00,2026-06-23 15:10:00,2026-06-24 09:01:00,1071,18,85422,87359,81200,4.943,31257,2.033,0.41,2.268,-0.962,0,0,NextDayOpen,"오버나잇: 등락 +1.3%, 범위 위치 8%",익일 시초 매도,1.26,-5.32,0.078,155.1,0.579,0.90,2,370,5,0,0,1.2,True
006340#2140-20260623151000,006340,대원전선,오버나잇,FullAuto,Paper,Backtest,2026-06-23 15:10:00,2026-06-23 15:10:00,2026-06-24 09:01:00,1071,146,10870,10570,10330,4.968,-47355,-2.984,-0.60,0.184,-2.668,0,-0.095,NextDayOpen,"오버나잇: 등락 +4.8%, 범위 위치 29%",익일 시초 매도,4.83,-6.42,0.289,223.4,0.710,0.72,1,370,5,0,0,1.2,True
000500#2141-20260623151000,000500,가온전선,오버나잇,FullAuto,Paper,Backtest,2026-06-23 15:10:00,2026-06-23 15:10:00,2026-06-24 09:01:00,1071,8,185982,182547,176700,4.991,-30842,-2.073,-0.42,0.117,-1.847,0,0,NextDayOpen,"오버나잇: 등락 +0.1%, 범위 위치 12%",익일 시초 매도,0.15,-5.23,0.116,109.5,0.655,1.88,2,370,5,0,0,1.2,True
080220#2147-20260624091430,080220,제주반도체,ORB,FullAuto,Paper,Backtest,2026-06-24 09:14:30,2026-06-24 09:14:30,2026-06-24 09:21:27,7,16,120000,116100,116400,3.00,-66681,-3.473,-1.16,1.167,-3.250,0,-0.258,StopLoss,"ORB5 고가 119,800 돌파 (범위 4.6%, 등락 +8.3%)","손절 (116,400)",8.30,2.05,1,211.2,1.931,2.45,1,14,3,10,0,1.2,False
005930#2152-20260624151000,005930,삼성전자,오버나잇,FullAuto,Paper,Backtest,2026-06-24 15:10:00,2026-06-24 15:10:00,2026-06-25 09:01:00,1071,4,339500,359500,323000,4.860,76706,5.648,1.16,5.891,-0.736,0,0,NextDayOpen,"오버나잇: 등락 +9.3%, 범위 위치 93%",익일 시초 매도,9.34,2.86,0.930,407.5,0.479,1.49,1,370,5,0,0,1.2,True
028260#2155-20260624151000,028260,삼성물산,오버나잇,FullAuto,Paper,Backtest,2026-06-24 15:10:00,2026-06-24 15:10:00,2026-06-25 09:01:00,1071,3,487500,525000,463500,4.923,108895,7.446,1.51,7.897,-0.615,0,-0.190,NextDayOpen,"오버나잇: 등락 +6.4%, 범위 위치 33%",익일 시초 매도,6.45,-1.48,0.327,456.3,0.323,1.25,1,370,5,0,0,1.2,True
011070#2156-20260624151000,011070,LG이노텍,오버나잇,FullAuto,Paper,Backtest,2026-06-24 15:10:00,2026-06-24 15:10:00,2026-06-25 09:01:00,1071,1,960000,1001000,912000,5.00,38704,4.032,0.81,4.375,-0.104,0,-0.100,NextDayOpen,"오버나잇: 등락 +0.7%, 범위 위치 28%",익일 시초 매도,0.73,-1.37,0.279,1028.2,0.350,1.92,1,370,5,0,0,1.2,True
034020#2157-20260624151000,034020,두산에너빌리티,오버나잇,FullAuto,Paper,Backtest,2026-06-24 15:10:00,2026-06-24 15:10:00,2026-06-25 09:01:00,1071,17,90900,92100,86400,4.950,16804,1.087,0.22,1.320,-0.330,0,0,NextDayOpen,"오버나잇: 등락 +2.9%, 범위 위치 66%",익일 시초 매도,2.94,0.86,0.661,381.4,0.283,2.45,1,370,5,0,0,1.2,True
080220#2158-20260624151000,080220,제주반도체,오버나잇,FullAuto,Paper,Backtest,2026-06-24 15:10:00,2026-06-24 15:10:00,2026-06-25 09:01:00,1071,14,111300,123400,105800,4.942,165453,10.618,2.15,10.872,-0.270,0,0,NextDayOpen,"오버나잇: 등락 +0.5%, 범위 위치 25%",익일 시초 매도,0.45,-3.02,0.252,757.6,0.424,1.41,1,370,5,0,0,1.2,True
005930#2170-20260625151000,005930,삼성전자,오버나잇,FullAuto,Paper,Backtest,2026-06-25 15:10:00,2026-06-25 15:10:00,2026-06-26 09:01:00,1071,4,361500,353500,343500,4.979,-35256,-2.438,-0.49,0,-2.075,0,-0.141,NextDayOpen,"오버나잇: 등락 +6.3%, 범위 위치 86%",익일 시초 매도,6.33,0.78,0.857,398.4,0.287,1.48,1,370,5,0,0,1.2,True
034730#2173-20260625151000,034730,SK,오버나잇,FullAuto,Paper,Backtest,2026-06-25 15:10:00,2026-06-25 15:10:00,2026-06-26 09:01:00,1071,1,866000,868000,823000,4.965,5,0.001,0.00,0.231,-1.270,0,0,NextDayOpen,"오버나잇: 등락 +21.1%, 범위 위치 84%",익일 시초 매도,21.12,3.02,0.845,194.0,0.635,0.62,1,370,5,0,0,1.2,True
006800#2175-20260625151000,006800,미래에셋증권,오버나잇,FullAuto,Paper,Backtest,2026-06-25 15:10:00,2026-06-25 15:10:00,2026-06-26 09:01:00,1071,36,43850,42500,41700,4.903,-52125,-3.302,-0.67,0.228,-3.079,0,0,NextDayOpen,"오버나잇: 등락 +5.0%, 범위 위치 48%",익일 시초 매도,5.04,-0.18,0.477,385.3,0.408,0.46,1,370,5,0,0,1.2,True
032830#2174-20260625151000,032830,삼성생명,오버나잇,FullAuto,Paper,Backtest,2026-06-25 15:10:00,2026-06-25 15:10:00,2026-06-26 09:01:00,1071,3,452000,450000,429500,4.978,-9105,-0.671,-0.13,0,-0.996,0,0,NextDayOpen,"오버나잇: 등락 +3.4%, 범위 위치 40%",익일 시초 매도,3.44,-1.27,0.396,273.2,0.340,1.55,1,370,5,0,0,1.2,True
001740#2176-20260625151000,001740,SK네트웍스,오버나잇,FullAuto,Paper,Backtest,2026-06-25 15:10:00,2026-06-25 15:10:00,2026-06-26 09:01:00,1071,144,10930,10500,10390,4.941,-65406,-4.156,-0.84,0.640,-3.934,0,0,NextDayOpen,"오버나잇: 등락 +14.7%, 범위 위치 94%",익일 시초 매도,14.69,3.80,0.941,189.5,0.680,1.04,1,370,5,0,0,1.2,True
037710#2177-20260626090625,037710,광주신세계,ORB,FullAuto,Paper,Backtest,2026-06-26 09:06:25,2026-06-26 09:06:25,2026-06-26 09:10:30,4.1,43,46400,45050,45050,2.909,-62513,-3.133,-1.08,0.647,-2.909,0,0,StopLoss,"ORB5 고가 46,350 돌파 (범위 5.8%, 등락 +9.6%)","손절 (45,050)",9.56,1.91,1,169.8,2.128,2.23,1,6,3,10,0,1.2,False
240810#2186-20260626151000,240810,원익IPS,오버나잇,FullAuto,Paper,Backtest,2026-06-26 15:10:00,2026-06-26 15:10:00,2026-06-29 09:01:00,3951,9,161300,171600,153300,4.960,89164,6.142,1.24,6.448,-0.124,0,-0.058,NextDayOpen,"오버나잇: 등락 +4.3%, 범위 위치 18%",익일 시초 매도,4.27,-3.64,0.178,175.2,0.669,0.80,1,370,5,0,0,1.2,True
073240#2190-20260626151000,073240,금호타이어,오버나잇,FullAuto,Paper,Backtest,2026-06-26 15:10:00,2026-06-26 15:10:00,2026-06-29 09:01:00,3951,322,4985,5570,4740,4.915,184274,11.480,2.34,11.735,-3.711,0,0,NextDayOpen,"오버나잇: 등락 +9.8%, 범위 위치 39%",익일 시초 매도,9.81,-2.68,0.393,245.8,0.978,3.54,1,370,5,0,0,1.2,True
319660#2187-20260626151000,319660,피에스케이,오버나잇,FullAuto,Paper,Backtest,2026-06-26 15:10:00,2026-06-26 15:10:00,2026-06-29 09:01:00,3951,8,186300,191400,177000,4.992,37286,2.502,0.50,2.791,-0.429,0,-0.052,NextDayOpen,"오버나잇: 등락 +9.5%, 범위 위치 60%",익일 시초 매도,9.46,0.13,0.603,167.5,0.518,0.83,1,370,5,0,0,1.2,True
018260#2189-20260626151000,018260,삼성에스디에스,오버나잇,FullAuto,Paper,Backtest,2026-06-26 15:10:00,2026-06-26 15:10:00,2026-06-29 09:01:00,3951,8,190300,198800,180800,4.992,64354,4.227,0.85,4.467,-0.263,0,0,NextDayOpen,"오버나잇: 등락 -+0.2%, 범위 위치 33%",익일 시초 매도,-0.16,-2.08,0.335,244.7,0.278,0.90,1,370,5,0,0,1.2,True
089970#2188-20260626151000,089970,브이엠,오버나잇,FullAuto,Paper,Backtest,2026-06-26 15:10:00,2026-06-26 15:10:00,2026-06-29 09:01:00,3951,15,105500,112300,100300,4.929,98142,6.202,1.26,6.540,-0.190,0,-0.089,NextDayOpen,"오버나잇: 등락 +5.7%, 범위 위치 37%",익일 시초 매도,5.71,-2.72,0.366,174.4,0.575,1.01,1,370,5,0,0,1.2,True
000990#2193-20260626151000,000990,DB하이텍,오버나잇,FullAuto,Paper,Backtest,2026-06-26 15:10:00,2026-06-26 15:10:00,2026-06-29 09:01:00,3951,10,158100,158900,150200,4.997,4347,0.275,0.06,0.569,-0.506,0,0,NextDayOpen,"오버나잇: 등락 -+0.1%, 범위 위치 48%",익일 시초 매도,-0.13,0.16,0.477,183.7,0.411,0.69,1,370,5,0,0,1.2,True
475430#2191-20260626151000,475430,키스트론,오버나잇,FullAuto,Paper,Backtest,2026-06-26 15:10:00,2026-06-26 15:10:00,2026-06-29 09:01:00,3951,243,6610,6650,6280,4.992,6007,0.374,0.07,1.362,-0.605,0,-0.150,NextDayOpen,"오버나잇: 등락 +5.1%, 범위 위치 20%",익일 시초 매도,5.10,-7.46,0.203,150.7,0.736,1.17,1,370,5,0,0,1.2,True
095610#2192-20260626151000,095610,테스,오버나잇,FullAuto,Paper,Backtest,2026-06-26 15:10:00,2026-06-26 15:10:00,2026-06-29 09:01:00,3951,8,181700,190900,172700,4.953,70099,4.822,0.97,5.118,-0.220,0,-0.052,NextDayOpen,"오버나잇: 등락 +9.3%, 범위 위치 52%",익일 시초 매도,9.33,-1.40,0.523,211.7,0.480,1.24,1,370,5,0,0,1.2,True
089970#2201-20260629091427,089970,브이엠,ORB,FullAuto,Paper,Backtest,2026-06-29 09:14:27,2026-06-29 09:14:27,2026-06-29 09:17:25,3,17,114500,110800,111100,2.969,-67240,-3.454,-1.16,0.437,-3.231,0,-0.270,StopLoss,"ORB5 고가 114,000 돌파 (범위 5.2%, 등락 +7.1%)","손절 (111,100)",7.11,4.38,1,118.3,2.467,1.66,1,14,3,10,0,1.2,False
475430#2196-20260629091330,475430,키스트론,ORB,FullAuto,Paper,Backtest,2026-06-29 09:13:30,2026-06-29 09:13:30,2026-06-29 09:33:30,20,286,6970,6760,6770,2.869,-64515,-3.236,-1.13,1.291,-3.013,0,-0.148,StopLoss,"ORB5 고가 6,940 돌파 (범위 4.2%, 등락 +5.4%)","손절 (6,770)",5.45,2.18,1,223.1,1.904,2.46,1,14,3,10,0,1.2,False
086520#2205-20260629151000,086520,에코프로,오버나잇,FullAuto,Paper,Backtest,2026-06-29 15:10:00,2026-06-29 15:10:00,2026-06-30 09:01:00,1071,13,117000,118100,111200,4.957,10772,0.708,0.14,1.282,0,0,0,NextDayOpen,"오버나잇: 등락 +22.5%, 범위 위치 93%",익일 시초 매도,22.51,4.54,0.926,258.5,0.482,1.14,1,370,5,0,0,1.2,True
005380#2204-20260629151000,005380,현대차,오버나잇,FullAuto,Paper,Backtest,2026-06-29 15:10:00,2026-06-29 15:10:00,2026-06-30 09:01:00,1071,3,497500,505000,473000,4.925,19020,1.274,0.26,1.508,-0.503,0,0,NextDayOpen,"오버나잇: 등락 +3.3%, 범위 위치 84%",익일 시초 매도,3.32,2.58,0.841,306.1,0.373,1.67,1,370,5,0,0,1.2,True
066570#2207-20260629151000,066570,LG전자,오버나잇,FullAuto,Paper,Backtest,2026-06-29 15:10:00,2026-06-29 15:10:00,2026-06-30 09:01:00,1071,8,196700,207000,186900,4.982,78604,4.995,1.00,5.236,-0.254,0,0,NextDayOpen,"오버나잇: 등락 +0.3%, 범위 위치 85%",익일 시초 매도,0.25,2.69,0.848,299.3,0.301,0.97,1,370,5,0,0,1.2,True
036930#2208-20260629151000,036930,주성엔지니어링,오버나잇,FullAuto,Paper,Backtest,2026-06-29 15:10:00,2026-06-29 15:10:00,2026-06-30 09:01:00,1071,9,176700,180900,167900,4.980,34062,2.142,0.43,2.377,-0.283,0,0,NextDayOpen,"오버나잇: 등락 +6.6%, 범위 위치 42%",익일 시초 매도,6.64,-0.66,0.415,251.8,0.388,1.21,1,370,5,0,0,1.2,True
034020#2206-20260629151000,034020,두산에너빌리티,오버나잇,FullAuto,Paper,Backtest,2026-06-29 15:10:00,2026-06-29 15:10:00,2026-06-30 09:01:00,1071,18,87800,88400,83500,4.897,7143,0.452,0.09,0.683,-0.797,0,0,NextDayOpen,"오버나잇: 등락 +7.7%, 범위 위치 91%",익일 시초 매도,7.74,3.50,0.910,296.9,0.367,0.71,1,370,5,0,0,1.2,True
373220#2209-20260629151000,373220,LG에너지솔루션,오버나잇,FullAuto,Paper,Backtest,2026-06-29 15:10:00,2026-06-29 15:10:00,2026-06-30 09:01:00,1071,4,397000,391500,377500,4.912,-25604,-1.612,-0.33,0,-1.385,0,0,NextDayOpen,"오버나잇: 등락 +19.6%, 범위 위치 99%",익일 시초 매도,19.58,4.78,0.992,386.6,0.450,1.07,1,370,5,0,0,1.2,True
141080#2210-20260629151000,141080,리가켐바이오,오버나잇,FullAuto,Paper,Backtest,2026-06-29 15:10:00,2026-06-29 15:10:00,2026-06-30 09:01:00,1071,9,163300,160900,155200,4.960,-24933,-1.696,-0.34,0.429,-1.470,0,0,NextDayOpen,"오버나잇: 등락 +14.0%, 범위 위치 54%",익일 시초 매도,14.04,-1.09,0.543,348.4,0.332,1.17,1,370,5,0,0,1.2,True
005930#2221-20260630151000,005930,삼성전자,오버나잇,FullAuto,Paper,Backtest,2026-06-30 15:10:00,2026-06-30 15:10:00,2026-07-01 09:01:00,1071,4,336500,334000,320000,4.903,-13073,-0.971,-0.20,0.149,-0.594,0,-0.149,NextDayOpen,"오버나잇: 등락 +3.5%, 범위 위치 70%",익일 시초 매도,3.54,1.14,0.705,403.5,0.340,0.79,1,370,5,0,0,1.2,True
240810#2224-20260630151000,240810,원익IPS,오버나잇,FullAuto,Paper,Backtest,2026-06-30 15:10:00,2026-06-30 15:10:00,2026-07-01 09:01:00,1071,9,168500,168500,160100,4.985,-3487,-0.230,-0.05,0.119,-0.475,0,0,NextDayOpen,"오버나잇: 등락 +5.9%, 범위 위치 25%",익일 시초 매도,5.91,-2.05,0.246,191.1,0.320,0.91,1,370,5,0,0,1.2,True
028260#2225-20260630151000,028260,삼성물산,오버나잇,FullAuto,Paper,Backtest,2026-06-30 15:10:00,2026-06-30 15:10:00,2026-07-01 09:01:00,1071,3,473500,478500,450000,4.963,11701,0.824,0.17,1.056,-0.739,0,0,NextDayOpen,"오버나잇: 등락 +0.4%, 범위 위치 67%",익일 시초 매도,0.42,1.45,0.667,191.8,0.389,0.90,1,370,5,0,0,1.2,True
034730#2226-20260630151000,034730,SK,오버나잇,FullAuto,Paper,Backtest,2026-06-30 15:10:00,2026-06-30 15:10:00,2026-07-01 09:01:00,1071,1,839000,841000,798000,4.887,67,0.008,0.00,0.834,0,0,-0.119,NextDayOpen,"오버나잇: 등락 +8.8%, 범위 위치 95%",익일 시초 매도,8.82,3.84,0.947,594.1,0.306,0.62,1,370,5,0,0,1.2,True
011070#2227-20260630151000,011070,LG이노텍,오버나잇,FullAuto,Paper,Backtest,2026-06-30 15:10:00,2026-06-30 15:10:00,2026-07-01 09:01:00,1071,1,981000,982000,932000,4.995,-1258,-0.128,-0.03,0.306,-0.204,0,-0.102,NextDayOpen,"오버나잇: 등락 +6.6%, 범위 위치 97%",익일 시초 매도,6.63,3.89,0.966,517.1,0.320,0.94,1,370,5,0,0,1.2,True
034020#2239-20260701151000,034020,두산에너빌리티,오버나잇,FullAuto,Paper,Backtest,2026-07-01 15:10:00,2026-07-01 15:10:00,2026-07-02 09:01:00,1071,18,88300,87300,83900,4.983,-21615,-1.360,-0.27,0.227,-1.133,0,0,NextDayOpen,"오버나잇: 등락 +2.0%, 범위 위치 47%",익일 시초 매도,1.96,-0.35,0.468,1053.7,0.210,0.78,1,370,5,0,0,1.2,True
007660#2236-20260701151000,007660,이수페타시스,오버나잇,FullAuto,Paper,Backtest,2026-07-01 15:10:00,2026-07-01 15:10:00,2026-07-02 09:01:00,1071,12,132500,129000,125900,4.981,-45566,-2.866,-0.58,0.075,-2.943,0,0,NextDayOpen,"오버나잇: 등락 +14.2%, 범위 위치 86%",익일 시초 매도,14.24,2.66,0.864,282.9,0.464,0.90,1,370,5,0,0,1.2,True
247540#2241-20260701151000,247540,에코프로비엠,오버나잇,FullAuto,Paper,Backtest,2026-07-01 15:10:00,2026-07-01 15:10:00,2026-07-02 09:01:00,1071,12,129435,127762,123000,4.972,-23603,-1.520,-0.31,0.591,-1.293,0,0,NextDayOpen,"오버나잇: 등락 +6.0%, 범위 위치 15%",익일 시초 매도,5.96,-2.17,0.154,161.1,0.298,1.18,2,370,5,0,0,1.2,True
222800#2238-20260701151000,222800,심텍,오버나잇,FullAuto,Paper,Backtest,2026-07-01 15:10:00,2026-07-01 15:10:00,2026-07-02 09:01:00,1071,10,156000,144000,148200,5.00,-123330,-7.906,-1.58,0.513,-7.692,0,0,NextDayOpen,"오버나잇: 등락 +4.1%, 범위 위치 63%",익일 시초 매도,4.07,0.27,0.631,301.1,0.279,0.24,1,370,5,0,0,1.2,True
001440#2240-20260701151000,001440,대한전선,오버나잇,FullAuto,Paper,Backtest,2026-07-01 15:10:00,2026-07-01 15:10:00,2026-07-02 09:01:00,1071,44,36650,35150,34850,4.911,-69565,-4.314,-0.88,0.682,-4.093,0,0,NextDayOpen,"오버나잇: 등락 +8.1%, 범위 위치 51%",익일 시초 매도,8.11,-0.35,0.507,707.4,0.283,1.12,1,370,5,0,0,1.2,True
001820#2242-20260701151000,001820,삼화콘덴서,오버나잇,FullAuto,Paper,Backtest,2026-07-01 15:10:00,2026-07-01 15:10:00,2026-07-02 09:01:00,1071,10,153600,146500,146000,4.948,-74379,-4.842,-0.98,1.302,-4.622,0,0,NextDayOpen,"오버나잇: 등락 +1.7%, 범위 위치 52%",익일 시초 매도,1.72,-0.90,0.523,231.5,0.358,0.49,1,370,5,0,0,1.2,True
066570#2244-20260702151000,066570,LG전자,오버나잇,FullAuto,Paper,Backtest,2026-07-02 15:10:00,2026-07-02 15:10:00,2026-07-03 09:01:00,1071,8,192300,190000,182700,4.992,-21898,-1.423,-0.29,0,-1.508,0,0,NextDayOpen,"오버나잇: 등락 -+0.1%, 범위 위치 61%",익일 시초 매도,-0.10,-0.11,0.612,171.3,0.334,0.90,1,370,5,0,0,1.2,True
042660#2243-20260702151000,042660,한화오션,오버나잇,FullAuto,Paper,Backtest,2026-07-02 15:10:00,2026-07-02 15:10:00,2026-07-03 09:01:00,1071,15,104700,103200,99500,4.967,-26063,-1.660,-0.33,0.573,-1.433,0,0,NextDayOpen,"오버나잇: 등락 +0.3%, 범위 위치 3%",익일 시초 매도,0.29,-3.69,0.034,301.7,0.368,0.91,1,370,5,0,0,1.2,True
012450#2245-20260702151000,012450,한화에어로스페이스,오버나잇,FullAuto,Paper,Backtest,2026-07-02 15:10:00,2026-07-02 15:10:00,2026-07-03 09:01:00,1071,1,1138000,1174000,1082000,4.921,33306,2.927,0.59,3.251,-2.285,0,-0.085,NextDayOpen,"오버나잇: 등락 +3.6%, 범위 위치 41%",익일 시초 매도,3.65,-1.38,0.406,267.2,0.452,0.54,1,370,5,0,0,1.2,True
105560#2246-20260702151000,105560,KB금융,오버나잇,FullAuto,Paper,Backtest,2026-07-02 15:10:00,2026-07-02 15:10:00,2026-07-03 09:01:00,1071,9,166300,165100,158000,4.991,-14217,-0.950,-0.19,0.060,-1.563,0,-0.061,NextDayOpen,"오버나잇: 등락 +4.2%, 범위 위치 51%",익일 시초 매도,4.20,-1.02,0.513,270.7,0.430,1.18,1,370,5,0,0,1.2,True
012330#2247-20260702151000,012330,현대모비스,오버나잇,FullAuto,Paper,Backtest,2026-07-02 15:10:00,2026-07-02 15:10:00,2026-07-03 09:01:00,1071,3,495000,487500,470500,4.949,-25866,-1.742,-0.35,0.202,-1.515,0,0,NextDayOpen,"오버나잇: 등락 +0.6%, 범위 위치 71%",익일 시초 매도,0.61,1.14,0.708,281.4,0.397,1.36,1,370,5,0,0,1.2,True
000270#2250-20260702151000,000270,기아,오버나잇,FullAuto,Paper,Backtest,2026-07-02 15:10:00,2026-07-02 15:10:00,2026-07-03 09:01:00,1071,11,145100,146800,137900,4.962,14990,0.939,0.19,1.172,-2.136,0,0,NextDayOpen,"오버나잇: 등락 +2.4%, 범위 위치 68%",익일 시초 매도,2.40,0.56,0.676,315.1,0.300,0.89,1,370,5,0,0,1.2,True
161890#2248-20260702151000,161890,한국콜마,오버나잇,FullAuto,Paper,Backtest,2026-07-02 15:10:00,2026-07-02 15:10:00,2026-07-03 09:01:00,1071,14,112400,111600,106800,4.982,-14794,-0.940,-0.19,1.690,-0.712,0,0,NextDayOpen,"오버나잇: 등락 +4.6%, 범위 위치 30%",익일 시초 매도,4.56,-4.37,0.303,216.0,0.553,0.86,1,370,5,0,0,1.2,True
064400#2249-20260702151000,064400,LG씨엔에스,오버나잇,FullAuto,Paper,Backtest,2026-07-02 15:10:00,2026-07-02 15:10:00,2026-07-03 09:01:00,1071,20,78600,77800,74700,4.962,-19580,-1.246,-0.25,0.254,-1.272,0,0,NextDayOpen,"오버나잇: 등락 +3.1%, 범위 위치 58%",익일 시초 매도,3.15,-0.54,0.580,326.3,0.427,1.15,1,370,5,0,0,1.2,True
403870#2251-20260703090507,403870,HPSP,ORB,FullAuto,Paper,Backtest,2026-07-03 09:05:07,2026-07-03 09:05:07,2026-07-03 09:08:10,3,43,46250,44900.00,44900,2.919,-62498,-3.143,-1.08,0.432,-2.919,0,0.000,StopLoss,"ORB5 고가 46,200 돌파 (범위 5.4%, 등락 +5.8%)","손절 (44,900)",5.84,1.92,1,162.0,1.874,1.20,1,5,3,10,0,1.2,False
402340#2258-20260703151000,402340,SK스퀘어,오버나잇,FullAuto,Paper,Backtest,2026-07-03 15:10:00,2026-07-03 15:10:00,2026-07-06 09:01:00,3951,1,1589000,1599000,1510000,4.972,6325,0.398,0.08,0.692,-0.252,0,0,NextDayOpen,"오버나잇: 등락 +3.9%, 범위 위치 93%",익일 시초 매도,3.86,4.93,0.929,350.2,0.391,1.17,1,370,5,0,0,1.2,True
005380#2259-20260703151000,005380,현대차,오버나잇,FullAuto,Paper,Backtest,2026-07-03 15:10:00,2026-07-03 15:10:00,2026-07-06 09:01:00,3951,3,492000,492500,467500,4.980,-1897,-0.129,-0.03,0.305,-0.203,0,0,NextDayOpen,"오버나잇: 등락 +2.9%, 범위 위치 99%",익일 시초 매도,2.93,3.35,0.986,1056.5,0.247,0.41,1,370,5,0,0,1.2,True
028260#2262-20260703151000,028260,삼성물산,오버나잇,FullAuto,Paper,Backtest,2026-07-03 15:10:00,2026-07-03 15:10:00,2026-07-06 09:01:00,3951,3,434500,433000,413000,4.948,-7487,-0.574,-0.12,0.115,-0.460,0,-0.115,NextDayOpen,"오버나잇: 등락 +7.5%, 범위 위치 99%",익일 시초 매도,7.55,4.23,0.989,807.2,0.222,0.70,1,370,5,0,0,1.2,True
066570#2261-20260703151000,066570,LG전자,오버나잇,FullAuto,Paper,Backtest,2026-07-03 15:10:00,2026-07-03 15:10:00,2026-07-06 09:01:00,3951,8,190200,192000,180700,4.995,10870,0.714,0.14,0.946,-0.105,0,0,NextDayOpen,"오버나잇: 등락 +0.7%, 범위 위치 92%",익일 시초 매도,0.74,2.88,0.921,770.2,0.207,0.83,1,370,5,0,0,1.2,True
006340#2260-20260703151000,006340,대원전선,오버나잇,FullAuto,Paper,Backtest,2026-07-03 15:10:00,2026-07-03 15:10:00,2026-07-06 09:01:00,3951,124,12860,13400,12220,4.977,63149,3.960,0.80,4.277,-0.544,0,-0.075,NextDayOpen,"오버나잇: 등락 +7.3%, 범위 위치 66%",익일 시초 매도,7.26,0.55,0.659,224.1,0.383,0.64,1,370,5,0,0,1.2,True
403870#2263-20260703151000,403870,HPSP,오버나잇,FullAuto,Paper,Backtest,2026-07-03 15:10:00,2026-07-03 15:10:00,2026-07-06 09:01:00,3951,32,48750,48500,46350,4.923,-11570,-0.742,-0.15,0.308,-0.821,0,0,NextDayOpen,"오버나잇: 등락 +11.6%, 범위 위치 92%",익일 시초 매도,11.56,4.73,0.916,242.4,0.505,0.66,1,370,5,0,0,1.2,True
042660#2265-20260706090527,042660,한화오션,ORB,FullAuto,Paper,Backtest,2026-07-06 09:05:27,2026-07-06 09:05:27,2026-07-06 10:37:30,92,17,117300,113800,113800,2.984,-63958,-3.207,-1.07,4.859,-2.984,0,0,StopLoss,"ORB5 고가 116,800 돌파 (범위 4.3%, 등락 +9.6%)","손절 (113,800)",9.63,1.96,1,83.3,2.188,1.42,1,5,3,10,0,1.2,False
005380#2271-20260706151000,005380,현대차,오버나잇,FullAuto,Paper,Backtest,2026-07-06 15:10:00,2026-07-06 15:10:00,2026-07-07 09:01:00,1071,3,499000,494000,474500,4.910,-18410,-1.230,-0.25,0.601,-1.002,0,0,NextDayOpen,"오버나잇: 등락 +0.8%, 범위 위치 48%",익일 시초 매도,0.81,-0.15,0.482,678.0,0.201,1.21,1,370,5,0,0,1.2,True
105560#2274-20260706151000,105560,KB금융,오버나잇,FullAuto,Paper,Backtest,2026-07-06 15:10:00,2026-07-06 15:10:00,2026-07-07 09:01:00,1071,9,170200,170900,161700,4.994,2765,0.181,0.04,0.529,-0.118,0,-0.058,NextDayOpen,"오버나잇: 등락 +0.3%, 범위 위치 20%",익일 시초 매도,0.29,-1.20,0.2,796.2,0.183,0.94,1,370,5,0,0,1.2,True
028260#2272-20260706151000,028260,삼성물산,오버나잇,FullAuto,Paper,Backtest,2026-07-06 15:10:00,2026-07-06 15:10:00,2026-07-07 09:01:00,1071,3,447500,446000,425500,4.916,-7577,-0.564,-0.11,0.335,-0.335,0,-0.112,NextDayOpen,"오버나잇: 등락 +2.8%, 범위 위치 51%",익일 시초 매도,2.76,-0.03,0.509,478.3,0.272,0.25,1,370,5,0,0,1.2,True
000270#2273-20260706151000,000270,기아,오버나잇,FullAuto,Paper,Backtest,2026-07-06 15:10:00,2026-07-06 15:10:00,2026-07-07 09:01:00,1071,9,160700,157600,152700,4.978,-31164,-2.155,-0.43,0.062,-1.867,0,-0.063,NextDayOpen,"오버나잇: 등락 +6.0%, 범위 위치 84%",익일 시초 매도,6.01,1.11,0.843,483.1,0.187,0.66,1,370,5,0,0,1.2,True
079550#2275-20260706151000,079550,LIG디펜스앤에어로스페이스,오버나잇,FullAuto,Paper,Backtest,2026-07-06 15:10:00,2026-07-06 15:10:00,2026-07-07 09:01:00,1071,1,811000,793000,771000,4.932,-19825,-2.445,-0.50,0.247,-2.219,0,0,NextDayOpen,"오버나잇: 등락 +1.4%, 범위 위치 48%",익일 시초 매도,1.38,-0.44,0.475,678.9,0.220,1.54,1,370,5,0,0,1.2,True
055550#2276-20260706151000,055550,신한지주,오버나잇,FullAuto,Paper,Backtest,2026-07-06 15:10:00,2026-07-06 15:10:00,2026-07-07 09:01:00,1071,14,107600,107200,102300,4.926,-9051,-0.601,-0.12,0.372,-0.279,0,-0.093,NextDayOpen,"오버나잇: 등락 +1.1%, 범위 위치 24%",익일 시초 매도,1.13,-0.91,0.238,296.1,0.432,0.95,1,370,5,0,0,1.2,True
042660#2270-20260706151000,042660,한화오션,오버나잇,FullAuto,Paper,Backtest,2026-07-06 15:10:00,2026-07-06 15:10:00,2026-07-07 09:01:00,1071,13,115200,95500,109500,4.948,-258993,-17.294,-3.50,0.694,-17.101,0,0,NextDayOpen,"오버나잇: 등락 +7.7%, 범위 위치 42%",익일 시초 매도,7.66,-0.86,0.422,333.4,0.400,0.39,1,370,5,0,0,1.2,True
272210#2277-20260706151000,272210,한화시스템,오버나잇,FullAuto,Paper,Backtest,2026-07-06 15:10:00,2026-07-06 15:10:00,2026-07-07 09:01:00,1071,19,80900,73400,76900,4.944,-145728,-9.481,-1.92,0.371,-9.271,0,0,NextDayOpen,"오버나잇: 등락 +4.5%, 범위 위치 35%",익일 시초 매도,4.52,-1.96,0.352,505.2,0.415,1.01,1,370,5,0,0,1.2,True
066570#2279-20260707151000,066570,LG전자,오버나잇,FullAuto,Paper,Backtest,2026-07-07 15:10:00,2026-07-07 15:10:00,2026-07-08 09:01:00,1071,8,186900,187300,177600,4.976,-244,-0.016,0.00,0.375,-0.749,0,-0.053,NextDayOpen,"오버나잇: 등락 +1.1%, 범위 위치 94%",익일 시초 매도,1.14,2.96,0.944,250.0,0.287,0.78,1,370,5,0,0,1.2,True
105560#2282-20260707151000,105560,KB금융,오버나잇,FullAuto,Paper,Backtest,2026-07-07 15:10:00,2026-07-07 15:10:00,2026-07-08 09:01:00,1071,9,171700,176200,163200,4.950,36861,2.385,0.48,2.621,-0.233,0,0,NextDayOpen,"오버나잇: 등락 +0.8%, 범위 위치 38%",익일 시초 매도,0.82,0.16,0.381,398.7,0.212,0.61,1,370,5,0,0,1.2,True
035420#2281-20260707151000,035420,NAVER,오버나잇,FullAuto,Paper,Backtest,2026-07-07 15:10:00,2026-07-07 15:10:00,2026-07-08 09:01:00,1071,8,196100,196200,186300,4.997,-2809,-0.179,-0.04,0.153,-0.306,0,-0.051,NextDayOpen,"오버나잇: 등락 +0.2%, 범위 위치 48%",익일 시초 매도,0.15,0.10,0.476,430.6,0.146,0.97,1,370,5,0,0,1.2,True
278470#2283-20260707151000,278470,에이피알,오버나잇,FullAuto,Paper,Backtest,2026-07-07 15:10:00,2026-07-07 15:10:00,2026-07-08 09:01:00,1071,3,408000,400500,388000,4.902,-25266,-2.064,-0.42,0.368,-1.716,0,-0.125,NextDayOpen,"오버나잇: 등락 +8.5%, 범위 위치 96%",익일 시초 매도,8.51,2.25,0.961,256.4,0.560,0.89,1,370,5,0,0,1.2,True
010950#2285-20260707151000,010950,S-Oil,오버나잇,FullAuto,Paper,Backtest,2026-07-07 15:10:00,2026-07-07 15:10:00,2026-07-08 09:01:00,1071,12,127400,127400,121100,4.945,-3515,-0.230,-0.05,0.078,-0.863,0,0,NextDayOpen,"오버나잇: 등락 +9.7%, 범위 위치 95%",익일 시초 매도,9.74,2.06,0.949,322.5,0.337,0.73,1,370,5,0,0,1.2,True
347850#2280-20260707151000,347850,디앤디파마텍,오버나잇,FullAuto,Paper,Backtest,2026-07-07 15:10:00,2026-07-07 15:10:00,2026-07-08 09:01:00,1071,18,85100,84400,80900,4.935,-16094,-1.051,-0.21,0.353,-0.705,0,-0.118,NextDayOpen,"오버나잇: 등락 +12.1%, 범위 위치 65%",익일 시초 매도,12.12,-1.98,0.648,551.4,0.420,0.47,1,370,5,0,0,1.2,True
003230#2284-20260707151000,003230,삼양식품,오버나잇,FullAuto,Paper,Backtest,2026-07-07 15:10:00,2026-07-07 15:10:00,2026-07-08 09:01:00,1071,1,1220000,1224000,1159000,5.00,1186,0.097,0.02,0.410,-1.066,0,-0.082,NextDayOpen,"오버나잇: 등락 +11.9%, 범위 위치 97%",익일 시초 매도,11.93,2.72,0.972,389.4,0.474,1.03,1,370,5,0,0,1.2,True
066570#2289-20260708151000,066570,LG전자,오버나잇,FullAuto,Paper,Backtest,2026-07-08 15:10:00,2026-07-08 15:10:00,2026-07-09 09:01:00,1071,8,195000,195000,185300,4.974,-3588,-0.230,-0.05,0.462,-0.462,0,0,NextDayOpen,"오버나잇: 등락 +3.4%, 범위 위치 43%",익일 시초 매도,3.40,-1.14,0.434,318.4,0.260,0.88,1,370,5,0,0,1.2,True
012330#2291-20260708151000,012330,현대모비스,오버나잇,FullAuto,Paper,Backtest,2026-07-08 15:10:00,2026-07-08 15:10:00,2026-07-09 09:01:00,1071,3,489500,486000,465500,4.903,-13854,-0.943,-0.19,0.102,-0.817,0,0,NextDayOpen,"오버나잇: 등락 +0.4%, 범위 위치 26%",익일 시초 매도,0.41,-1.84,0.256,290.7,0.307,0.93,1,370,5,0,0,1.2,True
000270#2290-20260708151000,000270,기아,오버나잇,FullAuto,Paper,Backtest,2026-07-08 15:10:00,2026-07-08 15:10:00,2026-07-09 09:01:00,1071,10,154500,156700,146800,4.984,18400,1.191,0.24,1.618,-0.194,0,0,NextDayOpen,"오버나잇: 등락 +1.2%, 범위 위치 35%",익일 시초 매도,1.18,-1.55,0.349,414.0,0.268,1.28,1,370,5,0,0,1.2,True
024060#2294-20260708151000,024060,흥구석유,오버나잇,FullAuto,Paper,Backtest,2026-07-08 15:10:00,2026-07-08 15:10:00,2026-07-09 09:01:00,1071,149,10430,10650,9910,4.986,29136,1.875,0.38,2.205,-1.055,0,-0.094,NextDayOpen,"오버나잇: 등락 +14.6%, 범위 위치 59%",익일 시초 매도,14.62,-0.56,0.591,142.3,1.322,0.33,1,370,5,0,0,1.2,True
0039P0#2292-20260708151000,0039P0,매드업,오버나잇,FullAuto,Paper,Backtest,2026-07-08 15:10:00,2026-07-08 15:10:00,2026-07-09 09:01:00,1071,211,7390,7640,7030,4.871,49052,3.146,0.65,3.518,-2.842,0,-0.131,NextDayOpen,"오버나잇: 등락 -+0.8%, 범위 위치 0%",익일 시초 매도,-0.81,-14.71,0,161.2,1.402,3.44,1,370,5,0,0,1.2,True
010950#2293-20260708151000,010950,S-Oil,오버나잇,FullAuto,Paper,Backtest,2026-07-08 15:10:00,2026-07-08 15:10:00,2026-07-09 09:01:00,1071,11,133000,130100,126400,4.962,-35195,-2.406,-0.48,0.150,-2.180,0,0,NextDayOpen,"오버나잇: 등락 +5.7%, 범위 위치 83%",익일 시초 매도,5.73,1.02,0.830,474.3,0.344,0.98,1,370,5,0,0,1.2,True
439090#2295-20260708151000,439090,마녀공장,오버나잇,FullAuto,Paper,Backtest,2026-07-08 15:10:00,2026-07-08 15:10:00,2026-07-09 09:01:00,1071,88,17670,16540,16790,4.980,-102802,-6.611,-1.33,0.453,-6.395,0,0,NextDayOpen,"오버나잇: 등락 +5.9%, 범위 위치 78%",익일 시초 매도,5.94,4.46,0.780,165.8,0.611,1.55,1,370,5,0,0,1.2,True
037710#2296-20260708151000,037710,광주신세계,오버나잇,FullAuto,Paper,Backtest,2026-07-08 15:10:00,2026-07-08 15:10:00,2026-07-09 09:01:00,1071,33,45950,43750,43700,4.897,-75930,-5.007,-1.02,0.218,-4.788,0,0,NextDayOpen,"오버나잇: 등락 +2.1%, 범위 위치 69%",익일 시초 매도,2.11,2.05,0.694,390.7,0.521,1.05,1,370,5,0,0,1.2,True
002990#2278-20260707151000,002990,금호건설,오버나잇,FullAuto,Paper,Backtest,2026-07-07 15:10:00,2026-07-07 15:10:00,2026-07-09 09:03:00,2513,113,14100,15490,13400,4.965,153070,9.607,1.94,9.929,-3.901,0,-0.065,NextDayOpen,"오버나잇: 등락 +14.2%, 범위 위치 63%",익일 시초 매도,14.17,-0.33,0.632,145.0,2.107,0.98,1,370,5,0,0,1.2,True
267260#2303-20260709091630,267260,HD현대일렉트릭,ORB,FullAuto,Paper,Backtest,2026-07-09 09:16:30,2026-07-09 09:16:30,2026-07-09 10:59:27,103,2,828000,804000,804000,2.899,-51705,-3.122,-1.08,1.449,-2.899,0,0,StopLoss,"ORB5 고가 826,000 돌파 (범위 2.7%, 등락 +6.7%)","손절 (804,000)",6.70,1.80,1,214.5,0.811,3.51,1,16,3,10,0,1.2,False
036930#2301-20260709092427,036930,주성엔지니어링,ORB,FullAuto,Paper,Backtest,2026-07-09 09:24:27,2026-07-09 09:24:27,2026-07-09 11:51:27,147,11,167800,162800.00,162800,2.980,-59125,-3.203,-1.08,6.198,-2.980,0,0.000,StopLoss,"ORB5 고가 167,600 돌파 (범위 3.4%, 등락 +4.9%)","손절 (162,800)",4.88,1.95,1,156.8,0.932,2.58,1,24,3,10,0,1.2,False
002990#2311-20260709151000,002990,금호건설,오버나잇,FullAuto,Paper,Backtest,2026-07-09 15:10:00,2026-07-09 15:10:00,2026-07-09 15:14:27,4.5,91,17090,16170,16240,4.974,-87115,-5.602,-1.13,0.527,-5.383,0,-0.431,StopLoss,"오버나잇: 등락 +22.1%, 범위 위치 77%","손절 (16,240)",22.07,5.16,0.769,164.6,1.852,1.29,1,370,5,0,0,1.2,True
009150#2308-20260709151000,009150,삼성전기,오버나잇,FullAuto,Paper,Backtest,2026-07-09 15:10:00,2026-07-09 15:10:00,2026-07-10 09:01:00,1071,1,1471000,1598000,1398000,4.963,123345,8.385,1.69,8.702,-0.136,0,-0.063,NextDayOpen,"오버나잇: 등락 +6.2%, 범위 위치 32%",익일 시초 매도,6.21,-2.12,0.315,279.1,0.364,0.72,1,370,5,0,0,1.2,True
402340#2309-20260709151000,402340,SK스퀘어,오버나잇,FullAuto,Paper,Backtest,2026-07-09 15:10:00,2026-07-09 15:10:00,2026-07-10 09:01:00,1071,1,1333000,1437000,1267000,4.951,100712,7.555,1.53,7.802,-1.125,0,0,NextDayOpen,"오버나잇: 등락 +11.7%, 범위 위치 58%",익일 시초 매도,11.65,0.63,0.583,209.5,0.633,2.07,1,370,5,0,0,1.2,True
005380#2310-20260709151000,005380,현대차,오버나잇,FullAuto,Paper,Backtest,2026-07-09 15:10:00,2026-07-09 15:10:00,2026-07-10 09:01:00,1071,3,441500,447500,419500,4.983,14916,1.126,0.23,1.472,-0.453,0,-0.112,NextDayOpen,"오버나잇: 등락 +0.8%, 범위 위치 27%",익일 시초 매도,0.80,-1.10,0.267,441.4,0.275,1.18,1,370,5,0,0,1.2,True
011070#2313-20260709151000,011070,LG이노텍,오버나잇,FullAuto,Paper,Backtest,2026-07-09 15:10:00,2026-07-09 15:10:00,2026-07-10 09:01:00,1071,2,733000,752000,697000,4.911,34548,2.357,0.48,2.729,-0.273,0,-0.133,NextDayOpen,"오버나잇: 등락 +3.7%, 범위 위치 34%",익일 시초 매도,3.68,-1.45,0.344,370.3,0.497,0.69,1,370,5,0,0,1.2,True
105560#2315-20260709151432,105560,KB금융,오버나잇,FullAuto,Paper,Backtest,2026-07-09 15:14:32,2026-07-09 15:14:32,2026-07-10 09:01:00,1066.5,9,172200,179900,163600,4.994,65588,4.232,0.85,4.472,-1.045,0,0,NextDayOpen,"오버나잇: 등락 +1.5%, 범위 위치 40%",익일 시초 매도,1.47,-0.53,0.4,205.6,0.527,0.30,1,375,5,0,0,1.2,True
034020#2312-20260709151000,034020,두산에너빌리티,오버나잇,FullAuto,Paper,Backtest,2026-07-09 15:10:00,2026-07-09 15:10:00,2026-07-10 09:01:00,1071,21,73400,74600,69800,4.905,21602,1.401,0.29,1.771,-0.409,0,-0.134,NextDayOpen,"오버나잇: 등락 +3.7%, 범위 위치 33%",익일 시초 매도,3.67,-1.25,0.333,657.9,0.282,1.11,1,370,5,0,0,1.2,True
036930#2314-20260709151000,036930,주성엔지니어링,오버나잇,FullAuto,Paper,Backtest,2026-07-09 15:10:00,2026-07-09 15:10:00,2026-07-10 09:01:00,1071,9,170900,186400,162400,4.974,135664,8.820,1.77,9.128,-0.936,0,-0.054,NextDayOpen,"오버나잇: 등락 +6.8%, 범위 위치 57%",익일 시초 매도,6.75,1.24,0.575,366.5,0.604,0.92,1,370,5,0,0,1.2,True
403870#2319-20260710091630,403870,HPSP,ORB,FullAuto,Paper,Backtest,2026-07-10 09:16:30,2026-07-10 09:16:30,2026-07-10 15:05:00,348.5,48,41550,44550,40350,2.888,139105,6.975,2.42,9.507,-1.925,0,-0.112,ForceClose,"ORB5 고가 41,500 돌파 (범위 3.8%, 등락 +5.7%)",장마감 강제청산,5.73,1.40,1,180.9,1.178,2.13,1,16,3,10,0,1.2,False
066570#2334-20260710151000,066570,LG전자,오버나잇,FullAuto,Paper,Backtest,2026-07-10 15:10:00,2026-07-10 15:10:00,2026-07-13 09:01:00,3951,8,183500,185400,174400,4.959,11792,0.803,0.16,1.090,-0.436,0,-0.054,NextDayOpen,"오버나잇: 등락 +2.5%, 범위 위치 66%",익일 시초 매도,2.46,0.45,0.659,417.0,0.175,1.39,1,370,5,0,0,1.2,True
005380#2329-20260710151000,005380,현대차,오버나잇,FullAuto,Paper,Backtest,2026-07-10 15:10:00,2026-07-10 15:10:00,2026-07-13 09:01:00,3951,3,462500,456500,439500,4.973,-21152,-1.524,-0.31,0,-1.297,0,0,NextDayOpen,"오버나잇: 등락 +3.6%, 범위 위치 71%",익일 시초 매도,3.59,0.10,0.707,493.2,0.186,1.53,1,370,5,0,0,1.2,True
105560#2330-20260710151000,105560,KB금융,오버나잇,FullAuto,Paper,Backtest,2026-07-10 15:10:00,2026-07-10 15:10:00,2026-07-13 09:01:00,3951,8,185700,186200,176500,4.954,576,0.039,0.01,0.323,-0.808,0,-0.054,NextDayOpen,"오버나잇: 등락 +8.9%, 범위 위치 72%",익일 시초 매도,8.86,0.24,0.721,301.4,0.189,0.83,1,370,5,0,0,1.2,True
036930#2331-20260710151000,036930,주성엔지니어링,오버나잇,FullAuto,Paper,Backtest,2026-07-10 15:10:00,2026-07-10 15:10:00,2026-07-13 09:01:00,3951,8,193300,192200,183700,4.966,-12336,-0.798,-0.16,0.259,-0.517,0,-0.052,NextDayOpen,"오버나잇: 등락 +8.4%, 범위 위치 75%",익일 시초 매도,8.35,1.34,0.747,218.8,0.248,0.95,1,370,5,0,0,1.2,True
240810#2335-20260710151000,240810,원익IPS,오버나잇,FullAuto,Paper,Backtest,2026-07-10 15:10:00,2026-07-10 15:10:00,2026-07-13 09:01:00,3951,12,124500,127000,118300,4.980,26500,1.774,0.36,2.008,-0.803,0,0,NextDayOpen,"오버나잇: 등락 +18.7%, 범위 위치 83%",익일 시초 매도,18.68,2.60,0.826,299.4,0.281,0.55,1,370,5,0,0,1.2,True
073240#2332-20260710151000,073240,금호타이어,오버나잇,FullAuto,Paper,Backtest,2026-07-10 15:10:00,2026-07-10 15:10:00,2026-07-13 09:01:00,3951,198,7800,7630,7410,5.00,-37138,-2.405,-0.48,0,-2.179,0,0,NextDayOpen,"오버나잇: 등락 +25.0%, 범위 위치 100%",익일 시초 매도,25.00,8.07,1,300,0,0.04,1,370,5,0,0,1.2,True
010170#2333-20260710151000,010170,대한광통신,오버나잇,FullAuto,Paper,Backtest,2026-07-10 15:10:00,2026-07-10 15:10:00,2026-07-13 09:01:00,3951,123,12600,12700,11970,5.00,8710,0.562,0.11,0.794,-0.079,0,0,NextDayOpen,"오버나잇: 등락 +18.3%, 범위 위치 61%",익일 시초 매도,18.31,-1.04,0.614,574.4,0.278,0.65,1,370,5,0,0,1.2,True
402340#2328-20260710151000,402340,SK스퀘어,오버나잇,FullAuto,Paper,Backtest,2026-07-10 15:10:00,2026-07-10 15:10:00,2026-07-13 09:01:00,3951,1,1404000,1400000,1334000,4.986,-7220,-0.514,-0.10,1.068,-0.285,0,0,NextDayOpen,"오버나잇: 등락 +2.3%, 범위 위치 60%",익일 시초 매도,2.26,0.06,0.602,313.5,0.336,0.60,1,370,5,0,0,1.2,True
066570#2346-20260713151000,066570,LG전자,오버나잇,FullAuto,Paper,Backtest,2026-07-13 15:10:00,2026-07-13 15:10:00,2026-07-14 09:01:00,1071,8,185900,185200,176700,4.949,-9008,-0.606,-0.12,0.161,-0.914,0,0,NextDayOpen,"오버나잇: 등락 +1.7%, 범위 위치 8%",익일 시초 매도,1.70,-4.54,0.081,177.6,0.361,1.36,1,370,5,0,0,1.2,True
006400#2347-20260713151000,006400,삼성SDI,오버나잇,FullAuto,Paper,Backtest,2026-07-13 15:10:00,2026-07-13 15:10:00,2026-07-14 09:01:00,1071,3,442500,454000,420500,4.972,31373,2.363,0.48,2.599,-0.678,0,0,NextDayOpen,"오버나잇: 등락 +0.7%, 범위 위치 21%",익일 시초 매도,0.68,-3.65,0.212,265.3,0.428,1.46,1,370,5,0,0,1.2,True
240810#2348-20260713151000,240810,원익IPS,오버나잇,FullAuto,Paper,Backtest,2026-07-13 15:10:00,2026-07-13 15:10:00,2026-07-14 09:01:00,1071,12,127000,124800,120700,4.961,-29847,-1.958,-0.39,0.236,-1.654,0,-0.080,NextDayOpen,"오버나잇: 등락 +1.6%, 범위 위치 28%",익일 시초 매도,1.60,-3.16,0.280,183.9,0.602,1.19,1,370,5,0,0,1.2,True
012330#2350-20260713151000,012330,현대모비스,오버나잇,FullAuto,Paper,Backtest,2026-07-13 15:10:00,2026-07-13 15:10:00,2026-07-14 09:01:00,1071,3,485000,490000,461000,4.948,11622,0.799,0.16,1.031,-0.722,0,0,NextDayOpen,"오버나잇: 등락 -+1.0%, 범위 위치 11%",익일 시초 매도,-1.02,-2.72,0.108,187.1,0.339,0.88,1,370,5,0,0,1.2,True
086790#2353-20260713151000,086790,하나금융지주,오버나잇,FullAuto,Paper,Backtest,2026-07-13 15:10:00,2026-07-13 15:10:00,2026-07-14 09:01:00,1071,12,132100,134700,125500,4.996,27489,1.734,0.35,2.044,-0.379,0,-0.074,NextDayOpen,"오버나잇: 등락 +2.0%, 범위 위치 29%",익일 시초 매도,2.01,-1.32,0.288,251.9,0.276,1.07,1,370,5,0,0,1.2,True
475150#2349-20260713151000,475150,SK이터닉스,오버나잇,FullAuto,Paper,Backtest,2026-07-13 15:10:00,2026-07-13 15:10:00,2026-07-14 09:01:00,1071,32,48800,48500,46400,4.918,-13170,-0.843,-0.17,0.102,-1.742,0,0,NextDayOpen,"오버나잇: 등락 +13.8%, 범위 위치 58%",익일 시초 매도,13.77,-1.69,0.581,210.7,0.520,0.98,1,370,5,0,0,1.2,True
095610#2352-20260713151000,095610,테스,오버나잇,FullAuto,Paper,Backtest,2026-07-13 15:10:00,2026-07-13 15:10:00,2026-07-14 09:01:00,1071,8,189100,192200,179700,4.971,21269,1.406,0.28,1.692,-0.476,0,-0.052,NextDayOpen,"오버나잇: 등락 +6.4%, 범위 위치 48%",익일 시초 매도,6.36,-1.48,0.483,189.0,0.435,0.69,1,370,5,0,0,1.2,True
096770#2351-20260713151000,096770,SK이노베이션,오버나잇,FullAuto,Paper,Backtest,2026-07-13 15:10:00,2026-07-13 15:10:00,2026-07-14 09:01:00,1071,14,109600,110400,104200,4.927,7648,0.498,0.10,0.821,-0.274,0,0,NextDayOpen,"오버나잇: 등락 +5.5%, 범위 위치 41%",익일 시초 매도,5.49,-1.80,0.414,269.7,0.489,0.96,1,370,5,0,0,1.2,True
036930#2358-20260714092525,036930,주성엔지니어링,ORB,FullAuto,Paper,Backtest,2026-07-14 09:25:25,2026-07-14 09:25:25,2026-07-14 09:44:30,19.1,10,193300,187200,187500,3.001,-65313,-3.379,-1.13,0.466,-3.156,0,-0.160,StopLoss,"ORB5 고가 193,200 돌파 (범위 5.6%, 등락 +5.9%)","손절 (187,500)",5.92,2.50,1,149.6,1.458,3.61,1,25,3,10,0,1.2,False
402340#2363-20260714151000,402340,SK스퀘어,오버나잇,FullAuto,Paper,Backtest,2026-07-14 15:10:00,2026-07-14 15:10:00,2026-07-15 09:01:00,1071,1,1195000,1305000,1136000,4.937,107016,8.955,1.81,9.289,-1.004,0,-0.077,NextDayOpen,"오버나잇: 등락 +2.9%, 범위 위치 92%",익일 시초 매도,2.93,3.12,0.915,242.8,0.425,1.24,1,370,5,0,0,1.2,True
036930#2365-20260714151000,036930,주성엔지니어링,오버나잇,FullAuto,Paper,Backtest,2026-07-14 15:10:00,2026-07-14 15:10:00,2026-07-15 09:01:00,1071,8,193600,205000,184000,4.959,87442,5.646,1.14,5.888,-1.033,0,0,NextDayOpen,"오버나잇: 등락 +6.0%, 범위 위치 85%",익일 시초 매도,6.03,3.17,0.852,274.4,0.388,1.22,1,370,5,0,0,1.2,True
240810#2366-20260714151000,240810,원익IPS,오버나잇,FullAuto,Paper,Backtest,2026-07-14 15:10:00,2026-07-14 15:10:00,2026-07-15 09:01:00,1071,12,127800,137100,121500,4.930,107834,7.031,1.43,7.277,-0.469,0,0,NextDayOpen,"오버나잇: 등락 +2.4%, 범위 위치 92%",익일 시초 매도,2.40,4.24,0.924,294.9,0.447,1.37,1,370,5,0,0,1.2,True
006340#2364-20260714151000,006340,대원전선,오버나잇,FullAuto,Paper,Backtest,2026-07-14 15:10:00,2026-07-14 15:10:00,2026-07-15 09:01:00,1071,122,12900,13130,12260,4.961,24381,1.549,0.31,1.783,-1.550,0,0,NextDayOpen,"오버나잇: 등락 +19.1%, 범위 위치 82%",익일 시초 매도,19.13,3.55,0.821,159.9,0.637,1.60,1,370,5,0,0,1.2,True
267260#2368-20260714151000,267260,HD현대일렉트릭,오버나잇,FullAuto,Paper,Backtest,2026-07-14 15:10:00,2026-07-14 15:10:00,2026-07-15 09:01:00,1071,1,799000,826000,760000,4.881,25106,3.142,0.64,3.379,-0.250,0,0,NextDayOpen,"오버나잇: 등락 +0.5%, 범위 위치 80%",익일 시초 매도,0.50,2.42,0.796,515.1,0.277,1.49,1,370,5,0,0,1.2,True
089030#2367-20260714151000,089030,테크윙,오버나잇,FullAuto,Paper,Backtest,2026-07-14 15:10:00,2026-07-14 15:10:00,2026-07-15 09:01:00,1071,32,48950,50900,46550,4.903,58665,3.745,0.76,3.984,-1.634,0,0,NextDayOpen,"오버나잇: 등락 +11.5%, 범위 위치 62%",익일 시초 매도,11.52,-0.53,0.618,254.2,0.427,0.92,1,370,5,0,0,1.2,True
024060#2369-20260714151000,024060,흥구석유,오버나잇,FullAuto,Paper,Backtest,2026-07-14 15:10:00,2026-07-14 15:10:00,2026-07-15 09:01:00,1071,126,12510,12040,11890,4.956,-62717,-3.979,-0.80,0.879,-3.677,0,-0.083,NextDayOpen,"오버나잇: 등락 +7.4%, 범위 위치 11%",익일 시초 매도,7.39,-5.66,0.113,161.8,0.503,0.55,1,370,5,0,0,1.2,True
036930#2374-20260715092327,036930,주성엔지니어링,ORB,FullAuto,Paper,Backtest,2026-07-15 09:23:27,2026-07-15 09:23:27,2026-07-15 09:28:27,5,9,206500,200500.00,200500,2.906,-58157,-3.129,-1.08,0.484,-2.906,0,0.000,StopLoss,"ORB5 고가 205,500 돌파 (범위 3.4%, 등락 +7.2%)","손절 (200,500)",7.22,2.38,1,199.8,0.802,5.08,1,23,3,10,0,1.2,False
240810#2372-20260715092325,240810,원익IPS,ORB,FullAuto,Paper,Backtest,2026-07-15 09:23:25,2026-07-15 09:23:25,2026-07-15 15:05:00,341.6,14,138300,141500,134200,2.965,40251,2.079,0.70,4.700,-2.242,0,-0.071,ForceClose,"ORB5 고가 137,700 돌파 (범위 5.5%, 등락 +8.8%)",장마감 강제청산,8.81,3.78,1,158.3,1.074,6.06,1,23,3,10,0,1.2,False
403870#2370-20260715091530,403870,HPSP,ORB,FullAuto,Paper,Backtest,2026-07-15 09:15:30,2026-07-15 09:15:30,2026-07-15 15:05:00,349.5,44,44450,46650,43150,2.925,92095,4.709,1.61,6.412,-0.112,0,0,ForceClose,"ORB5 고가 44,400 돌파 (범위 2.4%, 등락 +5.8%)",장마감 강제청산,5.83,1.69,1,164.8,0.874,2.26,1,16,3,10,0,1.2,False
009150#2381-20260715151000,009150,삼성전기,오버나잇,FullAuto,Paper,Backtest,2026-07-15 15:10:00,2026-07-15 15:10:00,2026-07-16 09:01:00,1071,1,1423000,1316000,1352000,4.989,-110042,-7.733,-1.55,0,-7.519,0,0,NextDayOpen,"오버나잇: 등락 +11.4%, 범위 위치 77%",익일 시초 매도,11.35,1.68,0.769,435.8,0.301,1.95,1,370,5,0,0,1.2,True
005380#2383-20260715151000,005380,현대차,오버나잇,FullAuto,Paper,Backtest,2026-07-15 15:10:00,2026-07-15 15:10:00,2026-07-16 09:01:00,1071,3,435500,423000,414000,4.937,-40423,-3.094,-0.63,0,-2.870,0,0,NextDayOpen,"오버나잇: 등락 +2.0%, 범위 위치 71%",익일 시초 매도,1.99,0.31,0.710,919.4,0.205,0.86,1,370,5,0,0,1.2,True
006400#2385-20260715151000,006400,삼성SDI,오버나잇,FullAuto,Paper,Backtest,2026-07-15 15:10:00,2026-07-15 15:10:00,2026-07-16 09:01:00,1071,3,458500,454000,436000,4.907,-16634,-1.209,-0.25,0.218,-0.981,0,0,NextDayOpen,"오버나잇: 등락 +6.3%, 범위 위치 59%",익일 시초 매도,6.26,0.19,0.594,1168.1,0.210,1.84,1,370,5,0,0,1.2,True
240810#2387-20260715151000,240810,원익IPS,오버나잇,FullAuto,Paper,Backtest,2026-07-15 15:10:00,2026-07-15 15:10:00,2026-07-16 09:01:00,1071,11,143100,136500,136000,4.962,-76064,-4.832,-0.97,0.210,-4.542,0,-0.073,NextDayOpen,"오버나잇: 등락 +12.5%, 범위 위치 89%",익일 시초 매도,12.51,2.86,0.892,207.5,0.350,2.19,1,370,5,0,0,1.2,True
402340#2382-20260715151000,402340,SK스퀘어,오버나잇,FullAuto,Paper,Backtest,2026-07-15 15:10:00,2026-07-15 15:10:00,2026-07-16 09:01:00,1071,1,1398000,1271000,1329000,4.936,-129941,-9.295,-1.88,0.215,-9.084,0,0,NextDayOpen,"오버나잇: 등락 +17.0%, 범위 위치 69%",익일 시초 매도,16.99,0.63,0.692,235.3,0.327,1.01,1,370,5,0,0,1.2,True
066570#2384-20260715151000,066570,LG전자,오버나잇,FullAuto,Paper,Backtest,2026-07-15 15:10:00,2026-07-15 15:10:00,2026-07-16 09:01:00,1071,8,194900,192000,185200,4.977,-26735,-1.715,-0.34,0.103,-1.488,0,0,NextDayOpen,"오버나잇: 등락 +3.4%, 범위 위치 63%",익일 시초 매도,3.40,0.48,0.634,711.6,0.169,2.54,1,370,5,0,0,1.2,True
080220#2386-20260715151000,080220,제주반도체,오버나잇,FullAuto,Paper,Backtest,2026-07-15 15:10:00,2026-07-15 15:10:00,2026-07-16 09:01:00,1071,17,89400,82000,85000,4.922,-129024,-8.490,-1.72,1.342,-8.166,0,-0.122,NextDayOpen,"오버나잇: 등락 +21.3%, 범위 위치 91%",익일 시초 매도,21.30,4.01,0.914,381.9,0.527,0.58,1,370,5,0,0,1.2,True
042660#2388-20260716151000,042660,한화오션,오버나잇,FullAuto,Paper,Backtest,2026-07-16 15:10:00,2026-07-16 15:10:00,2026-07-20 09:01:00,5391,18,86300,89600,82000,4.983,55701,3.586,0.72,3.824,0,0,0,NextDayOpen,"오버나잇: 등락 +5.0%, 범위 위치 83%",익일 시초 매도,4.99,2.26,0.828,405.6,0.414,1.11,1,370,5,0,0,1.2,True
240810#2391-20260716151000,240810,원익IPS,오버나잇,FullAuto,Paper,Backtest,2026-07-16 15:10:00,2026-07-16 15:10:00,2026-07-20 09:01:00,5391,11,142200,134000,135100,4.993,-93603,-5.984,-1.20,0.563,-5.696,0,-0.075,NextDayOpen,"오버나잇: 등락 -+0.4%, 범위 위치 71%",익일 시초 매도,-0.35,2.34,0.705,181.8,0.492,1.86,1,370,5,0,0,1.2,True
329180#2395-20260716151000,329180,HD현대중공업,오버나잇,FullAuto,Paper,Backtest,2026-07-16 15:10:00,2026-07-16 15:10:00,2026-07-20 09:01:00,5391,3,480000,477500,456000,5.00,-10795,-0.750,-0.15,0.625,-0.521,0,0,NextDayOpen,"오버나잇: 등락 +2.5%, 범위 위치 65%",익일 시초 매도,2.45,0.79,0.647,488.3,0.342,1.28,1,370,5,0,0,1.2,True
096770#2389-20260716151000,096770,SK이노베이션,오버나잇,FullAuto,Paper,Backtest,2026-07-16 15:10:00,2026-07-16 15:10:00,2026-07-20 09:01:00,5391,13,121100,120100,115100,4.955,-16592,-1.054,-0.21,0.908,-0.743,0,-0.083,NextDayOpen,"오버나잇: 등락 +1.5%, 범위 위치 42%",익일 시초 매도,1.51,-1.51,0.423,195.6,0.342,1.54,1,370,5,0,0,1.2,True
028300#2390-20260716151000,028300,HLB,오버나잇,FullAuto,Paper,Backtest,2026-07-16 15:10:00,2026-07-16 15:10:00,2026-07-20 09:01:00,5391,45,35250,32200,33500,4.965,-140602,-8.864,-1.79,1.135,-8.511,0,-0.155,NextDayOpen,"오버나잇: 등락 +1.6%, 범위 위치 2%",익일 시초 매도,1.59,-4.99,0.017,250.7,0.496,1.66,1,370,5,0,0,1.2,True
004310#2392-20260716151000,004310,현대약품,오버나잇,FullAuto,Paper,Backtest,2026-07-16 15:10:00,2026-07-16 15:10:00,2026-07-20 09:01:00,5391,208,7760,7780,7380,4.897,440,0.027,0.01,0.387,-3.222,0,0,NextDayOpen,"오버나잇: 등락 +15.5%, 범위 위치 59%",익일 시초 매도,15.50,-1.85,0.591,216.9,1.171,0.97,1,370,5,0,0,1.2,True
017670#2393-20260716151000,017670,SK텔레콤,오버나잇,FullAuto,Paper,Backtest,2026-07-16 15:10:00,2026-07-16 15:10:00,2026-07-20 09:01:00,5391,18,89000,85500,84600,4.944,-66548,-4.154,-0.84,0.562,-3.933,0,0,NextDayOpen,"오버나잇: 등락 +5.1%, 범위 위치 37%",익일 시초 매도,5.08,-1.60,0.368,270.9,0.353,1.79,1,370,5,0,0,1.2,True
035420#2394-20260716151000,035420,NAVER,오버나잇,FullAuto,Paper,Backtest,2026-07-16 15:10:00,2026-07-16 15:10:00,2026-07-20 09:01:00,5391,8,188600,186700,179200,4.984,-18637,-1.235,-0.25,0.583,-1.007,0,0,NextDayOpen,"오버나잇: 등락 +0.0%, 범위 위치 54%",익일 시초 매도,0,0.30,0.542,325.0,0.201,1.10,1,370,5,0,0,1.2,True
024060#2402-20260720151000,024060,흥구석유,오버나잇,FullAuto,Paper,Backtest,2026-07-20 15:10:00,2026-07-20 15:10:00,2026-07-21 09:01:00,1071,118,13290,13130,12630,4.966,-22445,-1.431,-0.29,1.053,-1.129,0,-0.076,NextDayOpen,"오버나잇: 등락 +10.7%, 범위 위치 59%",익일 시초 매도,10.66,0.06,0.592,172.3,0.613,0.84,1,370,5,0,0,1.2,True
067310#2403-20260720151000,067310,하나마이크론,오버나잇,FullAuto,Paper,Backtest,2026-07-20 15:10:00,2026-07-20 15:10:00,2026-07-21 09:01:00,1071,42,36750,36400,34950,4.898,-18217,-1.180,-0.24,0.408,-0.952,0,0,NextDayOpen,"오버나잇: 등락 +2.8%, 범위 위치 29%",익일 시초 매도,2.80,-3.65,0.294,456.7,0.466,1.23,1,370,5,0,0,1.2,True
010950#2404-20260720151000,010950,S-Oil,오버나잇,FullAuto,Paper,Backtest,2026-07-20 15:10:00,2026-07-20 15:10:00,2026-07-21 09:01:00,1071,10,146800,144900,139500,4.973,-22335,-1.521,-0.31,0.817,-1.226,0,-0.069,NextDayOpen,"오버나잇: 등락 +2.1%, 범위 위치 75%",익일 시초 매도,2.09,-0.46,0.752,284.3,0.316,0.83,1,370,5,0,0,1.2,True
067290#2405-20260720151000,067290,JW신약,오버나잇,FullAuto,Paper,Backtest,2026-07-20 15:10:00,2026-07-20 15:10:00,2026-07-21 09:01:00,1071,791,1996,2010,1897,4.960,7421,0.470,0.09,2.956,0,0,-0.248,NextDayOpen,"오버나잇: 등락 +1.3%, 범위 위치 38%",익일 시초 매도,1.32,-6.25,0.381,245.3,0.505,0.62,1,370,5,0,0,1.2,True
049080#2406-20260720151000,049080,기가레인,오버나잇,FullAuto,Paper,Backtest,2026-07-20 15:10:00,2026-07-20 15:10:00,2026-07-21 09:01:00,1071,125,12530,13090,11910,4.948,66249,4.230,0.85,4.549,-1.117,0,-0.076,NextDayOpen,"오버나잇: 등락 +11.0%, 범위 위치 41%",익일 시초 매도,10.98,-4.28,0.408,155.3,0.872,2.63,1,370,5,0,0,1.2,True
089030#2407-20260720151000,089030,테크윙,오버나잇,FullAuto,Paper,Backtest,2026-07-20 15:10:00,2026-07-20 15:10:00,2026-07-21 09:01:00,1071,32,49000,47400,46550,5.00,-54695,-3.488,-0.70,0.204,-3.265,0,0,NextDayOpen,"오버나잇: 등락 -+0.4%, 범위 위치 31%",익일 시초 매도,-0.41,-1.19,0.305,302.3,0.481,1.62,1,370,5,0,0,1.2,True
440110#2408-20260720151000,440110,파두,오버나잇,FullAuto,Paper,Backtest,2026-07-20 15:10:00,2026-07-20 15:10:00,2026-07-21 09:01:00,1071,21,72000,71400,68400,5.00,-16048,-1.061,-0.21,0,-1.389,0,-0.140,NextDayOpen,"오버나잇: 등락 +2.1%, 범위 위치 32%",익일 시초 매도,2.13,-2.04,0.319,387.5,0.467,1.72,1,370,5,0,0,1.2,True
460930#2409-20260720151000,460930,현대힘스,오버나잇,FullAuto,Paper,Backtest,2026-07-20 15:10:00,2026-07-20 15:10:00,2026-07-21 09:01:00,1071,117,13400,13490,12730,5.00,6903,0.440,0.09,2.985,-0.522,0,0,NextDayOpen,"오버나잇: 등락 +1.6%, 범위 위치 34%",익일 시초 매도,1.59,-1.55,0.336,154.3,1.679,0.90,1,370,5,0,0,1.2,True
066570#2415-20260721151000,066570,LG전자,오버나잇,FullAuto,Paper,Backtest,2026-07-21 15:10:00,2026-07-21 15:10:00,2026-07-22 09:01:00,1071,9,172900,179900,164300,4.974,59287,3.810,0.77,4.106,-0.174,0,-0.056,NextDayOpen,"오버나잇: 등락 +1.9%, 범위 위치 86%",익일 시초 매도,1.95,1.98,0.857,300.2,0.165,0.91,1,370,5,0,0,1.2,True
035420#2417-20260721151000,035420,NAVER,오버나잇,FullAuto,Paper,Backtest,2026-07-21 15:10:00,2026-07-21 15:10:00,2026-07-22 09:01:00,1071,8,194400,197700,184700,4.990,22767,1.464,0.29,1.749,-0.977,0,-0.051,NextDayOpen,"오버나잇: 등락 +3.4%, 범위 위치 80%",익일 시초 매도,3.35,1.31,0.796,305.3,0.158,0.99,1,370,5,0,0,1.2,True
036930#2418-20260721151000,036930,주성엔지니어링,오버나잇,FullAuto,Paper,Backtest,2026-07-21 15:10:00,2026-07-21 15:10:00,2026-07-22 09:01:00,1071,9,171300,178600,162800,4.962,62014,4.022,0.81,4.320,-1.343,0,-0.056,NextDayOpen,"오버나잇: 등락 +2.0%, 범위 위치 92%",익일 시초 매도,1.97,2.73,0.922,363.7,0.284,0.68,1,370,5,0,0,1.2,True
010120#2419-20260721151000,010120,LS ELECTRIC,오버나잇,FullAuto,Paper,Backtest,2026-07-21 15:10:00,2026-07-21 15:10:00,2026-07-22 09:01:00,1071,8,190000,196600,180500,5.00,49192,3.236,0.65,3.474,-0.053,0,0,NextDayOpen,"오버나잇: 등락 +2.6%, 범위 위치 86%",익일 시초 매도,2.59,2.53,0.861,306.6,0.173,1.15,1,370,5,0,0,1.2,True
028260#2416-20260721151000,028260,삼성물산,오버나잇,FullAuto,Paper,Backtest,2026-07-21 15:10:00,2026-07-21 15:10:00,2026-07-22 09:01:00,1071,4,344500,358500,327500,4.935,52711,3.825,0.78,4.209,-0.581,0,-0.139,NextDayOpen,"오버나잇: 등락 +5.2%, 범위 위치 93%",익일 시초 매도,5.19,2.68,0.925,479.6,0.342,3.38,1,370,5,0,0,1.2,True
006400#2420-20260721151000,006400,삼성SDI,오버나잇,FullAuto,Paper,Backtest,2026-07-21 15:10:00,2026-07-21 15:10:00,2026-07-22 09:01:00,1071,3,416500,428500,396000,4.922,33050,2.645,0.54,3.001,-0.600,0,-0.117,NextDayOpen,"오버나잇: 등락 +1.6%, 범위 위치 94%",익일 시초 매도,1.59,2.72,0.941,324.8,0.283,1.00,1,370,5,0,0,1.2,True
105560#2421-20260721151000,105560,KB금융,오버나잇,FullAuto,Paper,Backtest,2026-07-21 15:10:00,2026-07-21 15:10:00,2026-07-22 09:01:00,1071,9,173700,177600,165100,4.951,31431,2.011,0.41,2.303,-0.345,0,-0.056,NextDayOpen,"오버나잇: 등락 +1.9%, 범위 위치 91%",익일 시초 매도,1.88,2.15,0.913,266.1,0.220,2.20,1,370,5,0,0,1.2,True
036930#2427-20260722090730,036930,주성엔지니어링,ORB,FullAuto,Paper,Backtest,2026-07-22 09:07:30,2026-07-22 09:07:30,2026-07-22 09:28:30,21,16,181400,176000,176000,2.977,-92889,-3.200,-1.08,1.985,-2.977,0,0,StopLoss,"ORB5 고가 180,900 돌파 (범위 2.7%, 등락 +7.2%) · A등급","손절 (176,000)",7.21,1.30,1,149.3,0.893,1.57,1,8,3,10,0,1.2,False
403870#2424-20260722090727,403870,HPSP,ORB,FullAuto,Paper,Backtest,2026-07-22 09:07:27,2026-07-22 09:07:27,2026-07-22 09:47:27,40,70,41650,40400,40400,3.001,-94017,-3.225,-1.07,1.321,-3.001,0,0,StopLoss,"ORB5 고가 41,600 돌파 (범위 3.4%, 등락 +6.5%) · A등급","손절 (40,400)",6.52,1.72,1,182.1,1.248,1.39,1,7,3,10,0,1.2,False
009150#2431-20260722151000,009150,삼성전기,오버나잇,FullAuto,Paper,Backtest,2026-07-22 15:10:00,2026-07-22 15:10:00,2026-07-23 09:01:00,1071,1,1356000,1411000,1289000,4.941,51764,3.817,0.77,4.130,-0.590,0,-0.071,NextDayOpen,"오버나잇: 등락 +2.2%, 범위 위치 11%",익일 시초 매도,2.19,-4.67,0.108,222.7,0.411,0.97,1,370,5,0,0,1.2,True
035420#2435-20260722151000,035420,NAVER,오버나잇,FullAuto,Paper,Backtest,2026-07-22 15:10:00,2026-07-22 15:10:00,2026-07-23 09:01:00,1071,7,197600,204000,187800,4.960,41523,3.002,0.61,3.492,-0.304,0,-0.244,NextDayOpen,"오버나잇: 등락 +1.6%, 범위 위치 13%",익일 시초 매도,1.59,-1.52,0.130,222.4,0.213,0.27,1,370,5,0,0,1.2,True
005380#2432-20260722151000,005380,현대차,오버나잇,FullAuto,Paper,Backtest,2026-07-22 15:10:00,2026-07-22 15:10:00,2026-07-23 09:01:00,1071,3,418500,419000,398000,4.898,-1390,-0.111,-0.02,0.239,-0.717,0,-0.119,NextDayOpen,"오버나잇: 등락 +3.5%, 범위 위치 30%",익일 시초 매도,3.47,-1.78,0.302,332.5,0.333,0.69,1,370,5,0,0,1.2,True
006340#2437-20260722151000,006340,대원전선,오버나잇,FullAuto,Paper,Backtest,2026-07-22 15:10:00,2026-07-22 15:10:00,2026-07-23 09:01:00,1071,124,12420,12610,11800,4.992,19968,1.297,0.26,1.610,-0.805,0,-0.079,NextDayOpen,"오버나잇: 등락 +4.8%, 범위 위치 20%",익일 시초 매도,4.81,-3.66,0.202,193.5,0.489,0.34,1,370,5,0,0,1.2,True
066570#2433-20260722151000,066570,LG전자,오버나잇,FullAuto,Paper,Backtest,2026-07-22 15:10:00,2026-07-22 15:10:00,2026-07-23 09:01:00,1071,8,183800,186000,174700,4.951,14181,0.964,0.19,1.197,-0.544,0,0,NextDayOpen,"오버나잇: 등락 +6.3%, 범위 위치 30%",익일 시초 매도,6.30,-2.12,0.305,225.9,0.315,1.22,1,370,5,0,0,1.2,True
042660#2438-20260722151000,042660,한화오션,오버나잇,FullAuto,Paper,Backtest,2026-07-22 15:10:00,2026-07-22 15:10:00,2026-07-23 09:01:00,1071,18,84000,83700,79800,5.00,-8864,-0.586,-0.12,0.238,-0.595,0,0,NextDayOpen,"오버나잇: 등락 +1.8%, 범위 위치 28%",익일 시초 매도,1.82,-0.97,0.282,421.5,0.255,1.47,1,370,5,0,0,1.2,True
058610#2436-20260722151000,058610,에스피지,오버나잇,FullAuto,Paper,Backtest,2026-07-22 15:10:00,2026-07-22 15:10:00,2026-07-23 09:01:00,1071,18,82600,90300,78500,4.964,134884,9.072,1.83,9.322,-1.090,0,0,NextDayOpen,"오버나잇: 등락 +10.6%, 범위 위치 54%",익일 시초 매도,10.59,-1.69,0.542,188.3,0.701,1.06,1,370,5,0,0,1.2,True
034020#2434-20260722151000,034020,두산에너빌리티,오버나잇,FullAuto,Paper,Backtest,2026-07-22 15:10:00,2026-07-22 15:10:00,2026-07-23 09:01:00,1071,22,69600,70200,66200,4.885,9652,0.630,0.13,1.006,-0.862,0,-0.142,NextDayOpen,"오버나잇: 등락 +3.0%, 범위 위치 30%",익일 시초 매도,2.96,-1.99,0.304,347.8,0.370,0.41,1,370,5,0,0,1.2,True
100090#2443-20260723090522,100090,SK오션플랜트,ORB,FullAuto,Paper,Backtest,2026-07-23 09:05:22,2026-07-23 09:05:22,2026-07-23 10:28:30,83.1,132,15100,16600,14650,2.980,192992,9.683,3.25,10.0,0,0,-0.060,TakeProfit,"ORB5 고가 15,060 돌파 (범위 4.4%, 등락 +4.6%)",목표 익절 +10%,4.64,1.78,1,300,1.523,2.13,1,5,3,10,0,1.2,False
009150#2447-20260723151000,009150,삼성전기,오버나잇,FullAuto,Paper,Backtest,2026-07-23 15:10:00,2026-07-23 15:10:00,2026-07-24 09:01:00,1071,1,1442000,1450000,1370000,4.993,4667,0.324,0.06,0.693,-0.139,0,0,NextDayOpen,"오버나잇: 등락 +7.5%, 범위 위치 65%",익일 시초 매도,7.45,0.68,0.653,439.1,0.248,0.61,1,370,5,0,0,1.2,True
017670#2450-20260723151000,017670,SK텔레콤,오버나잇,FullAuto,Paper,Backtest,2026-07-23 15:10:00,2026-07-23 15:10:00,2026-07-24 09:01:00,1071,15,100200,99100,95200,4.990,-19920,-1.325,-0.27,0,-0.998,0,-0.101,NextDayOpen,"오버나잇: 등락 +6.8%, 범위 위치 96%",익일 시초 매도,6.82,2.76,0.958,435.6,0.192,1.28,1,370,5,0,0,1.2,True
096770#2453-20260723151000,096770,SK이노베이션,오버나잇,FullAuto,Paper,Backtest,2026-07-23 15:10:00,2026-07-23 15:10:00,2026-07-24 09:01:00,1071,11,131000,129600,124500,4.962,-18680,-1.296,-0.26,1.145,-0.992,0,-0.077,NextDayOpen,"오버나잇: 등락 +8.9%, 범위 위치 100%",익일 시초 매도,8.89,3.02,1,453.7,0.229,0.54,1,370,5,0,0,1.2,True
028050#2451-20260723151000,028050,삼성E&A,오버나잇,FullAuto,Paper,Backtest,2026-07-23 15:10:00,2026-07-23 15:10:00,2026-07-24 09:01:00,1071,33,46650,46700,44350,4.930,-1893,-0.123,-0.02,0.643,-0.322,0,-0.107,NextDayOpen,"오버나잇: 등락 +13.0%, 범위 위치 65%",익일 시초 매도,12.95,0.31,0.649,887.9,0.406,1.00,1,370,5,0,0,1.2,True
005380#2448-20260723151000,005380,현대차,오버나잇,FullAuto,Paper,Backtest,2026-07-23 15:10:00,2026-07-23 15:10:00,2026-07-24 09:01:00,1071,3,430500,418500,409000,4.994,-38892,-3.011,-0.60,0.581,-2.787,0,0,NextDayOpen,"오버나잇: 등락 +3.4%, 범위 위치 82%",익일 시초 매도,3.37,0.55,0.818,494.3,0.199,1.50,1,370,5,0,0,1.2,True
006340#2449-20260723151000,006340,대원전선,오버나잇,FullAuto,Paper,Backtest,2026-07-23 15:10:00,2026-07-23 15:10:00,2026-07-24 09:01:00,1071,110,14060,13720,13360,4.979,-40875,-2.643,-0.53,0.569,-2.418,0,0,NextDayOpen,"오버나잇: 등락 +15.6%, 범위 위치 84%",익일 시초 매도,15.62,4.91,0.839,205.6,0.965,0.44,1,370,5,0,0,1.2,True
066570#2452-20260723151000,066570,LG전자,오버나잇,FullAuto,Paper,Backtest,2026-07-23 15:10:00,2026-07-23 15:10:00,2026-07-24 09:01:00,1071,8,185700,182300,176500,4.954,-30556,-2.057,-0.42,0.592,-1.831,0,0,NextDayOpen,"오버나잇: 등락 +1.6%, 범위 위치 86%",익일 시초 매도,1.64,1.29,0.859,303.8,0.173,0.61,1,370,5,0,0,1.2,True
475150#2454-20260724151000,475150,SK이터닉스,오버나잇,FullAuto,Paper,Backtest,2026-07-24 15:10:00,2026-07-24 15:10:00,2026-07-27 09:01:00,3951,19,81900,79400,77900,4.884,-50976,-3.276,-0.67,0.855,-2.930,0,-0.126,NextDayOpen,"오버나잇: 등락 +1.6%, 범위 위치 52%",익일 시초 매도,1.61,-0.19,0.525,225.8,0.737,0.35,1,370,5,0,0,1.2,True
012450#2457-20260724151000,012450,한화에어로스페이스,오버나잇,FullAuto,Paper,Backtest,2026-07-24 15:10:00,2026-07-24 15:10:00,2026-07-27 09:01:00,3951,1,977000,985000,929000,4.913,5737,0.587,0.12,0.819,-0.921,0,0,NextDayOpen,"오버나잇: 등락 +2.5%, 범위 위치 12%",익일 시초 매도,2.52,-2.43,0.119,288.9,0.403,0.51,1,370,5,0,0,1.2,True
207940#2455-20260724151000,207940,삼성바이오로직스,오버나잇,FullAuto,Paper,Backtest,2026-07-24 15:10:00,2026-07-24 15:10:00,2026-07-27 09:01:00,3951,1,1519000,1498000,1444000,4.937,-24447,-1.609,-0.33,0.066,-1.317,0,-0.067,NextDayOpen,"오버나잇: 등락 +9.5%, 범위 위치 89%",익일 시초 매도,9.52,1.47,0.885,411.7,0.308,0.77,1,370,5,0,0,1.2,True
068270#2461-20260724151000,068270,셀트리온,오버나잇,FullAuto,Paper,Backtest,2026-07-24 15:10:00,2026-07-24 15:10:00,2026-07-27 09:01:00,3951,9,176700,179100,167900,4.980,17898,1.125,0.23,1.358,0,0,0,NextDayOpen,"오버나잇: 등락 +2.3%, 범위 위치 69%",익일 시초 매도,2.26,-0.08,0.686,317.0,0.178,0.59,1,370,5,0,0,1.2,True
460930#2460-20260724151000,460930,현대힘스,오버나잇,FullAuto,Paper,Backtest,2026-07-24 15:10:00,2026-07-24 15:10:00,2026-07-27 09:01:00,3951,99,16160,16100,15360,4.950,-9605,-0.600,-0.12,0.743,-2.537,0,0,NextDayOpen,"오버나잇: 등락 +16.9%, 범위 위치 79%",익일 시초 매도,16.94,2.25,0.794,187.4,0.911,0.38,1,370,5,0,0,1.2,True
028050#2458-20260724151000,028050,삼성E&A,오버나잇,FullAuto,Paper,Backtest,2026-07-24 15:10:00,2026-07-24 15:10:00,2026-07-27 09:01:00,3951,33,47350,48100,45000,4.963,21104,1.351,0.27,1.584,-0.422,0,0,NextDayOpen,"오버나잇: 등락 +1.5%, 범위 위치 48%",익일 시초 매도,1.50,-0.96,0.481,328.0,0.253,1.03,1,370,5,0,0,1.2,True
100090#2456-20260724151000,100090,SK오션플랜트,오버나잇,FullAuto,Paper,Backtest,2026-07-24 15:10:00,2026-07-24 15:10:00,2026-07-27 09:01:00,3951,87,18400,17990,17480,5.00,-39274,-2.453,-0.49,0,-2.174,0,-0.056,NextDayOpen,"오버나잇: 등락 +6.5%, 범위 위치 46%",익일 시초 매도,6.55,-4.07,0.456,174.4,0.750,0.51,1,370,5,0,0,1.2,True
079550#2459-20260724151000,079550,LIG디펜스앤에어로스페이스,오버나잇,FullAuto,Paper,Backtest,2026-07-24 15:10:00,2026-07-24 15:10:00,2026-07-27 09:01:00,3951,2,761000,755000,723000,4.993,-15474,-1.017,-0.20,0.394,-0.788,0,0,NextDayOpen,"오버나잇: 등락 +3.7%, 범위 위치 40%",익일 시초 매도,3.68,-1.45,0.397,407.9,0.300,0.25,1,370,5,0,0,1.2,True
036930#2463-20260727091730,036930,주성엔지니어링,ORB,FullAuto,Paper,Backtest,2026-07-27 09:17:30,2026-07-27 09:17:30,2026-07-27 09:20:27,3,13,151300,146700,146800,2.974,-64195,-3.264,-1.10,0,-3.040,0,-0.068,StopLoss,"ORB5 고가 150,800 돌파 (범위 4.0%, 등락 +7.3%)","손절 (146,800)",7.30,2.76,1,185.6,1.430,6.62,1,18,3,10,0,1.2,False
207940#2472-20260727151000,207940,삼성바이오로직스,오버나잇,FullAuto,Paper,Backtest,2026-07-27 15:10:00,2026-07-27 15:10:00,2026-07-28 09:01:00,1071,1,1546000,1532000,1469000,4.981,-17524,-1.134,-0.23,0.259,-0.841,0,-0.065,NextDayOpen,"오버나잇: 등락 +3.1%, 범위 위치 67%",익일 시초 매도,3.14,0.00,0.674,323.5,0.245,0.51,1,370,5,0,0,1.2,True
105560#2473-20260727151000,105560,KB금융,오버나잇,FullAuto,Paper,Backtest,2026-07-27 15:10:00,2026-07-27 15:10:00,2026-07-28 09:01:00,1071,9,172600,171000,164000,4.983,-17941,-1.155,-0.23,0.232,-0.927,0,0,NextDayOpen,"오버나잇: 등락 +0.6%, 범위 위치 56%",익일 시초 매도,0.64,0.19,0.556,299.4,0.174,1.29,1,370,5,0,0,1.2,True
042660#2468-20260727151000,042660,한화오션,오버나잇,FullAuto,Paper,Backtest,2026-07-27 15:10:00,2026-07-27 15:10:00,2026-07-28 09:01:00,1071,17,88500,85100,84100,4.972,-61135,-4.063,-0.82,0.339,-3.842,0,0,NextDayOpen,"오버나잇: 등락 +0.2%, 범위 위치 68%",익일 시초 매도,0.23,1.45,0.681,208.7,0.468,0.68,1,370,5,0,0,1.2,True
006340#2469-20260727151000,006340,대원전선,오버나잇,FullAuto,Paper,Backtest,2026-07-27 15:10:00,2026-07-27 15:10:00,2026-07-28 09:01:00,1071,112,14160,13060,13460,4.944,-126581,-7.982,-1.61,0.071,-7.698,0,-0.077,NextDayOpen,"오버나잇: 등락 +3.1%, 범위 위치 39%",익일 시초 매도,3.13,-0.66,0.388,412.3,0.242,1.89,1,370,5,0,0,1.2,True
005380#2467-20260727151000,005380,현대차,오버나잇,FullAuto,Paper,Backtest,2026-07-27 15:10:00,2026-07-27 15:10:00,2026-07-28 09:01:00,1071,3,401500,386500,381500,4.981,-47672,-3.958,-0.79,0.249,-3.736,0,0,NextDayOpen,"오버나잇: 등락 +0.2%, 범위 위치 46%",익일 시초 매도,0.25,0.14,0.457,750.7,0.213,0.78,1,370,5,0,0,1.2,True
036930#2470-20260727151000,036930,주성엔지니어링,오버나잇,FullAuto,Paper,Backtest,2026-07-27 15:10:00,2026-07-27 15:10:00,2026-07-28 09:01:00,1071,10,149300,137600,141900,4.956,-120181,-8.050,-1.62,0.469,-7.837,0,0,NextDayOpen,"오버나잇: 등락 +5.9%, 범위 위치 63%",익일 시초 매도,5.89,0.71,0.63,364.9,0.306,1.13,1,370,5,0,0,1.2,True
066570#2471-20260727151000,066570,LG전자,오버나잇,FullAuto,Paper,Backtest,2026-07-27 15:10:00,2026-07-27 15:10:00,2026-07-28 09:01:00,1071,9,172200,165000,163600,4.994,-68224,-4.402,-0.88,0.407,-4.123,0,-0.061,NextDayOpen,"오버나잇: 등락 +1.5%, 범위 위치 39%",익일 시초 매도,1.47,0.08,0.386,323.3,0.166,0.49,1,370,5,0,0,1.2,True
214450#2477-20260728151000,214450,파마리서치,오버나잇,FullAuto,Paper,Backtest,2026-07-28 15:10:00,2026-07-28 15:10:00,2026-07-29 09:01:00,1071,4,383500,371000,364500,4.954,-53420,-3.482,-0.70,0.261,-3.259,0,0,NextDayOpen,"오버나잇: 등락 +3.0%, 범위 위치 97%",익일 시초 매도,2.95,2.69,0.966,299.5,0.726,0.83,1,370,5,0,0,1.2,True
413630#2474-20260728151000,413630,씨피시스템,오버나잇,FullAuto,Paper,Backtest,2026-07-28 15:10:00,2026-07-28 15:10:00,2026-07-29 09:01:00,1071,384,4100,4400,3895,5.00,111332,7.071,1.41,7.317,-1.341,0,0,NextDayOpen,"오버나잇: 등락 +0.7%, 범위 위치 6%",익일 시초 매도,0.74,-11.04,0.061,163.8,1.727,0.66,1,370,5,0,0,1.2,True
460930#2475-20260728151000,460930,현대힘스,오버나잇,FullAuto,Paper,Backtest,2026-07-28 15:10:00,2026-07-28 15:10:00,2026-07-29 09:01:00,1071,111,14165,14700,13460,4.977,55643,3.539,0.71,3.848,-1.235,0,-0.068,NextDayOpen,"오버나잇: 등락 +1.7%, 범위 위치 14%",익일 시초 매도,1.69,-8.61,0.144,265.3,0.610,0.60,2,370,5,0,0,1.2,True
108860#2478-20260728151000,108860,셀바스AI,오버나잇,FullAuto,Paper,Backtest,2026-07-28 15:10:00,2026-07-28 15:10:00,2026-07-29 09:01:00,1071,179,8760,8940,8330,4.909,28545,1.820,0.37,3.196,0,0,0,NextDayOpen,"오버나잇: 등락 +7.9%, 범위 위치 27%",익일 시초 매도,7.88,-3.59,0.272,188.2,1.150,1.64,1,370,5,0,0,1.2,True
332570#2479-20260728151000,332570,PS일렉트로닉스,오버나잇,FullAuto,Paper,Backtest,2026-07-28 15:10:00,2026-07-28 15:10:00,2026-07-29 09:01:00,1071,204,7710,7760,7330,4.929,6562,0.417,0.08,0.778,-3.372,0,-0.129,NextDayOpen,"오버나잇: 등락 +6.2%, 범위 위치 85%",익일 시초 매도,6.21,2.39,0.848,375.6,0.733,1.30,1,370,5,0,0,1.2,True
396300#2480-20260728151000,396300,HT로보틱스,오버나잇,FullAuto,Paper,Backtest,2026-07-28 15:10:00,2026-07-28 15:10:00,2026-07-29 09:01:00,1071,425,3705,4185,3520,4.993,199941,12.698,2.54,12.955,-0.135,0,0,NextDayOpen,"오버나잇: 등락 +6.0%, 범위 위치 39%",익일 시초 매도,6.01,-6.58,0.392,176.5,0.877,0.76,1,370,5,0,0,1.2,True
199430#2481-20260728151000,199430,케이엔알시스템,오버나잇,FullAuto,Paper,Backtest,2026-07-28 15:10:00,2026-07-28 15:10:00,2026-07-29 09:01:00,1071,87,18080,18310,17180,4.978,16352,1.040,0.21,1.272,-4.369,0,0,NextDayOpen,"오버나잇: 등락 +26.6%, 범위 위치 86%",익일 시초 매도,26.63,6.15,0.865,158.2,1.676,0.48,1,370,5,0,0,1.2,True
439960#2476-20260728151000,439960,코스모로보틱스,오버나잇,FullAuto,Paper,Backtest,2026-07-28 15:10:00,2026-07-28 15:10:00,2026-07-29 09:03:00,1073,106,14740,16890,14010,4.953,223818,14.325,2.89,14.654,-0.204,0,-0.059,NextDayOpen,"오버나잇: 등락 +2.9%, 범위 위치 34%",익일 시초 매도,2.93,-4.59,0.338,170.4,0.717,0.92,1,370,5,0,0,1.2,True
068270#2489-20260729151000,068270,셀트리온,오버나잇,FullAuto,Paper,Backtest,2026-07-29 15:10:00,2026-07-29 15:10:00,2026-07-30 09:01:00,1071,8,179200,180000,170300,4.967,3089,0.215,0.04,0.725,-0.391,0,-0.056,NextDayOpen,"오버나잇: 등락 +1.2%, 범위 위치 16%",익일 시초 매도,1.19,-2.12,0.157,242.1,0.243,1.78,1,370,5,0,0,1.2,True
058610#2491-20260729151000,058610,에스피지,오버나잇,FullAuto,Paper,Backtest,2026-07-29 15:10:00,2026-07-29 15:10:00,2026-07-30 09:01:00,1071,19,80900,85300,76900,4.944,79886,5.197,1.05,5.562,-2.843,0,-0.117,NextDayOpen,"오버나잇: 등락 +20.8%, 범위 위치 86%",익일 시초 매도,20.78,4.87,0.858,273.3,1.264,0.44,1,370,5,0,0,1.2,True
012330#2490-20260729151000,012330,현대모비스,오버나잇,FullAuto,Paper,Backtest,2026-07-29 15:10:00,2026-07-29 15:10:00,2026-07-30 09:01:00,1071,3,438000,444500,416500,4.909,16436,1.251,0.25,1.598,-0.571,0,-0.112,NextDayOpen,"오버나잇: 등락 +1.6%, 범위 위치 26%",익일 시초 매도,1.63,-2.03,0.261,259.2,0.376,0.86,1,370,5,0,0,1.2,True
277810#2494-20260729151000,277810,레인보우로보틱스,오버나잇,FullAuto,Paper,Backtest,2026-07-29 15:10:00,2026-07-29 15:10:00,2026-07-30 09:01:00,1071,3,402500,417500,382500,4.969,42127,3.489,0.70,3.851,-0.124,0,-0.120,NextDayOpen,"오버나잇: 등락 +1.6%, 범위 위치 50%",익일 시초 매도,1.64,0.23,0.503,347.8,0.506,0.88,1,370,5,0,0,1.2,True
003230#2492-20260729151000,003230,삼양식품,오버나잇,FullAuto,Paper,Backtest,2026-07-29 15:10:00,2026-07-29 15:10:00,2026-07-30 09:01:00,1071,1,1225000,1210000,1164000,4.980,-17784,-1.452,-0.29,0,-1.143,0,-0.083,NextDayOpen,"오버나잇: 등락 +3.4%, 범위 위치 38%",익일 시초 매도,3.38,-2.55,0.384,207.9,0.502,0.43,1,370,5,0,0,1.2,True
214450#2493-20260729151000,214450,파마리서치,오버나잇,FullAuto,Paper,Backtest,2026-07-29 15:10:00,2026-07-29 15:10:00,2026-07-30 09:01:00,1071,3,389000,386000,370000,4.884,-11664,-0.999,-0.20,1.157,-0.643,0,-0.129,NextDayOpen,"오버나잇: 등락 +3.0%, 범위 위치 78%",익일 시초 매도,3.05,1.09,0.782,278.4,0.973,1.18,1,370,5,0,0,1.2,True
439960#2495-20260729151000,439960,코스모로보틱스,오버나잇,FullAuto,Paper,Backtest,2026-07-29 15:10:00,2026-07-29 15:10:00,2026-07-30 09:01:00,1071,97,15870,15990,15080,4.978,8076,0.525,0.11,0.819,-0.945,0,-0.062,NextDayOpen,"오버나잇: 등락 +4.9%, 범위 위치 26%",익일 시초 매도,4.89,-4.90,0.264,143.6,0.770,0.82,1,370,5,0,0,1.2,True
042700#2501-20260730151000,042700,한미반도체,오버나잇,FullAuto,Paper,Backtest,2026-07-30 15:10:00,2026-07-30 15:10:00,2026-07-31 09:01:00,1071,9,168000,192400,159600,5.00,215652,14.263,2.85,14.583,-1.131,0,-0.052,NextDayOpen,"오버나잇: 등락 +2.0%, 범위 위치 46%",익일 시초 매도,2.00,0.00,0.462,217.4,0.413,1.04,1,370,5,0,0,1.2,True
068270#2500-20260730151000,068270,셀트리온,오버나잇,FullAuto,Paper,Backtest,2026-07-30 15:10:00,2026-07-30 15:10:00,2026-07-31 09:01:00,1071,8,189300,189200,179900,4.966,-4281,-0.283,-0.06,0,-0.581,0,0,NextDayOpen,"오버나잇: 등락 +4.2%, 범위 위치 79%",익일 시초 매도,4.19,0.06,0.788,260.1,0.253,0.77,1,370,5,0,0,1.2,True
012450#2504-20260730151000,012450,한화에어로스페이스,오버나잇,FullAuto,Paper,Backtest,2026-07-30 15:10:00,2026-07-30 15:10:00,2026-07-31 09:01:00,1071,1,866000,889000,823000,4.965,20960,2.420,0.49,2.771,-0.577,0,-0.112,NextDayOpen,"오버나잇: 등락 +5.6%, 범위 위치 54%",익일 시초 매도,5.62,-1.76,0.539,292.3,0.363,1.46,1,370,5,0,0,1.2,True
042660#2502-20260730151000,042660,한화오션,오버나잇,FullAuto,Paper,Backtest,2026-07-30 15:10:00,2026-07-30 15:10:00,2026-07-31 09:01:00,1071,20,78800,81600,74900,4.949,52256,3.316,0.67,3.553,-1.015,0,0,NextDayOpen,"오버나잇: 등락 +4.5%, 범위 위치 59%",익일 시초 매도,4.52,-0.96,0.588,291.8,0.463,0.74,1,370,5,0,0,1.2,True
105560#2503-20260730151000,105560,KB금융,오버나잇,FullAuto,Paper,Backtest,2026-07-30 15:10:00,2026-07-30 15:10:00,2026-07-31 09:01:00,1071,9,166700,167500,158400,4.979,3734,0.249,0.05,0.480,-0.600,0,0,NextDayOpen,"오버나잇: 등락 +1.7%, 범위 위치 56%",익일 시초 매도,1.71,-0.25,0.564,232.8,0.262,0.98,1,370,5,0,0,1.2,True
329180#2507-20260730151000,329180,HD현대중공업,오버나잇,FullAuto,Paper,Backtest,2026-07-30 15:10:00,2026-07-30 15:10:00,2026-07-31 09:01:00,1071,3,446500,465000,424500,4.927,52301,3.905,0.79,4.143,-0.896,0,0,NextDayOpen,"오버나잇: 등락 +2.6%, 범위 위치 52%",익일 시초 매도,2.65,-1.20,0.519,331.2,0.472,0.55,1,370,5,0,0,1.2,True
003230#2505-20260730151000,003230,삼양식품,오버나잇,FullAuto,Paper,Backtest,2026-07-30 15:10:00,2026-07-30 15:10:00,2026-07-31 09:01:00,1071,1,1243000,1182000,1181000,4.988,-63727,-5.127,-1.03,0.080,-4.907,0,0,NextDayOpen,"오버나잇: 등락 +1.0%, 범위 위치 33%",익일 시초 매도,0.98,-1.02,0.330,271.1,0.449,0.80,1,370,5,0,0,1.2,True
009540#2506-20260730151000,009540,HD한국조선해양,오버나잇,FullAuto,Paper,Backtest,2026-07-30 15:10:00,2026-07-30 15:10:00,2026-07-31 09:01:00,1071,4,370000,372000,351500,5.00,4579,0.309,0.06,0.541,-1.216,0,0,NextDayOpen,"오버나잇: 등락 +8.8%, 범위 위치 84%",익일 시초 매도,8.84,0.98,0.837,337.3,0.512,0.98,1,370,5,0,0,1.2,True
009150#2522-20260731151000,009150,삼성전기,오버나잇,FullAuto,Paper,Backtest,2026-07-31 15:10:00,2026-07-31 15:10:00,2026-08-03 09:01:00,3951,1,1142000,1221000,1085000,4.991,76204,6.673,1.34,6.918,0,0,0,NextDayOpen,"오버나잇: 등락 +27.7%, 범위 위치 100%",익일 시초 매도,27.74,1.68,1,300,0,0.64,1,370,5,0,0,1.2,True
058610#2527-20260731151000,058610,에스피지,오버나잇,FullAuto,Paper,Backtest,2026-07-31 15:10:00,2026-07-31 15:10:00,2026-08-03 09:01:00,3951,16,96000,100600,91200,5.00,69910,4.551,0.91,4.792,-1.771,0,0,NextDayOpen,"오버나잇: 등락 +25.2%, 범위 위치 90%",익일 시초 매도,25.20,7.74,0.902,260.5,0.596,0.50,1,370,5,0,0,1.2,True
005380#2523-20260731151000,005380,현대차,오버나잇,FullAuto,Paper,Backtest,2026-07-31 15:10:00,2026-07-31 15:10:00,2026-08-03 09:01:00,3951,4,389500,383000,370500,4.878,-29526,-1.895,-0.39,0,-1.669,0,0,NextDayOpen,"오버나잇: 등락 +10.2%, 범위 위치 92%",익일 시초 매도,10.18,2.56,0.922,737.0,0.348,1.46,1,370,5,0,0,1.2,True
010120#2524-20260731151000,010120,LS ELECTRIC,오버나잇,FullAuto,Paper,Backtest,2026-07-31 15:10:00,2026-07-31 15:10:00,2026-08-03 09:01:00,3951,8,186400,180000,177100,4.989,-54519,-3.656,-0.73,0.215,-3.433,0,0,NextDayOpen,"오버나잇: 등락 +22.3%, 범위 위치 99%",익일 시초 매도,22.31,4.15,0.991,356.9,0.330,1.33,1,370,5,0,0,1.2,True
475150#2525-20260731151230,475150,SK이터닉스,오버나잇,FullAuto,Paper,Backtest,2026-07-31 15:12:30,2026-07-31 15:12:30,2026-08-03 09:01:00,3948.5,34,45550,45450,43300,4.940,-6953,-0.449,-0.09,0,-0.659,0,0,NextDayOpen,"오버나잇: 등락 +9.0%, 범위 위치 31%",익일 시초 매도,8.97,-2.74,0.306,444.8,0.274,1.88,1,372,5,0,0,1.2,True
066570#2526-20260731151000,066570,LG전자,오버나잇,FullAuto,Paper,Backtest,2026-07-31 15:10:00,2026-07-31 15:10:00,2026-08-03 09:01:00,3951,9,161600,158200,153600,4.950,-33878,-2.329,-0.47,0.062,-2.104,0,0,NextDayOpen,"오버나잇: 등락 +8.7%, 범위 위치 91%",익일 시초 매도,8.68,2.54,0.909,286.7,0.327,0.72,1,370,5,0,0,1.2,True
028260#2528-20260731151000,028260,삼성물산,오버나잇,FullAuto,Paper,Backtest,2026-07-31 15:10:00,2026-07-31 15:10:00,2026-08-03 09:01:00,3951,4,349500,347000,332500,4.864,-13193,-0.944,-0.19,0.429,-0.715,0,0,NextDayOpen,"오버나잇: 등락 +16.9%, 범위 위치 78%",익일 시초 매도,16.89,1.30,0.781,908.2,0.460,0.97,1,370,5,0,0,1.2,True
009150#2536-20260803151000,009150,삼성전기,오버나잇,FullAuto,Paper,Backtest,2026-08-03 15:10:00,2026-08-03 15:10:00,2026-08-04 09:01:00,1071,1,1171000,1278000,1113000,4.953,104078,8.888,1.79,9.137,-0.427,0,0,NextDayOpen,"오버나잇: 등락 +2.5%, 범위 위치 14%",익일 시초 매도,2.45,-2.56,0.143,289.7,0.330,0.79,1,370,5,0,0,1.2,True
005380#2538-20260803151000,005380,현대차,오버나잇,FullAuto,Paper,Backtest,2026-08-03 15:10:00,2026-08-03 15:10:00,2026-08-04 09:01:00,1071,4,390000,395500,370500,5.00,18365,1.177,0.24,1.410,-0.256,0,0,NextDayOpen,"오버나잇: 등락 +1.8%, 범위 위치 55%",익일 시초 매도,1.83,-0.41,0.549,503.7,0.211,0.30,1,370,5,0,0,1.2,True
058610#2537-20260803151000,058610,에스피지,오버나잇,FullAuto,Paper,Backtest,2026-08-03 15:10:00,2026-08-03 15:10:00,2026-08-04 09:01:00,1071,14,107500,105200,102200,4.930,-35590,-2.365,-0.48,1.116,-2.047,0,-0.095,NextDayOpen,"오버나잇: 등락 +15.5%, 범위 위치 56%",익일 시초 매도,15.47,0.05,0.561,230.1,0.505,0.93,1,370,5,0,0,1.2,True
010120#2541-20260803151000,010120,LS ELECTRIC,오버나잇,FullAuto,Paper,Backtest,2026-08-03 15:10:00,2026-08-03 15:10:00,2026-08-04 09:01:00,1071,8,187500,196200,178200,4.960,66001,4.400,0.89,4.640,-0.267,0,0,NextDayOpen,"오버나잇: 등락 +2.8%, 범위 위치 73%",익일 시초 매도,2.80,-0.02,0.726,292.9,0.191,0.75,1,370,5,0,0,1.2,True
012330#2542-20260803151000,012330,현대모비스,오버나잇,FullAuto,Paper,Backtest,2026-08-03 15:10:00,2026-08-03 15:10:00,2026-08-04 09:01:00,1071,3,488500,490500,464500,4.913,2618,0.179,0.04,0.409,-0.307,0,0,NextDayOpen,"오버나잇: 등락 +3.6%, 범위 위치 59%",익일 시초 매도,3.61,-0.25,0.594,466.9,0.220,1.30,1,370,5,0,0,1.2,True
036930#2543-20260803151000,036930,주성엔지니어링,오버나잇,FullAuto,Paper,Backtest,2026-08-03 15:10:00,2026-08-03 15:10:00,2026-08-04 09:01:00,1071,12,128100,131600,121700,4.996,38376,2.496,0.50,2.810,-0.156,0,-0.076,NextDayOpen,"오버나잇: 등락 +2.9%, 범위 위치 56%",익일 시초 매도,2.89,0.34,0.559,435.4,0.323,0.56,1,370,5,0,0,1.2,True
277810#2540-20260803151000,277810,레인보우로보틱스,오버나잇,FullAuto,Paper,Backtest,2026-08-03 15:10:00,2026-08-03 15:10:00,2026-08-04 09:01:00,1071,3,458500,453500,436000,4.907,-18131,-1.318,-0.27,0,-0.981,0,-0.110,NextDayOpen,"오버나잇: 등락 +7.6%, 범위 위치 52%",익일 시초 매도,7.64,-1.23,0.518,266.0,0.437,0.41,1,370,5,0,0,1.2,True
439960#2539-20260803151000,439960,코스모로보틱스,오버나잇,FullAuto,Paper,Backtest,2026-08-03 15:10:00,2026-08-03 15:10:00,2026-08-04 09:01:00,1071,92,17520,16990,16650,4.966,-52361,-3.249,-0.65,1.998,-2.968,0,-0.059,NextDayOpen,"오버나잇: 등락 +18.9%, 범위 위치 52%",익일 시초 매도,18.86,0.01,0.522,180.3,0.750,1.50,1,370,5,0,0,1.2,True
240810#2549-20260804090525,240810,원익IPS,ORB,FullAuto,Paper,Backtest,2026-08-04 09:05:25,2026-08-04 09:05:25,2026-08-04 09:07:15,1.8,20,99600,96700,96700,2.912,-62456,-3.135,-1.08,0.602,-2.912,0,0,StopLoss,"ORB5 고가 99,500 돌파 (범위 4.6%, 등락 +6.3%)","손절 (96,700)",6.30,2.36,1,209.1,1.539,1.70,1,5,3,10,0,1.2,False
000660#2555-20260804151000,000660,SK하이닉스,오버나잇,FullAuto,Paper,Backtest,2026-08-04 15:10:00,2026-08-04 15:10:00,2026-08-05 09:01:00,1071,1,1563000,1693000,1485000,4.990,126127,8.070,1.62,8.317,-0.192,0,0,NextDayOpen,"오버나잇: 등락 +2.8%, 범위 위치 54%",익일 시초 매도,2.76,1.44,0.544,238.1,0.459,0.74,1,370,5,0,0,1.2,True
009150#2556-20260804151000,009150,삼성전기,오버나잇,FullAuto,Paper,Backtest,2026-08-04 15:10:00,2026-08-04 15:10:00,2026-08-05 09:01:00,1071,1,1182000,1335000,1123000,4.992,149953,12.686,2.54,13.029,-0.169,0,-0.075,NextDayOpen,"오버나잇: 등락 +2.5%, 범위 위치 42%",익일 시초 매도,2.52,1.13,0.419,277.3,0.411,1.06,1,370,5,0,0,1.2,True
402340#2557-20260804151000,402340,SK스퀘어,오버나잇,FullAuto,Paper,Backtest,2026-08-04 15:10:00,2026-08-04 15:10:00,2026-08-05 09:01:00,1071,1,1054000,1150000,1002000,4.934,93370,8.859,1.80,9.203,-0.190,0,-0.087,NextDayOpen,"오버나잇: 등락 +6.6%, 범위 위치 57%",익일 시초 매도,6.57,1.92,0.567,343.1,0.434,1.36,1,370,5,0,0,1.2,True
066570#2562-20260804151000,066570,LG전자,오버나잇,FullAuto,Paper,Backtest,2026-08-04 15:10:00,2026-08-04 15:10:00,2026-08-05 09:01:00,1071,9,164900,170900,156700,4.973,50472,3.401,0.68,3.639,-0.364,0,0,NextDayOpen,"오버나잇: 등락 +5.8%, 범위 위치 76%",익일 시초 매도,5.84,2.05,0.760,561.0,0.225,0.76,1,370,5,0,0,1.2,True
005380#2558-20260804151000,005380,현대차,오버나잇,FullAuto,Paper,Backtest,2026-08-04 15:10:00,2026-08-04 15:10:00,2026-08-05 09:01:00,1071,4,391000,401000,371500,4.987,36318,2.322,0.47,2.685,-0.384,0,-0.125,NextDayOpen,"오버나잇: 등락 +1.7%, 범위 위치 69%",익일 시초 매도,1.69,1.58,0.690,700.2,0.201,0.87,1,370,5,0,0,1.2,True
034020#2560-20260804151000,034020,두산에너빌리티,오버나잇,FullAuto,Paper,Backtest,2026-08-04 15:10:00,2026-08-04 15:10:00,2026-08-05 09:01:00,1071,22,73100,75400,69500,4.925,46794,2.910,0.59,3.146,-0.410,0,0,NextDayOpen,"오버나잇: 등락 +10.1%, 범위 위치 98%",익일 시초 매도,10.09,2.83,0.981,645.8,0.264,0.88,1,370,5,0,0,1.2,True
017670#2559-20260804151000,017670,SK텔레콤,오버나잇,FullAuto,Paper,Backtest,2026-08-04 15:10:00,2026-08-04 15:10:00,2026-08-05 09:01:00,1071,17,91700,91700,87200,4.907,-3583,-0.230,-0.05,0.436,-0.327,0,0,NextDayOpen,"오버나잇: 등락 +13.5%, 범위 위치 79%",익일 시초 매도,13.49,1.24,0.794,342.7,0.249,0.87,1,370,5,0,0,1.2,True
058610#2561-20260804151000,058610,에스피지,오버나잇,FullAuto,Paper,Backtest,2026-08-04 15:10:00,2026-08-04 15:10:00,2026-08-05 09:01:00,1071,14,108100,106000,102700,4.995,-32817,-2.168,-0.43,0.463,-1.943,0,0,NextDayOpen,"오버나잇: 등락 +3.1%, 범위 위치 63%",익일 시초 매도,3.05,0.08,0.633,411.0,0.271,0.79,1,370,5,0,0,1.2,True
009150#2573-20260805151000,009150,삼성전기,오버나잇,FullAuto,Paper,Backtest,2026-08-05 15:10:00,2026-08-05 15:10:00,2026-08-06 09:01:00,1071,1,1359000,1313000,1292000,4.930,-49025,-3.607,-0.73,0.147,-3.385,0,0,NextDayOpen,"오버나잇: 등락 +10.3%, 범위 위치 86%",익일 시초 매도,10.31,2.05,0.862,414.1,0.258,1.72,1,370,5,0,0,1.2,True
402340#2574-20260805151000,402340,SK스퀘어,오버나잇,FullAuto,Paper,Backtest,2026-08-05 15:10:00,2026-08-05 15:10:00,2026-08-06 09:01:00,1071,1,1128000,1088000,1072000,4.965,-42508,-3.768,-0.76,0.266,-3.546,0,0,NextDayOpen,"오버나잇: 등락 +4.7%, 범위 위치 30%",익일 시초 매도,4.74,-0.14,0.299,2361.6,0.209,1.11,1,370,5,0,0,1.2,True
278470#2578-20260805151000,278470,에이피알,오버나잇,FullAuto,Paper,Backtest,2026-08-05 15:10:00,2026-08-05 15:10:00,2026-08-06 09:01:00,1071,4,359000,366000,341500,4.875,24638,1.716,0.35,1.950,-0.557,0,0,NextDayOpen,"오버나잇: 등락 +0.4%, 범위 위치 58%",익일 시초 매도,0.42,0.88,0.575,486.2,0.219,1.49,1,370,5,0,0,1.2,True
005380#2579-20260805151000,005380,현대차,오버나잇,FullAuto,Paper,Backtest,2026-08-05 15:10:00,2026-08-05 15:10:00,2026-08-06 09:01:00,1071,3,406000,400500,386000,4.926,-19265,-1.582,-0.32,0.246,-1.232,0,-0.125,NextDayOpen,"오버나잇: 등락 +2.9%, 범위 위치 52%",익일 시초 매도,2.92,-0.01,0.524,1155.7,0.141,2.67,1,370,5,0,0,1.2,True
066570#2577-20260805151000,066570,LG전자,오버나잇,FullAuto,Paper,Backtest,2026-08-05 15:10:00,2026-08-05 15:10:00,2026-08-06 09:01:00,1071,9,180300,176600,171300,4.992,-36959,-2.278,-0.46,0.111,-1.997,0,-0.057,NextDayOpen,"오버나잇: 등락 +8.5%, 범위 위치 93%",익일 시초 매도,8.48,2.02,0.926,328.1,0.170,0.75,1,370,5,0,0,1.2,True
006340#2575-20260805151000,006340,대원전선,오버나잇,FullAuto,Paper,Backtest,2026-08-05 15:10:00,2026-08-05 15:10:00,2026-08-06 09:01:00,1071,105,15450,15190,14680,4.984,-30971,-1.909,-0.38,0.453,-1.618,0,-0.066,NextDayOpen,"오버나잇: 등락 +12.0%, 범위 위치 54%",익일 시초 매도,11.97,-1.73,0.542,212.5,0.220,0.85,1,370,5,0,0,1.2,True
010170#2576-20260805151000,010170,대한광통신,오버나잇,FullAuto,Paper,Backtest,2026-08-05 15:10:00,2026-08-05 15:10:00,2026-08-06 09:01:00,1071,134,12040,11780,11440,4.983,-38475,-2.385,-0.48,0.415,-2.159,0,0,NextDayOpen,"오버나잇: 등락 +18.2%, 범위 위치 58%",익일 시초 매도,18.17,-0.01,0.578,187.9,0.404,1.24,1,370,5,0,0,1.2,True
006400#2589-20260806151000,006400,삼성SDI,오버나잇,FullAuto,Paper,Backtest,2026-08-06 15:10:00,2026-08-06 15:10:00,2026-08-07 09:01:00,1071,3,429500,443500,408500,4.889,38947,3.023,0.62,3.376,-0.698,0,-0.113,NextDayOpen,"오버나잇: 등락 +1.8%, 범위 위치 39%",익일 시초 매도,1.78,-0.33,0.393,678.8,0.208,1.23,1,370,5,0,0,1.2,True
034020#2587-20260806151000,034020,두산에너빌리티,오버나잇,FullAuto,Paper,Backtest,2026-08-06 15:10:00,2026-08-06 15:10:00,2026-08-07 09:01:00,1071,21,76100,77100,72300,4.993,17281,1.081,0.22,1.314,-0.394,0,0,NextDayOpen,"오버나잇: 등락 +0.5%, 범위 위치 40%",익일 시초 매도,0.53,-0.42,0.4,579.0,0.188,0.88,1,370,5,0,0,1.2,True
012450#2590-20260806151000,012450,한화에어로스페이스,오버나잇,FullAuto,Paper,Backtest,2026-08-06 15:10:00,2026-08-06 15:10:00,2026-08-07 09:01:00,1071,1,1059000,1043000,1007000,4.910,-18400,-1.737,-0.35,0.189,-1.511,0,-0.096,NextDayOpen,"오버나잇: 등락 +5.5%, 범위 위치 79%",익일 시초 매도,5.48,0.90,0.788,398.1,0.263,0.79,1,370,5,0,0,1.2,True
068270#2588-20260806151000,068270,셀트리온,오버나잇,FullAuto,Paper,Backtest,2026-08-06 15:10:00,2026-08-06 15:10:00,2026-08-07 09:01:00,1071,8,194600,193100,184900,4.985,-15553,-0.999,-0.20,0,-0.719,0,-0.052,NextDayOpen,"오버나잇: 등락 +2.0%, 범위 위치 72%",익일 시초 매도,2.05,0.52,0.723,305.0,0.110,1.83,1,370,5,0,0,1.2,True
073240#2585-20260806151000,073240,금호타이어,오버나잇,FullAuto,Paper,Backtest,2026-08-06 15:10:00,2026-08-06 15:10:00,2026-08-07 09:01:00,1071,209,7880,7880,7490,4.949,-3787,-0.230,-0.05,1.015,-0.254,0,-0.127,NextDayOpen,"오버나잇: 등락 +9.4%, 범위 위치 56%",익일 시초 매도,9.44,-1.00,0.563,176.9,0.363,1.94,1,370,5,0,0,1.2,True
278470#2586-20260806151000,278470,에이피알,오버나잇,FullAuto,Paper,Backtest,2026-08-06 15:10:00,2026-08-06 15:10:00,2026-08-07 09:01:00,1071,4,378500,375500,360000,4.888,-15456,-1.021,-0.21,0.528,-0.661,0,-0.133,NextDayOpen,"오버나잇: 등락 +5.1%, 범위 위치 70%",익일 시초 매도,5.14,0.67,0.697,329.2,0.462,1.14,1,370,5,0,0,1.2,True
058610#2592-20260806151000,058610,에스피지,오버나잇,FullAuto,Paper,Backtest,2026-08-06 15:10:00,2026-08-06 15:10:00,2026-08-07 09:01:00,1071,15,109200,109100,103800,4.945,-5263,-0.321,-0.06,0,-0.733,0,0,NextDayOpen,"오버나잇: 등락 +3.2%, 범위 위치 19%",익일 시초 매도,3.22,-2.23,0.193,307.7,0.268,0.81,1,370,5,0,0,1.2,True
047040#2591-20260806151000,047040,대우건설,오버나잇,FullAuto,Paper,Backtest,2026-08-06 15:10:00,2026-08-06 15:10:00,2026-08-07 09:01:00,1071,98,16880,16860,16040,4.976,-5759,-0.348,-0.07,0,-0.415,0,-0.059,NextDayOpen,"오버나잇: 등락 +3.9%, 범위 위치 63%",익일 시초 매도,3.94,0.50,0.630,272.6,0.195,1.49,1,370,5,0,0,1.2,True
009150#2593-20260807151000,009150,삼성전기,오버나잇,FullAuto,Paper,Backtest,2026-08-07 15:10:00,2026-08-07 15:10:00,2026-08-10 09:01:00,3951,1,1285000,1314000,1221000,4.981,25983,2.022,0.41,2.335,-1.089,0,-0.076,NextDayOpen,"오버나잇: 등락 +4.6%, 범위 위치 71%",익일 시초 매도,4.65,1.01,0.708,327.4,0.261,1.72,1,370,5,0,0,1.2,True
010170#2596-20260807151000,010170,대한광통신,오버나잇,FullAuto,Paper,Backtest,2026-08-07 15:10:00,2026-08-07 15:10:00,2026-08-10 09:01:00,3951,143,11390,11740,10830,4.917,46198,2.836,0.58,3.161,-0.088,0,-0.085,NextDayOpen,"오버나잇: 등락 +2.9%, 범위 위치 33%",익일 시초 매도,2.89,-1.05,0.333,690.2,0.169,1.73,1,370,5,0,0,1.2,True
006400#2594-20260807151000,006400,삼성SDI,오버나잇,FullAuto,Paper,Backtest,2026-08-07 15:10:00,2026-08-07 15:10:00,2026-08-10 09:01:00,3951,3,458000,454000,435500,4.913,-15134,-1.101,-0.22,0.437,-0.873,0,0,NextDayOpen,"오버나잇: 등락 +4.8%, 범위 위치 67%",익일 시초 매도,4.81,0.96,0.672,466.8,0.250,1.24,1,370,5,0,0,1.2,True
066570#2595-20260807151000,066570,LG전자,오버나잇,FullAuto,Paper,Backtest,2026-08-07 15:10:00,2026-08-07 15:10:00,2026-08-10 09:01:00,3951,8,184500,184600,175300,4.986,-2595,-0.176,-0.04,0.217,-0.217,0,0,NextDayOpen,"오버나잇: 등락 +5.4%, 범위 위치 65%",익일 시초 매도,5.37,1.45,0.646,369.1,0.174,1.01,1,370,5,0,0,1.2,True
068270#2599-20260807151000,068270,셀트리온,오버나잇,FullAuto,Paper,Backtest,2026-08-07 15:10:00,2026-08-07 15:10:00,2026-08-10 09:01:00,3951,8,199000,197600,189100,4.975,-14836,-0.932,-0.19,0.101,-0.653,0,-0.051,NextDayOpen,"오버나잇: 등락 +2.2%, 범위 위치 98%",익일 시초 매도,2.16,0.84,0.983,677.9,0.093,0.85,1,370,5,0,0,1.2,True
096770#2597-20260807151000,096770,SK이노베이션,오버나잇,FullAuto,Paper,Backtest,2026-08-07 15:10:00,2026-08-07 15:10:00,2026-08-10 09:01:00,3951,13,119700,119100,113800,4.929,-11361,-0.730,-0.15,0.418,-0.501,0,0,NextDayOpen,"오버나잇: 등락 +10.3%, 범위 위치 98%",익일 시초 매도,10.32,4.18,0.981,388.2,0.340,0.85,1,370,5,0,0,1.2,True
066970#2600-20260807151000,066970,엘앤에프,오버나잇,FullAuto,Paper,Backtest,2026-08-07 15:10:00,2026-08-07 15:10:00,2026-08-10 09:01:00,3951,18,90200,90000,85700,4.989,-7326,-0.451,-0.09,0.222,-0.443,0,0,NextDayOpen,"오버나잇: 등락 +8.4%, 범위 위치 49%",익일 시초 매도,8.41,0.79,0.493,357.9,0.451,1.03,1,370,5,0,0,1.2,True
006360#2610-20260810091430,006360,GS건설,ORB,FullAuto,Paper,Backtest,2026-08-10 09:14:30,2026-08-10 09:14:30,2026-08-10 15:05:00,350.5,58,33950,34650,32950,2.946,35985,1.827,0.62,3.240,-2.356,0,0,ForceClose,"ORB5 고가 33,850 돌파 (범위 5.8%, 등락 +7.3%)",장마감 강제청산,7.27,2.06,1,337.9,1.718,2.69,1,14,3,10,0,1.2,False
006340#2609-20260810092915,006340,대원전선,ORB,FullAuto,Paper,Backtest,2026-08-10 09:29:15,2026-08-10 09:29:15,2026-08-10 15:05:00,335.8,137,14490,14600,14060,2.968,10473,0.528,0.18,1.863,-2.001,0,-0.068,ForceClose,"ORB5 고가 14,470 돌파 (범위 3.8%, 등락 +5.1%)",장마감 강제청산,5.08,1.95,1,200.1,0.562,6.39,1,29,3,10,0,1.2,False
240810#2604-20260810090525,240810,원익IPS,ORB,FullAuto,Paper,Backtest,2026-08-10 09:05:25,2026-08-10 09:05:25,2026-08-10 15:05:00,359.6,21,93400,98300,90600,2.998,98169,5.005,1.67,5.889,-0.964,0,0,ForceClose,"ORB5 고가 93,200 돌파 (범위 5.3%, 등락 +5.8%)",장마감 강제청산,5.78,1.75,1,155.4,1.963,1.28,1,5,3,10,0,1.2,False
196170#2611-20260810151000,196170,알테오젠,오버나잇,FullAuto,Paper,Backtest,2026-08-10 15:10:00,2026-08-10 15:10:00,2026-08-11 09:01:00,1071,4,347000,342500,330000,4.899,-21153,-1.524,-0.31,0.865,-1.153,0,-0.146,NextDayOpen,"오버나잇: 등락 +13.8%, 범위 위치 79%",익일 시초 매도,13.77,1.08,0.791,523.0,0.309,1.03,1,370,5,0,0,1.2,True
009830#2616-20260810151000,009830,한화솔루션,오버나잇,FullAuto,Paper,Backtest,2026-08-10 15:10:00,2026-08-10 15:10:00,2026-08-11 09:01:00,1071,46,35300,34200,33550,4.958,-54224,-3.339,-0.67,0.708,-3.116,0,0,NextDayOpen,"오버나잇: 등락 +4.1%, 범위 위치 75%",익일 시초 매도,4.13,0.97,0.745,422.8,0.304,0.44,1,370,5,0,0,1.2,True
006400#2614-20260810151000,006400,삼성SDI,오버나잇,FullAuto,Paper,Backtest,2026-08-10 15:10:00,2026-08-10 15:10:00,2026-08-11 09:01:00,1071,3,483000,475000,459000,4.969,-27280,-1.883,-0.38,0.104,-1.553,0,-0.105,NextDayOpen,"오버나잇: 등락 +6.2%, 범위 위치 96%",익일 시초 매도,6.15,3.32,0.965,469.6,0.229,1.05,1,370,5,0,0,1.2,True
080220#2613-20260810151000,080220,제주반도체,오버나잇,FullAuto,Paper,Backtest,2026-08-10 15:10:00,2026-08-10 15:10:00,2026-08-11 09:01:00,1071,18,87300,85900,83000,4.926,-28758,-1.830,-0.37,1.145,-1.489,0,-0.116,NextDayOpen,"오버나잇: 등락 +15.8%, 범위 위치 69%",익일 시초 매도,15.78,1.19,0.693,485.3,0.266,1.42,1,370,5,0,0,1.2,True
012450#2618-20260810151000,012450,한화에어로스페이스,오버나잇,FullAuto,Paper,Backtest,2026-08-10 15:10:00,2026-08-10 15:10:00,2026-08-11 09:01:00,1071,1,1155000,1173000,1098000,4.935,15306,1.325,0.27,1.558,-0.173,0,0,NextDayOpen,"오버나잇: 등락 +5.9%, 범위 위치 75%",익일 시초 매도,5.87,-0.07,0.754,1627.7,0.142,0.36,1,370,5,0,0,1.2,True
005380#2617-20260810151000,005380,현대차,오버나잇,FullAuto,Paper,Backtest,2026-08-10 15:10:00,2026-08-10 15:10:00,2026-08-11 09:01:00,1071,4,408000,406000,388000,4.902,-11735,-0.719,-0.15,0.245,-0.490,0,0,NextDayOpen,"오버나잇: 등락 +2.5%, 범위 위치 86%",익일 시초 매도,2.51,1.05,0.861,502.7,0.254,1.42,1,370,5,0,0,1.2,True
010170#2612-20260810151000,010170,대한광통신,오버나잇,FullAuto,Paper,Backtest,2026-08-10 15:10:00,2026-08-10 15:10:00,2026-08-11 09:01:00,1071,120,13620,13020,12940,4.993,-75603,-4.626,-0.93,3.084,-4.405,0,0,NextDayOpen,"오버나잇: 등락 +18.8%, 범위 위치 75%",익일 시초 매도,18.76,1.87,0.753,613.5,0.294,0.63,1,370,5,0,0,1.2,True
066570#2615-20260810151000,066570,LG전자,오버나잇,FullAuto,Paper,Backtest,2026-08-10 15:10:00,2026-08-10 15:10:00,2026-08-11 09:01:00,1071,8,190000,187700,180500,5.00,-21856,-1.438,-0.29,0,-1.211,0,0,NextDayOpen,"오버나잇: 등락 +2.2%, 범위 위치 93%",익일 시초 매도,2.21,1.31,0.928,519.6,0.139,1.09,1,370,5,0,0,1.2,True
002990#2623-20260811090530,002990,금호건설,ORB,FullAuto,Paper,Backtest,2026-08-11 09:05:30,2026-08-11 09:05:30,2026-08-11 09:10:27,5,322,9290,10240,9020,2.906,298364,9.974,3.43,10.334,-0.861,0,-0.098,TakeProfit,"ORB5 고가 9,260 돌파 (범위 3.6%, 등락 +5.1%) · A등급",목표 익절 +10%,5.09,1.82,1,200.0,2.045,1.66,1,6,3,10,0,1.2,False
439090#2624-20260811090630,439090,마녀공장,ORB,FullAuto,Paper,Backtest,2026-08-11 09:06:30,2026-08-11 09:06:30,2026-08-11 09:14:22,7.9,159,18760,18200,18200,2.985,-95708,-3.209,-1.07,0.107,-2.985,0,0,StopLoss,"ORB5 고가 18,740 돌파 (범위 3.0%, 등락 +7.6%) · A등급","손절 (18,200)",7.57,1.35,1,135.3,1.666,1.20,1,6,3,10,0,1.2,False
000660#2628-20260811151000,000660,SK하이닉스,오버나잇,FullAuto,Paper,Backtest,2026-08-11 15:10:00,2026-08-11 15:10:00,2026-08-12 09:01:00,1071,1,1435000,1456000,1364000,4.948,17655,1.230,0.25,1.463,-0.488,0,0,NextDayOpen,"오버나잇: 등락 +1.2%, 범위 위치 76%",익일 시초 매도,1.20,1.47,0.756,346.7,0.249,1.37,1,370,5,0,0,1.2,True
009150#2629-20260811151000,009150,삼성전기,오버나잇,FullAuto,Paper,Backtest,2026-08-11 15:10:00,2026-08-11 15:10:00,2026-08-12 09:01:00,1071,1,1277000,1287000,1214000,4.933,7042,0.551,0.11,0.861,-0.235,0,-0.078,NextDayOpen,"오버나잇: 등락 +0.1%, 범위 위치 80%",익일 시초 매도,0.08,2.34,0.802,509.0,0.213,1.10,1,370,5,0,0,1.2,True
402340#2630-20260811151000,402340,SK스퀘어,오버나잇,FullAuto,Paper,Backtest,2026-08-11 15:10:00,2026-08-11 15:10:00,2026-08-12 09:01:00,1071,1,953000,982000,906000,4.932,26747,2.807,0.57,3.043,-0.525,0,0,NextDayOpen,"오버나잇: 등락 +1.2%, 범위 위치 86%",익일 시초 매도,1.17,1.63,0.864,454.1,0.263,1.51,1,370,5,0,0,1.2,True
036930#2631-20260811151000,036930,주성엔지니어링,오버나잇,FullAuto,Paper,Backtest,2026-08-11 15:10:00,2026-08-11 15:10:00,2026-08-12 09:01:00,1071,10,161900,162500,153900,4.941,2265,0.140,0.03,0.494,-0.185,0,0,NextDayOpen,"오버나잇: 등락 +11.8%, 범위 위치 79%",익일 시초 매도,11.81,2.20,0.790,208.3,0.291,0.88,1,370,5,0,0,1.2,True
080220#2634-20260811151000,080220,제주반도체,오버나잇,FullAuto,Paper,Backtest,2026-08-11 15:10:00,2026-08-11 15:10:00,2026-08-12 09:01:00,1071,18,90100,90500,85600,4.994,3455,0.213,0.04,0.999,-0.111,0,0,NextDayOpen,"오버나잇: 등락 +2.7%, 범위 위치 47%",익일 시초 매도,2.74,-0.86,0.472,674.5,0.198,1.84,1,370,5,0,0,1.2,True
009830#2633-20260811151000,009830,한화솔루션,오버나잇,FullAuto,Paper,Backtest,2026-08-11 15:10:00,2026-08-11 15:10:00,2026-08-12 09:01:00,1071,45,36500,36050,34700,4.932,-23983,-1.460,-0.30,0.548,-1.233,0,0,NextDayOpen,"오버나잇: 등락 +3.5%, 범위 위치 67%",익일 시초 매도,3.55,0.23,0.673,427.4,0.303,0.93,1,370,5,0,0,1.2,True
073240#2635-20260811151000,073240,금호타이어,오버나잇,FullAuto,Paper,Backtest,2026-08-11 15:10:00,2026-08-11 15:10:00,2026-08-12 09:01:00,1071,221,7470,7270,7100,4.953,-47901,-2.902,-0.59,0.803,-2.677,0,0,NextDayOpen,"오버나잇: 등락 +1.4%, 범위 위치 75%",익일 시초 매도,1.36,1.56,0.75,300.2,0.416,0.86,1,370,5,0,0,1.2,True
058610#2632-20260811151000,058610,에스피지,오버나잇,FullAuto,Paper,Backtest,2026-08-11 15:10:00,2026-08-11 15:10:00,2026-08-12 09:01:00,1071,14,113700,113200,108100,4.925,-10644,-0.669,-0.14,0.352,-0.440,0,0,NextDayOpen,"오버나잇: 등락 +5.8%, 범위 위치 38%",익일 시초 매도,5.77,-1.75,0.381,321.8,0.252,0.87,1,370,5,0,0,1.2,True
066570#2639-20260812090520,066570,LG전자,ORB,FullAuto,Paper,Backtest,2026-08-12 09:05:20,2026-08-12 09:05:20,2026-08-12 10:40:30,95.2,15,189000,207500,183400,2.963,270384,9.537,3.22,10.053,0,0,-0.240,TakeProfit,"ORB5 고가 188,700 돌파 (범위 2.5%, 등락 +3.6%) · A등급",목표 익절 +10%,3.62,1.01,1,300.0,0.952,1.60,1,5,3,10,0,1.2,False
402340#2638-20260812090510,402340,SK스퀘어,ORB,FullAuto,Paper,Backtest,2026-08-12 09:05:10,2026-08-12 09:05:10,2026-08-12 15:05:00,359.8,3,998000,1031000,969000,2.906,91902,3.070,1.06,5.511,-1.603,0,-0.097,ForceClose,"ORB5 고가 997,000 돌파 (범위 3.6%, 등락 +4.8%) · A등급",장마감 강제청산,4.83,1.45,1,174.6,1.269,0.92,1,5,3,10,0,1.2,False
006340#2637-20260812090530,006340,대원전선,ORB,FullAuto,Paper,Backtest,2026-08-12 09:05:30,2026-08-12 09:05:30,2026-08-12 15:05:00,359.5,193,15490,16000,15030,2.970,91343,3.055,1.03,3.809,-2.260,0,-0.062,ForceClose,"ORB5 고가 15,480 돌파 (범위 3.1%, 등락 +6.7%) · A등급",장마감 강제청산,6.68,1.73,1,380.6,1.420,1.50,1,6,3,10,0,1.2,False
000660#2644-20260812151000,000660,SK하이닉스,오버나잇,FullAuto,Paper,Backtest,2026-08-12 15:10:00,2026-08-12 15:10:00,2026-08-13 09:01:00,1071,1,1511000,1581000,1436000,4.964,66375,4.393,0.88,4.699,-0.728,0,-0.063,NextDayOpen,"오버나잇: 등락 +5.4%, 범위 위치 64%",익일 시초 매도,5.37,1.16,0.642,389.2,0.218,1.23,1,370,5,0,0,1.2,True
009150#2645-20260812151000,009150,삼성전기,오버나잇,FullAuto,Paper,Backtest,2026-08-12 15:10:00,2026-08-12 15:10:00,2026-08-13 09:01:00,1071,1,1338000,1431000,1272000,4.933,89724,6.706,1.36,7.025,-0.374,0,-0.070,NextDayOpen,"오버나잇: 등락 +4.7%, 범위 위치 83%",익일 시초 매도,4.70,1.41,0.827,432.2,0.214,1.46,1,370,5,0,0,1.2,True
402340#2646-20260812151000,402340,SK스퀘어,오버나잇,FullAuto,Paper,Backtest,2026-08-12 15:10:00,2026-08-12 15:10:00,2026-08-13 09:01:00,1071,1,1037000,1100000,986000,4.918,60480,5.832,1.19,6.172,-1.157,0,-0.091,NextDayOpen,"오버나잇: 등락 +8.8%, 범위 위치 81%",익일 시초 매도,8.82,1.85,0.813,317.3,0.234,1.80,1,370,5,0,0,1.2,True
036930#2648-20260812151000,036930,주성엔지니어링,오버나잇,FullAuto,Paper,Backtest,2026-08-12 15:10:00,2026-08-12 15:10:00,2026-08-13 09:01:00,1071,9,174100,179600,165400,4.997,45791,2.922,0.58,3.159,-0.632,0,0,NextDayOpen,"오버나잇: 등락 +7.1%, 범위 위치 70%",익일 시초 매도,7.14,1.61,0.699,248.3,0.168,0.83,1,370,5,0,0,1.2,True
161890#2647-20260812151000,161890,한국콜마,오버나잇,FullAuto,Paper,Backtest,2026-08-12 15:10:00,2026-08-12 15:10:00,2026-08-13 09:01:00,1071,12,132700,132900,126100,4.974,-1266,-0.080,-0.02,0.226,-0.452,0,-0.075,NextDayOpen,"오버나잇: 등락 +16.3%, 범위 위치 77%",익일 시초 매도,16.32,1.31,0.771,253.2,0.372,0.88,1,370,5,0,0,1.2,True
006400#2651-20260812151000,006400,삼성SDI,오버나잇,FullAuto,Paper,Backtest,2026-08-12 15:10:00,2026-08-12 15:10:00,2026-08-13 09:01:00,1071,3,487500,486500,463500,4.923,-6356,-0.435,-0.09,0.103,-0.615,0,0,NextDayOpen,"오버나잇: 등락 +5.1%, 범위 위치 76%",익일 시초 매도,5.06,0.90,0.757,492.5,0.190,1.93,1,370,5,0,0,1.2,True
257720#2650-20260812151000,257720,실리콘투,오버나잇,FullAuto,Paper,Backtest,2026-08-12 15:10:00,2026-08-12 15:10:00,2026-08-13 09:01:00,1071,36,45050,44300,42800,4.994,-30671,-1.891,-0.38,0.333,-1.665,0,0,NextDayOpen,"오버나잇: 등락 +10.1%, 범위 위치 58%",익일 시초 매도,10.15,-1.18,0.579,239.2,0.317,0.83,1,370,5,0,0,1.2,True
006340#2649-20260812151000,006340,대원전선,오버나잇,FullAuto,Paper,Backtest,2026-08-12 15:10:00,2026-08-12 15:10:00,2026-08-13 09:01:00,1071,103,15975,15410,15180,4.977,-61853,-3.759,-0.76,0.282,-3.474,0,-0.065,NextDayOpen,"오버나잇: 등락 +10.0%, 범위 위치 89%",익일 시초 매도,9.95,2.08,0.892,237.0,0.286,0.61,2,370,5,0,0,1.2,True
001820#2654-20260813090520,001820,삼화콘덴서,ORB,FullAuto,Paper,Backtest,2026-08-13 09:05:20,2026-08-13 09:05:20,2026-08-13 09:31:27,26.1,20,96300,106200,93500,2.908,193146,10.028,3.45,10.384,-2.596,0,-0.094,TakeProfit,"ORB5 고가 96,200 돌파 (범위 5.1%, 등락 +9.4%)",목표 익절 +10%,9.43,2.06,1,210.2,1.973,1.95,1,5,3,10,0,1.2,False
073240#2653-20260813090520,073240,금호타이어,ORB,FullAuto,Paper,Backtest,2026-08-13 09:05:20,2026-08-13 09:05:20,2026-08-13 15:05:00,359.7,256,7800,8100,7570,2.949,72043,3.608,1.22,7.564,-1.923,0,-0.123,ForceClose,"ORB5 고가 7,790 돌파 (범위 5.6%, 등락 +5.8%)",장마감 강제청산,5.83,2.12,1,306.8,2.051,1.94,1,5,3,10,0,1.2,False
000660#2661-20260813151000,000660,SK하이닉스,오버나잇,FullAuto,Paper,Backtest,2026-08-13 15:10:00,2026-08-13 15:10:00,2026-08-14 09:01:00,1071,1,1591000,1695000,1512000,4.965,100118,6.293,1.27,6.537,-0.314,0,0,NextDayOpen,"오버나잇: 등락 +4.6%, 범위 위치 36%",익일 시초 매도,4.60,-1.13,0.358,230.2,0.267,0.67,1,370,5,0,0,1.2,True
009150#2662-20260813151000,009150,삼성전기,오버나잇,FullAuto,Paper,Backtest,2026-08-13 15:10:00,2026-08-13 15:10:00,2026-08-14 09:01:00,1071,1,1505000,1593000,1430000,4.983,84351,5.605,1.12,5.847,-0.532,0,0,NextDayOpen,"오버나잇: 등락 +11.6%, 범위 위치 68%",익일 시초 매도,11.65,0.11,0.684,207.5,0.441,0.75,1,370,5,0,0,1.2,True
402340#2663-20260813151000,402340,SK스퀘어,오버나잇,FullAuto,Paper,Backtest,2026-08-13 15:10:00,2026-08-13 15:10:00,2026-08-14 09:01:00,1071,1,1111500,1182000,1056000,4.993,67793,6.099,1.22,6.343,-0.495,0,0,NextDayOpen,"오버나잇: 등락 +5.9%, 범위 위치 43%",익일 시초 매도,5.86,-0.62,0.434,226.7,0.414,0.68,2,370,5,0,0,1.2,True
005380#2665-20260813151000,005380,현대차,오버나잇,FullAuto,Paper,Backtest,2026-08-13 15:10:00,2026-08-13 15:10:00,2026-08-14 09:01:00,1071,4,416000,423500,395500,4.928,26109,1.569,0.32,1.923,-0.120,0,-0.118,NextDayOpen,"오버나잇: 등락 +1.0%, 범위 위치 6%",익일 시초 매도,0.97,-1.46,0.061,366.6,0.266,0.69,1,370,5,0,0,1.2,True
017670#2668-20260813151000,017670,SK텔레콤,오버나잇,FullAuto,Paper,Backtest,2026-08-13 15:10:00,2026-08-13 15:10:00,2026-08-14 09:01:00,1071,18,91500,92300,87000,4.918,10582,0.643,0.13,0.984,0,0,-0.108,NextDayOpen,"오버나잇: 등락 +4.0%, 범위 위치 25%",익일 시초 매도,3.98,-1.28,0.254,367.9,0.328,1.13,1,370,5,0,0,1.2,True
073240#2667-20260813151000,073240,금호타이어,오버나잇,FullAuto,Paper,Backtest,2026-08-13 15:10:00,2026-08-13 15:10:00,2026-08-14 09:01:00,1071,203,8260,8200,7850,4.964,-16009,-0.955,-0.19,1.332,-0.605,0,-0.122,NextDayOpen,"오버나잇: 등락 +12.1%, 범위 위치 87%",익일 시초 매도,12.08,3.74,0.871,258.8,0.770,1.17,1,370,5,0,0,1.2,True
036930#2666-20260813151000,036930,주성엔지니어링,오버나잇,FullAuto,Paper,Backtest,2026-08-13 15:10:00,2026-08-13 15:10:00,2026-08-14 09:01:00,1071,9,177400,184800,168600,4.961,62786,3.932,0.79,4.171,-0.507,0,0,NextDayOpen,"오버나잇: 등락 +2.0%, 범위 위치 35%",익일 시초 매도,1.95,-0.94,0.352,312.7,0.238,1.83,1,370,5,0,0,1.2,True
001820#2664-20260813151000,001820,삼화콘덴서,오버나잇,FullAuto,Paper,Backtest,2026-08-13 15:10:00,2026-08-13 15:10:00,2026-08-14 09:01:00,1071,16,102800,107900,97700,4.961,77644,4.721,0.95,4.961,-0.097,0,0,NextDayOpen,"오버나잇: 등락 +16.8%, 범위 위치 59%",익일 시초 매도,16.82,-1.03,0.585,241.4,0.340,0.80,1,370,5,0,0,1.2,True
036930#2676-20260814090525,036930,주성엔지니어링,ORB,FullAuto,Paper,Backtest,2026-08-14 09:05:25,2026-08-14 09:05:25,2026-08-14 09:23:27,18,15,186500,180800,181000,2.949,-91749,-3.280,-1.11,0.804,-3.056,0,-0.110,StopLoss,"ORB5 고가 186,400 돌파 (범위 2.9%, 등락 +4.0%) · A등급","손절 (181,000)",4.02,1.27,1,142.5,1.626,1.93,1,5,3,10,0,1.2,False
257720#2671-20260814090725,257720,실리콘투,ORB,FullAuto,Paper,Backtest,2026-08-14 09:07:25,2026-08-14 09:07:25,2026-08-14 15:05:00,357.6,69,43150,42600,41900,2.897,-44714,-1.502,-0.52,4.287,-1.738,0,-0.117,ForceClose,"ORB5 고가 43,100 돌파 (범위 3.7%, 등락 +6.0%) · A등급",장마감 강제청산,6.02,1.30,1,314.0,1.182,1.58,1,7,3,10,0,1.2,False
000660#2680-20260814151000,000660,SK하이닉스,오버나잇,FullAuto,Paper,Backtest,2026-08-14 15:10:00,2026-08-14 15:10:00,2026-08-18 09:01:00,5391,1,1643000,1735000,1561000,4.991,88024,5.358,1.07,5.660,-0.122,0,-0.058,NextDayOpen,"오버나잇: 등락 +4.5%, 범위 위치 24%",익일 시초 매도,4.52,-0.91,0.239,356.5,0.170,1.43,1,370,5,0,0,1.2,True
009150#2681-20260814151000,009150,삼성전기,오버나잇,FullAuto,Paper,Backtest,2026-08-14 15:10:00,2026-08-14 15:10:00,2026-08-18 09:01:00,5391,1,1566000,1573000,1488000,4.981,3385,0.216,0.04,0.511,-0.639,0,-0.064,NextDayOpen,"오버나잇: 등락 +4.9%, 범위 위치 52%",익일 시초 매도,4.89,0.82,0.519,583.6,0.182,0.86,1,370,5,0,0,1.2,True
402340#2682-20260814151000,402340,SK스퀘어,오버나잇,FullAuto,Paper,Backtest,2026-08-14 15:10:00,2026-08-14 15:10:00,2026-08-18 09:01:00,5391,1,1150000,1200000,1093000,4.957,47248,4.109,0.83,4.348,-0.174,0,0,NextDayOpen,"오버나잇: 등락 +5.0%, 범위 위치 36%",익일 시초 매도,5.02,-0.14,0.364,890.4,0.137,0.66,1,370,5,0,0,1.2,True
005380#2683-20260814151000,005380,현대차,오버나잇,FullAuto,Paper,Backtest,2026-08-14 15:10:00,2026-08-14 15:10:00,2026-08-18 09:01:00,5391,3,454000,459500,431500,4.956,13333,0.979,0.20,1.211,-0.330,0,0,NextDayOpen,"오버나잇: 등락 +8.9%, 범위 위치 94%",익일 시초 매도,8.87,1.74,0.942,597.4,0.149,0.70,1,370,5,0,0,1.2,True
034020#2687-20260814151000,034020,두산에너빌리티,오버나잇,FullAuto,Paper,Backtest,2026-08-14 15:10:00,2026-08-14 15:10:00,2026-08-18 09:01:00,5391,20,82150,82200,78000,5.052,-2780,-0.169,-0.03,0.304,-0.061,0,-0.122,NextDayOpen,"오버나잇: 등락 +0.3%, 범위 위치 24%",익일 시초 매도,0.31,-0.34,0.245,1078.4,0.139,1.02,2,370,5,0,0,1.2,True
017670#2684-20260814151000,017670,SK텔레콤,오버나잇,FullAuto,Paper,Backtest,2026-08-14 15:10:00,2026-08-14 15:10:00,2026-08-18 09:01:00,5391,17,100600,102400,95600,4.970,26602,1.555,0.31,1.889,-0.596,0,-0.098,NextDayOpen,"오버나잇: 등락 +9.2%, 범위 위치 97%",익일 시초 매도,9.24,1.90,0.966,332.1,0.323,0.91,1,370,5,0,0,1.2,True
042660#2685-20260814151000,042660,한화오션,오버나잇,FullAuto,Paper,Backtest,2026-08-14 15:10:00,2026-08-14 15:10:00,2026-08-18 09:01:00,5391,18,95300,94900,90600,4.932,-11129,-0.649,-0.13,0.315,-0.420,0,0,NextDayOpen,"오버나잇: 등락 +5.5%, 범위 위치 30%",익일 시초 매도,5.54,-0.34,0.3,495.0,0.150,0.69,1,370,5,0,0,1.2,True
058610#2686-20260814151000,058610,에스피지,오버나잇,FullAuto,Paper,Backtest,2026-08-14 15:10:00,2026-08-14 15:10:00,2026-08-18 09:01:00,5391,14,118900,122000,113000,4.962,39479,2.372,0.48,2.607,-0.421,0,0,NextDayOpen,"오버나잇: 등락 +6.4%, 범위 위치 57%",익일 시초 매도,6.36,-0.43,0.573,469.5,0.253,0.61,1,370,5,0,0,1.2,True
036930#2696-20260818090927,036930,주성엔지니어링,ORB,FullAuto,Paper,Backtest,2026-08-18 09:09:27,2026-08-18 09:09:27,2026-08-18 11:46:30,157,10,187000,181300,181400,2.995,-61177,-3.271,-1.09,4.920,-3.048,0,-0.055,StopLoss,"ORB5 고가 186,900 돌파 (범위 4.4%, 등락 +5.2%)","손절 (181,400)",5.17,2.05,1,581.4,1.207,2.99,1,9,3,10,0,1.2,False
403870#2690-20260818090527,403870,HPSP,ORB,FullAuto,Paper,Backtest,2026-08-18 09:05:27,2026-08-18 09:05:27,2026-08-18 15:05:00,359.5,70,42300,42275,41050,2.955,-8555,-0.289,-0.10,7.683,-1.064,0,-0.118,ForceClose,"ORB5 고가 42,200 돌파 (범위 3.6%, 등락 +4.7%) · A등급",장마감 강제청산,4.70,1.33,1,325.8,1.694,1.73,1,5,3,10,0,1.2,False
257720#2703-20260818151000,257720,실리콘투,오버나잇,FullAuto,Paper,Backtest,2026-08-18 15:10:00,2026-08-18 15:10:00,2026-08-19 09:01:00,1071,39,44400,45200,42200,4.955,27152,1.568,0.32,1.802,-0.225,0,0,NextDayOpen,"오버나잇: 등락 +3.9%, 범위 위치 55%",익일 시초 매도,3.86,-0.02,0.552,167.6,0.708,0.45,1,370,5,0,0,1.2,True
403870#2699-20260818151000,403870,HPSP,오버나잇,FullAuto,Paper,Backtest,2026-08-18 15:10:00,2026-08-18 15:10:00,2026-08-19 09:01:00,1071,40,42450,40450,40350,4.947,-83732,-4.931,-1.00,0.942,-4.594,0,-0.123,NextDayOpen,"오버나잇: 등락 +5.1%, 범위 위치 35%",익일 시초 매도,5.07,-3.25,0.354,266.9,0.513,1.03,1,370,5,0,0,1.2,True
007660#2702-20260818151000,007660,이수페타시스,오버나잇,FullAuto,Paper,Backtest,2026-08-18 15:10:00,2026-08-18 15:10:00,2026-08-19 09:01:00,1071,16,102200,99900,97100,4.990,-40480,-2.476,-0.50,0.978,-2.250,0,0,NextDayOpen,"오버나잇: 등락 +7.0%, 범위 위치 54%",익일 시초 매도,7.02,-1.21,0.540,217.7,0.461,0.86,1,370,5,0,0,1.2,True
222800#2701-20260818151000,222800,심텍,오버나잇,FullAuto,Paper,Backtest,2026-08-18 15:10:00,2026-08-18 15:10:00,2026-08-19 09:01:00,1071,15,110800,103900,105300,4.964,-107099,-6.444,-1.30,0.722,-6.227,0,0,NextDayOpen,"오버나잇: 등락 +2.1%, 범위 위치 45%",익일 시초 매도,2.12,-1.06,0.452,192.2,0.593,1.06,1,370,5,0,0,1.2,True
067310#2700-20260818151000,067310,하나마이크론,오버나잇,FullAuto,Paper,Backtest,2026-08-18 15:10:00,2026-08-18 15:10:00,2026-08-19 09:01:00,1071,44,39050,37450,37100,4.994,-74199,-4.318,-0.86,1.152,-4.097,0,0,NextDayOpen,"오버나잇: 등락 +6.7%, 범위 위치 4%",익일 시초 매도,6.69,-5.62,0.044,234.5,0.512,2.77,1,370,5,0,0,1.2,True
096770#2706-20260818151000,096770,SK이노베이션,오버나잇,FullAuto,Paper,Backtest,2026-08-18 15:10:00,2026-08-18 15:10:00,2026-08-19 09:01:00,1071,13,130400,129700,123900,4.985,-12978,-0.766,-0.15,1.227,-0.537,0,0,NextDayOpen,"오버나잇: 등락 +1.3%, 범위 위치 49%",익일 시초 매도,1.32,-1.14,0.493,289.2,0.257,0.93,1,370,5,0,0,1.2,True
093370#2704-20260818151000,093370,후성,오버나잇,FullAuto,Paper,Backtest,2026-08-18 15:10:00,2026-08-18 15:10:00,2026-08-19 09:01:00,1071,135,12820,11990,12180,4.992,-115788,-6.690,-1.34,2.028,-6.396,0,-0.083,NextDayOpen,"오버나잇: 등락 +3.4%, 범위 위치 18%",익일 시초 매도,3.39,-6.79,0.176,253.1,0.357,2.10,1,370,5,0,0,1.2,True
012450#2707-20260819151000,012450,한화에어로스페이스,오버나잇,FullAuto,Paper,Backtest,2026-08-19 15:10:00,2026-08-19 15:10:00,2026-08-20 09:01:00,1071,1,1183000,1190000,1124000,4.987,4265,0.361,0.07,0.592,-1.099,0,0,NextDayOpen,"오버나잇: 등락 +4.1%, 범위 위치 23%",익일 시초 매도,4.14,-1.17,0.232,320.2,0.326,0.86,1,370,5,0,0,1.2,True
006400#2710-20260819151000,006400,삼성SDI,오버나잇,FullAuto,Paper,Backtest,2026-08-19 15:10:00,2026-08-19 15:10:00,2026-08-20 09:01:00,1071,3,485500,492500,461500,4.943,17606,1.209,0.24,1.545,-0.824,0,-0.101,NextDayOpen,"오버나잇: 등락 +1.1%, 범위 위치 54%",익일 시초 매도,1.15,-0.74,0.543,312.5,0.265,1.47,1,370,5,0,0,1.2,True
403870#2709-20260819151000,403870,HPSP,오버나잇,FullAuto,Paper,Backtest,2026-08-19 15:10:00,2026-08-19 15:10:00,2026-08-20 09:01:00,1071,38,45900,45950,43650,4.902,-2114,-0.121,-0.02,0.109,-0.545,0,0,NextDayOpen,"오버나잇: 등락 +7.6%, 범위 위치 86%",익일 시초 매도,7.62,2.30,0.859,311.0,0.358,1.03,1,370,5,0,0,1.2,True
222800#2712-20260819151000,222800,심텍,오버나잇,FullAuto,Paper,Backtest,2026-08-19 15:10:00,2026-08-19 15:10:00,2026-08-20 09:01:00,1071,15,110500,113100,105000,4.977,35105,2.118,0.43,2.353,-0.814,0,0,NextDayOpen,"오버나잇: 등락 +1.0%, 범위 위치 51%",익일 시초 매도,1.01,-1.98,0.512,224.5,0.368,0.54,1,370,5,0,0,1.2,True
007660#2711-20260819151000,007660,이수페타시스,오버나잇,FullAuto,Paper,Backtest,2026-08-19 15:10:00,2026-08-19 15:10:00,2026-08-20 09:01:00,1071,16,104000,104500,98800,5.00,4157,0.250,0.05,0.481,-0.288,0,0,NextDayOpen,"오버나잇: 등락 +3.0%, 범위 위치 48%",익일 시초 매도,2.97,-2.46,0.481,194.1,0.344,0.92,1,370,5,0,0,1.2,True
257720#2708-20260819151000,257720,실리콘투,오버나잇,FullAuto,Paper,Backtest,2026-08-19 15:10:00,2026-08-19 15:10:00,2026-08-20 09:01:00,1071,38,45500,44700,43250,4.945,-34310,-1.984,-0.40,0,-1.758,0,0,NextDayOpen,"오버나잇: 등락 +0.4%, 범위 위치 34%",익일 시초 매도,0.44,-2.29,0.340,269.2,0.354,0.98,1,370,5,0,0,1.2,True
000720#2713-20260819151000,000720,현대건설,오버나잇,FullAuto,Paper,Backtest,2026-08-19 15:10:00,2026-08-19 15:10:00,2026-08-20 09:01:00,1071,15,116500,115200,110700,4.979,-23477,-1.343,-0.27,0,-1.116,0,0,NextDayOpen,"오버나잇: 등락 +7.7%, 범위 위치 85%",익일 시초 매도,7.68,1.51,0.849,252.2,0.399,1.31,1,370,5,0,0,1.2,True
125490#2714-20260819151000,125490,한라캐스트,오버나잇,FullAuto,Paper,Backtest,2026-08-19 15:10:00,2026-08-19 15:10:00,2026-08-20 09:01:00,1071,145,12080,12040,11480,4.967,-9814,-0.560,-0.11,0.828,-0.579,0,0,NextDayOpen,"오버나잇: 등락 +1.8%, 범위 위치 27%",익일 시초 매도,1.77,-4.75,0.271,218.7,0.550,0.47,1,370,5,0,0,1.2,True
036930#2720-20260820090722,036930,주성엔지니어링,ORB,FullAuto,Paper,Backtest,2026-08-20 09:07:22,2026-08-20 09:07:22,2026-08-20 09:13:30,6.1,16,178100,172700,172800,2.976,-92767,-3.255,-1.09,0.449,-3.032,0,-0.058,StopLoss,"ORB5 고가 177,900 돌파 (범위 2.5%, 등락 +3.8%) · A등급","손절 (172,800)",3.79,1.10,1,507.8,1.258,1.23,1,7,3,10,0,1.2,False
000660#2723-20260820151000,000660,SK하이닉스,오버나잇,FullAuto,Paper,Backtest,2026-08-20 15:10:00,2026-08-20 15:10:00,2026-08-21 09:01:00,1071,1,1696000,1675000,1612000,4.953,-24855,-1.466,-0.30,0.649,-1.238,0,0,NextDayOpen,"오버나잇: 등락 +4.4%, 범위 위치 83%",익일 시초 매도,4.43,1.70,0.828,254.7,0.352,0.80,1,370,5,0,0,1.2,True
402340#2724-20260820151000,402340,SK스퀘어,오버나잇,FullAuto,Paper,Backtest,2026-08-20 15:10:00,2026-08-20 15:10:00,2026-08-21 09:01:00,1071,1,1123000,1096000,1067000,4.987,-29524,-2.629,-0.53,0.356,-2.404,0,0,NextDayOpen,"오버나잇: 등락 +1.9%, 범위 위치 91%",익일 시초 매도,1.91,3.23,0.912,366.5,0.357,1.45,1,370,5,0,0,1.2,True
028260#2728-20260820151000,028260,삼성물산,오버나잇,FullAuto,Paper,Backtest,2026-08-20 15:10:00,2026-08-20 15:10:00,2026-08-21 09:01:00,1071,4,375000,370000,356500,4.933,-23407,-1.560,-0.32,0.400,-1.333,0,0,NextDayOpen,"오버나잇: 등락 +5.6%, 범위 위치 91%",익일 시초 매도,5.63,1.72,0.914,389.9,0.343,0.86,1,370,5,0,0,1.2,True
403870#2727-20260820151000,403870,HPSP,오버나잇,FullAuto,Paper,Backtest,2026-08-20 15:10:00,2026-08-20 15:10:00,2026-08-21 09:01:00,1071,35,48150,47550,45750,4.984,-24829,-1.473,-0.30,0.104,-1.246,0,0,NextDayOpen,"오버나잇: 등락 +5.4%, 범위 위치 72%",익일 시초 매도,5.36,0.29,0.716,246.7,0.215,0.73,1,370,5,0,0,1.2,True
278470#2730-20260820151000,278470,에이피알,오버나잇,FullAuto,Paper,Backtest,2026-08-20 15:10:00,2026-08-20 15:10:00,2026-08-21 09:01:00,1071,4,385000,381500,366000,4.935,-17511,-1.137,-0.23,0.779,-0.909,0,0,NextDayOpen,"오버나잇: 등락 +1.2%, 범위 위치 95%",익일 시초 매도,1.18,2.67,0.946,646.6,0.269,0.50,1,370,5,0,0,1.2,True
003230#2729-20260820151000,003230,삼양식품,오버나잇,FullAuto,Paper,Backtest,2026-08-20 15:10:00,2026-08-20 15:10:00,2026-08-21 09:01:00,1071,1,1395000,1392000,1326000,4.946,-6201,-0.445,-0.09,0.287,-0.143,0,-0.072,NextDayOpen,"오버나잇: 등락 +7.7%, 범위 위치 86%",익일 시초 매도,7.72,0.53,0.861,432.2,0.159,0.33,1,370,5,0,0,1.2,True
196170#2725-20260820151000,196170,알테오젠,오버나잇,FullAuto,Paper,Backtest,2026-08-20 15:10:00,2026-08-20 15:10:00,2026-08-21 09:01:00,1071,5,340500,325000,323500,4.993,-81248,-4.772,-0.96,0,-4.552,0,0,NextDayOpen,"오버나잇: 등락 +11.3%, 범위 위치 82%",익일 시초 매도,11.29,1.49,0.818,1126.0,0.242,1.78,1,370,5,0,0,1.2,True
017670#2732-20260821151000,017670,SK텔레콤,오버나잇,FullAuto,Paper,Backtest,2026-08-21 15:10:00,2026-08-21 15:10:00,2026-08-24 09:01:00,3951,16,102300,105500,97200,4.985,47326,2.891,0.58,3.128,-0.293,0,0,NextDayOpen,"오버나잇: 등락 +6.2%, 범위 위치 83%",익일 시초 매도,6.23,2.04,0.833,378.6,0.300,0.92,1,370,5,0,0,1.2,True
028260#2733-20260821151000,028260,삼성물산,오버나잇,FullAuto,Paper,Backtest,2026-08-21 15:10:00,2026-08-21 15:10:00,2026-08-24 09:01:00,3951,4,396500,383000,377000,4.918,-57530,-3.627,-0.74,0,-3.405,0,0,NextDayOpen,"오버나잇: 등락 +5.7%, 범위 위치 88%",익일 시초 매도,5.74,2.40,0.879,483.8,0.271,1.13,1,370,5,0,0,1.2,True
278470#2737-20260821151000,278470,에이피알,오버나잇,FullAuto,Paper,Backtest,2026-08-21 15:10:00,2026-08-21 15:10:00,2026-08-24 09:01:00,3951,4,385500,386000,366500,4.929,-1550,-0.101,-0.02,0.259,-0.519,0,-0.129,NextDayOpen,"오버나잇: 등락 +0.8%, 범위 위치 83%",익일 시초 매도,0.78,1.64,0.825,525.2,0.195,1.29,1,370,5,0,0,1.2,True
257720#2735-20260821151000,257720,실리콘투,오버나잇,FullAuto,Paper,Backtest,2026-08-21 15:10:00,2026-08-21 15:10:00,2026-08-24 09:01:00,3951,35,47950,47000,45600,4.901,-37037,-2.207,-0.45,0,-1.981,0,0,NextDayOpen,"오버나잇: 등락 +4.2%, 범위 위치 95%",익일 시초 매도,4.24,1.76,0.953,618.5,0.186,0.93,1,370,5,0,0,1.2,True
105560#2734-20260821151000,105560,KB금융,오버나잇,FullAuto,Paper,Backtest,2026-08-21 15:10:00,2026-08-21 15:10:00,2026-08-24 09:01:00,3951,10,164200,162500,156000,4.994,-20739,-1.263,-0.25,0.122,-1.035,0,0,NextDayOpen,"오버나잇: 등락 +2.4%, 범위 위치 92%",익일 시초 매도,2.43,1.04,0.922,1054.2,0.104,1.33,1,370,5,0,0,1.2,True
055550#2736-20260821151000,055550,신한지주,오버나잇,FullAuto,Paper,Backtest,2026-08-21 15:10:00,2026-08-21 15:10:00,2026-08-24 09:01:00,3951,16,104100,104100,98900,4.995,-3829,-0.230,-0.05,0.288,-0.384,0,0,NextDayOpen,"오버나잇: 등락 +3.4%, 범위 위치 86%",익일 시초 매도,3.38,0.72,0.857,559.6,0.192,0.67,1,370,5,0,0,1.2,True
086790#2738-20260821151000,086790,하나금융지주,오버나잇,FullAuto,Paper,Backtest,2026-08-21 15:10:00,2026-08-21 15:10:00,2026-08-24 09:01:00,3951,13,129500,129400,123100,4.942,-5168,-0.307,-0.06,0.077,-0.541,0,0,NextDayOpen,"오버나잇: 등락 +4.5%, 범위 위치 96%",익일 시초 매도,4.52,1.40,0.956,1000.3,0.165,1.17,1,370,5,0,0,1.2,True
278470#2740-20260824151000,278470,에이피알,오버나잇,FullAuto,Paper,Backtest,2026-08-24 15:10:00,2026-08-24 15:10:00,2026-08-25 09:01:00,1071,4,408750,407500,388500,4.954,-8749,-0.535,-0.11,0.183,-0.183,0,-0.123,NextDayOpen,"오버나잇: 등락 +6.9%, 범위 위치 80%",익일 시초 매도,6.86,0.59,0.798,641.2,0.280,0.86,2,370,5,0,0,1.2,True
066570#2742-20260824151000,066570,LG전자,오버나잇,FullAuto,Paper,Backtest,2026-08-24 15:10:00,2026-08-24 15:10:00,2026-08-25 09:01:00,1071,8,199000,196000,189100,4.975,-27609,-1.734,-0.35,0.402,-1.508,0,0,NextDayOpen,"오버나잇: 등락 +2.8%, 범위 위치 59%",익일 시초 매도,2.79,0.27,0.592,728.1,0.075,1.04,1,370,5,0,0,1.2,True
124500#2739-20260824151000,124500,아이티센글로벌,오버나잇,FullAuto,Paper,Backtest,2026-08-24 15:10:00,2026-08-24 15:10:00,2026-08-25 09:01:00,1071,44,37700,39200,35850,4.907,62045,3.740,0.76,4.111,-0.133,0,-0.127,NextDayOpen,"오버나잇: 등락 +12.9%, 범위 위치 48%",익일 시초 매도,12.87,-2.10,0.476,252.7,0.597,1.10,1,370,5,0,0,1.2,True
010120#2745-20260824151000,010120,LS ELECTRIC,오버나잇,FullAuto,Paper,Backtest,2026-08-24 15:10:00,2026-08-24 15:10:00,2026-08-25 09:01:00,1071,8,191250,188900,181700,4.993,-22277,-1.456,-0.29,0.549,-1.229,0,0,NextDayOpen,"오버나잇: 등락 +1.7%, 범위 위치 76%",익일 시초 매도,1.67,1.11,0.765,538.9,0.116,0.59,2,370,5,0,0,1.2,True
066970#2741-20260824151000,066970,엘앤에프,오버나잇,FullAuto,Paper,Backtest,2026-08-24 15:10:00,2026-08-24 15:10:00,2026-08-25 09:01:00,1071,13,121850,119900,115800,4.965,-28937,-1.827,-0.37,0.369,-1.518,0,-0.083,NextDayOpen,"오버나잇: 등락 +15.0%, 범위 위치 82%",익일 시초 매도,14.97,0.99,0.816,366.5,0.299,0.96,2,370,5,0,0,1.2,True
086520#2743-20260824151000,086520,에코프로,오버나잇,FullAuto,Paper,Backtest,2026-08-24 15:10:00,2026-08-24 15:10:00,2026-08-25 09:01:00,1071,19,87800,85400,83500,4.897,-49338,-2.958,-0.60,0.342,-2.620,0,-0.117,NextDayOpen,"오버나잇: 등락 +6.6%, 범위 위치 82%",익일 시초 매도,6.55,1.10,0.823,491.3,0.334,0.90,1,370,5,0,0,1.2,True
373220#2744-20260824151000,373220,LG에너지솔루션,오버나잇,FullAuto,Paper,Backtest,2026-08-24 15:10:00,2026-08-24 15:10:00,2026-08-25 09:01:00,1071,4,362000,359500,344000,4.972,-13308,-0.919,-0.18,0.276,-0.552,0,-0.139,NextDayOpen,"오버나잇: 등락 +4.5%, 범위 위치 92%",익일 시초 매도,4.47,1.10,0.921,1035.7,0.247,0.86,1,370,5,0,0,1.2,True
003670#2746-20260824151000,003670,포스코퓨처엠,오버나잇,FullAuto,Paper,Backtest,2026-08-24 15:10:00,2026-08-24 15:10:00,2026-08-25 09:01:00,1071,9,171000,168400,162500,4.971,-26888,-1.747,-0.35,0.351,-1.520,0,0,NextDayOpen,"오버나잇: 등락 +10.4%, 범위 위치 83%",익일 시초 매도,10.39,0.92,0.828,518.3,0.236,0.73,1,370,5,0,0,1.2,True
000660#2751-20260825151000,000660,SK하이닉스,오버나잇,FullAuto,Paper,Backtest,2026-08-25 15:10:00,2026-08-25 15:10:00,2026-08-26 09:01:00,1071,1,1672000,1667000,1589000,4.964,-8834,-0.528,-0.11,0.837,-0.239,0,-0.060,NextDayOpen,"오버나잇: 등락 +0.5%, 범위 위치 92%",익일 시초 매도,0.48,4.03,0.92,334.1,0.265,1.07,1,370,5,0,0,1.2,True
009150#2752-20260825151000,009150,삼성전기,오버나잇,FullAuto,Paper,Backtest,2026-08-25 15:10:00,2026-08-25 15:10:00,2026-08-26 09:01:00,1071,1,1349000,1342000,1282000,4.967,-10087,-0.748,-0.15,0.815,-0.519,0,0,NextDayOpen,"오버나잇: 등락 +3.3%, 범위 위치 96%",익일 시초 매도,3.29,4.26,0.962,603.1,0.177,1.25,1,370,5,0,0,1.2,True
034020#2753-20260825151000,034020,두산에너빌리티,오버나잇,FullAuto,Paper,Backtest,2026-08-25 15:10:00,2026-08-25 15:10:00,2026-08-26 09:01:00,1071,20,81300,82900,77300,4.920,28193,1.734,0.35,1.968,-1.230,0,0,NextDayOpen,"오버나잇: 등락 +7.3%, 범위 위치 96%",익일 시초 매도,7.27,4.86,0.956,436.3,0.281,0.84,1,370,5,0,0,1.2,True
005380#2754-20260825151000,005380,현대차,오버나잇,FullAuto,Paper,Backtest,2026-08-25 15:10:00,2026-08-25 15:10:00,2026-08-26 09:01:00,1071,4,420500,427000,399500,4.994,22076,1.312,0.26,1.546,-0.357,0,0,NextDayOpen,"오버나잇: 등락 +1.9%, 범위 위치 68%",익일 시초 매도,1.94,1.13,0.682,988.7,0.187,0.94,1,370,5,0,0,1.2,True
000720#2755-20260825151000,000720,현대건설,오버나잇,FullAuto,Paper,Backtest,2026-08-25 15:10:00,2026-08-25 15:10:00,2026-08-26 09:01:00,1071,13,121200,126900,115200,4.950,70318,4.463,0.90,4.703,-0.578,0,0,NextDayOpen,"오버나잇: 등락 +12.0%, 범위 위치 91%",익일 시초 매도,12.03,3.55,0.909,403.1,0.348,0.83,1,370,5,0,0,1.2,True
052690#2758-20260825151000,052690,한전기술,오버나잇,FullAuto,Paper,Backtest,2026-08-25 15:10:00,2026-08-25 15:10:00,2026-08-26 09:01:00,1071,15,109400,110200,104000,4.936,8201,0.500,0.10,0.731,-1.554,0,0,NextDayOpen,"오버나잇: 등락 +6.2%, 범위 위치 88%",익일 시초 매도,6.22,6.37,0.878,227.8,0.667,0.95,1,370,5,0,0,1.2,True
278470#2757-20260825151000,278470,에이피알,오버나잇,FullAuto,Paper,Backtest,2026-08-25 15:10:00,2026-08-25 15:10:00,2026-08-26 09:01:00,1071,3,438250,444500,416500,4.963,15686,1.193,0.24,1.426,-0.285,0,0,NextDayOpen,"오버나잇: 등락 +6.6%, 범위 위치 94%",익일 시초 매도,6.64,1.84,0.938,476.4,0.220,1.72,2,370,5,0,0,1.2,True
041190#2756-20260825151000,041190,우리기술투자,오버나잇,FullAuto,Paper,Backtest,2026-08-25 15:10:00,2026-08-25 15:10:00,2026-08-26 09:01:00,1071,248,6800,6670,6460,5.00,-36048,-2.138,-0.43,0.588,-1.912,0,0,NextDayOpen,"오버나잇: 등락 +15.8%, 범위 위치 65%",익일 시초 매도,15.84,0.93,0.652,268.5,0.368,2.43,1,370,5,0,0,1.2,True
336260#2761-20260826090520,336260,두산퓨얼셀,ORB,FullAuto,Paper,Backtest,2026-08-26 09:05:20,2026-08-26 09:05:20,2026-08-26 09:11:30,6.2,43,46000,44600,44650,2.935,-64618,-3.267,-1.11,1.087,-3.043,0,-0.112,StopLoss,"ORB5 고가 45,950 돌파 (범위 6.0%, 등락 +8.2%)","손절 (44,650)",8.24,1.92,1,149.0,2.645,1.69,1,5,3,10,0,1.2,False
052690#2768-20260826091727,052690,한전기술,ORB,FullAuto,Paper,Backtest,2026-08-26 09:17:27,2026-08-26 09:17:27,2026-08-26 09:34:30,17,17,112300,123500,109000,2.939,185601,9.722,3.31,10.062,-0.712,0,-0.081,TakeProfit,"ORB5 고가 112,000 돌파 (범위 4.1%, 등락 +3.4%)",목표 익절 +10%,3.41,2.41,1,159.5,1.132,3.57,1,17,3,10,0,1.2,False
002990#2763-20260826090520,002990,금호건설,ORB,FullAuto,Paper,Backtest,2026-08-26 09:05:20,2026-08-26 09:05:20,2026-08-26 09:45:25,40.1,125,15990,15520,15520,2.939,-63220,-3.163,-1.08,9.443,-2.939,0,0,StopLoss,"ORB5 고가 15,980 돌파 (범위 4.8%, 등락 +4.0%)","손절 (15,520)",3.97,2.45,1,166.7,2.126,2.05,1,5,3,10,0,1.2,False
015760#2766-20260826090625,015760,한국전력,ORB,FullAuto,Paper,Backtest,2026-08-26 09:06:25,2026-08-26 09:06:25,2026-08-26 15:05:00,358.6,87,33950,34850,32950,2.946,71340,2.415,0.82,7.216,0,0,-0.143,ForceClose,"ORB5 고가 33,900 돌파 (범위 2.7%, 등락 +3.7%) · A등급",장마감 강제청산,3.66,0.92,1,899.9,1.325,1.81,1,6,3,10,0,1.2,False
034020#2769-20260826151000,034020,두산에너빌리티,오버나잇,FullAuto,Paper,Backtest,2026-08-26 15:10:00,2026-08-26 15:10:00,2026-08-27 09:01:00,1071,19,85600,84000,81400,4.907,-34074,-2.095,-0.43,0.467,-1.869,0,0,NextDayOpen,"오버나잇: 등락 +6.2%, 범위 위치 80%",익일 시초 매도,6.20,1.16,0.804,429.0,0.225,0.89,1,370,5,0,0,1.2,True
047040#2772-20260826151000,047040,대우건설,오버나잇,FullAuto,Paper,Backtest,2026-08-26 15:10:00,2026-08-26 15:10:00,2026-08-27 09:01:00,1071,87,19100,19090,18150,4.974,-4689,-0.282,-0.06,0.524,-0.157,0,0,NextDayOpen,"오버나잇: 등락 +8.4%, 범위 위치 71%",익일 시초 매도,8.40,0.78,0.711,214.8,0.280,1.26,1,370,5,0,0,1.2,True
010170#2775-20260826151000,010170,대한광통신,오버나잇,FullAuto,Paper,Backtest,2026-08-26 15:10:00,2026-08-26 15:10:00,2026-08-27 09:01:00,1071,124,13480,14080,12810,4.970,70398,4.212,0.85,4.525,-0.074,0,-0.071,NextDayOpen,"오버나잇: 등락 -+0.1%, 범위 위치 14%",익일 시초 매도,-0.15,-2.66,0.143,275.0,0.154,1.01,1,370,5,0,0,1.2,True
000720#2771-20260826151000,000720,현대건설,오버나잇,FullAuto,Paper,Backtest,2026-08-26 15:10:00,2026-08-26 15:10:00,2026-08-27 09:01:00,1071,12,129800,129200,123400,4.931,-10765,-0.691,-0.14,0.924,-0.462,0,0,NextDayOpen,"오버나잇: 등락 +7.4%, 범위 위치 72%",익일 시초 매도,7.36,0.44,0.717,304.7,0.259,1.69,1,370,5,0,0,1.2,True
028260#2776-20260826151000,028260,삼성물산,오버나잇,FullAuto,Paper,Backtest,2026-08-26 15:10:00,2026-08-26 15:10:00,2026-08-27 09:01:00,1071,4,387500,391500,368500,4.903,12402,0.800,0.16,1.032,0,0,0,NextDayOpen,"오버나잇: 등락 +4.0%, 범위 위치 89%",익일 시초 매도,4.03,1.17,0.891,1713.7,0.184,0.55,1,370,5,0,0,1.2,True
052690#2770-20260826151000,052690,한전기술,오버나잇,FullAuto,Paper,Backtest,2026-08-26 15:10:00,2026-08-26 15:10:00,2026-08-27 09:01:00,1071,13,121800,120400,115800,4.926,-21801,-1.377,-0.28,1.560,-1.149,0,0,NextDayOpen,"오버나잇: 등락 +12.2%, 범위 위치 51%",익일 시초 매도,12.15,-1.99,0.511,214.5,0.293,0.38,1,370,5,0,0,1.2,True
015760#2773-20260826151000,015760,한국전력,오버나잇,FullAuto,Paper,Backtest,2026-08-26 15:10:00,2026-08-26 15:10:00,2026-08-27 09:01:00,1071,48,34975,34000,33250,4.932,-50559,-3.012,-0.61,0.071,-2.788,0,0,NextDayOpen,"오버나잇: 등락 +6.6%, 범위 위치 57%",익일 시초 매도,6.64,-0.68,0.566,401.8,0.194,0.67,2,370,5,0,0,1.2,True
006360#2774-20260826151000,006360,GS건설,오버나잇,FullAuto,Paper,Backtest,2026-08-26 15:10:00,2026-08-26 15:10:00,2026-08-27 09:01:00,1071,44,37850,37350,36000,4.888,-25781,-1.548,-0.32,0,-1.321,0,0,NextDayOpen,"오버나잇: 등락 +8.0%, 범위 위치 89%",익일 시초 매도,8.00,1.62,0.890,389.2,0.236,0.98,1,370,5,0,0,1.2,True
222800#2783-20260827092230,222800,심텍,ORB,FullAuto,Paper,Backtest,2026-08-27 09:22:30,2026-08-27 09:22:30,2026-08-27 15:05:00,342.5,16,123000,125100,119400,2.927,29002,1.474,0.50,4.837,-1.789,0,0,ForceClose,"ORB5 고가 122,600 돌파 (범위 3.6%, 등락 +9.6%)",장마감 강제청산,9.63,2.83,1,742.5,0.929,8.15,1,22,3,10,0,1.2,False
010170#2778-20260827091225,010170,대한광통신,ORB,FullAuto,Paper,Backtest,2026-08-27 09:12:25,2026-08-27 09:12:25,2026-08-27 15:05:00,352.6,135,14700,14890,14260,2.993,21032,1.060,0.35,2.789,-2.653,0,0,ForceClose,"ORB5 고가 14,670 돌파 (범위 4.8%, 등락 +8.9%)",장마감 강제청산,8.89,1.91,1,156.5,1.646,2.92,1,12,3,10,0,1.2,False
062040#2777-20260827090722,062040,산일전기,ORB,FullAuto,Paper,Backtest,2026-08-27 09:07:22,2026-08-27 09:07:22,2026-08-27 15:05:00,357.6,15,191700,199600,186000,2.973,111632,3.882,1.31,4.121,-1.513,0,0,ForceClose,"ORB5 고가 191,200 돌파 (범위 2.9%, 등락 +7.1%) · A등급",장마감 강제청산,7.09,1.40,1,144.5,1.607,3.88,1,7,3,10,0,1.2,False
267260#2780-20260827091727,267260,HD현대일렉트릭,ORB,FullAuto,Paper,Backtest,2026-08-27 09:17:27,2026-08-27 09:17:27,2026-08-27 15:05:00,347.5,2,799000,821000,776000,2.879,40231,2.518,0.87,3.004,-2.253,0,0,ForceClose,"ORB5 고가 798,000 돌파 (범위 3.6%, 등락 +9.6%)",장마감 강제청산,9.60,1.29,1,278.0,0.814,3.07,1,17,3,10,0,1.2,False
096770#2781-20260827090930,096770,SK이노베이션,ORB,FullAuto,Paper,Backtest,2026-08-27 09:09:30,2026-08-27 09:09:30,2026-08-27 15:05:00,355.5,25,113500,111600,110100,2.996,-53923,-1.900,-0.63,1.057,-2.555,0,-0.090,ForceClose,"ORB5 고가 113,400 돌파 (범위 2.7%, 등락 +4.3%) · A등급",장마감 강제청산,4.32,1.22,1,410.7,1.007,1.80,1,10,3,10,0,1.2,False
009150#2785-20260827151000,009150,삼성전기,오버나잇,FullAuto,Paper,Backtest,2026-08-27 15:10:00,2026-08-27 15:10:00,2026-08-28 09:01:00,1071,1,1379000,1397000,1311000,4.931,14791,1.073,0.22,1.378,-0.218,0,-0.072,NextDayOpen,"오버나잇: 등락 +4.3%, 범위 위치 68%",익일 시초 매도,4.31,0.26,0.677,267.0,0.238,0.96,1,370,5,0,0,1.2,True
222800#2789-20260827151000,222800,심텍,오버나잇,FullAuto,Paper,Backtest,2026-08-27 15:10:00,2026-08-27 15:10:00,2026-08-28 09:01:00,1071,13,124700,126800,118500,4.972,23514,1.450,0.29,1.764,-0.080,0,-0.079,NextDayOpen,"오버나잇: 등락 +11.1%, 범위 위치 65%",익일 시초 매도,11.14,0.31,0.650,249.9,0.326,0.66,1,370,5,0,0,1.2,True
047040#2787-20260827151000,047040,대우건설,오버나잇,FullAuto,Paper,Backtest,2026-08-27 15:10:00,2026-08-27 15:10:00,2026-08-28 09:01:00,1071,85,19900,20000,18910,4.975,4592,0.271,0.05,1.005,-0.251,0,0,NextDayOpen,"오버나잇: 등락 +4.2%, 범위 위치 36%",익일 시초 매도,4.19,-2.65,0.357,203.8,0.287,1.65,1,370,5,0,0,1.2,True
062040#2791-20260827151000,062040,산일전기,오버나잇,FullAuto,Paper,Backtest,2026-08-27 15:10:00,2026-08-27 15:10:00,2026-08-28 09:01:00,1071,8,202000,199500,192300,4.802,-23673,-1.465,-0.31,0.495,-1.040,0,-0.250,NextDayOpen,"오버나잇: 등락 +12.8%, 범위 위치 97%",익일 시초 매도,12.85,3.73,0.970,215.6,0.385,1.30,1,370,5,0,0,1.2,True
010170#2788-20260827151000,010170,대한광통신,오버나잇,FullAuto,Paper,Backtest,2026-08-27 15:10:00,2026-08-27 15:10:00,2026-08-28 09:01:00,1071,114,14870,14720,14130,4.976,-20961,-1.237,-0.25,0,-1.009,0,0,NextDayOpen,"오버나잇: 등락 +10.1%, 범위 위치 77%",익일 시초 매도,10.07,1.25,0.775,202.6,0.183,0.81,1,370,5,0,0,1.2,True
402340#2786-20260827151000,402340,SK스퀘어,오버나잇,FullAuto,Paper,Backtest,2026-08-27 15:10:00,2026-08-27 15:10:00,2026-08-28 09:01:00,1071,1,1068000,1063000,1015000,4.963,-7445,-0.697,-0.14,0.094,-0.655,0,0,NextDayOpen,"오버나잇: 등락 +1.8%, 범위 위치 28%",익일 시초 매도,1.81,-0.75,0.279,535.9,0.174,1.35,1,370,5,0,0,1.2,True
009150#2801-20260828151000,009150,삼성전기,오버나잇,FullAuto,Paper,Backtest,2026-08-28 15:10:00,2026-08-28 15:10:00,2026-08-31 09:01:00,3951,1,1419000,1370000,1349000,4.933,-52157,-3.676,-0.75,0.564,-3.453,0,0,NextDayOpen,"오버나잇: 등락 +1.7%, 범위 위치 44%",익일 시초 매도,1.72,-0.88,0.438,394.5,0.181,2.25,1,370,5,0,0,1.2,True
034020#2803-20260828151000,034020,두산에너빌리티,오버나잇,FullAuto,Paper,Backtest,2026-08-28 15:10:00,2026-08-28 15:10:00,2026-08-31 09:01:00,3951,19,88400,86400,84000,4.977,-41780,-2.487,-0.50,0.226,-2.262,0,0,NextDayOpen,"오버나잇: 등락 +3.2%, 범위 위치 85%",익일 시초 매도,3.15,1.38,0.848,527.0,0.202,0.60,1,370,5,0,0,1.2,True
096770#2806-20260828151000,096770,SK이노베이션,오버나잇,FullAuto,Paper,Backtest,2026-08-28 15:10:00,2026-08-28 15:10:00,2026-08-31 09:01:00,3951,14,116700,119200,110900,4.970,31168,1.908,0.38,2.228,-0.086,0,-0.084,NextDayOpen,"오버나잇: 등락 +4.0%, 범위 위치 65%",익일 시초 매도,4.01,0.46,0.654,439.1,0.171,0.85,1,370,5,0,0,1.2,True
001210#2805-20260828151000,001210,금호전기,오버나잇,FullAuto,Paper,Backtest,2026-08-28 15:10:00,2026-08-28 15:10:00,2026-08-31 09:01:00,3951,166,10225,11080,9710,5.037,137723,8.114,1.61,8.460,-0.244,0,-0.090,NextDayOpen,"오버나잇: 등락 +24.4%, 범위 위치 89%",익일 시초 매도,24.39,4.44,0.888,402.1,0.810,2.06,2,370,5,0,0,1.2,True
002990#2802-20260828151000,002990,금호건설,오버나잇,FullAuto,Paper,Backtest,2026-08-28 15:10:00,2026-08-28 15:10:00,2026-08-31 09:01:00,3951,101,16820,17050,15980,4.994,19274,1.135,0.23,3.864,-0.059,0,-0.059,NextDayOpen,"오버나잇: 등락 +11.0%, 범위 위치 55%",익일 시초 매도,11.02,-0.36,0.547,178.3,0.418,1.67,1,370,5,0,0,1.2,True
278470#2807-20260828151000,278470,에이피알,오버나잇,FullAuto,Paper,Backtest,2026-08-28 15:10:00,2026-08-28 15:10:00,2026-08-31 09:01:00,3951,3,464000,457000,441000,4.957,-24155,-1.735,-0.35,0.108,-1.401,0,-0.109,NextDayOpen,"오버나잇: 등락 +7.3%, 범위 위치 98%",익일 시초 매도,7.28,2.69,0.983,569.4,0.308,0.93,1,370,5,0,0,1.2,True
001820#2808-20260828151000,001820,삼화콘덴서,오버나잇,FullAuto,Paper,Backtest,2026-08-28 15:10:00,2026-08-28 15:10:00,2026-08-31 09:01:00,3951,15,110800,106000,105300,4.964,-75667,-4.553,-0.92,0,-4.242,0,-0.094,NextDayOpen,"오버나잇: 등락 +2.2%, 범위 위치 31%",익일 시초 매도,2.22,-2.90,0.310,574.2,0.323,0.78,1,370,5,0,0,1.2,True
096770#2812-20260831091427,096770,SK이노베이션,ORB,FullAuto,Paper,Backtest,2026-08-31 09:14:27,2026-08-31 09:14:27,2026-08-31 15:05:00,350.5,24,120700,125100,117100,2.983,98712,3.408,1.14,5.551,-0.249,0,-0.080,ForceClose,"ORB5 고가 120,500 돌파 (범위 3.3%, 등락 +3.3%) · A등급",장마감 강제청산,3.34,1.55,1,158.1,1.070,2.50,1,14,3,10,0,1.2,False
009150#2816-20260831151000,009150,삼성전기,오버나잇,FullAuto,Paper,Backtest,2026-08-31 15:10:00,2026-08-31 15:10:00,2026-09-01 09:01:00,1071,1,1448000,1440000,1376000,4.972,-11313,-0.781,-0.16,0.345,-0.552,0,0,NextDayOpen,"오버나잇: 등락 +3.1%, 범위 위치 90%",익일 시초 매도,3.06,2.90,0.9,326.9,0.187,1.09,1,370,5,0,0,1.2,True
402340#2817-20260831151000,402340,SK스퀘어,오버나잇,FullAuto,Paper,Backtest,2026-08-31 15:10:00,2026-08-31 15:10:00,2026-09-01 09:01:00,1071,1,1035500,1015000,984000,4.973,-22837,-2.205,-0.44,0.531,-1.883,0,-0.098,NextDayOpen,"오버나잇: 등락 +0.6%, 범위 위치 85%",익일 시초 매도,0.63,2.06,0.854,462.1,0.210,0.37,2,370,5,0,0,1.2,True
096770#2818-20260831151000,096770,SK이노베이션,오버나잇,FullAuto,Paper,Backtest,2026-08-31 15:10:00,2026-08-31 15:10:00,2026-09-01 09:01:00,1071,13,125500,126800,119300,4.940,13113,0.804,0.16,1.116,-0.319,0,-0.079,NextDayOpen,"오버나잇: 등락 +7.4%, 범위 위치 82%",익일 시초 매도,7.45,1.39,0.822,269.0,0.302,0.99,1,370,5,0,0,1.2,True
005380#2820-20260831151000,005380,현대차,오버나잇,FullAuto,Paper,Backtest,2026-08-31 15:10:00,2026-08-31 15:10:00,2026-09-01 09:01:00,1071,4,404500,403500,384500,4.944,-7712,-0.477,-0.10,0,-0.371,0,-0.124,NextDayOpen,"오버나잇: 등락 +1.4%, 범위 위치 92%",익일 시초 매도,1.38,1.34,0.919,884.2,0.159,0.62,1,370,5,0,0,1.2,True
066970#2821-20260831151000,066970,엘앤에프,오버나잇,FullAuto,Paper,Backtest,2026-08-31 15:10:00,2026-08-31 15:10:00,2026-09-01 09:01:00,1071,11,146400,142100,139100,4.986,-50901,-3.161,-0.63,0.410,-2.937,0,0,NextDayOpen,"오버나잇: 등락 +8.1%, 범위 위치 90%",익일 시초 매도,8.12,1.88,0.9,440.7,0.254,1.66,1,370,5,0,0,1.2,True
001210#2819-20260831151000,001210,금호전기,오버나잇,FullAuto,Paper,Backtest,2026-08-31 15:10:00,2026-08-31 15:10:00,2026-09-01 09:01:00,1071,135,12630,13140,12000,4.988,64782,3.799,0.76,4.038,-4.196,0,0,NextDayOpen,"오버나잇: 등락 +18.2%, 범위 위치 63%",익일 시초 매도,18.16,1.56,0.627,117.5,1.290,1.20,1,370,5,0,0,1.2,True
003670#2823-20260831151000,003670,포스코퓨처엠,오버나잇,FullAuto,Paper,Backtest,2026-08-31 15:10:00,2026-08-31 15:10:00,2026-09-01 09:01:00,1071,8,199700,197100,189800,4.957,-24428,-1.529,-0.31,0.401,-1.302,0,0,NextDayOpen,"오버나잇: 등락 +7.4%, 범위 위치 92%",익일 시초 매도,7.43,2.27,0.921,282.3,0.218,0.97,1,370,5,0,0,1.2,True
476060#2822-20260831151000,476060,온코닉테라퓨틱스,오버나잇,FullAuto,Paper,Backtest,2026-08-31 15:10:00,2026-08-31 15:10:00,2026-09-01 09:01:00,1071,94,18090,17430,17190,4.975,-65816,-3.870,-0.78,0.055,-3.648,0,0,NextDayOpen,"오버나잇: 등락 +19.8%, 범위 위치 86%",익일 시초 매도,19.81,3.17,0.857,147.8,0.521,0.96,1,370,5,0,0,1.2,True
002990#2827-20260901090930,002990,금호건설,ORB,FullAuto,Paper,Backtest,2026-09-01 09:09:30,2026-09-01 09:09:30,2026-09-01 09:24:15,14.8,174,17200,16690,16690,2.965,-95431,-3.189,-1.08,0.291,-2.965,0,0,StopLoss,"ORB5 고가 17,180 돌파 (범위 4.0%, 등락 +4.5%) · A등급","손절 (16,690)",4.50,1.50,1,280.7,1.287,1.83,1,10,3,10,0,1.2,False
096770#2825-20260901090520,096770,SK이노베이션,ORB,FullAuto,Paper,Backtest,2026-09-01 09:05:20,2026-09-01 09:05:20,2026-09-01 15:05:00,359.7,15,133000,135500,129100,2.932,32832,1.646,0.56,4.135,-0.226,0,-0.074,ForceClose,"ORB5 고가 132,800 돌파 (범위 5.6%, 등락 +5.7%)",장마감 강제청산,5.72,2.20,1,204.6,1.504,1.98,1,5,3,10,0,1.2,False
000660#2829-20260901151000,000660,SK하이닉스,오버나잇,FullAuto,Paper,Backtest,2026-09-01 15:10:00,2026-09-01 15:10:00,2026-09-02 09:01:00,1071,1,1697000,1629000,1613000,4.950,-71756,-4.228,-0.85,0.118,-3.948,0,-0.061,NextDayOpen,"오버나잇: 등락 +2.6%, 범위 위치 72%",익일 시초 매도,2.60,0.49,0.721,473.9,0.156,1.12,1,370,5,0,0,1.2,True
096770#2831-20260901151000,096770,SK이노베이션,오버나잇,FullAuto,Paper,Backtest,2026-09-01 15:10:00,2026-09-01 15:10:00,2026-09-02 09:01:00,1071,12,135800,133500,129100,4.934,-31288,-1.920,-0.39,0,-1.620,0,-0.075,NextDayOpen,"오버나잇: 등락 +7.9%, 범위 위치 78%",익일 시초 매도,7.87,0.62,0.780,249.4,0.189,0.88,1,370,5,0,0,1.2,True
055550#2835-20260901151000,055550,신한지주,오버나잇,FullAuto,Paper,Backtest,2026-09-01 15:10:00,2026-09-01 15:10:00,2026-09-02 09:01:00,1071,15,111500,110500,106000,4.933,-18813,-1.125,-0.23,0.179,-0.897,0,0,NextDayOpen,"오버나잇: 등락 +2.3%, 범위 위치 88%",익일 시초 매도,2.29,0.40,0.875,560.8,0.147,0.76,1,370,5,0,0,1.2,True
028260#2834-20260901151000,028260,삼성물산,오버나잇,FullAuto,Paper,Backtest,2026-09-01 15:10:00,2026-09-01 15:10:00,2026-09-02 09:01:00,1071,4,389500,379500,370500,4.878,-43496,-2.792,-0.57,0.513,-2.439,0,-0.132,NextDayOpen,"오버나잇: 등락 +3.5%, 범위 위치 91%",익일 시초 매도,3.45,1.42,0.909,369.9,0.211,0.53,1,370,5,0,0,1.2,True
005490#2833-20260901151000,005490,POSCO홀딩스,오버나잇,FullAuto,Paper,Backtest,2026-09-01 15:10:00,2026-09-01 15:10:00,2026-09-02 09:01:00,1071,4,342500,332500,325500,4.964,-43064,-3.143,-0.63,0.292,-2.774,0,-0.150,NextDayOpen,"오버나잇: 등락 +1.2%, 범위 위치 37%",익일 시초 매도,1.18,-0.77,0.370,420.2,0.229,1.10,1,370,5,0,0,1.2,True
001210#2832-20260901151000,001210,금호전기,오버나잇,FullAuto,Paper,Backtest,2026-09-01 15:10:00,2026-09-01 15:10:00,2026-09-02 09:01:00,1071,132,12830,13290,12190,4.988,56695,3.348,0.67,3.663,-0.624,0,-0.075,NextDayOpen,"오버나잇: 등락 +2.7%, 범위 위치 6%",익일 시초 매도,2.72,-5.66,0.061,220.9,0.674,1.45,1,370,5,0,0,1.2,True
402340#2830-20260901151000,402340,SK스퀘어,오버나잇,FullAuto,Paper,Backtest,2026-09-01 15:10:00,2026-09-01 15:10:00,2026-09-02 09:01:00,1071,1,1066000,1019000,1013000,4.972,-49349,-4.629,-0.93,0.188,-4.315,0,-0.098,NextDayOpen,"오버나잇: 등락 +3.5%, 범위 위치 90%",익일 시초 매도,3.50,2.24,0.903,450.9,0.261,1.13,1,370,5,0,0,1.2,True
064550#2836-20260901151000,064550,바이오니아,오버나잇,FullAuto,Paper,Backtest,2026-09-01 15:10:00,2026-09-01 15:10:00,2026-09-02 09:01:00,1071,153,11090,10320,10540,4.959,-121457,-7.158,-1.44,0.451,-6.853,0,-0.097,NextDayOpen,"오버나잇: 등락 +22.3%, 범위 위치 92%",익일 시초 매도,22.27,7.98,0.919,188.9,0.689,0.55,1,370,5,0,0,1.2,True
009150#2845-20260902151000,009150,삼성전기,오버나잇,FullAuto,Paper,Backtest,2026-09-02 15:10:00,2026-09-02 15:10:00,2026-09-03 09:01:00,1071,1,1411000,1431000,1341000,4.961,16713,1.184,0.24,1.488,-0.638,0,-0.070,NextDayOpen,"오버나잇: 등락 +0.6%, 범위 위치 59%",익일 시초 매도,0.64,-0.28,0.594,345.5,0.182,0.47,1,370,5,0,0,1.2,True
055550#2848-20260902151000,055550,신한지주,오버나잇,FullAuto,Paper,Backtest,2026-09-02 15:10:00,2026-09-02 15:10:00,2026-09-03 09:01:00,1071,15,110200,113000,104700,4.991,38109,2.305,0.46,2.541,-0.091,0,0,NextDayOpen,"오버나잇: 등락 +0.4%, 범위 위치 5%",익일 시초 매도,0.36,-1.55,0.051,885.6,0.110,0.37,1,370,5,0,0,1.2,True
036930#2847-20260902151000,036930,주성엔지니어링,오버나잇,FullAuto,Paper,Backtest,2026-09-02 15:10:00,2026-09-02 15:10:00,2026-09-03 09:01:00,1071,9,175700,177700,167000,4.952,14326,0.906,0.18,1.138,-0.968,0,0,NextDayOpen,"오버나잇: 등락 +1.6%, 범위 위치 62%",익일 시초 매도,1.56,-0.36,0.620,421.1,0.146,1.27,1,370,5,0,0,1.2,True
002990#2846-20260902151000,002990,금호건설,오버나잇,FullAuto,Paper,Backtest,2026-09-02 15:10:00,2026-09-02 15:10:00,2026-09-03 09:01:00,1071,98,17140,17340,16290,4.959,15697,0.935,0.19,1.225,-0.350,0,-0.058,NextDayOpen,"오버나잇: 등락 +3.8%, 범위 위치 44%",익일 시초 매도,3.82,-2.76,0.438,256.2,0.329,1.06,1,370,5,0,0,1.2,True
001820#2849-20260902151000,001820,삼화콘덴서,오버나잇,FullAuto,Paper,Backtest,2026-09-02 15:10:00,2026-09-02 15:10:00,2026-09-03 09:01:00,1071,15,112600,114000,107000,4.973,17071,1.011,0.20,1.243,-0.799,0,0,NextDayOpen,"오버나잇: 등락 +0.1%, 범위 위치 34%",익일 시초 매도,0.09,-3.87,0.338,301.8,0.209,1.47,1,370,5,0,0,1.2,True
387690#2850-20260902151000,387690,레메디,오버나잇,FullAuto,Paper,Backtest,2026-09-02 15:10:00,2026-09-02 15:10:00,2026-09-03 09:01:00,1071,101,16680,16600,15850,4.976,-11936,-0.709,-0.14,1.859,-0.420,0,-0.060,NextDayOpen,"오버나잇: 등락 +15.1%, 범위 위치 59%",익일 시초 매도,15.11,-0.92,0.590,130.2,0.638,1.06,1,370,5,0,0,1.2,True
044490#2851-20260902151000,044490,태웅,오버나잇,FullAuto,Paper,Backtest,2026-09-02 15:10:00,2026-09-02 15:10:00,2026-09-03 09:01:00,1071,45,37300,36800,35450,4.960,-26311,-1.568,-0.32,0,-1.340,0,0,NextDayOpen,"오버나잇: 등락 +15.7%, 범위 위치 56%",익일 시초 매도,15.68,-2.31,0.565,272.9,0.508,0.44,1,370,5,0,0,1.2,True
024060#2852-20260902151030,024060,흥구석유,오버나잇,FullAuto,Paper,Backtest,2026-09-02 15:10:30,2026-09-02 15:10:30,2026-09-03 09:01:00,1070.5,149,11340,11210,10780,4.938,-23213,-1.374,-0.28,2.116,-1.146,0,0,NextDayOpen,"오버나잇: 등락 +11.1%, 범위 위치 30%",익일 시초 매도,11.07,-1.72,0.302,177.2,0.321,1.01,1,370,5,0,0,1.2,True
000660#2859-20260903151000,000660,SK하이닉스,오버나잇,FullAuto,Paper,Backtest,2026-09-03 15:10:00,2026-09-03 15:10:00,2026-09-04 09:01:00,1071,1,1608000,1619000,1528000,4.975,7279,0.453,0.09,0.746,-0.684,0,-0.062,NextDayOpen,"오버나잇: 등락 +0.6%, 범위 위치 54%",익일 시초 매도,0.63,-0.35,0.538,352.9,0.280,1.12,1,370,5,0,0,1.2,True
402340#2860-20260903151000,402340,SK스퀘어,오버나잇,FullAuto,Paper,Backtest,2026-09-03 15:10:00,2026-09-03 15:10:00,2026-09-04 09:01:00,1071,1,986000,989000,937000,4.970,727,0.074,0.01,0.406,-0.913,0,-0.101,NextDayOpen,"오버나잇: 등락 +1.0%, 범위 위치 64%",익일 시초 매도,1.03,0.20,0.644,445.1,0.305,1.18,1,370,5,0,0,1.2,True
096770#2865-20260903151000,096770,SK이노베이션,오버나잇,FullAuto,Paper,Backtest,2026-09-03 15:10:00,2026-09-03 15:10:00,2026-09-04 09:01:00,1071,12,131400,130600,124900,4.947,-13205,-0.837,-0.17,0,-0.609,0,-0.077,NextDayOpen,"오버나잇: 등락 +3.1%, 범위 위치 47%",익일 시초 매도,3.06,-0.62,0.468,369.9,0.261,0.93,1,370,5,0,0,1.2,True
105560#2862-20260903151000,105560,KB금융,오버나잇,FullAuto,Paper,Backtest,2026-09-03 15:10:00,2026-09-03 15:10:00,2026-09-04 09:01:00,1071,9,178600,178000,169700,4.983,-9085,-0.565,-0.11,0.056,-0.784,0,0,NextDayOpen,"오버나잇: 등락 +6.0%, 범위 위치 81%",익일 시초 매도,6.00,0.60,0.805,322.6,0.196,1.57,1,370,5,0,0,1.2,True
005380#2864-20260903151000,005380,현대차,오버나잇,FullAuto,Paper,Backtest,2026-09-03 15:10:00,2026-09-03 15:10:00,2026-09-04 09:01:00,1071,4,385000,388500,366000,4.935,10428,0.677,0.14,1.039,-0.649,0,-0.129,NextDayOpen,"오버나잇: 등락 +2.3%, 범위 위치 80%",익일 시초 매도,2.26,0.66,0.8,793.2,0.242,3.85,1,370,5,0,0,1.2,True
034020#2861-20260903151000,034020,두산에너빌리티,오버나잇,FullAuto,Paper,Backtest,2026-09-03 15:10:00,2026-09-03 15:10:00,2026-09-04 09:01:00,1071,20,79800,80400,75900,4.887,8304,0.520,0.11,0.877,-0.877,0,-0.124,NextDayOpen,"오버나잇: 등락 +6.4%, 범위 위치 72%",익일 시초 매도,6.41,0.79,0.719,458.3,0.323,1.71,1,370,5,0,0,1.2,True
329180#2866-20260903151000,329180,HD현대중공업,오버나잇,FullAuto,Paper,Backtest,2026-09-03 15:10:00,2026-09-03 15:10:00,2026-09-04 09:01:00,1071,3,436500,434500,415000,4.926,-8998,-0.687,-0.14,0,-0.802,0,-0.115,NextDayOpen,"오버나잇: 등락 +4.1%, 범위 위치 77%",익일 시초 매도,4.06,1.17,0.767,602.0,0.233,1.75,1,370,5,0,0,1.2,True
067290#2863-20260903151000,067290,JW신약,오버나잇,FullAuto,Paper,Backtest,2026-09-03 15:10:00,2026-09-03 15:10:00,2026-09-04 09:01:00,1071,495,3370,3440,3205,4.896,30740,1.843,0.38,2.077,-0.297,0,0,NextDayOpen,"오버나잇: 등락 +8.7%, 범위 위치 39%",익일 시초 매도,8.71,-3.04,0.392,339.3,0.568,0.64,1,370,5,0,0,1.2,True
096770#2867-20260904090527,096770,SK이노베이션,ORB,FullAuto,Paper,Backtest,2026-09-04 09:05:27,2026-09-04 09:05:27,2026-09-04 15:05:00,359.5,14,136600,138300,132500,3.001,19352,1.012,0.34,2.196,-1.171,0,-0.072,ForceClose,"ORB5 고가 136,450 돌파 (범위 4.4%, 등락 +4.4%)",장마감 강제청산,4.43,1.79,1,271.6,1.379,1.68,1,5,3,10,0,1.2,False
010950#2868-20260904090527,010950,S-Oil,ORB,FullAuto,Paper,Backtest,2026-09-04 09:05:27,2026-09-04 09:05:27,2026-09-04 15:05:00,359.5,18,159000,156700,154300,2.956,-47893,-1.673,-0.57,3.585,-1.635,0,-0.064,ForceClose,"ORB5 고가 158,600 돌파 (범위 4.0%, 등락 +5.4%) · A등급",장마감 강제청산,5.37,1.80,1,83.3,1.530,1.52,1,5,3,10,0,1.2,False
000660#2872-20260904151000,000660,SK하이닉스,오버나잇,FullAuto,Paper,Backtest,2026-09-04 15:10:00,2026-09-04 15:10:00,2026-09-07 09:01:00,3951,1,1650000,1736000,1568000,4.970,82021,4.971,1.00,5.273,-0.485,0,-0.058,NextDayOpen,"오버나잇: 등락 +4.4%, 범위 위치 51%",익일 시초 매도,4.43,0.10,0.507,282.4,0.234,0.63,1,370,5,0,0,1.2,True
009150#2873-20260904151000,009150,삼성전기,오버나잇,FullAuto,Paper,Backtest,2026-09-04 15:10:00,2026-09-04 15:10:00,2026-09-07 09:01:00,3951,1,1400000,1449000,1330000,5.00,45675,3.262,0.65,3.571,-0.286,0,-0.069,NextDayOpen,"오버나잇: 등락 +4.5%, 범위 위치 72%",익일 시초 매도,4.48,0.54,0.716,420.7,0.163,0.47,1,370,5,0,0,1.2,True
034020#2879-20260904151000,034020,두산에너빌리티,오버나잇,FullAuto,Paper,Backtest,2026-09-04 15:10:00,2026-09-04 15:10:00,2026-09-07 09:01:00,3951,21,79100,80200,75200,4.930,19231,1.158,0.23,1.391,-0.126,0,0,NextDayOpen,"오버나잇: 등락 +0.5%, 범위 위치 23%",익일 시초 매도,0.51,-0.39,0.227,567.5,0.163,0.77,1,370,5,0,0,1.2,True
402340#2874-20260904151000,402340,SK스퀘어,오버나잇,FullAuto,Paper,Backtest,2026-09-04 15:10:00,2026-09-04 15:10:00,2026-09-07 09:01:00,3951,1,1038000,1105000,987000,4.913,64470,6.211,1.26,6.455,-0.193,0,0,NextDayOpen,"오버나잇: 등락 +7.6%, 범위 위치 83%",익일 시초 매도,7.56,1.98,0.833,569.2,0.200,1.38,1,370,5,0,0,1.2,True
005380#2876-20260904151000,005380,현대차,오버나잇,FullAuto,Paper,Backtest,2026-09-04 15:10:00,2026-09-04 15:10:00,2026-09-07 09:01:00,3951,4,383500,389500,364500,4.954,20421,1.331,0.27,1.565,-0.130,0,0,NextDayOpen,"오버나잇: 등락 +1.1%, 범위 위치 20%",익일 시초 매도,1.05,-0.41,0.2,448.5,0.140,0.45,1,370,5,0,0,1.2,True
096770#2875-20260904151000,096770,SK이노베이션,오버나잇,FullAuto,Paper,Backtest,2026-09-04 15:10:00,2026-09-04 15:10:00,2026-09-07 09:01:00,3951,12,138300,138300,131400,4.989,-3815,-0.230,-0.05,0.217,-0.145,0,-0.072,NextDayOpen,"오버나잇: 등락 +5.7%, 범위 위치 85%",익일 시초 매도,5.73,0.52,0.854,328.2,0.181,0.66,1,370,5,0,0,1.2,True
058610#2877-20260904151000,058610,에스피지,오버나잇,FullAuto,Paper,Backtest,2026-09-04 15:10:00,2026-09-04 15:10:00,2026-09-07 09:01:00,3951,17,94800,95500,90100,4.958,8169,0.507,0.10,0.738,-0.633,0,0,NextDayOpen,"오버나잇: 등락 +14.4%, 범위 위치 77%",익일 시초 매도,14.37,1.15,0.766,287.1,0.355,0.49,1,370,5,0,0,1.2,True
010950#2878-20260904151000,010950,S-Oil,오버나잇,FullAuto,Paper,Backtest,2026-09-04 15:10:00,2026-09-04 15:10:00,2026-09-07 09:01:00,3951,10,156900,156900,149100,4.971,-3608,-0.230,-0.05,0.191,-0.255,0,-0.064,NextDayOpen,"오버나잇: 등락 +3.9%, 범위 위치 35%",익일 시초 매도,3.91,-2.34,0.352,271.9,0.187,1.21,1,370,5,0,0,1.2,True
402340#2881-20260907091125,402340,SK스퀘어,ORB,FullAuto,Paper,Backtest,2026-09-07 09:11:25,2026-09-07 09:11:25,2026-09-07 15:05:00,353.6,1,1110000,1116000,1077000,2.973,3435,0.309,0.10,0.811,-1.892,0,-0.090,ForceClose,"ORB5 고가 1,109,000 돌파 (범위 2.1%, 등락 +6.9%) · A등급",장마감 강제청산,6.94,0.67,1,239.6,0.551,2.96,1,11,3,10,0,1.2,False
009150#2887-20260907151000,009150,삼성전기,오버나잇,FullAuto,Paper,Backtest,2026-09-07 15:10:00,2026-09-07 15:10:00,2026-09-08 09:01:00,1071,1,1451000,1456000,1379000,4.962,1653,0.114,0.02,0.345,-0.207,0,0,NextDayOpen,"오버나잇: 등락 +3.2%, 범위 위치 76%",익일 시초 매도,3.20,0.95,0.759,524.5,0.138,0.47,1,370,5,0,0,1.2,True
034020#2888-20260907151000,034020,두산에너빌리티,오버나잇,FullAuto,Paper,Backtest,2026-09-07 15:10:00,2026-09-07 15:10:00,2026-09-08 09:01:00,1071,18,88100,91200,83700,4.994,52034,3.281,0.66,3.519,-0.454,0,0,NextDayOpen,"오버나잇: 등락 +10.4%, 범위 위치 88%",익일 시초 매도,10.40,3.23,0.875,355.4,0.332,0.89,1,370,5,0,0,1.2,True
402340#2889-20260907151000,402340,SK스퀘어,오버나잇,FullAuto,Paper,Backtest,2026-09-07 15:10:00,2026-09-07 15:10:00,2026-09-08 09:01:00,1071,1,1118000,1133000,1063000,4.919,12398,1.109,0.23,1.342,-0.089,0,0,NextDayOpen,"오버나잇: 등락 +7.7%, 범위 위치 97%",익일 시초 매도,7.71,0.97,0.970,431.1,0.134,1.59,1,370,5,0,0,1.2,True
036930#2892-20260907151000,036930,주성엔지니어링,오버나잇,FullAuto,Paper,Backtest,2026-09-07 15:10:00,2026-09-07 15:10:00,2026-09-08 09:01:00,1071,8,187200,189900,177900,4.968,18111,1.209,0.24,1.496,-0.107,0,-0.053,NextDayOpen,"오버나잇: 등락 +5.0%, 범위 위치 67%",익일 시초 매도,4.99,0.39,0.667,386.2,0.114,1.11,1,370,5,0,0,1.2,True
005380#2891-20260907151000,005380,현대차,오버나잇,FullAuto,Paper,Backtest,2026-09-07 15:10:00,2026-09-07 15:10:00,2026-09-08 09:01:00,1071,4,392250,393500,372500,5.035,1381,0.088,0.02,0.319,-0.319,0,0,NextDayOpen,"오버나잇: 등락 +1.6%, 범위 위치 62%",익일 시초 매도,1.62,0.26,0.618,945.7,0.128,1.16,2,370,5,0,0,1.2,True
067290#2893-20260907151000,067290,JW신약,오버나잇,FullAuto,Paper,Backtest,2026-09-07 15:10:00,2026-09-07 15:10:00,2026-09-08 09:01:00,1071,465,3595,3595,3420,4.868,-3843,-0.230,-0.05,0.278,-0.834,0,-0.139,NextDayOpen,"오버나잇: 등락 +10.1%, 범위 위치 57%",익일 시초 매도,10.11,-1.42,0.573,231.6,0.447,1.40,1,370,5,0,0,1.2,True
336260#2890-20260907151000,336260,두산퓨얼셀,오버나잇,FullAuto,Paper,Backtest,2026-09-07 15:10:00,2026-09-07 15:10:00,2026-09-08 09:01:00,1071,33,49750,50400,47300,4.925,17629,1.074,0.22,1.307,-0.201,0,0,NextDayOpen,"오버나잇: 등락 +14.2%, 범위 위치 44%",익일 시초 매도,14.24,-3.35,0.439,293.8,0.388,0.87,1,370,5,0,0,1.2,True
388050#2903-20260908090822,388050,지투파워,ORB,FullAuto,Paper,Backtest,2026-09-08 09:08:22,2026-09-08 09:08:22,2026-09-08 09:22:27,14.1,274,10890,10550,10570,2.938,-99821,-3.345,-1.14,2.755,-3.122,0,-0.189,StopLoss,"ORB5 고가 10,880 돌파 (범위 3.3%, 등락 +4.1%) · A등급","손절 (10,570)",4.11,1.09,1,472.9,1.056,2.52,1,8,3,10,0,1.2,False
052690#2895-20260908090527,052690,한전기술,ORB,FullAuto,Paper,Backtest,2026-09-08 09:05:27,2026-09-08 09:05:27,2026-09-08 14:42:30,337,22,132600,145800,128700,2.941,283067,9.703,3.30,10.030,-0.075,0,-0.069,TakeProfit,"ORB5 고가 132,500 돌파 (범위 3.4%, 등락 +4.3%) · A등급",목표 익절 +10%,4.33,1.12,1,195.6,1.634,1.65,1,5,3,10,0,1.2,False
034020#2896-20260908090810,034020,두산에너빌리티,ORB,FullAuto,Paper,Backtest,2026-09-08 09:08:10,2026-09-08 09:08:10,2026-09-08 14:56:15,348.1,31,92700,90000,90000,2.913,-90129,-3.136,-1.08,0.863,-2.913,0,0,StopLoss,"ORB5 고가 92,600 돌파 (범위 2.7%, 등락 +5.5%) · A등급","손절 (90,000)",5.46,1.09,1,192.6,0.971,0.66,1,8,3,10,0,1.2,False
036930#2894-20260908090625,036930,주성엔지니어링,ORB,FullAuto,Paper,Backtest,2026-09-08 09:06:25,2026-09-08 09:06:25,2026-09-08 15:05:00,358.6,15,196500,197500,190700,2.952,8189,0.278,0.09,6.361,-0.102,0,0,ForceClose,"ORB5 고가 196,400 돌파 (범위 4.0%, 등락 +5.0%) · A등급",장마감 강제청산,4.97,1.39,1,243.8,1.425,2.07,1,6,3,10,0,1.2,False
034020#2907-20260908151000,034020,두산에너빌리티,오버나잇,FullAuto,Paper,Backtest,2026-09-08 15:10:00,2026-09-08 15:10:00,2026-09-09 09:01:00,1071,18,90100,91900,85600,4.994,28601,1.764,0.35,2.109,-0.666,0,-0.109,NextDayOpen,"오버나잇: 등락 +2.4%, 범위 위치 10%",익일 시초 매도,2.39,-1.86,0.103,330.4,0.310,1.38,1,370,5,0,0,1.2,True
402340#2908-20260908151000,402340,SK스퀘어,오버나잇,FullAuto,Paper,Backtest,2026-09-08 15:10:00,2026-09-08 15:10:00,2026-09-09 09:01:00,1071,1,1141000,1128000,1084000,4.996,-15596,-1.367,-0.27,0,-1.402,0,-0.089,NextDayOpen,"오버나잇: 등락 +1.4%, 범위 위치 28%",익일 시초 매도,1.42,-2.15,0.280,302.2,0.320,0.30,1,370,5,0,0,1.2,True
052690#2909-20260908151000,052690,한전기술,오버나잇,FullAuto,Paper,Backtest,2026-09-08 15:10:00,2026-09-08 15:10:00,2026-09-09 09:01:00,1071,11,142900,151300,135800,4.969,88588,5.636,1.13,5.948,-1.400,0,-0.066,NextDayOpen,"오버나잇: 등락 +12.4%, 범위 위치 75%",익일 시초 매도,12.35,2.02,0.754,214.4,0.600,1.01,1,370,5,0,0,1.2,True
036930#2910-20260908151000,036930,주성엔지니어링,오버나잇,FullAuto,Paper,Backtest,2026-09-08 15:10:00,2026-09-08 15:10:00,2026-09-09 09:01:00,1071,8,197900,196900,188100,4.952,-11623,-0.734,-0.15,0,-1.465,0,-0.051,NextDayOpen,"오버나잇: 등락 +5.7%, 범위 위치 44%",익일 시초 매도,5.66,-1.98,0.443,342.6,0.339,0.57,1,370,5,0,0,1.2,True
000720#2911-20260908151000,000720,현대건설,오버나잇,FullAuto,Paper,Backtest,2026-09-08 15:10:00,2026-09-08 15:10:00,2026-09-09 09:01:00,1071,12,132600,134200,126000,4.977,15501,0.974,0.20,1.282,-1.207,0,-0.074,NextDayOpen,"오버나잇: 등락 +3.4%, 범위 위치 50%",익일 시초 매도,3.35,-0.79,0.5,190.2,0.377,0.91,1,370,5,0,0,1.2,True
004310#2912-20260908151000,004310,현대약품,오버나잇,FullAuto,Paper,Backtest,2026-09-08 15:10:00,2026-09-08 15:10:00,2026-09-09 09:01:00,1071,166,10180,10170,9680,4.912,-5542,-0.328,-0.07,1.375,-0.982,0,-0.098,NextDayOpen,"오버나잇: 등락 +20.9%, 범위 위치 72%",익일 시초 매도,20.90,1.94,0.720,233.7,0.667,1.14,1,370,5,0,0,1.2,True
067290#2913-20260908151000,067290,JW신약,오버나잇,FullAuto,Paper,Backtest,2026-09-08 15:10:00,2026-09-08 15:10:00,2026-09-09 09:01:00,1071,443,3815,3885,3625,4.980,27057,1.601,0.32,1.966,-0.131,0,-0.129,NextDayOpen,"오버나잇: 등락 +6.6%, 범위 위치 41%",익일 시초 매도,6.56,-3.25,0.412,220.2,0.431,0.79,1,370,5,0,0,1.2,True
079650#2921-20260909090910,079650,서산,ORB,FullAuto,Paper,Backtest,2026-09-09 09:09:10,2026-09-09 09:09:10,2026-09-09 09:11:22,2.2,243,8220,7970,7980,2.920,-65212,-3.265,-1.12,0.487,-3.041,0,-0.125,StopLoss,"ORB5 고가 8,210 돌파 (범위 5.9%, 등락 +7.0%)","손절 (7,980)",7.03,3.02,1,74.9,2.503,1.13,1,9,3,10,0,1.2,False
000990#2918-20260909091320,000990,DB하이텍,ORB,FullAuto,Paper,Backtest,2026-09-09 09:13:20,2026-09-09 09:13:20,2026-09-09 10:59:30,106.2,17,114800,111400,111400,2.962,-62163,-3.185,-1.08,1.568,-2.962,0,0,StopLoss,"ORB5 고가 114,700 돌파 (범위 4.7%, 등락 +9.1%)","손절 (111,400)",9.13,1.51,1,159.3,1.140,3.45,1,13,3,10,0,1.2,False
119850#2919-20260909091130,119850,지엔씨에너지,ORB,FullAuto,Paper,Backtest,2026-09-09 09:11:30,2026-09-09 09:11:30,2026-09-09 15:05:00,353.5,61,48250,48550,46850,2.902,11492,0.390,0.13,4.456,-2.591,0,-0.103,ForceClose,"ORB5 고가 48,200 돌파 (범위 2.2%, 등락 +7.3%) · A등급",장마감 강제청산,7.34,1.45,1,180.6,1.151,1.57,1,12,3,10,0,1.2,False
009150#2924-20260909151000,009150,삼성전기,오버나잇,FullAuto,Paper,Backtest,2026-09-09 15:10:00,2026-09-09 15:10:00,2026-09-10 09:01:00,1071,1,1403000,1389000,1333000,4.989,-17196,-1.226,-0.25,0.214,-0.927,0,-0.072,NextDayOpen,"오버나잇: 등락 +0.6%, 범위 위치 35%",익일 시초 매도,0.57,-0.69,0.35,675.1,0.138,1.16,1,370,5,0,0,1.2,True
096770#2928-20260909151000,096770,SK이노베이션,오버나잇,FullAuto,Paper,Backtest,2026-09-09 15:10:00,2026-09-09 15:10:00,2026-09-10 09:01:00,1071,11,153600,155400,146000,4.948,15873,0.939,0.19,1.237,-0.456,0,-0.064,NextDayOpen,"오버나잇: 등락 +11.8%, 범위 위치 95%",익일 시초 매도,11.79,4.19,0.953,377.8,0.219,0.99,1,370,5,0,0,1.2,True
034020#2925-20260909151000,034020,두산에너빌리티,오버나잇,FullAuto,Paper,Backtest,2026-09-09 15:10:00,2026-09-09 15:10:00,2026-09-10 09:01:00,1071,18,91700,90000,87200,4.907,-34330,-2.080,-0.42,0.218,-1.854,0,0,NextDayOpen,"오버나잇: 등락 +1.2%, 범위 위치 18%",익일 시초 매도,1.21,-1.14,0.182,591.3,0.140,0.58,1,370,5,0,0,1.2,True
032820#2926-20260909151000,032820,우리기술,오버나잇,FullAuto,Paper,Backtest,2026-09-09 15:10:00,2026-09-09 15:10:00,2026-09-10 09:01:00,1071,121,14085,13800,13380,5.005,-38329,-2.249,-0.45,1.881,-2.023,0,0,NextDayOpen,"오버나잇: 등락 +19.3%, 범위 위치 82%",익일 시초 매도,19.26,2.28,0.821,265.3,0.340,0.83,2,370,5,0,0,1.2,True
069540#2929-20260909151000,069540,빛과전자,오버나잇,FullAuto,Paper,Backtest,2026-09-09 15:10:00,2026-09-09 15:10:00,2026-09-10 09:01:00,1071,447,3815,3870,3625,4.980,20612,1.209,0.24,1.442,-0.786,0,0,NextDayOpen,"오버나잇: 등락 +4.7%, 범위 위치 17%",익일 시초 매도,4.67,-5.19,0.167,178.0,0.262,0.48,1,370,5,0,0,1.2,True
066970#2930-20260909151000,066970,엘앤에프,오버나잇,FullAuto,Paper,Backtest,2026-09-09 15:10:00,2026-09-09 15:10:00,2026-09-10 09:01:00,1071,13,127400,122000,121100,4.945,-73857,-4.459,-0.90,0,-4.160,0,-0.082,NextDayOpen,"오버나잇: 등락 +10.5%, 범위 위치 87%",익일 시초 매도,10.50,4.03,0.870,172.8,0.443,0.69,1,370,5,0,0,1.2,True
010170#2927-20260909151000,010170,대한광통신,오버나잇,FullAuto,Paper,Backtest,2026-09-09 15:10:00,2026-09-09 15:10:00,2026-09-10 09:01:00,1071,114,14960,15040,14220,4.947,5179,0.304,0.06,0.535,-0.401,0,0,NextDayOpen,"오버나잇: 등락 +9.2%, 범위 위치 45%",익일 시초 매도,9.20,-0.60,0.455,218.5,0.148,0.95,1,370,5,0,0,1.2,True
009150#2935-20260910151000,009150,삼성전기,오버나잇,FullAuto,Paper,Backtest,2026-09-10 15:10:00,2026-09-10 15:10:00,2026-09-11 09:01:00,1071,1,1398000,1359000,1329000,4.936,-42130,-3.014,-0.61,0,-2.718,0,-0.074,NextDayOpen,"오버나잇: 등락 +0.4%, 범위 위치 89%",익일 시초 매도,0.43,1.74,0.891,497.4,0.179,0.39,1,370,5,0,0,1.2,True
329180#2937-20260910151000,329180,HD현대중공업,오버나잇,FullAuto,Paper,Backtest,2026-09-10 15:10:00,2026-09-10 15:10:00,2026-09-11 09:01:00,1071,3,458000,452000,435500,4.913,-21121,-1.537,-0.31,0.437,-1.310,0,0,NextDayOpen,"오버나잇: 등락 -+0.3%, 범위 위치 17%",익일 시초 매도,-0.33,-2.57,0.169,212.1,0.546,0.72,1,370,5,0,0,1.2,True
222800#2940-20260910151000,222800,심텍,오버나잇,FullAuto,Paper,Backtest,2026-09-10 15:10:00,2026-09-10 15:10:00,2026-09-11 09:01:00,1071,12,135400,128600,128700,4.948,-85160,-5.241,-1.06,0.074,-5.022,0,0,NextDayOpen,"오버나잇: 등락 +2.9%, 범위 위치 75%",익일 시초 매도,2.89,1.18,0.746,390.4,0.211,0.96,1,370,5,0,0,1.2,True
402340#2936-20260910151000,402340,SK스퀘어,오버나잇,FullAuto,Paper,Backtest,2026-09-10 15:10:00,2026-09-10 15:10:00,2026-09-11 09:01:00,1071,1,1142000,1080000,1085000,4.991,-64493,-5.647,-1.13,0.088,-5.429,0,0,NextDayOpen,"오버나잇: 등락 +2.2%, 범위 위치 72%",익일 시초 매도,2.24,1.07,0.719,457.8,0.163,0.33,1,370,5,0,0,1.2,True
240810#2939-20260910151000,240810,원익IPS,오버나잇,FullAuto,Paper,Backtest,2026-09-10 15:10:00,2026-09-10 15:10:00,2026-09-11 09:01:00,1071,14,120100,114900,114100,4.996,-76510,-4.550,-0.91,0.083,-4.330,0,0,NextDayOpen,"오버나잇: 등락 +0.0%, 범위 위치 41%",익일 시초 매도,0,-1.32,0.414,387.8,0.256,0.74,1,370,5,0,0,1.2,True
000990#2941-20260910151000,000990,DB하이텍,오버나잇,FullAuto,Paper,Backtest,2026-09-10 15:10:00,2026-09-10 15:10:00,2026-09-11 09:01:00,1071,14,117800,111800,112000,4.924,-87611,-5.312,-1.08,0.085,-5.093,0,0,NextDayOpen,"오버나잇: 등락 +6.1%, 범위 위치 78%",익일 시초 매도,6.13,1.93,0.777,382.8,0.303,1.12,1,370,5,0,0,1.2,True
024060#2938-20260910151000,024060,흥구석유,오버나잇,FullAuto,Paper,Backtest,2026-09-10 15:10:00,2026-09-10 15:10:00,2026-09-11 09:03:00,1073,120,14220,17010,13510,4.993,330157,19.348,3.88,19.620,-0.070,0,0,NextDayOpen,"오버나잇: 등락 +17.6%, 범위 위치 50%",익일 시초 매도,17.62,-2.90,0.502,177.3,0.558,0.32,1,370,5,0,0,1.2,True
009150#2942-20260911151000,009150,삼성전기,오버나잇,FullAuto,Paper,Backtest,2026-09-11 15:10:00,2026-09-11 15:10:00,2026-09-14 09:01:00,3951,1,1397000,1355000,1328000,4.939,-45122,-3.230,-0.65,0.143,-3.006,0,0,NextDayOpen,"오버나잇: 등락 +0.8%, 범위 위치 56%",익일 시초 매도,0.79,-0.10,0.563,495.2,0.225,0.59,1,370,5,0,0,1.2,True
034020#2945-20260911151000,034020,두산에너빌리티,오버나잇,FullAuto,Paper,Backtest,2026-09-11 15:10:00,2026-09-11 15:10:00,2026-09-14 09:01:00,3951,18,90600,89800,86100,4.967,-18118,-1.111,-0.22,0.110,-0.883,0,0,NextDayOpen,"오버나잇: 등락 +0.7%, 범위 위치 84%",익일 시초 매도,0.67,0.57,0.839,929.8,0.181,0.41,1,370,5,0,0,1.2,True
052690#2946-20260911151000,052690,한전기술,오버나잇,FullAuto,Paper,Backtest,2026-09-11 15:10:00,2026-09-11 15:10:00,2026-09-14 09:01:00,3951,11,152600,149000,145000,4.980,-43374,-2.584,-0.52,0,-2.359,0,0,NextDayOpen,"오버나잇: 등락 +4.7%, 범위 위치 84%",익일 시초 매도,4.67,1.95,0.835,315.0,0.244,0.53,1,370,5,0,0,1.2,True
001820#2943-20260911151000,001820,삼화콘덴서,오버나잇,FullAuto,Paper,Backtest,2026-09-11 15:10:00,2026-09-11 15:10:00,2026-09-14 09:01:00,3951,12,137600,132500,130800,4.942,-64865,-3.928,-0.79,0,-3.634,0,-0.075,NextDayOpen,"오버나잇: 등락 +18.8%, 범위 위치 72%",익일 시초 매도,18.84,0.35,0.718,285.0,0.421,0.56,1,370,5,0,0,1.2,True
329180#2944-20260911151000,329180,HD현대중공업,오버나잇,FullAuto,Paper,Backtest,2026-09-11 15:10:00,2026-09-11 15:10:00,2026-09-14 09:01:00,3951,3,482000,475500,458000,4.979,-22782,-1.576,-0.32,0,-1.245,0,-0.105,NextDayOpen,"오버나잇: 등락 +5.1%, 범위 위치 81%",익일 시초 매도,5.13,1.36,0.812,363.3,0.237,1.02,1,370,5,0,0,1.2,True
024060#2947-20260911151000,024060,흥구석유,오버나잇,FullAuto,Paper,Backtest,2026-09-11 15:10:00,2026-09-11 15:10:00,2026-09-14 09:01:00,3951,115,14680,15410,13950,4.973,79888,4.732,0.95,5.041,-0.545,0,-0.065,NextDayOpen,"오버나잇: 등락 +1.2%, 범위 위치 3%",익일 시초 매도,1.17,-8.06,0.030,304.5,0.545,1.73,1,370,5,0,0,1.2,True
278470#2948-20260911151000,278470,에이피알,오버나잇,FullAuto,Paper,Backtest,2026-09-11 15:10:00,2026-09-11 15:10:00,2026-09-14 09:01:00,3951,4,371500,381500,353000,4.980,36498,2.456,0.49,2.692,-0.269,0,0,NextDayOpen,"오버나잇: 등락 +3.1%, 범위 위치 91%",익일 시초 매도,3.05,1.74,0.907,736.4,0.260,0.78,1,370,5,0,0,1.2,True
003350#2949-20260911151000,003350,한국화장품제조,오버나잇,FullAuto,Paper,Backtest,2026-09-11 15:10:00,2026-09-11 15:10:00,2026-09-14 09:01:00,3951,108,15680,16090,14900,4.974,40291,2.379,0.48,2.679,-0.574,0,-0.062,NextDayOpen,"오버나잇: 등락 +19.1%, 범위 위치 69%",익일 시초 매도,19.07,0.55,0.688,172.2,0.661,1.70,1,370,5,0,0,1.2,True
161890#2957-20260914090712,161890,한국콜마,ORB,FullAuto,Paper,Backtest,2026-09-14 09:07:12,2026-09-14 09:07:12,2026-09-14 09:11:12,4,19,146700,142300.00,142300,2.999,-89830,-3.223,-1.07,0.136,-2.999,0,0.000,StopLoss,"ORB5 고가 146,600 돌파 (범위 3.6%, 등락 +4.4%) · A등급","손절 (142,300)",4.41,1.35,1,186.2,1.322,0.69,1,7,3,10,0,1.2,False
090460#2956-20260914091027,090460,비에이치,ORB,FullAuto,Paper,Backtest,2026-09-14 09:10:27,2026-09-14 09:10:27,2026-09-14 15:05:00,354.5,151,19600,20000,19020,2.959,53464,1.806,0.61,5.867,-0.204,0,-0.249,ForceClose,"ORB5 고가 19,590 돌파 (범위 2.1%, 등락 +3.6%) · A등급",장마감 강제청산,3.65,0.98,1,300.3,0.925,1.30,1,10,3,10,0,1.2,False
441270#2953-20260914090507,441270,파인엠텍,ORB,FullAuto,Paper,Backtest,2026-09-14 09:05:07,2026-09-14 09:05:07,2026-09-14 15:05:00,359.9,230,8670,9000,8410,2.999,71151,3.568,1.19,8.881,-1.845,0,-0.111,ForceClose,"ORB5 고가 8,660 돌파 (범위 4.3%, 등락 +5.3%)",장마감 강제청산,5.35,1.19,1,142.2,2.076,1.05,1,5,3,10,0,1.2,False
105560#2965-20260914151000,105560,KB금융,오버나잇,FullAuto,Paper,Backtest,2026-09-14 15:10:00,2026-09-14 15:10:00,2026-09-15 09:01:00,1071,9,181100,178500,172100,4.970,-27097,-1.662,-0.33,0.331,-1.380,0,-0.056,NextDayOpen,"오버나잇: 등락 +2.4%, 범위 위치 98%",익일 시초 매도,2.43,1.29,0.985,419.7,0.162,0.97,1,370,5,0,0,1.2,True
012450#2961-20260914151000,012450,한화에어로스페이스,오버나잇,FullAuto,Paper,Backtest,2026-09-14 15:10:00,2026-09-14 15:10:00,2026-09-15 09:01:00,1071,1,1131000,1106000,1075000,4.951,-27546,-2.436,-0.49,0.354,-2.210,0,0,NextDayOpen,"오버나잇: 등락 +5.2%, 범위 위치 73%",익일 시초 매도,5.21,0.81,0.732,297.3,0.171,0.55,1,370,5,0,0,1.2,True
356680#2960-20260914151000,356680,엑스게이트,오버나잇,FullAuto,Paper,Backtest,2026-09-14 15:10:00,2026-09-14 15:10:00,2026-09-15 09:01:00,1071,99,17000,17210,16150,5.00,16876,1.003,0.20,1.294,-0.294,0,-0.058,NextDayOpen,"오버나잇: 등락 +5.8%, 범위 위치 32%",익일 시초 매도,5.79,-3.03,0.319,129.7,0.441,0.60,1,370,5,0,0,1.2,True
000990#2966-20260914151000,000990,DB하이텍,오버나잇,FullAuto,Paper,Backtest,2026-09-14 15:10:00,2026-09-14 15:10:00,2026-09-15 09:01:00,1071,15,112200,115600,106600,4.991,47020,2.794,0.56,3.119,-0.980,0,-0.086,NextDayOpen,"오버나잇: 등락 +2.2%, 범위 위치 74%",익일 시초 매도,2.19,0.67,0.740,308.7,0.395,0.63,1,370,5,0,0,1.2,True
001820#2962-20260914151000,001820,삼화콘덴서,오버나잇,FullAuto,Paper,Backtest,2026-09-14 15:10:00,2026-09-14 15:10:00,2026-09-15 09:01:00,1071,12,140800,138900,133800,4.972,-26636,-1.576,-0.32,0.071,-1.278,0,-0.072,NextDayOpen,"오버나잇: 등락 +2.4%, 범위 위치 77%",익일 시초 매도,2.40,1.43,0.771,464.3,0.259,1.82,1,370,5,0,0,1.2,True
316140#2963-20260914151000,316140,우리금융지주,오버나잇,FullAuto,Paper,Backtest,2026-09-14 15:10:00,2026-09-14 15:10:00,2026-09-15 09:01:00,1071,46,36775,36300,34950,4.963,-25692,-1.519,-0.31,0.204,-1.156,0,-0.138,NextDayOpen,"오버나잇: 등락 +5.1%, 범위 위치 90%",익일 시초 매도,5.08,1.49,0.9,445.3,0.204,0.64,2,370,5,0,0,1.2,True
069540#2959-20260914151000,069540,빛과전자,오버나잇,FullAuto,Paper,Backtest,2026-09-14 15:10:00,2026-09-14 15:10:00,2026-09-15 09:01:00,1071,393,4305,4325,4090,4.994,3954,0.234,0.05,1.278,-0.116,0,0,NextDayOpen,"오버나잇: 등락 +11.2%, 범위 위치 64%",익일 시초 매도,11.24,0.53,0.642,237.7,0.635,0.46,1,370,5,0,0,1.2,True
010170#2964-20260914151000,010170,대한광통신,오버나잇,FullAuto,Paper,Backtest,2026-09-14 15:10:00,2026-09-14 15:10:00,2026-09-15 09:01:00,1071,116,14480,14410,13760,4.972,-11964,-0.712,-0.14,0.207,-0.483,0,0,NextDayOpen,"오버나잇: 등락 +2.3%, 범위 위치 59%",익일 시초 매도,2.33,-0.25,0.591,582.4,0.173,1.28,1,370,5,0,0,1.2,True
096770#2971-20260915090930,096770,SK이노베이션,ORB,FullAuto,Paper,Backtest,2026-09-15 09:09:30,2026-09-15 09:09:30,2026-09-15 09:14:30,5,19,144100,139600,139800,2.984,-91611,-3.346,-1.12,0,-3.123,0,-0.143,StopLoss,"ORB5 고가 144,000 돌파 (범위 3.7%, 등락 +7.6%) · A등급","손절 (139,800)",7.62,1.22,1,190.0,1.269,1.47,1,10,3,10,0,1.2,False
000990#2974-20260915092330,000990,DB하이텍,ORB,FullAuto,Paper,Backtest,2026-09-15 09:23:30,2026-09-15 09:23:30,2026-09-15 15:05:00,341.5,16,118250,117000,114700,3.002,-24307,-1.285,-0.43,1.480,-2.748,0,-0.085,ForceClose,"ORB5 고가 118,100 돌파 (범위 3.6%, 등락 +6.1%)",장마감 강제청산,6.15,2.60,1,165.4,0.979,4.26,2,24,3,10,0,1.2,False
000660#2977-20260915151000,000660,SK하이닉스,오버나잇,FullAuto,Paper,Backtest,2026-09-15 15:10:00,2026-09-15 15:10:00,2026-09-16 09:01:00,1071,1,1682500,1685000,1598000,5.022,-1374,-0.082,-0.02,0.446,-0.327,0,-0.059,NextDayOpen,"오버나잇: 등락 -+0.1%, 범위 위치 18%",익일 시초 매도,-0.09,-1.28,0.181,316.9,0.157,0.52,2,370,5,0,0,1.2,True
402340#2978-20260915151000,402340,SK스퀘어,오버나잇,FullAuto,Paper,Backtest,2026-09-15 15:10:00,2026-09-15 15:10:00,2026-09-16 09:01:00,1071,1,999500,1002000,950000,4.952,197,0.020,0.00,0.350,-0.050,0,0,NextDayOpen,"오버나잇: 등락 -+0.1%, 범위 위치 20%",익일 시초 매도,-0.05,-0.80,0.196,476.9,0.172,0.34,2,370,5,0,0,1.2,True
034020#2982-20260915151000,034020,두산에너빌리티,오버나잇,FullAuto,Paper,Backtest,2026-09-15 15:10:00,2026-09-15 15:10:00,2026-09-16 09:01:00,1071,19,86000,86200,81700,5.00,35,0.002,0.00,0.465,0,0,0,NextDayOpen,"오버나잇: 등락 +0.5%, 범위 위치 64%",익일 시초 매도,0.47,0.34,0.643,444.8,0.291,0.80,1,370,5,0,0,1.2,True
052690#2981-20260915151000,052690,한전기술,오버나잇,FullAuto,Paper,Backtest,2026-09-15 15:10:00,2026-09-15 15:10:00,2026-09-16 09:01:00,1071,11,145400,147500,138200,4.952,19373,1.211,0.24,1.444,-1.444,0,0,NextDayOpen,"오버나잇: 등락 +8.1%, 범위 위치 89%",익일 시초 매도,8.10,3.77,0.892,204.1,0.919,0.45,1,370,5,0,0,1.2,True
356680#2984-20260915151000,356680,엑스게이트,오버나잇,FullAuto,Paper,Backtest,2026-09-15 15:10:00,2026-09-15 15:10:00,2026-09-16 09:01:00,1071,97,17480,17140,16610,4.977,-36808,-2.171,-0.44,0.686,-1.888,0,-0.058,NextDayOpen,"오버나잇: 등락 +1.7%, 범위 위치 49%",익일 시초 매도,1.69,-0.62,0.486,310.2,0.258,2.03,1,370,5,0,0,1.2,True
017900#2979-20260915151000,017900,광전자,오버나잇,FullAuto,Paper,Backtest,2026-09-15 15:10:00,2026-09-15 15:10:00,2026-09-16 09:01:00,1071,160,10570,10500,10050,4.920,-15065,-0.891,-0.18,0.851,-0.662,0,0,NextDayOpen,"오버나잇: 등락 +2.9%, 범위 위치 34%",익일 시초 매도,2.92,-2.07,0.341,279.2,0.493,0.69,1,370,5,0,0,1.2,True
058610#2980-20260915151000,058610,에스피지,오버나잇,FullAuto,Paper,Backtest,2026-09-15 15:10:00,2026-09-15 15:10:00,2026-09-16 09:01:00,1071,16,102100,101000,97000,4.995,-21319,-1.305,-0.26,0.588,-1.077,0,0,NextDayOpen,"오버나잇: 등락 +14.8%, 범위 위치 66%",익일 시초 매도,14.85,-0.95,0.665,305.1,0.329,1.41,1,370,5,0,0,1.2,True
014950#2983-20260915151000,014950,삼익제약,오버나잇,FullAuto,Paper,Backtest,2026-09-15 15:10:00,2026-09-15 15:10:00,2026-09-16 09:01:00,1071,145,11680,11290,11100,4.966,-60323,-3.562,-0.72,2.654,-3.339,0,0,NextDayOpen,"오버나잇: 등락 +23.2%, 범위 위치 84%",익일 시초 매도,23.21,4.99,0.836,184.7,0.832,0.43,1,370,5,0,0,1.2,True
009150#2995-20260916151000,009150,삼성전기,오버나잇,FullAuto,Paper,Backtest,2026-09-16 15:10:00,2026-09-16 15:10:00,2026-09-17 09:01:00,1071,1,1381000,1387000,1312000,4.996,2811,0.204,0.04,0.507,-0.434,0,-0.072,NextDayOpen,"오버나잇: 등락 +3.8%, 범위 위치 96%",익일 시초 매도,3.76,2.07,0.962,648.1,0.171,1.23,1,370,5,0,0,1.2,True
000150#3001-20260916151000,000150,두산,오버나잇,FullAuto,Paper,Backtest,2026-09-16 15:10:00,2026-09-16 15:10:00,2026-09-17 09:01:00,1071,1,1383500,1436000,1314000,5.023,49206,3.557,0.71,3.795,-0.181,0,0,NextDayOpen,"오버나잇: 등락 +6.4%, 범위 위치 100%",익일 시초 매도,6.42,2.52,0.995,534.9,0.237,0.75,2,370,5,0,0,1.2,True
010170#2996-20260916151000,010170,대한광통신,오버나잇,FullAuto,Paper,Backtest,2026-09-16 15:10:00,2026-09-16 15:10:00,2026-09-17 09:01:00,1071,104,16105,16190,15300,4.998,4970,0.297,0.06,0.590,-0.714,0,-0.062,NextDayOpen,"오버나잇: 등락 +12.4%, 범위 위치 82%",익일 시초 매도,12.40,3.20,0.816,249.3,0.302,0.61,2,370,5,0,0,1.2,True
000990#3000-20260916151000,000990,DB하이텍,오버나잇,FullAuto,Paper,Backtest,2026-09-16 15:10:00,2026-09-16 15:10:00,2026-09-17 09:01:00,1071,13,124400,130900,118200,4.984,80600,4.984,1,5.225,-0.241,0,0,NextDayOpen,"오버나잇: 등락 +3.8%, 범위 위치 97%",익일 시초 매도,3.84,3.01,0.967,463.3,0.276,0.84,1,370,5,0,0,1.2,True
072950#2998-20260916151000,072950,빛샘전자,오버나잇,FullAuto,Paper,Backtest,2026-09-16 15:10:00,2026-09-16 15:10:00,2026-09-17 09:01:00,1071,122,13690,14280,13010,4.967,67985,4.071,0.82,4.310,-1.096,0,0,NextDayOpen,"오버나잇: 등락 +27.4%, 범위 위치 93%",익일 시초 매도,27.37,5.09,0.927,336.3,0.402,1.63,1,370,5,0,0,1.2,True
069540#2997-20260916151000,069540,빛과전자,오버나잇,FullAuto,Paper,Backtest,2026-09-16 15:10:00,2026-09-16 15:10:00,2026-09-17 09:01:00,1071,384,4375,4415,4160,4.914,11464,0.682,0.14,1.029,-0.343,0,0,NextDayOpen,"오버나잇: 등락 +5.8%, 범위 위치 39%",익일 시초 매도,5.80,-4.19,0.393,185.7,0.359,0.49,1,370,5,0,0,1.2,True
043260#3006-20260917091822,043260,성호전자,ORB,FullAuto,Paper,Backtest,2026-09-17 09:18:22,2026-09-17 09:18:22,2026-09-17 09:46:07,27.8,100,19990,21950,19400,2.951,190982,9.554,3.24,10.055,0,0,-0.227,TakeProfit,"ORB5 고가 19,980 돌파 (범위 4.7%, 등락 +5.9%)",목표 익절 +10%,5.88,2.42,1,165.2,1.329,6.46,1,18,3,10,0,1.2,False
034020#3010-20260917151000,034020,두산에너빌리티,오버나잇,FullAuto,Paper,Backtest,2026-09-17 15:10:00,2026-09-17 15:10:00,2026-09-18 09:01:00,1071,19,85500,87300,81300,4.912,30392,1.871,0.38,2.105,-0.351,0,0,NextDayOpen,"오버나잇: 등락 +1.5%, 범위 위치 52%",익일 시초 매도,1.55,-0.26,0.52,576.8,0.184,0.36,1,370,5,0,0,1.2,True
000150#3008-20260917151000,000150,두산,오버나잇,FullAuto,Paper,Backtest,2026-09-17 15:10:00,2026-09-17 15:10:00,2026-09-18 09:01:00,1071,1,1394000,1489000,1325000,4.950,91590,6.570,1.33,6.815,-0.646,0,0,NextDayOpen,"오버나잇: 등락 +0.7%, 범위 위치 10%",익일 시초 매도,0.72,-3.17,0.102,150.0,0.559,0.58,1,370,5,0,0,1.2,True
012450#3012-20260917151000,012450,한화에어로스페이스,오버나잇,FullAuto,Paper,Backtest,2026-09-17 15:10:00,2026-09-17 15:10:00,2026-09-18 09:01:00,1071,1,1092000,1115000,1038000,4.945,20440,1.872,0.38,2.198,-0.092,0,-0.090,NextDayOpen,"오버나잇: 등락 +3.3%, 범위 위치 63%",익일 시초 매도,3.31,-0.17,0.630,576.6,0.186,0.94,1,370,5,0,0,1.2,True
005380#3014-20260917151000,005380,현대차,오버나잇,FullAuto,Paper,Backtest,2026-09-17 15:10:00,2026-09-17 15:10:00,2026-09-18 09:01:00,1071,4,362500,368500,344500,4.966,20614,1.422,0.29,1.793,-0.276,0,-0.136,NextDayOpen,"오버나잇: 등락 -+0.1%, 범위 위치 57%",익일 시초 매도,-0.14,0.21,0.571,1092.9,0.197,0.37,1,370,5,0,0,1.2,True
105560#3015-20260917151000,105560,KB금융,오버나잇,FullAuto,Paper,Backtest,2026-09-17 15:10:00,2026-09-17 15:10:00,2026-09-18 09:01:00,1071,9,178900,181500,170000,4.975,19647,1.220,0.25,1.453,-0.112,0,0,NextDayOpen,"오버나잇: 등락 +0.9%, 범위 위치 55%",익일 시초 매도,0.90,-0.36,0.548,464.2,0.120,0.16,1,370,5,0,0,1.2,True
329180#3013-20260917151000,329180,HD현대중공업,오버나잇,FullAuto,Paper,Backtest,2026-09-17 15:10:00,2026-09-17 15:10:00,2026-09-18 09:01:00,1071,3,466500,467500,443500,4.930,-224,-0.016,0.00,0.536,0,0,-0.107,NextDayOpen,"오버나잇: 등락 +5.4%, 범위 위치 65%",익일 시초 매도,5.42,-0.13,0.645,881.8,0.138,0.57,1,370,5,0,0,1.2,True
201490#3009-20260917151000,201490,미투온,오버나잇,FullAuto,Paper,Backtest,2026-09-17 15:10:00,2026-09-17 15:10:00,2026-09-18 09:01:00,1071,362,4620,4465,4390,4.978,-59834,-3.578,-0.72,0.758,-3.355,0,0,NextDayOpen,"오버나잇: 등락 +20.3%, 범위 위치 78%",익일 시초 매도,20.31,4.01,0.778,177.4,1.020,0.63,1,370,5,0,0,1.2,True
004310#3011-20260917151000,004310,현대약품,오버나잇,FullAuto,Paper,Backtest,2026-09-17 15:10:00,2026-09-17 15:10:00,2026-09-18 09:01:00,1071,160,10440,10650,9920,4.981,29687,1.777,0.36,2.011,0,0,0,NextDayOpen,"오버나잇: 등락 +2.9%, 범위 위치 13%",익일 시초 매도,2.86,-4.82,0.127,533.2,0.171,0.82,1,370,5,0,0,1.2,True
005690#3016-20260918090510,005690,파미셀,ORB,FullAuto,Paper,Backtest,2026-09-18 09:05:10,2026-09-18 09:05:10,2026-09-18 09:05:30,0.3,156,12810,12380,12430,2.966,-71530,-3.579,-1.21,0.390,-3.357,0,-0.402,StopLoss,"ORB5 고가 12,800 돌파 (범위 5.8%, 등락 +9.8%)","손절 (12,430)",9.77,2.17,1,102.2,2.836,0.84,1,5,3,10,0,1.2,False
009150#3022-20260918151000,009150,삼성전기,오버나잇,FullAuto,Paper,Backtest,2026-09-18 15:10:00,2026-09-18 15:10:00,2026-09-21 09:01:00,3951,1,1394000,1432000,1325000,4.950,34713,2.490,0.50,2.726,-0.430,0,0,NextDayOpen,"오버나잇: 등락 +3.1%, 범위 위치 24%",익일 시초 매도,3.11,-0.42,0.238,317.9,0.159,1.37,1,370,5,0,0,1.2,True
402340#3024-20260918151000,402340,SK스퀘어,오버나잇,FullAuto,Paper,Backtest,2026-09-18 15:10:00,2026-09-18 15:10:00,2026-09-21 09:01:00,3951,1,1076000,1087000,1023000,4.926,8502,0.790,0.16,1.022,-0.279,0,0,NextDayOpen,"오버나잇: 등락 +5.5%, 범위 위치 85%",익일 시초 매도,5.49,1.40,0.851,274.9,0.279,1.04,1,370,5,0,0,1.2,True
010170#3023-20260918151000,010170,대한광통신,오버나잇,FullAuto,Paper,Backtest,2026-09-18 15:10:00,2026-09-18 15:10:00,2026-09-21 09:01:00,3951,94,18120,18450,17220,4.967,27037,1.587,0.32,1.821,-0.055,0,0,NextDayOpen,"오버나잇: 등락 +11.5%, 범위 위치 69%",익일 시초 매도,11.51,0.33,0.691,205.4,0.369,1.03,1,370,5,0,0,1.2,True
000150#3026-20260918151000,000150,두산,오버나잇,FullAuto,Paper,Backtest,2026-09-18 15:10:00,2026-09-18 15:10:00,2026-09-21 09:01:00,3951,1,1451000,1478000,1379000,4.962,23606,1.627,0.33,1.861,-0.758,0,0,NextDayOpen,"오버나잇: 등락 +2.4%, 범위 위치 32%",익일 시초 매도,2.40,0.15,0.321,552.9,0.143,1.05,1,370,5,0,0,1.2,True
017900#3027-20260918151000,017900,광전자,오버나잇,FullAuto,Paper,Backtest,2026-09-18 15:10:00,2026-09-18 15:10:00,2026-09-21 09:01:00,3951,161,10560,10780,10040,4.924,31434,1.849,0.38,2.083,-0.284,0,0,NextDayOpen,"오버나잇: 등락 +3.4%, 범위 위치 25%",익일 시초 매도,3.43,-2.78,0.252,210.2,0.223,1.05,1,370,5,0,0,1.2,True
001820#3025-20260918151000,001820,삼화콘덴서,오버나잇,FullAuto,Paper,Backtest,2026-09-18 15:10:00,2026-09-18 15:10:00,2026-09-21 09:01:00,3951,11,145500,147000,138300,4.948,12784,0.799,0.16,1.100,-0.825,0,-0.068,NextDayOpen,"오버나잇: 등락 +4.5%, 범위 위치 50%",익일 시초 매도,4.45,-0.39,0.505,334.1,0.221,1.55,1,370,5,0,0,1.2,True
072950#3028-20260918151000,072950,빛샘전자,오버나잇,FullAuto,Paper,Backtest,2026-09-18 15:10:00,2026-09-18 15:10:00,2026-09-21 09:01:00,3951,119,14290,14090,13580,4.969,-27659,-1.627,-0.33,0.420,-1.330,0,-0.071,NextDayOpen,"오버나잇: 등락 +6.1%, 범위 위치 34%",익일 시초 매도,6.09,-4.81,0.343,153.2,0.620,0.56,1,370,5,0,0,1.2,True
001820#3029-20260921090627,001820,삼화콘덴서,ORB,FullAuto,Paper,Backtest,2026-09-21 09:06:27,2026-09-21 09:06:27,2026-09-21 09:10:20,3.9,12,154600,149800.00,150000,2.975,-61742,-3.328,-1.12,0.453,-3.105,0,-0.133,StopLoss,"ORB5 고가 154,500 돌파 (범위 5.2%, 등락 +6.9%)","손절 (150,000)",6.92,2.41,1,188.8,1.714,1.87,1,6,3,10,0,1.2,False
009150#3042-20260921151000,009150,삼성전기,오버나잇,FullAuto,Paper,Backtest,2026-09-21 15:10:00,2026-09-21 15:10:00,2026-09-22 09:01:00,1071,1,1428000,1490000,1357000,4.972,58583,4.102,0.83,4.412,-0.070,0,-0.067,NextDayOpen,"오버나잇: 등락 +2.9%, 범위 위치 68%",익일 시초 매도,2.88,0.55,0.681,431.7,0.140,0.71,1,370,5,0,0,1.2,True
402340#3043-20260921151000,402340,SK스퀘어,오버나잇,FullAuto,Paper,Backtest,2026-09-21 15:10:00,2026-09-21 15:10:00,2026-09-22 09:01:00,1071,1,1125000,1189000,1069000,4.978,61276,5.447,1.09,5.689,-0.444,0,0,NextDayOpen,"오버나잇: 등락 +5.0%, 범위 위치 79%",익일 시초 매도,5.04,0.57,0.789,504.1,0.235,1.04,1,370,5,0,0,1.2,True
007660#3047-20260921151000,007660,이수페타시스,오버나잇,FullAuto,Paper,Backtest,2026-09-21 15:10:00,2026-09-21 15:10:00,2026-09-22 09:01:00,1071,15,110100,114800,104600,4.995,66551,4.030,0.81,4.269,-0.091,0,0,NextDayOpen,"오버나잇: 등락 +7.5%, 범위 위치 79%",익일 시초 매도,7.52,1.02,0.788,2267.6,0.117,0.54,1,370,5,0,0,1.2,True
240810#3048-20260921151000,240810,원익IPS,오버나잇,FullAuto,Paper,Backtest,2026-09-21 15:10:00,2026-09-21 15:10:00,2026-09-22 09:01:00,1071,13,129000,133000,122600,4.961,48032,2.864,0.58,3.101,-0.543,0,0,NextDayOpen,"오버나잇: 등락 +6.2%, 범위 위치 78%",익일 시초 매도,6.17,1.05,0.785,306.5,0.185,0.54,1,370,5,0,0,1.2,True
067310#3045-20260921151000,067310,하나마이크론,오버나잇,FullAuto,Paper,Backtest,2026-09-21 15:10:00,2026-09-21 15:10:00,2026-09-22 09:01:00,1071,38,44550,45200,42350,4.938,20755,1.226,0.25,1.459,-0.112,0,0,NextDayOpen,"오버나잇: 등락 +15.6%, 범위 위치 87%",익일 시초 매도,15.56,2.28,0.871,331.7,0.168,1.36,1,370,5,0,0,1.2,True
036540#3044-20260921151000,036540,SFA반도체,오버나잇,FullAuto,Paper,Backtest,2026-09-21 15:10:00,2026-09-21 15:10:00,2026-09-22 09:01:00,1071,161,10600,10730,10070,5.00,16961,0.994,0.20,1.226,-1.179,0,0,NextDayOpen,"오버나잇: 등락 +17.8%, 범위 위치 76%",익일 시초 매도,17.80,0.30,0.763,245.4,0.391,0.63,1,370,5,0,0,1.2,True
017900#3046-20260921151000,017900,광전자,오버나잇,FullAuto,Paper,Backtest,2026-09-21 15:10:00,2026-09-21 15:10:00,2026-09-22 09:01:00,1071,154,11050,10560,10500,4.977,-79210,-4.655,-0.94,0,-4.344,0,-0.095,NextDayOpen,"오버나잇: 등락 +4.9%, 범위 위치 28%",익일 시초 매도,4.94,-4.18,0.281,180.8,0.265,0.39,1,370,5,0,0,1.2,True
001820#3049-20260922090525,001820,삼화콘덴서,ORB,FullAuto,Paper,Backtest,2026-09-22 09:05:25,2026-09-22 09:05:25,2026-09-22 09:12:22,7,12,157100,152400.0,152400,2.992,-60613,-3.215,-1.07,0.382,-2.992,0,0.0,StopLoss,"ORB5 고가 156,800 돌파 (범위 4.5%, 등락 +7.4%)","손절 (152,400)",7.38,2.60,1,280.6,1.655,1.77,1,5,3,10,0,1.2,False
009150#3057-20260922151000,009150,삼성전기,오버나잇,FullAuto,Paper,Backtest,2026-09-22 15:10:00,2026-09-22 15:10:00,2026-09-23 09:01:00,1071,1,1483000,1543000,1409000,4.990,56461,3.807,0.76,4.046,-0.270,0,0,NextDayOpen,"오버나잇: 등락 +3.6%, 범위 위치 23%",익일 시초 매도,3.56,-1.74,0.226,342.3,0.236,0.67,1,370,5,0,0,1.2,True
402340#3058-20260922151000,402340,SK스퀘어,오버나잇,FullAuto,Paper,Backtest,2026-09-22 15:10:00,2026-09-22 15:10:00,2026-09-23 09:01:00,1071,1,1144000,1178000,1087000,4.983,31297,2.736,0.55,3.059,-1.224,0,-0.085,NextDayOpen,"오버나잇: 등락 +1.0%, 범위 위치 15%",익일 시초 매도,0.97,-1.08,0.148,340.4,0.231,0.34,1,370,5,0,0,1.2,True
034020#3061-20260922151000,034020,두산에너빌리티,오버나잇,FullAuto,Paper,Backtest,2026-09-22 15:10:00,2026-09-22 15:10:00,2026-09-23 09:01:00,1071,19,86400,86100,82100,4.977,-9462,-0.576,-0.12,0.231,-0.347,0,0,NextDayOpen,"오버나잇: 등락 +0.0%, 범위 위치 41%",익일 시초 매도,0,-0.10,0.414,575.6,0.190,0.30,1,370,5,0,0,1.2,True
000720#3063-20260922151000,000720,현대건설,오버나잇,FullAuto,Paper,Backtest,2026-09-22 15:10:00,2026-09-22 15:10:00,2026-09-23 09:01:00,1071,13,131100,130000,124600,4.958,-18188,-1.067,-0.22,0.534,-0.839,0,0,NextDayOpen,"오버나잇: 등락 +3.9%, 범위 위치 52%",익일 시초 매도,3.88,-0.12,0.519,320.4,0.283,0.72,1,370,5,0,0,1.2,True
222800#3060-20260922151000,222800,심텍,오버나잇,FullAuto,Paper,Backtest,2026-09-22 15:10:00,2026-09-22 15:10:00,2026-09-23 09:01:00,1071,11,148500,148100,141100,4.983,-8147,-0.499,-0.10,0.067,-0.673,0,-0.067,NextDayOpen,"오버나잇: 등락 +12.8%, 범위 위치 55%",익일 시초 매도,12.77,-1.43,0.549,208.8,0.270,1.12,1,370,5,0,0,1.2,True
052690#3059-20260922151000,052690,한전기술,오버나잇,FullAuto,Paper,Backtest,2026-09-22 15:10:00,2026-09-22 15:10:00,2026-09-23 09:01:00,1071,12,137600,136200,130800,4.942,-20560,-1.245,-0.25,0.363,-1.017,0,0,NextDayOpen,"오버나잇: 등락 +4.8%, 범위 위치 66%",익일 시초 매도,4.80,1.43,0.658,212.1,0.317,0.70,1,370,5,0,0,1.2,True
012210#3062-20260922151000,012210,삼미금속,오버나잇,FullAuto,Paper,Backtest,2026-09-22 15:10:00,2026-09-22 15:10:00,2026-09-23 09:01:00,1071,126,13570,13100,12900,4.937,-63024,-3.686,-0.75,0.590,-3.464,0,0,NextDayOpen,"오버나잇: 등락 +22.6%, 범위 위치 83%",익일 시초 매도,22.58,3.06,0.829,206.7,0.697,0.73,1,370,5,0,0,1.2,True
001820#3064-20260922151000,001820,삼화콘덴서,오버나잇,FullAuto,Paper,Backtest,2026-09-22 15:10:00,2026-09-22 15:10:00,2026-09-23 09:01:00,1071,11,147600,151100,140300,4.946,34684,2.136,0.43,2.439,-0.136,0,-0.066,NextDayOpen,"오버나잇: 등락 +0.9%, 범위 위치 12%",익일 시초 매도,0.89,-2.28,0.122,625.5,0.126,0.99,1,370,5,0,0,1.2,True
240810#3070-20260923091730,240810,원익IPS,ORB,FullAuto,Paper,Backtest,2026-09-23 09:17:30,2026-09-23 09:17:30,2026-09-23 09:51:30,34,14,140000,135800,135800,3.00,-63181,-3.224,-1.07,2.929,-3.00,0,0,StopLoss,"ORB5 고가 139,700 돌파 (범위 5.7%, 등락 +7.3%)","손절 (135,800)",7.28,2.72,1,228.2,1.196,5.23,1,18,3,10,0,1.2,False
010060#3071-20260923090520,010060,OCI홀딩스,ORB,FullAuto,Paper,Backtest,2026-09-23 09:05:20,2026-09-23 09:05:20,2026-09-23 15:05:00,359.7,15,197000,205000,191100,2.995,112946,3.822,1.28,5.330,0,0,-0.243,ForceClose,"ORB5 고가 196,500 돌파 (범위 2.2%, 등락 +4.7%) · A등급",장마감 강제청산,4.68,1.15,1,300,1.387,1.93,1,5,3,10,0,1.2,False
