신호ID,종목코드,종목명,전략,운용,시각,가격,결과,상세,후속결정,신호근거,등락률%,VWAP이격%,범위위치,체결강도,거래량배수,스프레드틱,5분후,15분후,30분후,60분후,60분최고,60분최저
352820#3-S20260102102300,352820,하이브,VWAP눌림,FullAuto,2026-01-02 10:23:00,346500,진입,,,"VWAP 343,099 재돌파, 직전봉 고가 346,000 돌파",2.97,0.99,0.8,266.8,0.90,1,,,,,,
123690#1-S20260102102300,123690,한국화장품,VWAP눌림,FullAuto,2026-01-02 10:23:00,11010,진입,,,"VWAP 11,001 재돌파, 직전봉 고가 10,990 돌파",9.66,0.08,0.415,160.0,1.39,1,,,,,,
123690#1-S20260102105100,123690,한국화장품,VWAP눌림,FullAuto,2026-01-02 10:51:00,11070,진입,,,"VWAP 11,028 재돌파, 직전봉 고가 10,950 돌파",10.26,0.38,0.508,176.0,2.45,1,,,,,,
123690#1-S20260102113300,123690,한국화장품,VWAP눌림,FullAuto,2026-01-02 11:33:00,11150,진입,,,"VWAP 11,120 재돌파, 직전봉 고가 11,140 돌파",11.06,0.27,0.526,170.4,0.48,1,,,,,,
352820#3-S20260102114600,352820,하이브,VWAP눌림,FullAuto,2026-01-02 11:46:00,344500,진입,,,"VWAP 343,285 재돌파, 직전봉 고가 344,000 돌파",2.38,0.35,0.64,318.6,1.28,1,,,,,,
274090#4-S20260102120300,274090,켄코아에어로스페이스,VWAP눌림,FullAuto,2026-01-02 12:03:00,19440,진입,,,"VWAP 19,308 재돌파, 직전봉 고가 19,410 돌파",9.34,0.68,0.690,147.0,0.47,1,,,,,,
352820#3-S20260102121100,352820,하이브,VWAP눌림,FullAuto,2026-01-02 12:11:00,344250,진입,,,"VWAP 343,375 재돌파, 직전봉 고가 344,000 돌파",2.30,0.25,0.62,327.8,1.50,2,,,,,,
274090#4-S20260102133700,274090,켄코아에어로스페이스,VWAP눌림,FullAuto,2026-01-02 13:37:00,19300,진입,,,"VWAP 19,271 재돌파, 직전봉 고가 19,200 돌파",8.55,0.15,0.643,173.3,4.11,1,,,,,,
005930#7-S20260102150000,005930,삼성전자,종가베팅,FullAuto,2026-01-02 15:00:00,128150,진입,,,"종가베팅: 등락 +6.4%, 고저범위 99% 위치, VWAP 124,518 위",6.44,2.92,0.994,837.0,4.04,2,,,,,,
000660#8-S20260102150000,000660,SK하이닉스,종가베팅,FullAuto,2026-01-02 15:00:00,678000,차단,매수 가능 수량 0 (투입금/리스크/예수금 확인),,"종가베팅: 등락 +4.0%, 고저범위 97% 위치, VWAP 663,730 위",3.99,2.15,0.969,477.5,2.44,1,679000,678000,,,679000,676000
042700#9-S20260105090525,042700,한미반도체,ORB,FullAuto,2026-01-05 09:05:25,158500,진입,,,"ORB5 고가 158,400 돌파 (범위 3.4%)",8.64,1.55,1,304.6,1.66,1,,,,,,
034020#11-S20260105090527,034020,두산에너빌리티,ORB,FullAuto,2026-01-05 09:05:27,80100,진입,,,"ORB5 고가 80,000 돌파 (범위 5.1%)",5.81,1.52,1,485.1,1.78,1,,,,,,
042700#9-S20260105091922,042700,한미반도체,ORB,FullAuto,2026-01-05 09:19:22,158500,진입,,,"ORB5 고가 158,400 돌파 (범위 3.4%)",8.64,1.12,0.803,222.3,4.01,1,,,,,,
042700#9-S20260105093527,042700,한미반도체,ORB,FullAuto,2026-01-05 09:35:27,158600,진입,,,"ORB5 고가 158,400 돌파 (범위 3.4%)",8.70,0.10,0.574,217.2,2.12,1,,,,,,
190510#14-S20260105103400,190510,나무가,VWAP눌림,FullAuto,2026-01-05 10:34:00,19320,진입,,,"VWAP 19,309 재돌파, 직전봉 고가 19,310 돌파",12.72,0.06,0.671,114.5,0.15,1,,,,,,
190510#14-S20260105104600,190510,나무가,VWAP눌림,FullAuto,2026-01-05 10:46:00,19330,진입,,,"VWAP 19,309 재돌파, 직전봉 고가 19,310 돌파",12.78,0.11,0.674,123.1,1.22,1,,,,,,
190510#14-S20260105113400,190510,나무가,VWAP눌림,FullAuto,2026-01-05 11:34:00,19590,진입,,,"VWAP 19,503 재돌파, 직전봉 고가 19,520 돌파",14.29,0.45,0.722,151.9,0.74,1,,,,,,
464080#16-S20260105115200,464080,에스오에스랩,VWAP눌림,FullAuto,2026-01-05 11:52:00,16340,진입,,,"VWAP 16,133 재돌파, 직전봉 고가 16,140 돌파",4.74,1.28,0.669,217.4,1.75,1,,,,,,
042700#19-S20260105150000,042700,한미반도체,종가베팅,FullAuto,2026-01-05 15:00:00,166000,진입,,,"종가베팅: 등락 +13.8%, 고저범위 98% 위치, VWAP 159,782 위",13.78,3.89,0.985,280.6,2.41,1,,,,,,
010120#18-S20260105150000,010120,LS ELECTRIC,종가베팅,FullAuto,2026-01-05 15:00:00,101400,진입,,,"종가베팅: 등락 +3.2%, 고저범위 88% 위치, VWAP 100,357 위",3.15,1.04,0.875,534.7,1.20,1,,,,,,
307950#20-S20260106090622,307950,현대오토에버,ORB,FullAuto,2026-01-06 09:06:22,350500,진입,,,"ORB5 고가 350,000 돌파 (범위 7.2%)",12.34,2.29,1,184.5,1.97,1,,,,,,
012330#21-S20260106091607,012330,현대모비스,ORB,FullAuto,2026-01-06 09:16:07,385500,진입,,,"ORB5 고가 385,000 돌파 (범위 1.6%)",3.35,0.22,0.591,265.1,0.80,1,,,,,,
307950#20-S20260106092022,307950,현대오토에버,ORB,FullAuto,2026-01-06 09:20:22,351500,진입,,,"ORB5 고가 350,000 돌파 (범위 7.2%)",12.66,0.07,0.658,182.9,1.27,1,,,,,,
047810#24-S20260106124300,047810,한국항공우주,VWAP눌림,FullAuto,2026-01-06 12:43:00,135100,진입,,,"VWAP 134,266 재돌파, 직전봉 고가 134,900 돌파",8.69,0.62,0.688,227.0,0.75,1,,,,,,
047810#24-S20260106140900,047810,한국항공우주,VWAP눌림,FullAuto,2026-01-06 14:09:00,135500,진입,,,"VWAP 134,481 재돌파, 직전봉 고가 135,400 돌파",9.01,0.76,0.709,237.0,0.51,1,,,,,,
042700#27-S20260106150000,042700,한미반도체,종가베팅,FullAuto,2026-01-06 15:00:00,180500,진입,,,"종가베팅: 등락 +3.8%, 고저범위 96% 위치, VWAP 175,492 위",3.80,2.85,0.964,495.4,4.47,1,,,,,,
403870#25-S20260106150000,403870,HPSP,종가베팅,FullAuto,2026-01-06 15:00:00,38300,진입,,,"종가베팅: 등락 +9.4%, 고저범위 88% 위치, VWAP 37,003 위",9.43,3.51,0.878,446.2,0.60,1,,,,,,
006140#29-S20260107090525,006140,피제이전자,ORB,FullAuto,2026-01-07 09:05:25,8340,진입,,,"ORB5 고가 8,310 돌파 (범위 7.9%)",14.56,3.83,1,192.6,1.24,1,,,,,,
454910#32-S20260107102300,454910,두산로보틱스,VWAP눌림,FullAuto,2026-01-07 10:23:00,86500,진입,,,"VWAP 86,410 재돌파, 직전봉 고가 86,500 돌파",6.53,0.10,0.602,264.0,1.07,1,,,,,,
454910#32-S20260107104900,454910,두산로보틱스,VWAP눌림,FullAuto,2026-01-07 10:49:00,86900,진입,,,"VWAP 86,451 재돌파, 직전봉 고가 86,500 돌파",7.02,0.52,0.648,276.6,1.14,1,,,,,,
006140#29-S20260107130820,006140,피제이전자,ORB,FullAuto,2026-01-07 13:08:20,8350,진입,,,"ORB5 고가 8,310 돌파 (범위 7.9%)",14.70,0.25,0.494,177.6,10.68,1,,,,,,
006140#29-S20260107133612,006140,피제이전자,ORB,FullAuto,2026-01-07 13:36:12,8330,진입,,,"ORB5 고가 8,310 돌파 (범위 7.9%)",14.42,0.36,0.483,170.7,3.55,1,,,,,,
123690#36-S20260107133700,123690,한국화장품,VWAP눌림,FullAuto,2026-01-07 13:37:00,11920,진입,,,"VWAP 11,807 재돌파, 직전봉 고가 11,840 돌파",14.40,0.95,0.719,144.4,0.68,1,,,,,,
123690#36-S20260107135500,123690,한국화장품,VWAP눌림,FullAuto,2026-01-07 13:55:00,11800,진입,,,"VWAP 11,783 재돌파, 직전봉 고가 11,570 돌파",13.24,0.15,0.674,139.2,1.43,1,,,,,,
249420#37-S20260107150000,249420,일동제약,종가베팅,FullAuto,2026-01-07 15:00:00,42950,진입,,,"종가베팅: 등락 +10.4%, 고저범위 97% 위치, VWAP 41,389 위",10.41,3.77,0.971,315.8,1.56,1,,,,,,
226950#39-S20260107150000,226950,올릭스,종가베팅,FullAuto,2026-01-07 15:00:00,158200,진입,,,"종가베팅: 등락 +7.1%, 고저범위 92% 위치, VWAP 155,492 위",7.11,1.74,0.917,266.9,0.85,1,,,,,,
012450#40-S20260108090622,012450,한화에어로스페이스,ORB,FullAuto,2026-01-08 09:06:22,1070000,진입,,,"ORB5 고가 1,068,000 돌파 (범위 4.2%)",6.47,1.34,1,310.9,2.12,1,,,,,,
042700#45-S20260108101600,042700,한미반도체,VWAP눌림,FullAuto,2026-01-08 10:16:00,196100,진입,,,"VWAP 194,670 재돌파, 직전봉 고가 195,900 돌파",6.46,0.73,0.719,152.8,0.86,1,,,,,,
347850#47-S20260108150000,347850,디앤디파마텍,종가베팅,FullAuto,2026-01-08 15:00:00,108100,진입,,,"종가베팅: 등락 +9.3%, 고저범위 91% 위치, VWAP 104,011 위",9.30,3.93,0.91,248.7,1.21,1,,,,,,
036930#48-S20260108150030,036930,주성엔지니어링,종가베팅,FullAuto,2026-01-08 15:00:30,35050,진입,,,"종가베팅: 등락 +13.1%, 고저범위 84% 위치, VWAP 34,635 위",13.06,1.20,0.837,353.8,1.48,1,,,,,,
234030#49-S20260109090527,234030,싸이닉솔루션,ORB,FullAuto,2026-01-09 09:05:27,10980,진입,,,"ORB5 고가 10,970 돌파 (범위 8.6%)",11.36,3.30,1,311.7,3.14,1,,,,,,
103140#51-S20260109090627,103140,풍산,ORB,FullAuto,2026-01-09 09:06:27,122700,진입,,,"ORB5 고가 122,500 돌파 (범위 2.7%)",5.96,1.23,1,316.2,3.50,1,,,,,,
000880#54-S20260109141200,000880,한화,VWAP눌림,FullAuto,2026-01-09 14:12:00,109846,진입,,,"VWAP 109,625 재돌파, 직전봉 고가 109,800 돌파",4.33,0.20,0.636,232.1,0.67,2,,,,,,
000880#54-S20260109142700,000880,한화,VWAP눌림,FullAuto,2026-01-09 14:27:00,109606,진입,,,"VWAP 109,621 재돌파, 직전봉 고가 109,400 돌파",4.11,-0.01,0.606,231.7,2.44,2,,,,,,
000880#54-S20260109144200,000880,한화,VWAP눌림,FullAuto,2026-01-09 14:42:00,109606,시간외,진입 가능 시간 09:05~14:30 밖,,"VWAP 109,618 재돌파, 직전봉 고가 109,606 돌파",4.11,-0.01,0.606,229.9,0.56,2,109486,109486,109486,,109726,108885
000270#55-S20260109150532,000270,기아,종가베팅,FullAuto,2026-01-09 15:05:32,133300,진입,,,"종가베팅: 등락 +7.0%, 고저범위 96% 위치, VWAP 129,397 위",6.98,3.02,0.964,530.5,0.91,1,,,,,,
011210#56-S20260109150532,011210,현대위아,종가베팅,FullAuto,2026-01-09 15:05:32,92000,진입,,,"종가베팅: 등락 +10.2%, 고저범위 88% 위치, VWAP 87,838 위",10.18,4.74,0.876,229.9,1.65,1,,,,,,
034020#58-S20260112090620,034020,두산에너빌리티,ORB,FullAuto,2026-01-12 09:06:20,89700,진입,,,"ORB5 고가 89,600 돌파 (범위 3.0%)",5.78,1.12,1,481.2,2.78,1,,,,,,
000720#59-S20260112090625,000720,현대건설,ORB,FullAuto,2026-01-12 09:06:25,81500,진입,,,"ORB5 고가 81,200 돌파 (범위 4.2%)",6.96,1.46,1,236.8,2.01,1,,,,,,
042660#61-S20260112125300,042660,한화오션,VWAP눌림,FullAuto,2026-01-12 12:53:00,144700,진입,,,"VWAP 143,966 재돌파, 직전봉 고가 144,300 돌파",7.26,0.51,0.743,291.0,1.59,1,,,,,,
000720#62-S20260112150000,000720,현대건설,종가베팅,FullAuto,2026-01-12 15:00:00,89900,진입,,,"종가베팅: 등락 +18.0%, 고저범위 81% 위치, VWAP 87,335 위",17.98,2.94,0.811,256.7,1.14,1,,,,,,
373220#63-S20260112150422,373220,LG에너지솔루션,종가베팅,FullAuto,2026-01-12 15:04:22,376500,진입,,,"종가베팅: 등락 +3.6%, 고저범위 82% 위치, VWAP 375,118 위",3.58,0.37,0.818,715.6,1.62,1,,,,,,
101490#64-S20260113090510,101490,에스앤에스텍,ORB,FullAuto,2026-01-13 09:05:10,69700,진입,,,"ORB5 고가 69,600 돌파 (범위 8.6%)",12.97,3.63,1,173.0,1.03,1,,,,,,
307950#65-S20260113090522,307950,현대오토에버,ORB,FullAuto,2026-01-13 09:05:22,503000,진입,,,"ORB5 고가 501,000 돌파 (범위 3.7%)",9.35,1.78,1,269.6,2.50,1,,,,,,
012330#67-S20260113114100,012330,현대모비스,VWAP눌림,FullAuto,2026-01-13 11:41:00,447000,진입,,,"VWAP 444,714 재돌파, 직전봉 고가 445,000 돌파",12.88,0.51,0.677,255.5,0.71,1,,,,,,
012330#67-S20260113115600,012330,현대모비스,VWAP눌림,FullAuto,2026-01-13 11:56:00,445000,진입,,,"VWAP 444,694 재돌파, 직전봉 고가 444,000 돌파",12.37,0.07,0.647,254.8,0.41,1,,,,,,
012330#67-S20260113124000,012330,현대모비스,VWAP눌림,FullAuto,2026-01-13 12:40:00,445000,진입,,,"VWAP 444,650 재돌파, 직전봉 고가 444,000 돌파",12.37,0.08,0.647,259.6,1.35,1,,,,,,
042660#70-S20260113150000,042660,한화오션,종가베팅,FullAuto,2026-01-13 15:00:00,149400,진입,,,"종가베팅: 등락 +3.8%, 고저범위 93% 위치, VWAP 147,698 위",3.82,1.15,0.932,744.5,0.47,1,,,,,,
030530#69-S20260113150000,030530,원익홀딩스,종가베팅,FullAuto,2026-01-13 15:00:00,43000,진입,,,"종가베팅: 등락 +9.6%, 고저범위 95% 위치, VWAP 41,807 위",9.55,2.85,0.947,550.5,0.75,1,,,,,,
066570#72-S20260114090522,066570,LG전자,ORB,FullAuto,2026-01-14 09:05:22,96700,진입,,,"ORB5 고가 96,500 돌파 (범위 5.5%)",6.50,1.53,1,401.1,1.80,1,,,,,,
000990#73-S20260114090525,000990,DB하이텍,ORB,FullAuto,2026-01-14 09:05:25,81200,진입,,,"ORB5 고가 81,000 돌파 (범위 5.2%)",6.28,1.92,1,610.2,2.23,1,,,,,,
042700#71-S20260114090627,042700,한미반도체,ORB,FullAuto,2026-01-14 09:06:27,185500,진입,,,"ORB5 고가 185,300 돌파 (범위 4.7%)",7.04,1.67,1,199.8,2.30,1,,,,,,
000150#75-S20260114150000,000150,두산,종가베팅,FullAuto,2026-01-14 15:00:00,849000,차단,매수 가능 수량 0 (투입금/리스크/예수금 확인),,"종가베팅: 등락 +7.6%, 고저범위 98% 위치, VWAP 829,534 위",7.60,2.35,0.984,508.9,0.82,1,849000,850500,,,851000,848000
388210#74-S20260114150000,388210,씨엠티엑스,종가베팅,FullAuto,2026-01-14 15:00:00,114700,진입,,,"종가베팅: 등락 +13.7%, 고저범위 85% 위치, VWAP 111,605 위",13.68,2.77,0.85,228.1,0.72,1,,,,,,
298040#77-S20260115090527,298040,효성중공업,ORB,FullAuto,2026-01-15 09:05:27,2329000,차단,매수 가능 수량 0 (투입금/리스크/예수금 확인),,"ORB5 고가 2,328,000 돌파 (범위 5.6%)",8.88,2.10,1,121.9,1.62,1,2340000,2280000,2260000,2253000,2365000,2235000
000880#76-S20260115090625,000880,한화,ORB,FullAuto,2026-01-15 09:06:25,157900,진입,,,"ORB5 고가 157,746 돌파 (범위 2.3%)",4.97,1.08,1,170.8,3.76,1,,,,,,
007660#78-S20260115090730,007660,이수페타시스,ORB,FullAuto,2026-01-15 09:07:30,121600,진입,,,"ORB5 고가 121,400 돌파 (범위 3.5%)",4.56,1.28,1,572.7,1.98,1,,,,,,
000880#76-S20260115092930,000880,한화,ORB,FullAuto,2026-01-15 09:29:30,158106,진입,,,"ORB5 고가 157,746 돌파 (범위 2.3%)",5.11,1.45,0.839,129.3,3.37,2,,,,,,
007660#78-S20260115143820,007660,이수페타시스,ORB,FullAuto,2026-01-15 14:38:20,121500,시간외,진입 가능 시간 09:05~14:30 밖,,"ORB5 고가 121,400 돌파 (범위 3.5%)",4.47,0.65,0.737,343.5,11.31,1,121700,121800,121600,,122200,121400
005930#82-S20260115150000,005930,삼성전자,종가베팅,FullAuto,2026-01-15 15:00:00,143800,진입,,,"종가베팅: 등락 +3.1%, 고저범위 96% 위치, VWAP 141,223 위",3.08,1.82,0.965,600.5,1.80,1,,,,,,
000720#81-S20260115150000,000720,현대건설,종가베팅,FullAuto,2026-01-15 15:00:00,98900,진입,,,"종가베팅: 등락 +5.1%, 고저범위 98% 위치, VWAP 96,504 위",5.10,2.48,0.984,449.9,0.43,1,,,,,,
022100#86-S20260116093627,022100,포스코DX,ORB,FullAuto,2026-01-16 09:36:27,42450,진입,,,"ORB5 고가 42,350 돌파 (범위 3.8%)",9.83,1.88,0.95,221.6,2.92,1,,,,,,
200880#85-S20260116094420,200880,서연이화,ORB,FullAuto,2026-01-16 09:44:20,16300,진입,,,"ORB5 고가 16,290 돌파 (범위 4.5%)",15.60,2.27,1,157.7,17.87,1,,,,,,
022100#86-S20260116095430,022100,포스코DX,ORB,FullAuto,2026-01-16 09:54:30,42400,진입,,,"ORB5 고가 42,350 돌파 (범위 3.8%)",9.70,1.60,0.902,222.1,2.42,1,,,,,,
052690#87-S20260116113022,052690,한전기술,ORB,FullAuto,2026-01-16 11:30:22,122600,진입,,,"ORB5 고가 122,500 돌파 (범위 7.1%)",7.54,0.01,0.562,184.0,5.16,1,,,,,,
101330#89-S20260116134700,101330,모베이스,VWAP눌림,FullAuto,2026-01-16 13:47:00,7960,진입,,,"VWAP 7,821 재돌파, 직전봉 고가 7,830 돌파",6.42,1.78,0.605,169.9,1.08,1,,,,,,
101330#89-S20260116140200,101330,모베이스,VWAP눌림,FullAuto,2026-01-16 14:02:00,7910,진입,,,"VWAP 7,811 재돌파, 직전봉 고가 7,860 돌파",5.75,1.27,0.589,166.4,0.40,1,,,,,,
010130#91-S20260116150000,010130,고려아연,종가베팅,FullAuto,2026-01-16 15:00:00,1574000,차단,매수 가능 수량 0 (투입금/리스크/예수금 확인),,"종가베팅: 등락 +8.9%, 고저범위 84% 위치, VWAP 1,549,415 위",8.93,1.59,0.837,507.6,0.61,1,1584000,1588000,,,1594000,1571000
032820#94-S20260116150000,032820,우리기술,종가베팅,FullAuto,2026-01-16 15:00:00,4745,진입,,,"종가베팅: 등락 +17.6%, 고저범위 78% 위치, VWAP 4,592 위",17.60,3.32,0.777,232.4,0.75,1,,,,,,
005380#96-S20260119090520,005380,현대차,ORB,FullAuto,2026-01-19 09:05:20,439500,진입,,,"ORB5 고가 439,000 돌파 (범위 4.6%)",5.65,1.92,1,957.5,1.77,1,,,,,,
454910#95-S20260119090620,454910,두산로보틱스,ORB,FullAuto,2026-01-19 09:06:20,100600,진입,,,"ORB5 고가 100,300 돌파 (범위 7.2%)",11.28,3.11,1,378.3,2.46,1,,,,,,
456160#97-S20260119090720,456160,지투지바이오,ORB,FullAuto,2026-01-19 09:07:20,86500,진입,,,"ORB5 고가 86,300 돌파 (범위 4.6%)",4.22,1.76,1,192.7,5.03,1,,,,,,
005380#99-S20260119150000,005380,현대차,종가베팅,FullAuto,2026-01-19 15:00:00,476000,진입,,,"종가베팅: 등락 +14.4%, 고저범위 84% 위치, VWAP 460,332 위",14.42,3.40,0.837,353.3,0.95,1,,,,,,
454910#98-S20260119150000,454910,두산로보틱스,종가베팅,FullAuto,2026-01-19 15:00:00,107100,진입,,,"종가베팅: 등락 +18.5%, 고저범위 78% 위치, VWAP 106,237 위",18.47,0.81,0.780,243.4,0.97,1,,,,,,
457190#100-S20260120090527,457190,이수스페셜티케미컬,ORB,FullAuto,2026-01-20 09:05:27,84200,진입,,,"ORB5 고가 84,000 돌파 (범위 6.3%)",7.67,2.70,1,160.4,1.82,1,,,,,,
022100#101-S20260120090530,022100,포스코DX,ORB,FullAuto,2026-01-20 09:05:30,44900,진입,,,"ORB5 고가 44,850 돌파 (범위 2.9%)",3.94,1.28,1,255.2,1.33,1,,,,,,
052690#103-S20260120103000,052690,한전기술,VWAP눌림,FullAuto,2026-01-20 10:30:00,139100,진입,,,"VWAP 138,402 재돌파, 직전봉 고가 138,700 돌파",4.74,0.50,0.613,376.3,1.23,1,,,,,,
457190#100-S20260120110027,457190,이수스페셜티케미컬,ORB,FullAuto,2026-01-20 11:00:27,84100,진입,,,"ORB5 고가 84,000 돌파 (범위 6.3%)",7.54,0.03,0.5,166.4,4.33,1,,,,,,
005490#104-S20260120150017,005490,POSCO홀딩스,종가베팅,FullAuto,2026-01-20 15:00:17,357000,진입,,,"종가베팅: 등락 +3.3%, 고저범위 96% 위치, VWAP 352,361 위",3.33,1.32,0.958,300,2.09,1,,,,,,
015760#105-S20260120150417,015760,한국전력,종가베팅,FullAuto,2026-01-20 15:04:17,66700,진입,,,"종가베팅: 등락 +18.7%, 고저범위 95% 위치, VWAP 62,808 위",18.68,6.20,0.948,300,1.27,1,,,,,,
257720#108-S20260121090630,257720,실리콘투,ORB,FullAuto,2026-01-21 09:06:30,45500,진입,,,"ORB5 고가 45,450 돌파 (범위 5.7%)",5.45,1.45,1,272.1,1.63,1,,,,,,
006910#107-S20260121091120,006910,보성파워텍,ORB,FullAuto,2026-01-21 09:11:20,8870,진입,,,"ORB5 고가 8,850 돌파 (범위 6.6%)",13.72,2.51,0.934,151.7,1.41,1,,,,,,
032820#106-S20260121091125,032820,우리기술,ORB,FullAuto,2026-01-21 09:11:25,9430,차단,리스크 관리로 진입 차단: 동시 보유 한도 4종목,,"ORB5 고가 9,420 돌파 (범위 9.7%)",18.17,3.67,1,217.1,1.79,1,9320,9670,9580,9600,9980,9100
032820#106-S20260121091425,032820,우리기술,ORB,FullAuto,2026-01-21 09:14:25,9430,진입,,,"ORB5 고가 9,420 돌파 (범위 9.7%)",18.17,3.17,0.955,211.9,1.23,1,,,,,,
006910#107-S20260121091822,006910,보성파워텍,ORB,FullAuto,2026-01-21 09:18:22,8880,진입,,,"ORB5 고가 8,850 돌파 (범위 6.6%)",13.85,1.98,0.829,164.0,1.78,1,,,,,,
032820#106-S20260121095025,032820,우리기술,ORB,FullAuto,2026-01-21 09:50:25,9430,진입,,,"ORB5 고가 9,420 돌파 (범위 9.7%)",18.17,0.32,0.604,204.6,2.78,1,,,,,,
006910#107-S20260121095040,006910,보성파워텍,ORB,FullAuto,2026-01-21 09:50:40,8860,진입,,,"ORB5 고가 8,850 돌파 (범위 6.6%)",13.59,0.12,0.566,169.2,2.19,1,,,,,,
257720#108-S20260121100415,257720,실리콘투,ORB,FullAuto,2026-01-21 10:04:15,45500,진입,,,"ORB5 고가 45,450 돌파 (범위 5.7%)",5.45,0.06,0.625,224.7,1.65,1,,,,,,
015760#111-S20260121110600,015760,한국전력,VWAP눌림,FullAuto,2026-01-21 11:06:00,67800,진입,,,"VWAP 67,385 재돌파, 직전봉 고가 67,700 돌파",3.04,0.62,0.630,286.8,0.96,1,,,,,,
015760#111-S20260121113000,015760,한국전력,VWAP눌림,FullAuto,2026-01-21 11:30:00,67900,진입,,,"VWAP 67,476 재돌파, 직전봉 고가 67,800 돌파",3.19,0.63,0.652,293.1,0.87,1,,,,,,
056080#113-S20260121113800,056080,유진로봇,VWAP눌림,FullAuto,2026-01-21 11:38:00,34950,진입,,,"VWAP 34,643 재돌파, 직전봉 고가 34,600 돌파",11.31,0.89,0.703,189.4,1.64,1,,,,,,
015760#111-S20260121114400,015760,한국전력,VWAP눌림,FullAuto,2026-01-21 11:44:00,68200,진입,,,"VWAP 67,486 재돌파, 직전봉 고가 67,900 돌파",3.65,1.06,0.717,295.7,1.89,1,,,,,,
056080#113-S20260121115100,056080,유진로봇,VWAP눌림,FullAuto,2026-01-21 11:51:00,35150,진입,,,"VWAP 34,662 재돌파, 직전봉 고가 35,050 돌파",11.94,1.41,0.721,196.8,1.51,1,,,,,,
257720#108-S20260121115630,257720,실리콘투,ORB,FullAuto,2026-01-21 11:56:30,45500,진입,,,"ORB5 고가 45,450 돌파 (범위 5.7%)",5.45,0.26,0.625,255.6,2.04,1,,,,,,
012330#114-S20260121120700,012330,현대모비스,VWAP눌림,FullAuto,2026-01-21 12:07:00,470250,진입,,,"VWAP 468,901 재돌파, 직전봉 고가 470,000 돌파",6.75,0.29,0.633,268.2,0.38,2,,,,,,
012330#114-S20260121130100,012330,현대모비스,VWAP눌림,FullAuto,2026-01-21 13:01:00,472500,진입,,,"VWAP 469,252 재돌파, 직전봉 고가 471,500 돌파",7.26,0.69,0.673,278.6,1.39,1,,,,,,
056080#113-S20260121140700,056080,유진로봇,VWAP눌림,FullAuto,2026-01-21 14:07:00,35100,진입,,,"VWAP 34,809 재돌파, 직전봉 고가 34,950 돌파",11.78,0.84,0.716,248.2,1.18,1,,,,,,
005930#120-S20260121150000,005930,삼성전자,종가베팅,FullAuto,2026-01-21 15:00:00,149100,진입,,,"종가베팅: 등락 +4.6%, 고저범위 91% 위치, VWAP 147,477 위",4.63,1.10,0.912,603.7,0.80,1,,,,,,
066570#119-S20260121150000,066570,LG전자,종가베팅,FullAuto,2026-01-21 15:00:00,109700,진입,,,"종가베팅: 등락 +7.8%, 고저범위 91% 위치, VWAP 105,507 위",7.76,3.97,0.913,393.4,0.83,1,,,,,,
215100#121-S20260122090520,215100,로보로보,ORB,FullAuto,2026-01-22 09:05:20,14270,진입,,,"ORB5 고가 14,250 돌파 (범위 5.6%)",21.24,2.51,1,180.4,1.36,1,,,,,,
114190#126-S20260122123800,114190,강원에너지,VWAP눌림,FullAuto,2026-01-22 12:38:00,16000,진입,,,"VWAP 15,774 재돌파, 직전봉 고가 15,890 돌파",15.86,1.44,0.723,163.3,1.13,1,,,,,,
114190#126-S20260122125200,114190,강원에너지,VWAP눌림,FullAuto,2026-01-22 12:52:00,15800,진입,,,"VWAP 15,775 재돌파, 직전봉 고가 15,760 돌파",14.41,0.16,0.659,159.1,0.52,1,,,,,,
114190#126-S20260122130200,114190,강원에너지,VWAP눌림,FullAuto,2026-01-22 13:02:00,15810,진입,,,"VWAP 15,775 재돌파, 직전봉 고가 15,730 돌파",14.48,0.22,0.662,162.0,0.60,1,,,,,,
298830#127-S20260122134400,298830,슈어소프트테크,VWAP눌림,FullAuto,2026-01-22 13:44:00,9940,진입,,,"VWAP 9,867 재돌파, 직전봉 고가 9,920 돌파",16.80,0.74,0.569,178.0,1.39,1,,,,,,
298830#127-S20260122135700,298830,슈어소프트테크,VWAP눌림,FullAuto,2026-01-22 13:57:00,9890,차단,리스크 관리로 진입 차단: 5연속 손실 쿨다운 ~14:18,,"VWAP 9,867 재돌파, 직전봉 고가 9,850 돌파",16.22,0.24,0.546,187.5,0.75,1,9900,9675,9770,10070,10080,9570
298830#127-S20260122140000,298830,슈어소프트테크,VWAP눌림,FullAuto,2026-01-22 14:00:00,9910,차단,리스크 관리로 진입 차단: 5연속 손실 쿨다운 ~14:18,,"VWAP 9,867 재돌파, 직전봉 고가 9,910 돌파",16.45,0.44,0.555,188.1,0.52,1,9900,9620,9740,9990,10080,9570
298830#127-S20260122140400,298830,슈어소프트테크,VWAP눌림,FullAuto,2026-01-22 14:04:00,9910,차단,리스크 관리로 진입 차단: 5연속 손실 쿨다운 ~14:18,,"VWAP 9,867 재돌파, 직전봉 고가 9,900 돌파",16.45,0.44,0.555,188.6,0.36,1,9870,9590,9830,9990,10080,9570
215100#121-S20260122141625,215100,로보로보,ORB,FullAuto,2026-01-22 14:16:25,14290,차단,리스크 관리로 진입 차단: 5연속 손실 쿨다운 ~14:18,,"ORB5 고가 14,250 돌파 (범위 5.6%)",21.41,1.14,0.620,155.1,2.96,1,14200,13600,13650,13800,14420,13490
215100#121-S20260122141925,215100,로보로보,ORB,FullAuto,2026-01-22 14:19:25,14280,진입,,,"ORB5 고가 14,250 돌파 (범위 5.6%)",21.33,1.04,0.617,153.1,1.24,1,,,,,,
298830#127-S20260122143900,298830,슈어소프트테크,VWAP눌림,FullAuto,2026-01-22 14:39:00,9880,시간외,진입 가능 시간 09:05~14:30 밖,,"VWAP 9,859 재돌파, 직전봉 고가 9,870 돌파",16.10,0.21,0.541,201.7,1.42,1,9970,10020,10030,,10120,9820
298830#127-S20260122145000,298830,슈어소프트테크,VWAP눌림,FullAuto,2026-01-22 14:50:00,9920,시간외,진입 가능 시간 09:05~14:30 밖,,"VWAP 9,862 재돌파, 직전봉 고가 9,900 돌파",16.57,0.59,0.560,197.6,0.53,1,10030,10040,10080,,10120,9910
066970#129-S20260122150000,066970,엘앤에프,종가베팅,FullAuto,2026-01-22 15:00:00,126500,진입,,,"종가베팅: 등락 +13.0%, 고저범위 97% 위치, VWAP 122,059 위",13.05,3.64,0.966,325.6,0.78,1,,,,,,
007660#128-S20260122150000,007660,이수페타시스,종가베팅,FullAuto,2026-01-22 15:00:00,113500,진입,,,"종가베팅: 등락 +5.1%, 고저범위 91% 위치, VWAP 110,173 위",5.09,3.02,0.905,273.8,0.47,1,,,,,,
005490#130-S20260123090510,005490,POSCO홀딩스,ORB,FullAuto,2026-01-23 09:05:10,389500,진입,,,"ORB5 고가 389,000 돌파 (범위 6.0%)",7.75,2.49,1,236.5,1.33,1,,,,,,
000250#131-S20260123090527,000250,삼천당제약,ORB,FullAuto,2026-01-23 09:05:27,347000,진입,,,"ORB5 고가 346,000 돌파 (범위 7.5%)",12.30,2.92,1,207.3,2.16,1,,,,,,
064260#132-S20260123090727,064260,다날,ORB,FullAuto,2026-01-23 09:07:27,7310,진입,,,"ORB5 고가 7,300 돌파 (범위 5.6%)",6.72,1.96,1,288.3,1.92,1,,,,,,
064260#132-S20260123092625,064260,다날,ORB,FullAuto,2026-01-23 09:26:25,7310,차단,리스크 관리로 진입 차단: 4연속 손실 쿨다운 ~09:43,,"ORB5 고가 7,300 돌파 (범위 5.6%)",6.72,0.78,0.784,227.3,1.34,1,7360,7420,8140,8900,8900,7230
064260#132-S20260123093122,064260,다날,ORB,FullAuto,2026-01-23 09:31:22,7310,차단,리스크 관리로 진입 차단: 4연속 손실 쿨다운 ~09:43,,"ORB5 고가 7,300 돌파 (범위 5.6%)",6.72,0.74,0.784,230.8,2.86,1,7430,7760,8220,8900,8900,7340
000250#131-S20260123105225,000250,삼천당제약,ORB,FullAuto,2026-01-23 10:52:25,346500,진입,,,"ORB5 고가 346,000 돌파 (범위 7.5%)",12.14,3.74,0.829,204.6,4.16,1,,,,,,
006800#133-S20260123150000,006800,미래에셋증권,종가베팅,FullAuto,2026-01-23 15:00:00,34800,진입,,,"종가베팅: 등락 +15.7%, 고저범위 88% 위치, VWAP 33,359 위",15.73,4.32,0.876,208.3,1.54,1,,,,,,
007660#134-S20260123150000,007660,이수페타시스,종가베팅,FullAuto,2026-01-23 15:00:00,119900,진입,,,"종가베팅: 등락 +5.9%, 고저범위 90% 위치, VWAP 117,816 위",5.92,1.77,0.898,380.2,0.76,1,,,,,,
247540#137-S20260126090507,247540,에코프로비엠,ORB,FullAuto,2026-01-26 09:05:07,180600,진입,,,"ORB5 고가 180,521 돌파 (범위 3.0%)",5.94,1.44,1,206.6,1.24,1,,,,,,
032820#135-S20260126090522,032820,우리기술,ORB,FullAuto,2026-01-26 09:05:22,7760,진입,,,"ORB5 고가 7,730 돌파 (범위 7.8%)",9.45,2.55,1,221.9,1.22,1,,,,,,
032820#135-S20260126092027,032820,우리기술,ORB,FullAuto,2026-01-26 09:20:27,7750,차단,리스크 관리로 진입 차단: 4연속 손실 쿨다운 ~09:38,,"ORB5 고가 7,730 돌파 (범위 7.8%)",9.31,1.44,0.784,189.2,1.66,1,7600,7900,7770,7850,8080,7580
032820#135-S20260126093130,032820,우리기술,ORB,FullAuto,2026-01-26 09:31:30,7740,차단,리스크 관리로 진입 차단: 4연속 손실 쿨다운 ~09:38,,"ORB5 고가 7,730 돌파 (범위 7.8%)",9.17,1.27,0.770,186.7,2.43,1,7830,7910,7700,8130,8130,7600
032820#135-S20260126095142,032820,우리기술,ORB,FullAuto,2026-01-26 09:51:42,7740,진입,,,"ORB5 고가 7,730 돌파 (범위 7.8%)",9.17,0.22,0.626,230.3,1.64,1,,,,,,
032820#135-S20260126101225,032820,우리기술,ORB,FullAuto,2026-01-26 10:12:25,7750,진입,,,"ORB5 고가 7,730 돌파 (범위 7.8%)",9.31,0.38,0.637,231.1,4.43,1,,,,,,
064260#139-S20260126102000,064260,다날,VWAP눌림,FullAuto,2026-01-26 10:20:00,9680,진입,,,"VWAP 9,633 재돌파, 직전봉 고가 9,640 돌파",8.76,0.48,0.519,226.9,0.97,1,,,,,,
064260#139-S20260126104000,064260,다날,VWAP눌림,FullAuto,2026-01-26 10:40:00,9670,진입,,,"VWAP 9,644 재돌파, 직전봉 고가 9,620 돌파",8.65,0.27,0.510,216.6,1.53,1,,,,,,
064260#139-S20260126105800,064260,다날,VWAP눌림,FullAuto,2026-01-26 10:58:00,9680,진입,,,"VWAP 9,637 재돌파, 직전봉 고가 9,580 돌파",8.76,0.45,0.519,208.2,1.66,1,,,,,,
058470#147-S20260126150000,058470,리노공업,종가베팅,FullAuto,2026-01-26 15:00:00,75200,진입,,,"종가베팅: 등락 +9.0%, 고저범위 83% 위치, VWAP 73,787 위",8.99,1.92,0.833,357.0,0.85,1,,,,,,
347850#148-S20260126150000,347850,디앤디파마텍,종가베팅,FullAuto,2026-01-26 15:00:00,96900,진입,,,"종가베팅: 등락 +12.9%, 고저범위 95% 위치, VWAP 94,119 위",12.94,2.95,0.945,1378.9,2.06,1,,,,,,
388720#149-S20260127090727,388720,유일로보틱스,ORB,FullAuto,2026-01-27 09:07:27,145100,진입,,,"ORB5 고가 145,000 돌파 (범위 6.4%)",7.48,2.13,1,194.1,1.63,1,,,,,,
058470#155-S20260127130000,058470,리노공업,VWAP눌림,FullAuto,2026-01-27 13:00:00,81200,진입,,,"VWAP 81,152 재돌파, 직전봉 고가 81,000 돌파",6.28,0.06,0.536,297.8,1.10,1,,,,,,
058470#155-S20260127132600,058470,리노공업,VWAP눌림,FullAuto,2026-01-27 13:26:00,81500,진입,,,"VWAP 81,145 재돌파, 직전봉 고가 81,100 돌파",6.68,0.44,0.562,302.5,0.95,1,,,,,,
058470#155-S20260127135500,058470,리노공업,VWAP눌림,FullAuto,2026-01-27 13:55:00,81700,진입,,,"VWAP 81,149 재돌파, 직전봉 고가 81,600 돌파",6.94,0.68,0.579,299.5,1.03,1,,,,,,
010120#156-S20260127135900,010120,LS ELECTRIC,VWAP눌림,FullAuto,2026-01-27 13:59:00,108400,진입,,,"VWAP 107,478 재돌파, 직전봉 고가 108,200 돌파",8.40,0.86,0.790,221.0,0.77,1,,,,,,
005930#157-S20260127150000,005930,삼성전자,종가베팅,FullAuto,2026-01-27 15:00:00,158650,진입,,,"종가베팅: 등락 +4.1%, 고저범위 97% 위치, VWAP 154,462 위",4.10,2.71,0.974,697.9,0.78,2,,,,,,
042700#158-S20260127150000,042700,한미반도체,종가베팅,FullAuto,2026-01-27 15:00:00,175600,진입,,,"종가베팅: 등락 +3.4%, 고저범위 98% 위치, VWAP 171,123 위",3.42,2.62,0.982,344.7,1.19,1,,,,,,
373220#159-S20260128090520,373220,LG에너지솔루션,ORB,FullAuto,2026-01-28 09:05:20,441000,진입,,,"ORB5 고가 440,500 돌파 (범위 4.5%)",6.01,2.03,1,654.6,2.63,1,,,,,,
403870#161-S20260128090530,403870,HPSP,ORB,FullAuto,2026-01-28 09:05:30,39300,진입,,,"ORB5 고가 39,200 돌파 (범위 2.0%)",4.66,1.08,1,278.0,1.41,1,,,,,,
007660#160-S20260128091127,007660,이수페타시스,ORB,FullAuto,2026-01-28 09:11:27,126100,진입,,,"ORB5 고가 126,000 돌파 (범위 3.1%)",5.79,1.00,1,194.1,2.80,1,,,,,,
005490#162-S20260128150000,005490,POSCO홀딩스,종가베팅,FullAuto,2026-01-28 15:00:00,379500,진입,,,"종가베팅: 등락 +5.3%, 고저범위 83% 위치, VWAP 370,426 위",5.27,2.45,0.833,647.0,0.87,1,,,,,,
012450#163-S20260128150000,012450,한화에어로스페이스,종가베팅,FullAuto,2026-01-28 15:00:00,1292000,차단,매수 가능 수량 0 (투입금/리스크/예수금 확인),,"종가베팅: 등락 +4.1%, 고저범위 85% 위치, VWAP 1,276,064 위",4.11,1.25,0.854,377.5,1.19,1,1290500,1291500,,,1295000,1290000
450080#164-S20260128150200,450080,에코프로머티,종가베팅,FullAuto,2026-01-28 15:02:00,75000,진입,,,"종가베팅: 등락 +15.9%, 고저범위 83% 위치, VWAP 72,455 위",15.92,3.51,0.828,240.8,1.16,1,,,,,,
052690#171-S20260129101400,052690,한전기술,VWAP눌림,FullAuto,2026-01-29 10:14:00,140200,진입,,,"VWAP 139,610 재돌파, 직전봉 고가 139,800 돌파",4.39,0.42,0.622,187.9,0.77,1,,,,,,
083650#172-S20260129101800,083650,비에이치아이,VWAP눌림,FullAuto,2026-01-29 10:18:00,77900,진입,,,"VWAP 77,703 재돌파, 직전봉 고가 77,700 돌파",5.99,0.25,0.580,244.3,0.74,1,,,,,,
083650#172-S20260129103500,083650,비에이치아이,VWAP눌림,FullAuto,2026-01-29 10:35:00,77600,진입,,,"VWAP 77,670 재돌파, 직전봉 고가 77,500 돌파",5.58,-0.09,0.536,243.5,0.48,1,,,,,,
052690#171-S20260129112900,052690,한전기술,VWAP눌림,FullAuto,2026-01-29 11:29:00,139500,진입,,,"VWAP 139,396 재돌파, 직전봉 고가 139,100 돌파",3.87,0.07,0.551,202.6,2.46,1,,,,,,
277810#175-S20260129114700,277810,레인보우로보틱스,VWAP눌림,FullAuto,2026-01-29 11:47:00,743000,차단,리스크 관리로 진입 차단: 5연속 손실 쿨다운 ~12:06,,"VWAP 736,550 재돌파, 직전봉 고가 741,000 돌파",7.68,0.88,0.622,208.2,1.17,1,745000,748000,752000,739000,757000,731000
277810#175-S20260129115100,277810,레인보우로보틱스,VWAP눌림,FullAuto,2026-01-29 11:51:00,743000,차단,리스크 관리로 진입 차단: 5연속 손실 쿨다운 ~12:06,,"VWAP 736,589 재돌파, 직전봉 고가 741,000 돌파",7.68,0.87,0.622,209.9,0.63,1,747000,752000,754000,743000,757000,731000
052690#171-S20260129115800,052690,한전기술,VWAP눌림,FullAuto,2026-01-29 11:58:00,139600,차단,리스크 관리로 진입 차단: 5연속 손실 쿨다운 ~12:06,,"VWAP 139,387 재돌파, 직전봉 고가 139,200 돌파",3.95,0.15,0.561,206.7,1.31,1,139500,140500,139800,139800,140800,139300
052690#171-S20260129120400,052690,한전기술,VWAP눌림,FullAuto,2026-01-29 12:04:00,139600,차단,리스크 관리로 진입 차단: 5연속 손실 쿨다운 ~12:06,,"VWAP 139,388 재돌파, 직전봉 고가 139,500 돌파",3.95,0.15,0.561,208.9,2.76,1,140000,140550,139800,139800,140800,139300
052690#171-S20260129124400,052690,한전기술,VWAP눌림,FullAuto,2026-01-29 12:44:00,139600,진입,,,"VWAP 139,425 재돌파, 직전봉 고가 139,500 돌파",3.95,0.13,0.561,223.6,0.47,1,,,,,,
277810#175-S20260129124900,277810,레인보우로보틱스,VWAP눌림,FullAuto,2026-01-29 12:49:00,741000,진입,,,"VWAP 737,162 재돌파, 직전봉 고가 740,000 돌파",7.39,0.52,0.602,220.6,0.29,1,,,,,,
240810#174-S20260129131500,240810,원익IPS,VWAP눌림,FullAuto,2026-01-29 13:15:00,109200,진입,,,"VWAP 107,744 재돌파, 직전봉 고가 108,400 돌파",4.60,1.35,0.587,314.9,1.36,1,,,,,,
307950#180-S20260129150000,307950,현대오토에버,종가베팅,FullAuto,2026-01-29 15:00:00,487500,진입,,,"종가베팅: 등락 +9.6%, 고저범위 85% 위치, VWAP 475,804 위",9.55,2.46,0.853,326.0,0.99,1,,,,,,
000270#178-S20260129150000,000270,기아,종가베팅,FullAuto,2026-01-29 15:00:00,155950,진입,,,"종가베팅: 등락 +3.4%, 고저범위 92% 위치, VWAP 152,791 위",3.42,2.07,0.919,293.8,0.74,2,,,,,,
027360#181-S20260130090522,027360,아주IB투자,ORB,FullAuto,2026-01-30 09:05:22,4845,진입,,,"ORB5 고가 4,830 돌파 (범위 5.9%)",7.43,3.22,1,215.0,2.05,1,,,,,,
017670#183-S20260130090527,017670,SK텔레콤,ORB,FullAuto,2026-01-30 09:05:27,74300,진입,,,"ORB5 고가 74,200 돌파 (범위 5.4%)",6.75,2.05,1,188.3,2.39,1,,,,,,
103140#182-S20260130090730,103140,풍산,ORB,FullAuto,2026-01-30 09:07:30,139200,진입,,,"ORB5 고가 139,100 돌파 (범위 3.0%)",6.42,1.84,1,191.5,2.54,1,,,,,,
027360#181-S20260130092527,027360,아주IB투자,ORB,FullAuto,2026-01-30 09:25:27,4850,차단,리스크 관리로 진입 차단: 4연속 손실 쿨다운 ~09:50,,"ORB5 고가 4,830 돌파 (범위 5.9%)",7.54,3.34,0.891,150.7,3.96,1,4700,4555,4600,4650,4870,4460
017670#183-S20260130092730,017670,SK텔레콤,ORB,FullAuto,2026-01-30 09:27:30,74300,차단,리스크 관리로 진입 차단: 4연속 손실 쿨다운 ~09:50,,"ORB5 고가 74,200 돌파 (범위 5.4%)",6.75,0.77,0.830,205.3,1.42,1,73300,73300,74000,73000,74400,73000
017670#183-S20260130095030,017670,SK텔레콤,ORB,FullAuto,2026-01-30 09:50:30,74300,차단,리스크 관리로 진입 차단: 5연속 손실 쿨다운 ~09:57,,"ORB5 고가 74,200 돌파 (범위 5.4%)",6.75,0.76,0.830,235.6,2.44,1,74000,73600,73900,72800,74400,72800
027360#181-S20260130103430,027360,아주IB투자,ORB,FullAuto,2026-01-30 10:34:30,4835,진입,,,"ORB5 고가 4,830 돌파 (범위 5.9%)",7.21,3.30,0.859,160.6,25.23,1,,,,,,
080220#184-S20260130111900,080220,제주반도체,VWAP눌림,FullAuto,2026-01-30 11:19:00,42050,진입,,,"VWAP 41,485 재돌파, 직전봉 고가 41,900 돌파",14.11,1.36,0.704,195.1,0.85,1,,,,,,
080220#184-S20260130112800,080220,제주반도체,VWAP눌림,FullAuto,2026-01-30 11:28:00,41500,차단,리스크 관리로 진입 차단: 7연속 손실 쿨다운 ~11:52,,"VWAP 41,484 재돌파, 직전봉 고가 41,300 돌파",12.62,0.04,0.639,191.4,0.63,1,41000,41950,42300,42450,43050,40850
080220#184-S20260130113700,080220,제주반도체,VWAP눌림,FullAuto,2026-01-30 11:37:00,41450,차단,리스크 관리로 진입 차단: 7연속 손실 쿨다운 ~11:52,,"VWAP 41,477 재돌파, 직전봉 고가 41,450 돌파",12.48,-0.07,0.633,199.0,0.83,1,41850,42350,42650,42500,43050,41450
080220#187-S20260130150000,080220,제주반도체,종가베팅,FullAuto,2026-01-30 15:00:00,43350,진입,,,"종가베팅: 등락 +17.6%, 고저범위 86% 위치, VWAP 41,758 위",17.64,3.81,0.858,256.3,0.45,1,,,,,,
036540#185-S20260130150000,036540,SFA반도체,종가베팅,FullAuto,2026-01-30 15:00:00,7890,진입,,,"종가베팅: 등락 +15.0%, 고저범위 82% 위치, VWAP 7,676 위",15.01,2.79,0.818,287.8,1.06,1,,,,,,
128820#189-S20260202090520,128820,대성산업,ORB,FullAuto,2026-02-02 09:05:20,8100,진입,,,"ORB5 고가 8,080 돌파 (범위 6.7%)",10.20,2.82,1,190.0,2.70,1,,,,,,
038500#188-S20260202090620,038500,삼표시멘트,ORB,FullAuto,2026-02-02 09:06:20,9510,진입,,,"ORB5 고가 9,430 돌파 (범위 9.7%)",13.21,4.18,1,138.7,1.64,1,,,,,,
128820#189-S20260202101122,128820,대성산업,ORB,FullAuto,2026-02-02 10:11:22,8090,진입,,,"ORB5 고가 8,080 돌파 (범위 6.7%)",10.07,1.17,0.612,170.6,30.51,1,,,,,,
012210#192-S20260202105400,012210,삼미금속,VWAP눌림,FullAuto,2026-02-02 10:54:00,15760,진입,,,"VWAP 15,731 재돌파, 직전봉 고가 15,700 돌파",13.79,0.19,0.633,157.8,0.63,1,,,,,,
012210#192-S20260202112700,012210,삼미금속,VWAP눌림,FullAuto,2026-02-02 11:27:00,15780,진입,,,"VWAP 15,730 재돌파, 직전봉 고가 15,690 돌파",13.94,0.32,0.639,158.0,1.58,1,,,,,,
012210#192-S20260202115400,012210,삼미금속,VWAP눌림,FullAuto,2026-02-02 11:54:00,15910,진입,,,"VWAP 15,741 재돌파, 직전봉 고가 15,860 돌파",14.87,1.07,0.676,164.2,0.34,1,,,,,,
380550#195-S20260202133100,380550,뉴로핏,VWAP눌림,FullAuto,2026-02-02 13:31:00,32950,진입,,,"VWAP 32,923 재돌파, 직전봉 고가 32,950 돌파",16.64,0.08,0.570,220.9,1.01,1,,,,,,
380550#195-S20260202134100,380550,뉴로핏,VWAP눌림,FullAuto,2026-02-02 13:41:00,33000,진입,,,"VWAP 32,925 재돌파, 직전봉 고가 32,950 돌파",16.81,0.23,0.578,228.9,1.23,1,,,,,,
006220#196-S20260202150117,006220,제주은행,종가베팅,FullAuto,2026-02-02 15:01:17,16910,진입,,,"종가베팅: 등락 +19.3%, 고저범위 82% 위치, VWAP 16,529 위",19.34,2.31,0.824,600.2,0.92,1,,,,,,
027360#198-S20260203092422,027360,아주IB투자,ORB,FullAuto,2026-02-03 09:24:22,4975,진입,,,"ORB5 고가 4,970 돌파 (범위 3.4%)",11.17,2.42,1,189.9,15.75,1,,,,,,
064260#197-S20260203094425,064260,다날,ORB,FullAuto,2026-02-03 09:44:25,9580,진입,,,"ORB5 고가 9,570 돌파 (범위 4.2%)",5.62,1.67,1,224.3,9.20,1,,,,,,
005490#202-S20260203150000,005490,POSCO홀딩스,종가베팅,FullAuto,2026-02-03 15:00:00,358000,진입,,,"종가베팅: 등락 +4.1%, 고저범위 93% 위치, VWAP 351,867 위",4.07,1.74,0.926,857.7,0.51,1,,,,,,
000720#201-S20260203150000,000720,현대건설,종가베팅,FullAuto,2026-02-03 15:00:00,107400,진입,,,"종가베팅: 등락 +8.9%, 고저범위 84% 위치, VWAP 105,525 위",8.92,1.78,0.838,377.5,0.90,1,,,,,,
267260#204-S20260204090525,267260,HD현대일렉트릭,ORB,FullAuto,2026-02-04 09:05:25,925000,진입,,,"ORB5 고가 924,000 돌파 (범위 4.4%)",3.82,1.67,1,708.0,3.02,1,,,,,,
457190#205-S20260204090827,457190,이수스페셜티케미컬,ORB,FullAuto,2026-02-04 09:08:27,114700,진입,,,"ORB5 고가 114,500 돌파 (범위 8.1%)",7.20,2.27,1,208.4,2.31,1,,,,,,
267260#204-S20260204144730,267260,HD현대일렉트릭,ORB,FullAuto,2026-02-04 14:47:30,925000,시간외,진입 가능 시간 09:05~14:30 밖,,"ORB5 고가 924,000 돌파 (범위 4.4%)",3.82,1.34,0.909,445.7,3.53,1,925000,924000,923000,,925000,920000
006400#208-S20260204150000,006400,삼성SDI,종가베팅,FullAuto,2026-02-04 15:00:00,391500,진입,,,"종가베팅: 등락 +4.0%, 고저범위 81% 위치, VWAP 390,059 위",3.98,0.37,0.809,903.3,0.56,1,,,,,,
267260#207-S20260204150000,267260,HD현대일렉트릭,종가베팅,FullAuto,2026-02-04 15:00:00,923000,차단,매수 가능 수량 0 (투입금/리스크/예수금 확인),,"종가베팅: 등락 +3.6%, 고저범위 86% 위치, VWAP 913,287 위",3.59,1.06,0.864,452.3,0.62,1,923000,923000,,,924000,920000
139480#210-S20260205090615,139480,이마트,ORB,FullAuto,2026-02-05 09:06:15,105900,진입,,,"ORB5 고가 105,700 돌파 (범위 4.9%)",11.24,2.15,1,222.6,1.24,1,,,,,,
139480#210-S20260205100430,139480,이마트,ORB,FullAuto,2026-02-05 10:04:30,105800,진입,,,"ORB5 고가 105,700 돌파 (범위 4.9%)",11.13,3.00,0.985,218.7,1.68,1,,,,,,
079900#214-S20260205101900,079900,전진건설로봇,VWAP눌림,FullAuto,2026-02-05 10:19:00,66900,진입,,,"VWAP 66,502 재돌파, 직전봉 고가 66,400 돌파",2.76,0.60,0.606,152.7,0.45,1,,,,,,
079900#214-S20260205120200,079900,전진건설로봇,VWAP눌림,FullAuto,2026-02-05 12:02:00,66400,진입,,,"VWAP 66,357 재돌파, 직전봉 고가 64,800 돌파",2.00,0.06,0.560,186.0,5.04,1,,,,,,
376300#216-S20260205135400,376300,디어유,VWAP눌림,FullAuto,2026-02-05 13:54:00,43800,진입,,,"VWAP 43,692 재돌파, 직전봉 고가 43,750 돌파",15.26,0.25,0.749,225.1,0.54,1,,,,,,
376300#216-S20260205142600,376300,디어유,VWAP눌림,FullAuto,2026-02-05 14:26:00,43600,진입,,,"VWAP 43,669 재돌파, 직전봉 고가 43,550 돌파",14.74,-0.16,0.725,229.0,1.97,1,,,,,,
171090#217-S20260205151317,171090,선익시스템,종가베팅,FullAuto,2026-02-05 15:13:17,80000,진입,,,"종가베팅: 등락 +4.3%, 고저범위 75% 위치, VWAP 76,146 위",4.30,5.06,0.754,471.8,2.10,1,,,,,,
483650#218-S20260205151417,483650,달바글로벌,종가베팅,FullAuto,2026-02-05 15:14:17,169000,진입,,,"종가베팅: 등락 +5.6%, 고저범위 93% 위치, VWAP 166,718 위",5.56,1.37,0.928,387.2,2.02,1,,,,,,
008830#219-S20260206090525,008830,대동기어,ORB,FullAuto,2026-02-06 09:05:25,16260,진입,,,"ORB5 고가 16,250 돌파 (범위 6.4%)",9.93,2.87,1,166.9,2.61,1,,,,,,
008830#219-S20260206091722,008830,대동기어,ORB,FullAuto,2026-02-06 09:17:22,16290,진입,,,"ORB5 고가 16,250 돌파 (범위 6.4%)",10.13,0.87,0.540,163.7,1.46,1,,,,,,
008830#219-S20260206093030,008830,대동기어,ORB,FullAuto,2026-02-06 09:30:30,16312,진입,,,"ORB5 고가 16,250 돌파 (범위 6.4%)",10.28,0.55,0.552,151.4,1.28,2,,,,,,
024060#231-S20260206141800,024060,흥구석유,VWAP눌림,FullAuto,2026-02-06 14:18:00,14760,진입,,,"VWAP 14,567 재돌파, 직전봉 고가 14,750 돌파",7.74,1.32,0.693,141.0,0.66,1,,,,,,
024060#231-S20260206144200,024060,흥구석유,VWAP눌림,FullAuto,2026-02-06 14:42:00,14720,시간외,진입 가능 시간 09:05~14:30 밖,,"VWAP 14,577 재돌파, 직전봉 고가 14,550 돌파",7.45,0.98,0.676,140.9,1.37,1,14940,14760,14800,,15080,14630
010060#230-S20260206144300,010060,OCI홀딩스,VWAP눌림,FullAuto,2026-02-06 14:43:00,148850,시간외,진입 가능 시간 09:05~14:30 밖,,"VWAP 148,008 재돌파, 직전봉 고가 148,400 돌파",6.47,0.57,0.625,187.7,0.37,2,148100,150500,151150,,152200,147300
017800#233-S20260206150000,017800,현대엘리베이터,종가베팅,FullAuto,2026-02-06 15:00:00,101500,진입,,,"종가베팅: 등락 +4.9%, 고저범위 86% 위치, VWAP 99,010 위",4.86,2.52,0.857,219.2,1.16,1,,,,,,
489790#235-S20260206150022,489790,한화비전,종가베팅,FullAuto,2026-02-06 15:00:22,66700,진입,,,"종가베팅: 등락 +7.4%, 고저범위 76% 위치, VWAP 65,878 위",7.41,1.25,0.757,490.2,2.03,1,,,,,,
090430#236-S20260209092027,090430,아모레퍼시픽,ORB,FullAuto,2026-02-09 09:20:27,155700,진입,,,"ORB5 고가 155,600 돌파 (범위 8.1%)",11.06,2.13,1,167.3,5.70,1,,,,,,
086390#241-S20260209104700,086390,유니테스트,VWAP눌림,FullAuto,2026-02-09 10:47:00,19100,진입,,,"VWAP 18,794 재돌파, 직전봉 고가 18,970 돌파",11.70,1.63,0.712,179.6,1.05,1,,,,,,
298380#242-S20260209150000,298380,에이비엘바이오,종가베팅,FullAuto,2026-02-09 15:00:00,190900,진입,,,"종가베팅: 등락 +6.6%, 고저범위 91% 위치, VWAP 186,370 위",6.59,2.43,0.907,328.2,0.86,1,,,,,,
277810#243-S20260209150000,277810,레인보우로보틱스,종가베팅,FullAuto,2026-02-09 15:00:00,699000,차단,매수 가능 수량 0 (투입금/리스크/예수금 확인),,"종가베팅: 등락 +4.5%, 고저범위 97% 위치, VWAP 683,136 위",4.48,2.32,0.971,409.1,2.85,1,693000,690000,,,699000,686000
352820#244-S20260209150700,352820,하이브,종가베팅,FullAuto,2026-02-09 15:07:00,376500,진입,,,"종가베팅: 등락 +5.0%, 고저범위 89% 위치, VWAP 372,498 위",5.02,1.07,0.889,1179.7,0.43,1,,,,,,
078600#246-S20260210090530,078600,대주전자재료,ORB,FullAuto,2026-02-10 09:05:30,98100,진입,,,"ORB5 고가 98,000 돌파 (범위 4.0%)",10.47,1.88,1,148.3,1.43,1,,,,,,
267260#245-S20260210090702,267260,HD현대일렉트릭,ORB,FullAuto,2026-02-10 09:07:02,970000,진입,,,"ORB5 고가 969,000 돌파 (범위 4.3%)",5.90,1.23,0.891,157.8,0.44,1,,,,,,
267260#245-S20260210092025,267260,HD현대일렉트릭,ORB,FullAuto,2026-02-10 09:20:25,971000,진입,,,"ORB5 고가 969,000 돌파 (범위 4.3%)",6.00,1.09,0.824,199.8,3.89,1,,,,,,
267260#245-S20260210094422,267260,HD현대일렉트릭,ORB,FullAuto,2026-02-10 09:44:22,970000,진입,,,"ORB5 고가 969,000 돌파 (범위 4.3%)",5.90,0.87,0.804,240.9,15.83,1,,,,,,
018880#249-S20260210103300,018880,한온시스템,VWAP눌림,FullAuto,2026-02-10 10:33:00,4360,진입,,,"VWAP 4,307 재돌파, 직전봉 고가 4,330 돌파",12.52,1.23,0.752,209.3,1.27,1,,,,,,
078600#246-S20260210105207,078600,대주전자재료,ORB,FullAuto,2026-02-10 10:52:07,98100,진입,,,"ORB5 고가 98,000 돌파 (범위 4.0%)",10.47,2.05,0.794,183.4,1.04,1,,,,,,
018880#249-S20260210110100,018880,한온시스템,VWAP눌림,FullAuto,2026-02-10 11:01:00,4330,진입,,,"VWAP 4,315 재돌파, 직전봉 고가 4,325 돌파",11.74,0.34,0.693,214.2,0.49,1,,,,,,
018880#249-S20260210110800,018880,한온시스템,VWAP눌림,FullAuto,2026-02-10 11:08:00,4345,진입,,,"VWAP 4,315 재돌파, 직전봉 고가 4,340 돌파",12.13,0.69,0.723,212.5,0.68,1,,,,,,
267270#250-S20260210110800,267270,HD건설기계,VWAP눌림,FullAuto,2026-02-10 11:08:00,129500,진입,,,"VWAP 128,490 재돌파, 직전봉 고가 129,000 돌파",5.89,0.79,0.732,272.8,2.44,1,,,,,,
056080#253-S20260210130900,056080,유진로봇,VWAP눌림,FullAuto,2026-02-10 13:09:00,45000,진입,,,"VWAP 44,783 재돌파, 직전봉 고가 44,600 돌파",19.84,0.49,0.629,271.4,3.66,1,,,,,,
267270#250-S20260210133400,267270,HD건설기계,VWAP눌림,FullAuto,2026-02-10 13:34:00,130300,진입,,,"VWAP 129,585 재돌파, 직전봉 고가 129,900 돌파",6.54,0.55,0.731,314.7,1.19,1,,,,,,
056080#253-S20260210134100,056080,유진로봇,VWAP눌림,FullAuto,2026-02-10 13:41:00,44850,진입,,,"VWAP 44,796 재돌파, 직전봉 고가 44,450 돌파",19.44,0.12,0.6,266.5,1.62,1,,,,,,
056080#253-S20260210142700,056080,유진로봇,VWAP눌림,FullAuto,2026-02-10 14:27:00,44800,차단,리스크 관리로 진입 차단: 일 손실 한도 1.5% 도달,,"VWAP 44,787 재돌파, 직전봉 고가 44,500 돌파",19.31,0.03,0.590,273.8,2.47,1,44400,44750,45200,45650,46500,44150
267270#250-S20260210143000,267270,HD건설기계,VWAP눌림,FullAuto,2026-02-10 14:30:00,130000,시간외,진입 가능 시간 09:05~14:30 밖,,"VWAP 129,631 재돌파, 직전봉 고가 129,800 돌파",6.30,0.28,0.704,318.1,1.33,1,131200,130400,131900,,132500,129900
056080#253-S20260210144700,056080,유진로봇,VWAP눌림,FullAuto,2026-02-10 14:47:00,44950,시간외,진입 가능 시간 09:05~14:30 밖,,"VWAP 44,783 재돌파, 직전봉 고가 44,750 돌파",19.71,0.37,0.619,284.6,1.95,1,44850,45950,46250,,46500,44500
241520#256-S20260211090512,241520,DSC인베스트먼트,ORB,FullAuto,2026-02-11 09:05:12,13020,진입,,,"ORB5 고가 13,000 돌파 (범위 9.0%)",13.22,3.10,1,74.4,1.04,1,,,,,,
032820#255-S20260211090520,032820,우리기술,ORB,FullAuto,2026-02-11 09:05:20,11200,진입,,,"ORB5 고가 11,190 돌파 (범위 9.9%)",17.89,3.53,1,130.4,1.72,1,,,,,,
389140#254-S20260211092427,389140,포바이포,ORB,FullAuto,2026-02-11 09:24:27,10210,진입,,,"ORB5 고가 10,190 돌파 (범위 8.9%)",9.43,4.67,1,177.3,7.13,1,,,,,,
389140#254-S20260211100030,389140,포바이포,ORB,FullAuto,2026-02-11 10:00:30,10200,진입,,,"ORB5 고가 10,190 돌파 (범위 8.9%)",9.32,0.92,0.568,158.0,1.20,1,,,,,,
000270#261-S20260211150000,000270,기아,종가베팅,FullAuto,2026-02-11 15:00:00,161800,진입,,,"종가베팅: 등락 +4.1%, 고저범위 97% 위치, VWAP 159,553 위",4.12,1.41,0.973,606.7,0.35,1,,,,,,
316140#264-S20260211150030,316140,우리금융지주,종가베팅,FullAuto,2026-02-11 15:00:30,37950,진입,,,"종가베팅: 등락 +6.0%, 고저범위 80% 위치, VWAP 37,339 위",6.01,1.64,0.8,494.2,0.88,1,,,,,,
032820#265-S20260212090510,032820,우리기술,ORB,FullAuto,2026-02-12 09:05:10,13620,진입,,,"ORB5 고가 13,600 돌파 (범위 8.4%)",10.28,3.14,1,139.2,0.94,1,,,,,,
397030#266-S20260212091125,397030,에이프릴바이오,ORB,FullAuto,2026-02-12 09:11:25,73100,진입,,,"ORB5 고가 73,000 돌파 (범위 4.1%)",5.64,1.83,1,202.5,2.71,1,,,,,,
032820#265-S20260212094927,032820,우리기술,ORB,FullAuto,2026-02-12 09:49:27,13610,진입,,,"ORB5 고가 13,600 돌파 (범위 8.4%)",10.20,1.25,0.702,155.6,3.48,1,,,,,,
032820#265-S20260212100122,032820,우리기술,ORB,FullAuto,2026-02-12 10:01:22,13630,진입,,,"ORB5 고가 13,600 돌파 (범위 8.4%)",10.36,1.19,0.715,159.5,1.63,1,,,,,,
047050#276-S20260212141400,047050,포스코인터내셔널,VWAP눌림,FullAuto,2026-02-12 14:14:00,68900,진입,,,"VWAP 68,240 재돌파, 직전봉 고가 68,600 돌파",6.49,0.97,0.681,154.4,0.21,1,,,,,,
005930#279-S20260212150000,005930,삼성전자,종가베팅,FullAuto,2026-02-12 15:00:00,178100,진입,,,"종가베팅: 등락 +6.8%, 고저범위 84% 위치, VWAP 175,751 위",6.77,1.34,0.842,448.1,0.99,1,,,,,,
051910#280-S20260212150000,051910,LG화학,종가베팅,FullAuto,2026-02-12 15:00:00,336500,진입,,,"종가베팅: 등락 +4.2%, 고저범위 78% 위치, VWAP 334,336 위",4.18,0.65,0.781,708.7,0.62,1,,,,,,
352820#281-S20260213090717,352820,하이브,ORB,FullAuto,2026-02-13 09:07:17,399000,진입,,,"ORB5 고가 398,000 돌파 (범위 5.6%)",5.42,1.49,1,284.3,3.89,1,,,,,,
352820#281-S20260213092130,352820,하이브,ORB,FullAuto,2026-02-13 09:21:30,398500,진입,,,"ORB5 고가 398,000 돌파 (범위 5.6%)",5.28,0.76,0.754,228.1,1.50,1,,,,,,
018880#286-S20260213101500,018880,한온시스템,VWAP눌림,FullAuto,2026-02-13 10:15:00,4730,진입,,,"VWAP 4,680 재돌파, 직전봉 고가 4,720 돌파",7.74,1.06,0.824,229.6,1.15,1,,,,,,
018880#286-S20260213102900,018880,한온시스템,VWAP눌림,FullAuto,2026-02-13 10:29:00,4695,진입,,,"VWAP 4,684 재돌파, 직전봉 고가 4,695 돌파",6.95,0.24,0.755,230.8,0.90,1,,,,,,
001270#287-S20260213110100,001270,부국증권,VWAP눌림,FullAuto,2026-02-13 11:01:00,85000,진입,,,"VWAP 85,077 재돌파, 직전봉 고가 85,000 돌파",2.91,-0.09,0.467,301.8,1.23,1,,,,,,
001270#287-S20260213111600,001270,부국증권,VWAP눌림,FullAuto,2026-02-13 11:16:00,85900,진입,,,"VWAP 85,134 재돌파, 직전봉 고가 85,200 돌파",4.00,0.90,0.617,357.1,1.84,1,,,,,,
001270#287-S20260213124900,001270,부국증권,VWAP눌림,FullAuto,2026-02-13 12:49:00,85700,진입,,,"VWAP 85,425 재돌파, 직전봉 고가 85,600 돌파",3.75,0.32,0.583,336.8,0.31,1,,,,,,
034020#288-S20260213142300,034020,두산에너빌리티,VWAP눌림,FullAuto,2026-02-13 14:23:00,98400,진입,,,"VWAP 97,729 재돌파, 직전봉 고가 98,300 돌파",3.58,0.69,0.758,462.2,0.56,1,,,,,,
221800#290-S20260213150917,221800,지구홀딩스,종가베팅,FullAuto,2026-02-13 15:09:17,13080,진입,,,"종가베팅: 등락 +15.9%, 고저범위 80% 위치, VWAP 11,919 위",15.85,9.74,0.797,170.7,19.51,1,,,,,,
009150#292-S20260219090625,009150,삼성전기,ORB,FullAuto,2026-02-19 09:06:25,346000,진입,,,"ORB5 고가 345,500 돌파 (범위 7.6%)",10.72,2.27,1,268.1,1.43,1,,,,,,
003530#291-S20260219090727,003530,한화투자증권,ORB,FullAuto,2026-02-19 09:07:27,8170,진입,,,"ORB5 고가 8,160 돌파 (범위 3.3%)",11.01,1.17,1,231.0,1.35,1,,,,,,
018880#295-S20260219101800,018880,한온시스템,VWAP눌림,FullAuto,2026-02-19 10:18:00,4725,진입,,,"VWAP 4,710 재돌파, 직전봉 고가 4,705 돌파",5.94,0.33,0.690,256.7,0.88,1,,,,,,
298380#298-S20260219150000,298380,에이비엘바이오,종가베팅,FullAuto,2026-02-19 15:00:00,194800,진입,,,"종가베팅: 등락 +6.0%, 고저범위 97% 위치, VWAP 191,833 위",5.98,1.55,0.967,292.5,0.89,1,,,,,,
352820#299-S20260219150000,352820,하이브,종가베팅,FullAuto,2026-02-19 15:00:00,404500,진입,,,"종가베팅: 등락 +3.6%, 고저범위 97% 위치, VWAP 400,859 위",3.59,0.91,0.966,1176.6,0.61,1,,,,,,
034220#301-S20260220090520,034220,LG디스플레이,ORB,FullAuto,2026-02-20 09:05:20,13380,진입,,,"ORB5 고가 13,350 돌파 (범위 5.5%)",8.96,2.22,1,219.3,1.82,1,,,,,,
024060#300-S20260220091000,024060,흥구석유,ORB,FullAuto,2026-02-20 09:10:00,17990,진입,,,"ORB5 고가 17,970 돌파 (범위 6.9%)",17.50,2.25,0.861,129.2,0.72,1,,,,,,
024060#300-S20260220091727,024060,흥구석유,ORB,FullAuto,2026-02-20 09:17:27,18040,진입,,,"ORB5 고가 17,970 돌파 (범위 6.9%)",17.83,2.41,0.898,137.0,2.63,1,,,,,,
000880#306-S20260220104400,000880,한화,VWAP눌림,FullAuto,2026-02-20 10:44:00,151143,진입,,,"VWAP 149,969 재돌파, 직전봉 고가 150,800 돌파",5.09,0.78,0.722,232.6,1.41,2,,,,,,
000880#306-S20260220141100,000880,한화,VWAP눌림,FullAuto,2026-02-20 14:11:00,151503,진입,,,"VWAP 151,001 재돌파, 직전봉 고가 151,400 돌파",5.34,0.33,0.600,227.9,1.03,2,,,,,,
010170#308-S20260220141800,010170,대한광통신,VWAP눌림,FullAuto,2026-02-20 14:18:00,4150,차단,리스크 관리로 진입 차단: 6연속 손실 쿨다운 ~14:43,,"VWAP 4,104 재돌파, 직전봉 고가 4,130 돌파",16.08,1.13,0.697,235.4,1.06,1,4140,4140,4195,4115,4205,4100
010170#308-S20260220142800,010170,대한광통신,VWAP눌림,FullAuto,2026-02-20 14:28:00,4135,차단,리스크 관리로 진입 차단: 6연속 손실 쿨다운 ~14:43,,"VWAP 4,104 재돌파, 직전봉 고가 4,120 돌파",15.66,0.76,0.681,235.2,1.21,1,4140,4175,4170,4105,4205,4100
000880#306-S20260220143700,000880,한화,VWAP눌림,FullAuto,2026-02-20 14:37:00,150903,시간외,진입 가능 시간 09:05~14:30 밖,,"VWAP 150,985 재돌파, 직전봉 고가 150,903 돌파",4.92,-0.05,0.529,225.9,0.72,2,151863,151623,152343,,152824,150903
000880#306-S20260220144000,000880,한화,VWAP눌림,FullAuto,2026-02-20 14:40:00,151863,시간외,진입 가능 시간 09:05~14:30 밖,,"VWAP 150,988 재돌파, 직전봉 고가 151,503 돌파",5.59,0.58,0.643,227.3,1.31,2,151623,152223,152343,,152824,151503
267260#309-S20260220150000,267260,HD현대일렉트릭,종가베팅,FullAuto,2026-02-20 15:00:00,1009000,차단,매수 가능 수량 0 (투입금/리스크/예수금 확인),,"종가베팅: 등락 +5.0%, 고저범위 94% 위치, VWAP 993,250 위",4.99,1.59,0.936,444.5,0.40,1,1009000,1008000,,,1010000,1004000
034730#310-S20260220150000,034730,SK,종가베팅,FullAuto,2026-02-20 15:00:00,380000,진입,,,"종가베팅: 등락 +6.9%, 고저범위 93% 위치, VWAP 375,448 위",6.89,1.21,0.927,506.0,0.62,1,,,,,,
009540#311-S20260220150900,009540,HD한국조선해양,종가베팅,FullAuto,2026-02-20 15:09:00,451000,진입,,,"종가베팅: 등락 +7.3%, 고저범위 97% 위치, VWAP 440,099 위",7.25,2.48,0.972,564.3,0.47,1,,,,,,
006340#314-S20260223090622,006340,대원전선,ORB,FullAuto,2026-02-23 09:06:22,4800,진입,,,"ORB5 고가 4,775 돌파 (범위 9.9%)",14.70,4.89,1,177.7,2.47,1,,,,,,
456160#317-S20260223150000,456160,지투지바이오,종가베팅,FullAuto,2026-02-23 15:00:00,99350,진입,,,"종가베팅: 등락 +10.9%, 고저범위 80% 위치, VWAP 97,071 위",10.88,2.35,0.799,249.0,0.28,2,,,,,,
007660#318-S20260223150100,007660,이수페타시스,종가베팅,FullAuto,2026-02-23 15:01:00,106400,진입,,,"종가베팅: 등락 +5.3%, 고저범위 91% 위치, VWAP 104,124 위",5.35,2.19,0.913,513.6,0.83,1,,,,,,
006400#320-S20260224090515,006400,삼성SDI,ORB,FullAuto,2026-02-24 09:05:15,418000,진입,,,"ORB5 고가 417,500 돌파 (범위 5.0%)",6.23,2.07,1,289.2,1.66,1,,,,,,
066970#321-S20260224090522,066970,엘앤에프,ORB,FullAuto,2026-02-24 09:05:22,122600,진입,,,"ORB5 고가 122,300 돌파 (범위 5.9%)",6.42,1.72,1,339.8,1.96,1,,,,,,
032820#319-S20260224090525,032820,우리기술,ORB,FullAuto,2026-02-24 09:05:25,18570,진입,,,"ORB5 고가 18,540 돌파 (범위 7.5%)",9.69,3.44,1,205.3,1.73,1,,,,,,
006400#320-S20260224092427,006400,삼성SDI,ORB,FullAuto,2026-02-24 09:24:27,418000,진입,,,"ORB5 고가 417,500 돌파 (범위 5.0%)",6.23,1.62,1,248.4,9.20,1,,,,,,
066970#321-S20260224093825,066970,엘앤에프,ORB,FullAuto,2026-02-24 09:38:25,122500,진입,,,"ORB5 고가 122,300 돌파 (범위 5.9%)",6.34,1.41,0.824,214.2,4.44,1,,,,,,
006400#320-S20260224132822,006400,삼성SDI,ORB,FullAuto,2026-02-24 13:28:22,418000,진입,,,"ORB5 고가 417,500 돌파 (범위 5.0%)",6.23,0.08,0.695,325.7,4.42,1,,,,,,
047040#322-S20260224150000,047040,대우건설,종가베팅,FullAuto,2026-02-24 15:00:00,8030,진입,,,"종가베팅: 등락 +7.1%, 고저범위 82% 위치, VWAP 7,817 위",7.07,2.73,0.817,339.9,0.34,1,,,,,,
277810#323-S20260224150000,277810,레인보우로보틱스,종가베팅,FullAuto,2026-02-24 15:00:00,729000,차단,매수 가능 수량 0 (투입금/리스크/예수금 확인),,"종가베팅: 등락 +3.7%, 고저범위 80% 위치, VWAP 715,036 위",3.70,1.95,0.804,409.6,0.66,1,728000,726000,,,729000,725000
051910#324-S20260224150300,051910,LG화학,종가베팅,FullAuto,2026-02-24 15:03:00,351000,진입,,,"종가베팅: 등락 +5.2%, 고저범위 97% 위치, VWAP 345,204 위",5.25,1.68,0.972,810.0,1.36,1,,,,,,
000270#326-S20260225090525,000270,기아,ORB,FullAuto,2026-02-25 09:05:25,184300,진입,,,"ORB5 고가 184,100 돌파 (범위 5.3%)",5.62,2.49,1,206.5,1.61,1,,,,,,
047040#325-S20260225090807,047040,대우건설,ORB,FullAuto,2026-02-25 09:08:07,8980,진입,,,"ORB5 고가 8,950 돌파 (범위 9.1%)",10.73,2.45,0.848,185.6,2.25,1,,,,,,
103590#327-S20260225091127,103590,일진전기,ORB,FullAuto,2026-02-25 09:11:27,97100,진입,,,"ORB5 고가 96,700 돌파 (범위 6.1%)",17.41,3.71,1,192.4,4.38,1,,,,,,
047040#325-S20260225112527,047040,대우건설,ORB,FullAuto,2026-02-25 11:25:27,8970,진입,,,"ORB5 고가 8,950 돌파 (범위 9.1%)",10.60,2.89,0.837,211.3,3.92,1,,,,,,
226950#330-S20260225150000,226950,올릭스,종가베팅,FullAuto,2026-02-25 15:00:00,165200,진입,,,"종가베팅: 등락 +13.7%, 고저범위 94% 위치, VWAP 158,714 위",13.70,4.09,0.938,354.7,0.42,1,,,,,,
000270#332-S20260225151217,000270,기아,종가베팅,FullAuto,2026-02-25 15:12:17,196700,진입,,,"종가베팅: 등락 +12.7%, 고저범위 87% 위치, VWAP 194,593 위",12.72,1.08,0.872,228.8,1.15,1,,,,,,
066570#333-S20260226090920,066570,LG전자,ORB,FullAuto,2026-02-26 09:09:20,146000,진입,,,"ORB5 고가 145,800 돌파 (범위 3.8%)",9.53,1.64,1,172.2,2.89,1,,,,,,
066570#333-S20260226095415,066570,LG전자,ORB,FullAuto,2026-02-26 09:54:15,145900,진입,,,"ORB5 고가 145,800 돌파 (범위 3.8%)",9.45,0.77,0.794,167.1,1.36,1,,,,,,
080220#338-S20260226101100,080220,제주반도체,VWAP눌림,FullAuto,2026-02-26 10:11:00,46200,진입,,,"VWAP 46,104 재돌파, 직전봉 고가 46,100 돌파",6.21,0.21,0.647,220.3,0.58,1,,,,,,
003530#337-S20260226102500,003530,한화투자증권,VWAP눌림,FullAuto,2026-02-26 10:25:00,9200,진입,,,"VWAP 9,077 재돌파, 직전봉 고가 9,140 돌파",12.20,1.35,0.698,164.3,1.05,1,,,,,,
080220#338-S20260226103600,080220,제주반도체,VWAP눌림,FullAuto,2026-02-26 10:36:00,46250,진입,,,"VWAP 46,126 재돌파, 직전봉 고가 45,950 돌파",6.32,0.27,0.662,227.8,0.76,1,,,,,,
080220#338-S20260226111800,080220,제주반도체,VWAP눌림,FullAuto,2026-02-26 11:18:00,46400,진입,,,"VWAP 46,158 재돌파, 직전봉 고가 46,300 돌파",6.67,0.53,0.706,239.9,0.84,1,,,,,,
403870#339-S20260226144300,403870,HPSP,VWAP눌림,FullAuto,2026-02-26 14:43:00,43400,시간외,진입 가능 시간 09:05~14:30 밖,,"VWAP 43,318 재돌파, 직전봉 고가 43,250 돌파",5.85,0.19,0.460,351.3,1.07,1,43450,43550,43350,,43650,43200
000660#342-S20260226150000,000660,SK하이닉스,종가베팅,FullAuto,2026-02-26 15:00:00,1083000,차단,매수 가능 수량 0 (투입금/리스크/예수금 확인),,"종가베팅: 등락 +5.0%, 고저범위 98% 위치, VWAP 1,044,939 위",5.04,3.64,0.984,569.2,1.14,1,1086000,1095500,,,1098000,1080000
267260#343-S20260226150000,267260,HD현대일렉트릭,종가베팅,FullAuto,2026-02-26 15:00:00,1107000,차단,매수 가능 수량 0 (투입금/리스크/예수금 확인),,"종가베팅: 등락 +3.6%, 고저범위 81% 위치, VWAP 1,090,810 위",3.55,1.48,0.812,531.1,1.71,1,1105000,1106000,,,1110000,1105000
052690#346-S20260227090522,052690,한전기술,ORB,FullAuto,2026-02-27 09:05:22,190300,진입,,,"ORB5 고가 189,800 돌파 (범위 4.9%)",11.03,2.46,1,143.0,3.16,1,,,,,,
034020#344-S20260227090925,034020,두산에너빌리티,ORB,FullAuto,2026-02-27 09:09:25,109400,진입,,,"ORB5 고가 109,300 돌파 (범위 3.6%)",5.19,1.14,1,239.9,2.09,1,,,,,,
051910#348-S20260227113800,051910,LG화학,VWAP눌림,FullAuto,2026-02-27 11:38:00,414500,진입,,,"VWAP 411,801 재돌파, 직전봉 고가 414,000 돌파",6.42,0.66,0.779,306.9,1.17,1,,,,,,
051910#348-S20260227124200,051910,LG화학,VWAP눌림,FullAuto,2026-02-27 12:42:00,414500,진입,,,"VWAP 412,049 재돌파, 직전봉 고가 413,500 돌파",6.42,0.59,0.779,316.9,1.64,1,,,,,,
005380#350-S20260227150000,005380,현대차,종가베팅,FullAuto,2026-02-27 15:00:00,678000,차단,매수 가능 수량 0 (투입금/리스크/예수금 확인),,"종가베팅: 등락 +12.1%, 고저범위 91% 위치, VWAP 641,140 위",12.07,5.75,0.907,450.1,0.49,1,673000,673000,,,679000,668000
051910#349-S20260227150000,051910,LG화학,종가베팅,FullAuto,2026-02-27 15:00:00,418250,진입,,,"종가베팅: 등락 +7.4%, 고저범위 87% 위치, VWAP 413,174 위",7.38,1.23,0.866,347.7,1.23,2,,,,,,
010170#353-S20260303090505,010170,대한광통신,ORB,FullAuto,2026-03-03 09:05:05,4760,진입,,,"ORB5 고가 4,755 돌파 (범위 9.9%)",10.83,3.12,1,151.8,0.86,1,,,,,,
322000#351-S20260303090525,322000,HD현대에너지솔루션,ORB,FullAuto,2026-03-03 09:05:25,110300,진입,,,"ORB5 고가 110,000 돌파 (범위 4.7%)",6.06,2.38,1,259.6,1.33,1,,,,,,
322000#351-S20260303094530,322000,HD현대에너지솔루션,ORB,FullAuto,2026-03-03 09:45:30,110600,진입,,,"ORB5 고가 110,000 돌파 (범위 4.7%)",6.35,4.62,0.911,165.4,13.87,1,,,,,,
032820#356-S20260303110500,032820,우리기술,VWAP눌림,FullAuto,2026-03-03 11:05:00,17440,진입,,,"VWAP 17,347 재돌파, 직전봉 고가 17,430 돌파",1.93,0.54,0.746,205.9,1.22,1,,,,,,
032820#356-S20260303112500,032820,우리기술,VWAP눌림,FullAuto,2026-03-03 11:25:00,17470,진입,,,"VWAP 17,345 재돌파, 직전봉 고가 17,340 돌파",2.10,0.72,0.758,203.6,0.68,1,,,,,,
032820#356-S20260303130100,032820,우리기술,VWAP눌림,FullAuto,2026-03-03 13:01:00,17310,진입,,,"VWAP 17,303 재돌파, 직전봉 고가 17,300 돌파",1.17,0.04,0.696,231.3,1.12,1,,,,,,
128820#360-S20260304090520,128820,대성산업,ORB,FullAuto,2026-03-04 09:05:20,11610,진입,,,"ORB5 고가 11,600 돌파 (범위 6.7%)",6.81,2.68,1,174.0,1.72,1,,,,,,
103140#358-S20260304090527,103140,풍산,ORB,FullAuto,2026-03-04 09:05:27,158400,진입,,,"ORB5 고가 158,300 돌파 (범위 4.8%)",11.94,1.73,1,148.2,2.52,1,,,,,,
128820#360-S20260304102825,128820,대성산업,ORB,FullAuto,2026-03-04 10:28:25,11650,진입,,,"ORB5 고가 11,600 돌파 (범위 6.7%)",7.18,3.90,0.615,160.3,4.99,1,,,,,,
128820#360-S20260304104025,128820,대성산업,ORB,FullAuto,2026-03-04 10:40:25,11620,진입,,,"ORB5 고가 11,600 돌파 (범위 6.7%)",6.90,3.08,0.607,157.5,1.43,1,,,,,,
010950#362-S20260304121900,010950,S-Oil,VWAP눌림,FullAuto,2026-03-04 12:19:00,158700,진입,,,"VWAP 156,443 재돌파, 직전봉 고가 157,400 돌파",10.98,1.44,0.670,165.3,0.48,1,,,,,,
005930#365-S20260305090522,005930,삼성전자,ORB,FullAuto,2026-03-05 09:05:22,195500,진입,,,"ORB5 고가 195,300 돌파 (범위 2.1%)",7.65,0.58,1,712.1,1.24,1,,,,,,
066570#364-S20260305090525,066570,LG전자,ORB,FullAuto,2026-03-05 09:05:25,120300,진입,,,"ORB5 고가 120,200 돌파 (범위 2.0%)",4.43,0.75,1,639.7,1.33,1,,,,,,
066570#364-S20260305093127,066570,LG전자,ORB,FullAuto,2026-03-05 09:31:27,120300,진입,,,"ORB5 고가 120,200 돌파 (범위 2.0%)",4.43,0.94,0.897,264.4,3.62,1,,,,,,
086520#373-S20260305150000,086520,에코프로,종가베팅,FullAuto,2026-03-05 15:00:00,167800,진입,,,"종가베팅: 등락 +16.4%, 고저범위 94% 위치, VWAP 159,745 위",16.45,5.04,0.943,196.3,1.00,1,,,,,,
010950#375-S20260305150100,010950,S-Oil,종가베팅,FullAuto,2026-03-05 15:01:00,131400,진입,,,"종가베팅: 등락 +11.0%, 고저범위 91% 위치, VWAP 126,372 위",10.98,3.98,0.911,227.2,1.90,1,,,,,,
322000#378-S20260306090522,322000,HD현대에너지솔루션,ORB,FullAuto,2026-03-06 09:05:22,99800,진입,,,"ORB5 고가 99,100 돌파 (범위 7.3%)",10.77,3.37,1,195.6,1.73,1,,,,,,
032820#377-S20260306092425,032820,우리기술,ORB,FullAuto,2026-03-06 09:24:25,18010,진입,,,"ORB5 고가 17,980 돌파 (범위 5.6%)",8.62,2.98,1,139.2,8.20,1,,,,,,
032820#377-S20260306094217,032820,우리기술,ORB,FullAuto,2026-03-06 09:42:17,18020,진입,,,"ORB5 고가 17,980 돌파 (범위 5.6%)",8.69,1.65,0.720,132.7,2.93,1,,,,,,
032820#377-S20260306095707,032820,우리기술,ORB,FullAuto,2026-03-06 09:57:07,17990,진입,,,"ORB5 고가 17,980 돌파 (범위 5.6%)",8.50,0.60,0.591,131.9,0.49,1,,,,,,
272210#381-S20260306101327,272210,한화시스템,ORB,FullAuto,2026-03-06 10:13:27,167000,진입,,,"ORB5 고가 166,800 돌파 (범위 9.0%)",10.74,4.23,1,187.3,5.16,1,,,,,,
001510#382-S20260306133300,001510,SK증권,VWAP눌림,FullAuto,2026-03-06 13:33:00,3820,진입,,,"VWAP 3,798 재돌파, 직전봉 고가 3,810 돌파",9.46,0.58,0.687,211.5,0.44,1,,,,,,
001510#382-S20260306140100,001510,SK증권,VWAP눌림,FullAuto,2026-03-06 14:01:00,3836,진입,,,"VWAP 3,803 재돌파, 직전봉 고가 3,830 돌파",9.91,0.86,0.708,204.6,0.48,2,,,,,,
034020#384-S20260306150000,034020,두산에너빌리티,종가베팅,FullAuto,2026-03-06 15:00:00,97700,진입,,,"종가베팅: 등락 +6.0%, 고저범위 97% 위치, VWAP 93,752 위",5.97,4.21,0.968,355.7,1.29,1,,,,,,
000720#383-S20260306150000,000720,현대건설,종가베팅,FullAuto,2026-03-06 15:00:00,154500,진입,,,"종가베팅: 등락 +5.9%, 고저범위 82% 위치, VWAP 147,409 위",5.89,4.81,0.821,227.4,2.93,1,,,,,,
047050#385-S20260309090527,047050,포스코인터내셔널,ORB,FullAuto,2026-03-09 09:05:27,83000,진입,,,"ORB5 고가 82,800 돌파 (범위 5.7%)",15.12,2.46,1,149.0,1.31,1,,,,,,
322000#387-S20260309091127,322000,HD현대에너지솔루션,ORB,FullAuto,2026-03-09 09:11:27,124200,진입,,,"ORB5 고가 124,000 돌파 (범위 8.7%)",6.06,4.04,1,178.7,1.22,1,,,,,,
024740#386-S20260309091222,024740,한일단조,ORB,FullAuto,2026-03-09 09:12:22,4610,진입,,,"ORB5 고가 4,600 돌파 (범위 9.4%)",23.92,3.36,0.931,164.8,1.21,1,,,,,,
047050#385-S20260309091237,047050,포스코인터내셔널,ORB,FullAuto,2026-03-09 09:12:37,82900,진입,,,"ORB5 고가 82,800 돌파 (범위 5.7%)",14.98,0.98,0.687,173.6,1.24,1,,,,,,
043260#390-S20260309150022,043260,성호전자,종가베팅,FullAuto,2026-03-09 15:00:22,38850,진입,,,"종가베팅: 등락 +3.3%, 고저범위 98% 위치, VWAP 36,762 위",3.32,5.68,0.976,125.0,3.51,1,,,,,,
032820#392-S20260310090527,032820,우리기술,ORB,FullAuto,2026-03-10 09:05:27,18570,진입,,,"ORB5 고가 18,550 돌파 (범위 3.6%)",7.34,1.86,1,148.1,2.76,1,,,,,,
032820#392-S20260310091625,032820,우리기술,ORB,FullAuto,2026-03-10 09:16:25,18590,진입,,,"ORB5 고가 18,550 돌파 (범위 3.6%)",7.46,1.20,0.767,141.6,3.67,1,,,,,,
034020#391-S20260310091830,034020,두산에너빌리티,ORB,FullAuto,2026-03-10 09:18:30,102800,진입,,,"ORB5 고가 102,600 돌파 (범위 2.7%)",9.95,1.42,1,298.0,6.27,1,,,,,,
218410#396-S20260310120300,218410,RFHIC,VWAP눌림,FullAuto,2026-03-10 12:03:00,76300,진입,,,"VWAP 76,330 재돌파, 직전봉 고가 76,100 돌파",19.03,-0.04,0.58,275.3,0.83,1,,,,,,
034020#391-S20260310140530,034020,두산에너빌리티,ORB,FullAuto,2026-03-10 14:05:30,102700,진입,,,"ORB5 고가 102,600 돌파 (범위 2.7%)",9.84,0.02,0.569,355.4,4.50,1,,,,,,
000660#397-S20260310150117,000660,SK하이닉스,종가베팅,FullAuto,2026-03-10 15:01:17,938000,차단,매수 가능 수량 0 (투입금/리스크/예수금 확인),,"종가베팅: 등락 +12.9%, 고저범위 76% 위치, VWAP 926,617 위",12.88,1.23,0.765,756.3,5.12,1,942000,941000,,,945000,937000
089030#399-S20260311090507,089030,테크윙,ORB,FullAuto,2026-03-11 09:05:07,72500,진입,,,"ORB5 고가 72,400 돌파 (범위 8.4%)",8.53,3.43,1,246.0,1.57,1,,,,,,
001510#398-S20260311090527,001510,SK증권,ORB,FullAuto,2026-03-11 09:05:27,4085,진입,,,"ORB5 고가 4,074 돌파 (범위 7.8%)",13.98,2.93,1,198.8,2.29,1,,,,,,
009540#400-S20260311092530,009540,HD한국조선해양,ORB,FullAuto,2026-03-11 09:25:30,432500,진입,,,"ORB5 고가 432,000 돌파 (범위 6.0%)",6.53,1.42,0.980,225.4,1.38,1,,,,,,
009540#400-S20260311131930,009540,HD한국조선해양,ORB,FullAuto,2026-03-11 13:19:30,432500,진입,,,"ORB5 고가 432,000 돌파 (범위 6.0%)",6.53,0.95,0.794,343.5,3.05,1,,,,,,
010060#407-S20260312101000,010060,OCI홀딩스,VWAP눌림,FullAuto,2026-03-12 10:10:00,160800,진입,,,"VWAP 160,613 재돌파, 직전봉 고가 160,900 돌파",9.39,0.12,0.701,187.6,2.35,1,,,,,,
0009K0#409-S20260312114300,0009K0,에임드바이오,VWAP눌림,FullAuto,2026-03-12 11:43:00,68500,진입,,,"VWAP 68,024 재돌파, 직전봉 고가 68,300 돌파",4.42,0.70,0.738,375.1,0.86,1,,,,,,
010060#407-S20260312115600,010060,OCI홀딩스,VWAP눌림,FullAuto,2026-03-12 11:56:00,161800,진입,,,"VWAP 161,188 재돌파, 직전봉 고가 161,300 돌파",10.07,0.38,0.751,196.7,0.61,1,,,,,,
010060#407-S20260312141200,010060,OCI홀딩스,VWAP눌림,FullAuto,2026-03-12 14:12:00,165400,진입,,,"VWAP 163,847 재돌파, 직전봉 고가 164,800 돌파",12.52,0.95,0.748,210.3,0.47,1,,,,,,
336260#408-S20260312142300,336260,두산퓨얼셀,VWAP눌림,FullAuto,2026-03-12 14:23:00,46000,진입,,,"VWAP 45,758 재돌파, 직전봉 고가 45,800 돌파",11.65,0.53,0.773,260.4,0.67,1,,,,,,
376900#410-S20260312144400,376900,로킷헬스케어,VWAP눌림,FullAuto,2026-03-12 14:44:00,102400,시간외,진입 가능 시간 09:05~14:30 밖,,"VWAP 101,617 재돌파, 직전봉 고가 102,000 돌파",5.24,0.77,0.581,209.9,0.89,1,102350,101600,102100,,103300,101100
0009K0#411-S20260312150000,0009K0,에임드바이오,종가베팅,FullAuto,2026-03-12 15:00:00,71000,진입,,,"종가베팅: 등락 +8.2%, 고저범위 90% 위치, VWAP 69,186 위",8.23,2.62,0.903,373.4,0.48,1,,,,,,
456160#412-S20260312150000,456160,지투지바이오,종가베팅,FullAuto,2026-03-12 15:00:00,114200,진입,,,"종가베팅: 등락 +9.1%, 고저범위 87% 위치, VWAP 110,683 위",9.07,3.18,0.868,177.6,0.46,1,,,,,,
046120#413-S20260313090505,046120,오르비텍,ORB,FullAuto,2026-03-13 09:05:05,8810,진입,,,"ORB5 고가 8,800 돌파 (범위 8.5%)",7.97,4.08,1,115.4,0.75,1,,,,,,
025860#414-S20260313090520,025860,남해화학,ORB,FullAuto,2026-03-13 09:05:20,10340,진입,,,"ORB5 고가 10,300 돌파 (범위 6.2%)",18.44,2.91,1,187.6,2.89,1,,,,,,
0007C0#417-S20260313102300,0007C0,아크릴,VWAP눌림,FullAuto,2026-03-13 10:23:00,45400,진입,,,"VWAP 45,316 재돌파, 직전봉 고가 45,300 돌파",17.92,0.18,0.617,182.1,1.04,1,,,,,,
0007C0#417-S20260313103300,0007C0,아크릴,VWAP눌림,FullAuto,2026-03-13 10:33:00,45400,진입,,,"VWAP 45,313 재돌파, 직전봉 고가 45,350 돌파",17.92,0.19,0.617,191.8,0.77,1,,,,,,
006910#419-S20260313112000,006910,보성파워텍,VWAP눌림,FullAuto,2026-03-13 11:20:00,11740,진입,,,"VWAP 11,704 재돌파, 직전봉 고가 11,720 돌파",2.35,0.31,0.592,179.6,0.48,1,,,,,,
006910#419-S20260313114800,006910,보성파워텍,VWAP눌림,FullAuto,2026-03-13 11:48:00,11700,진입,,,"VWAP 11,703 재돌파, 직전봉 고가 11,690 돌파",2.01,-0.03,0.566,186.5,0.79,1,,,,,,
008350#421-S20260313132900,008350,남선알미늄,VWAP눌림,FullAuto,2026-03-13 13:29:00,1515,진입,,,"VWAP 1,500 재돌파, 직전봉 고가 1,505 돌파",15.03,0.98,0.675,142.9,0.56,1,,,,,,
008350#421-S20260313140600,008350,남선알미늄,VWAP눌림,FullAuto,2026-03-13 14:06:00,1518,진입,,,"VWAP 1,507 재돌파, 직전봉 고가 1,510 돌파",15.26,0.70,0.685,156.9,0.72,1,,,,,,
050890#424-S20260313150000,050890,쏠리드,종가베팅,FullAuto,2026-03-13 15:00:00,12920,진입,,,"종가베팅: 등락 +4.2%, 고저범위 92% 위치, VWAP 12,521 위",4.19,3.19,0.92,320.6,2.39,1,,,,,,
226950#422-S20260313150000,226950,올릭스,종가베팅,FullAuto,2026-03-13 15:00:00,196600,진입,,,"종가베팅: 등락 +8.6%, 고저범위 83% 위치, VWAP 192,027 위",8.62,2.38,0.832,363.9,0.34,1,,,,,,
008350#425-S20260316093415,008350,남선알미늄,ORB,FullAuto,2026-03-16 09:34:15,1756,진입,,,"ORB5 고가 1,754 돌파 (범위 10.0%)",16.60,4.14,1,154.1,5.20,1,,,,,,
008350#425-S20260316095730,008350,남선알미늄,ORB,FullAuto,2026-03-16 09:57:30,1756,진입,,,"ORB5 고가 1,754 돌파 (범위 10.0%)",16.60,4.02,1,150.2,10.56,1,,,,,,
008350#425-S20260316100807,008350,남선알미늄,ORB,FullAuto,2026-03-16 10:08:07,1755,진입,,,"ORB5 고가 1,754 돌파 (범위 10.0%)",16.53,2.92,0.784,151.8,0.42,1,,,,,,
079550#430-S20260316103300,079550,LIG디펜스앤에어로스페이스,VWAP눌림,FullAuto,2026-03-16 10:33:00,740000,진입,,,"VWAP 735,922 재돌파, 직전봉 고가 740,000 돌파",3.93,0.55,0.653,331.2,1.35,1,,,,,,
474610#431-S20260316103400,474610,RF시스템즈,VWAP눌림,FullAuto,2026-03-16 10:34:00,10770,진입,,,"VWAP 10,722 재돌파, 직전봉 고가 10,710 돌파",6.63,0.45,0.515,149.0,0.52,1,,,,,,
474610#431-S20260316105100,474610,RF시스템즈,VWAP눌림,FullAuto,2026-03-16 10:51:00,10800,진입,,,"VWAP 10,713 재돌파, 직전봉 고가 10,560 돌파",6.93,0.81,0.531,152.3,2.92,1,,,,,,
474610#431-S20260316110200,474610,RF시스템즈,VWAP눌림,FullAuto,2026-03-16 11:02:00,10790,차단,리스크 관리로 진입 차단: 4연속 손실 쿨다운 ~11:25,,"VWAP 10,714 재돌파, 직전봉 고가 10,680 돌파",6.83,0.71,0.526,154.4,1.08,1,11020,11610,12080,12370,12560,10740
079550#430-S20260316115300,079550,LIG디펜스앤에어로스페이스,VWAP눌림,FullAuto,2026-03-16 11:53:00,752000,진입,,,"VWAP 746,722 재돌파, 직전봉 고가 750,000 돌파",5.62,0.71,0.677,357.1,0.85,1,,,,,,
079550#430-S20260316122000,079550,LIG디펜스앤에어로스페이스,VWAP눌림,FullAuto,2026-03-16 12:20:00,748000,차단,리스크 관리로 진입 차단: 5연속 손실 쿨다운 ~12:37,,"VWAP 746,795 재돌파, 직전봉 고가 746,000 돌파",5.06,0.16,0.615,359.1,2.17,1,746000,755000,757000,754000,759000,745000
079550#430-S20260316122600,079550,LIG디펜스앤에어로스페이스,VWAP눌림,FullAuto,2026-03-16 12:26:00,749000,차단,리스크 관리로 진입 차단: 5연속 손실 쿨다운 ~12:37,,"VWAP 746,795 재돌파, 직전봉 고가 747,000 돌파",5.20,0.30,0.631,359.0,1.22,1,754000,754000,757000,748000,759000,746000
079550#430-S20260316123000,079550,LIG디펜스앤에어로스페이스,VWAP눌림,FullAuto,2026-03-16 12:30:00,751000,차단,리스크 관리로 진입 차단: 5연속 손실 쿨다운 ~12:37,,"VWAP 746,812 재돌파, 직전봉 고가 750,000 돌파",5.48,0.56,0.662,361.6,0.91,1,755000,754000,755000,744000,759000,742000
474610#431-S20260316125500,474610,RF시스템즈,VWAP눌림,FullAuto,2026-03-16 12:55:00,11640,진입,,,"VWAP 11,452 재돌파, 직전봉 고가 11,580 돌파",15.25,1.64,0.670,152.1,0.54,1,,,,,,
079550#430-S20260316132500,079550,LIG디펜스앤에어로스페이스,VWAP눌림,FullAuto,2026-03-16 13:25:00,750000,차단,리스크 관리로 진입 차단: 일 손실 한도 1.5% 도달,,"VWAP 747,385 재돌파, 직전봉 고가 749,000 돌파",5.34,0.35,0.646,364.3,0.53,1,744000,747500,739000,737000,750000,731000
027360#434-S20260317090522,027360,아주IB투자,ORB,FullAuto,2026-03-17 09:05:22,6920,진입,,,"ORB5 고가 6,870 돌파 (범위 6.7%)",9.32,2.93,1,211.5,3.43,1,,,,,,
322000#432-S20260317090530,322000,HD현대에너지솔루션,ORB,FullAuto,2026-03-17 09:05:30,131800,진입,,,"ORB5 고가 131,600 돌파 (범위 9.8%)",10.39,3.60,1,317.2,1.77,1,,,,,,
322000#432-S20260317091425,322000,HD현대에너지솔루션,ORB,FullAuto,2026-03-17 09:14:25,132200,진입,,,"ORB5 고가 131,600 돌파 (범위 9.8%)",10.72,1.98,0.854,172.5,1.61,1,,,,,,
009830#436-S20260317110000,009830,한화솔루션,VWAP눌림,FullAuto,2026-03-17 11:00:00,47679,진입,,,"VWAP 47,332 재돌파, 직전봉 고가 47,650 돌파",9.77,0.73,0.704,168.8,1.83,2,,,,,,
009830#436-S20260317134700,009830,한화솔루션,VWAP눌림,FullAuto,2026-03-17 13:47:00,47537,진입,,,"VWAP 47,484 재돌파, 직전봉 고가 47,450 돌파",9.45,0.11,0.678,182.2,0.73,2,,,,,,
009830#436-S20260317140500,009830,한화솔루션,VWAP눌림,FullAuto,2026-03-17 14:05:00,47537,진입,,,"VWAP 47,478 재돌파, 직전봉 고가 47,450 돌파",9.45,0.12,0.678,180.4,0.66,2,,,,,,
039980#437-S20260317144900,039980,폴라리스AI,VWAP눌림,FullAuto,2026-03-17 14:49:00,11533,시간외,진입 가능 시간 09:05~14:30 밖,,"VWAP 11,326 재돌파, 직전봉 고가 11,458 돌파",19.06,1.83,0.730,140.8,1.14,2,11333,11183,11108,,11583,10982
009150#439-S20260317150000,009150,삼성전기,종가베팅,FullAuto,2026-03-17 15:00:00,450000,진입,,,"종가베팅: 등락 +8.3%, 고저범위 89% 위치, VWAP 437,256 위",8.30,2.91,0.889,357.4,0.55,1,,,,,,
475150#438-S20260317150000,475150,SK이터닉스,종가베팅,FullAuto,2026-03-17 15:00:00,41200,진입,,,"종가베팅: 등락 +7.2%, 고저범위 83% 위치, VWAP 40,296 위",7.15,2.24,0.829,297.0,0.32,1,,,,,,
403870#440-S20260318090527,403870,HPSP,ORB,FullAuto,2026-03-18 09:05:27,46750,진입,,,"ORB5 고가 46,650 돌파 (범위 3.7%)",6.13,1.49,1,459.9,2.07,1,,,,,,
445680#441-S20260318090622,445680,큐리옥스바이오시스템즈,ORB,FullAuto,2026-03-18 09:06:22,126200,진입,,,"ORB5 고가 125,700 돌파 (범위 4.5%)",9.17,1.94,1,199.9,4.93,1,,,,,,
047040#442-S20260318091130,047040,대우건설,ORB,FullAuto,2026-03-18 09:11:30,12890,진입,,,"ORB5 고가 12,870 돌파 (범위 4.5%)",6.44,1.03,0.784,134.8,1.35,1,,,,,,
055550#444-S20260318150000,055550,신한지주,종가베팅,FullAuto,2026-03-18 15:00:00,95400,진입,,,"종가베팅: 등락 +4.3%, 고저범위 97% 위치, VWAP 94,122 위",4.26,1.36,0.971,481.4,1.98,1,,,,,,
010120#445-S20260318150000,010120,LS ELECTRIC,종가베팅,FullAuto,2026-03-18 15:00:00,166400,진입,,,"종가베팅: 등락 +7.9%, 고저범위 87% 위치, VWAP 163,536 위",7.91,1.75,0.873,354.4,1.25,1,,,,,,
140410#447-S20260319090522,140410,메지온,ORB,FullAuto,2026-03-19 09:05:22,86200,진입,,,"ORB5 고가 86,000 돌파 (범위 7.1%)",7.21,3.16,1,414.4,2.45,1,,,,,,
033160#448-S20260319091022,033160,엠케이전자,ORB,FullAuto,2026-03-19 09:10:22,15750,진입,,,"ORB5 고가 15,700 돌파 (범위 6.4%)",9.00,2.25,1,161.7,2.62,1,,,,,,
356860#450-S20260319150000,356860,티엘비,종가베팅,FullAuto,2026-03-19 15:00:00,38049,진입,,,"종가베팅: 등락 +6.7%, 고저범위 90% 위치, VWAP 36,521 위",6.68,4.18,0.902,244.5,0.92,2,,,,,,
010170#451-S20260319150000,010170,대한광통신,종가베팅,FullAuto,2026-03-19 15:00:00,7290,진입,,,"종가베팅: 등락 +3.7%, 고저범위 78% 위치, VWAP 7,234 위",3.70,0.77,0.784,1922.7,1.77,1,,,,,,
036930#453-S20260320090522,036930,주성엔지니어링,ORB,FullAuto,2026-03-20 09:05:22,69800,진입,,,"ORB5 고가 69,700 돌파 (범위 3.7%)",14.43,1.77,1,157.5,1.67,1,,,,,,
047040#454-S20260320090820,047040,대우건설,ORB,FullAuto,2026-03-20 09:08:20,17510,진입,,,"ORB5 고가 17,430 돌파 (범위 3.5%)",8.29,1.95,1,144.2,3.33,1,,,,,,
036930#453-S20260320091822,036930,주성엔지니어링,ORB,FullAuto,2026-03-20 09:18:22,69900,진입,,,"ORB5 고가 69,700 돌파 (범위 3.7%)",14.59,0.85,0.75,201.5,4.76,1,,,,,,
006910#455-S20260320100300,006910,보성파워텍,VWAP눌림,FullAuto,2026-03-20 10:03:00,13090,진입,,,"VWAP 12,817 재돌파, 직전봉 고가 12,880 돌파",8.00,2.13,0.941,209.7,2.95,1,,,,,,
006910#455-S20260320110500,006910,보성파워텍,VWAP눌림,FullAuto,2026-03-20 11:05:00,13110,진입,,,"VWAP 13,013 재돌파, 직전봉 고가 13,080 돌파",8.17,0.75,0.705,185.4,0.56,1,,,,,,
006910#455-S20260320111400,006910,보성파워텍,VWAP눌림,FullAuto,2026-03-20 11:14:00,13040,진입,,,"VWAP 13,012 재돌파, 직전봉 고가 12,990 돌파",7.59,0.21,0.655,184.6,0.46,1,,,,,,
050890#457-S20260320120000,050890,쏠리드,VWAP눌림,FullAuto,2026-03-20 12:00:00,13730,진입,,,"VWAP 13,674 재돌파, 직전봉 고가 13,720 돌파",6.43,0.41,0.494,137.1,0.47,1,,,,,,
047040#458-S20260320150000,047040,대우건설,종가베팅,FullAuto,2026-03-20 15:00:00,18800,진입,,,"종가베팅: 등락 +16.3%, 고저범위 76% 위치, VWAP 18,428 위",16.26,2.02,0.757,186.8,0.59,1,,,,,,
178320#460-S20260320150917,178320,서진시스템,종가베팅,FullAuto,2026-03-20 15:09:17,48600,진입,,,"종가베팅: 등락 +7.0%, 고저범위 78% 위치, VWAP 47,708 위",7.05,1.87,0.780,263.0,0.88,1,,,,,,
322000#462-S20260323092125,322000,HD현대에너지솔루션,ORB,FullAuto,2026-03-23 09:21:25,141100,진입,,,"ORB5 고가 140,500 돌파 (범위 4.5%)",7.71,2.70,1,190.3,9.84,1,,,,,,
322000#462-S20260323093317,322000,HD현대에너지솔루션,ORB,FullAuto,2026-03-23 09:33:17,140600,진입,,,"ORB5 고가 140,500 돌파 (범위 4.5%)",7.33,0.86,0.603,194.4,1.59,1,,,,,,
460930#466-S20260323101900,460930,현대힘스,VWAP눌림,FullAuto,2026-03-23 10:19:00,20450,진입,,,"VWAP 20,405 재돌파, 직전봉 고가 20,400 돌파",12.36,0.22,0.589,426.8,2.32,1,,,,,,
322000#462-S20260323102230,322000,HD현대에너지솔루션,ORB,FullAuto,2026-03-23 10:22:30,140900,진입,,,"ORB5 고가 140,500 돌파 (범위 4.5%)",7.56,1.46,0.651,186.5,5.66,1,,,,,,
261780#468-S20260323110300,261780,아리바이오랩,VWAP눌림,FullAuto,2026-03-23 11:03:00,4445,진입,,,"VWAP 4,387 재돌파, 직전봉 고가 4,420 돌파",8.95,1.31,0.664,145.6,0.93,1,,,,,,
046120#469-S20260323112100,046120,오르비텍,VWAP눌림,FullAuto,2026-03-23 11:21:00,14920,진입,,,"VWAP 14,765 재돌파, 직전봉 고가 14,760 돌파",8.91,1.05,0.657,161.4,0.82,1,,,,,,
046120#469-S20260323114300,046120,오르비텍,VWAP눌림,FullAuto,2026-03-23 11:43:00,14970,진입,,,"VWAP 14,804 재돌파, 직전봉 고가 14,980 돌파",9.27,1.12,0.669,162.2,1.23,1,,,,,,
261780#468-S20260323114600,261780,아리바이오랩,VWAP눌림,FullAuto,2026-03-23 11:46:00,4395,진입,,,"VWAP 4,384 재돌파, 직전봉 고가 4,340 돌파",7.72,0.24,0.619,149.7,1.51,1,,,,,,
460930#466-S20260323120800,460930,현대힘스,VWAP눌림,FullAuto,2026-03-23 12:08:00,20350,진입,,,"VWAP 20,321 재돌파, 직전봉 고가 20,250 돌파",11.81,0.14,0.541,267.0,1.94,1,,,,,,
046120#469-S20260323121600,046120,오르비텍,VWAP눌림,FullAuto,2026-03-23 12:16:00,14810,진입,,,"VWAP 14,805 재돌파, 직전봉 고가 14,580 돌파",8.10,0.03,0.632,162.4,1.65,1,,,,,,
261780#468-S20260323122700,261780,아리바이오랩,VWAP눌림,FullAuto,2026-03-23 12:27:00,4385,진입,,,"VWAP 4,385 재돌파, 직전봉 고가 4,385 돌파",7.48,0.00,0.610,153.5,0.84,1,,,,,,
092220#471-S20260323123400,092220,KEC,VWAP눌림,FullAuto,2026-03-23 12:34:00,8480,진입,,,"VWAP 8,418 재돌파, 직전봉 고가 8,450 돌파",20.54,0.74,0.743,303.1,1.61,1,,,,,,
475580#470-S20260323125400,475580,에이럭스,VWAP눌림,FullAuto,2026-03-23 12:54:00,14850,진입,,,"VWAP 14,667 재돌파, 직전봉 고가 14,780 돌파",13.10,1.25,0.709,154.5,0.64,1,,,,,,
092220#471-S20260323130100,092220,KEC,VWAP눌림,FullAuto,2026-03-23 13:01:00,8430,진입,,,"VWAP 8,420 재돌파, 직전봉 고가 8,400 돌파",19.83,0.12,0.717,254.4,1.38,1,,,,,,
092220#471-S20260323132000,092220,KEC,VWAP눌림,FullAuto,2026-03-23 13:20:00,8495,진입,,,"VWAP 8,420 재돌파, 직전봉 고가 8,430 돌파",20.75,0.90,0.751,242.2,1.87,2,,,,,,
047040#474-S20260324090520,047040,대우건설,ORB,FullAuto,2026-03-24 09:05:20,19100,진입,,,"ORB5 고가 19,060 돌파 (범위 5.0%)",11.96,2.64,1,286.9,2.49,1,,,,,,
036930#476-S20260324090722,036930,주성엔지니어링,ORB,FullAuto,2026-03-24 09:07:22,77100,진입,,,"ORB5 고가 77,000 돌파 (범위 3.5%)",7.83,1.54,1,231.6,3.14,1,,,,,,
368770#478-S20260324102100,368770,파이버프로,VWAP눌림,FullAuto,2026-03-24 10:21:00,18990,진입,,,"VWAP 18,698 재돌파, 직전봉 고가 18,840 돌파",15.44,1.56,0.708,146.8,0.79,1,,,,,,
368770#478-S20260324105700,368770,파이버프로,VWAP눌림,FullAuto,2026-03-24 10:57:00,19440,진입,,,"VWAP 19,228 재돌파, 직전봉 고가 19,380 돌파",18.18,1.10,0.734,181.4,1.18,1,,,,,,
368770#478-S20260324120200,368770,파이버프로,VWAP눌림,FullAuto,2026-03-24 12:02:00,19360,진입,,,"VWAP 19,235 재돌파, 직전봉 고가 19,210 돌파",17.69,0.65,0.712,180.9,2.89,1,,,,,,
272210#480-S20260324150000,272210,한화시스템,종가베팅,FullAuto,2026-03-24 15:00:00,127500,진입,,,"종가베팅: 등락 +6.3%, 고저범위 93% 위치, VWAP 125,034 위",6.25,1.97,0.928,862.8,0.43,1,,,,,,
012450#481-S20260324150000,012450,한화에어로스페이스,종가베팅,FullAuto,2026-03-24 15:00:00,1336000,차단,매수 가능 수량 0 (투입금/리스크/예수금 확인),,"종가베팅: 등락 +7.6%, 고저범위 79% 위치, VWAP 1,320,764 위",7.57,1.15,0.789,384.8,0.33,1,1336000,1331000,,,1340000,1326000
000660#482-S20260324151500,000660,SK하이닉스,종가베팅,FullAuto,2026-03-24 15:15:00,991000,차단,매수 가능 수량 0 (투입금/리스크/예수금 확인),,"종가베팅: 등락 +6.2%, 고저범위 95% 위치, VWAP 972,211 위",6.22,1.93,0.946,690.7,2.56,1,987000,,,,992000,985000
263750#483-S20260325090520,263750,펄어비스,ORB,FullAuto,2026-03-25 09:05:20,46500,진입,,,"ORB5 고가 46,400 돌파 (범위 4.4%)",6.90,1.76,1,712.6,2.49,1,,,,,,
348370#485-S20260325091425,348370,엔켐,ORB,FullAuto,2026-03-25 09:14:25,35000,진입,,,"ORB5 고가 34,950 돌파 (범위 6.4%)",16.86,2.38,1,220.4,4.48,1,,,,,,
489790#484-S20260325092330,489790,한화비전,ORB,FullAuto,2026-03-25 09:23:30,93000,진입,,,"ORB5 고가 92,900 돌파 (범위 6.3%)",7.64,1.97,1,189.7,2.21,1,,,,,,
348370#485-S20260325094420,348370,엔켐,ORB,FullAuto,2026-03-25 09:44:20,35000,진입,,,"ORB5 고가 34,950 돌파 (범위 6.4%)",16.86,1.63,0.811,229.3,13.33,1,,,,,,
079550#487-S20260325150000,079550,LIG디펜스앤에어로스페이스,종가베팅,FullAuto,2026-03-25 15:00:00,739000,차단,매수 가능 수량 0 (투입금/리스크/예수금 확인),,"종가베팅: 등락 +16.0%, 고저범위 95% 위치, VWAP 702,697 위",16.01,5.17,0.948,340.2,0.65,1,732000,734000,,,740000,729000
218410#486-S20260325150000,218410,RFHIC,종가베팅,FullAuto,2026-03-25 15:00:00,87700,진입,,,"종가베팅: 등락 +14.5%, 고저범위 80% 위치, VWAP 86,251 위",14.49,1.68,0.795,336.6,0.34,1,,,,,,
038110#490-S20260326090525,038110,에코플라스틱,ORB,FullAuto,2026-03-26 09:05:25,3855,진입,,,"ORB5 고가 3,850 돌파 (범위 7.2%)",10.30,2.85,1,382.7,2.70,1,,,,,,
322000#489-S20260326090630,322000,HD현대에너지솔루션,ORB,FullAuto,2026-03-26 09:06:30,138300,진입,,,"ORB5 고가 137,800 돌파 (범위 8.1%)",9.07,2.84,1,194.0,2.19,1,,,,,,
322000#489-S20260326092027,322000,HD현대에너지솔루션,ORB,FullAuto,2026-03-26 09:20:27,137900,진입,,,"ORB5 고가 137,800 돌파 (범위 8.1%)",8.75,1.25,0.881,161.8,1.63,1,,,,,,
348370#492-S20260326150000,348370,엔켐,종가베팅,FullAuto,2026-03-26 15:00:00,45550,진입,,,"종가베팅: 등락 +17.1%, 고저범위 82% 위치, VWAP 44,188 위",17.10,3.08,0.818,199.1,0.37,1,,,,,,
078600#493-S20260326150122,078600,대주전자재료,종가베팅,FullAuto,2026-03-26 15:01:22,133800,진입,,,"종가베팅: 등락 +4.7%, 고저범위 75% 위치, VWAP 131,991 위",4.69,1.37,0.752,283.8,1.39,1,,,,,,
014160#496-S20260327090522,014160,대영포장,ORB,FullAuto,2026-03-27 09:05:22,1559,진입,,,"ORB5 고가 1,550 돌파 (범위 5.2%)",10.65,2.53,1,302.4,2.06,1,,,,,,
038110#495-S20260327090725,038110,에코플라스틱,ORB,FullAuto,2026-03-27 09:07:25,4710,진입,,,"ORB5 고가 4,685 돌파 (범위 8.1%)",11.35,3.71,1,251.9,2.32,1,,,,,,
047040#497-S20260327093517,047040,대우건설,ORB,FullAuto,2026-03-27 09:35:17,16450,진입,,,"ORB5 고가 16,430 돌파 (범위 6.1%)",3.46,1.30,0.851,191.7,1.59,1,,,,,,
014160#496-S20260327093927,014160,대영포장,ORB,FullAuto,2026-03-27 09:39:27,1552,진입,,,"ORB5 고가 1,550 돌파 (범위 5.2%)",10.15,3.64,0.801,160.1,3.28,1,,,,,,
014160#496-S20260327095742,014160,대영포장,ORB,FullAuto,2026-03-27 09:57:42,1551,진입,,,"ORB5 고가 1,550 돌파 (범위 5.2%)",10.08,1.57,0.656,154.8,1.29,1,,,,,,
047040#497-S20260327100830,047040,대우건설,ORB,FullAuto,2026-03-27 10:08:30,16440,진입,,,"ORB5 고가 16,430 돌파 (범위 6.1%)",3.40,1.37,0.842,182.1,2.09,1,,,,,,
161000#501-S20260330090625,161000,애경케미칼,ORB,FullAuto,2026-03-30 09:06:25,13220,진입,,,"ORB5 고가 13,200 돌파 (범위 3.9%)",14.86,1.10,1,150.8,3.86,1,,,,,,
038110#499-S20260330090712,038110,에코플라스틱,ORB,FullAuto,2026-03-30 09:07:12,4650,진입,,,"ORB5 고가 4,645 돌파 (범위 8.1%)",13.83,2.45,0.922,188.0,0.65,1,,,,,,
038110#499-S20260330091845,038110,에코플라스틱,ORB,FullAuto,2026-03-30 09:18:45,4650,진입,,,"ORB5 고가 4,645 돌파 (범위 8.1%)",13.83,1.64,0.816,168.9,1.20,1,,,,,,
289080#500-S20260330092830,289080,SV인베스트먼트,ORB,FullAuto,2026-03-30 09:28:30,4980,진입,,,"ORB5 고가 4,960 돌파 (범위 5.2%)",9.45,3.34,1,142.0,3.94,1,,,,,,
375500#505-S20260330150317,375500,DL이앤씨,종가베팅,FullAuto,2026-03-30 15:03:17,69000,진입,,,"종가베팅: 등락 +4.9%, 고저범위 86% 위치, VWAP 65,621 위",4.86,5.15,0.863,261.9,2.45,1,,,,,,
425040#506-S20260331091730,425040,티이엠씨,ORB,FullAuto,2026-03-31 09:17:30,14050,진입,,,"ORB5 고가 14,040 돌파 (범위 6.4%)",8.33,2.16,1,153.1,3.08,1,,,,,,
425040#506-S20260331095312,425040,티이엠씨,ORB,FullAuto,2026-03-31 09:53:12,14060,진입,,,"ORB5 고가 14,040 돌파 (범위 6.4%)",8.40,2.35,1,148.9,2.62,1,,,,,,
114190#515-S20260331111300,114190,강원에너지,VWAP눌림,FullAuto,2026-03-31 11:13:00,14330,진입,,,"VWAP 14,253 재돌파, 직전봉 고가 14,200 돌파",14.92,0.54,0.523,166.0,3.16,1,,,,,,
047040#520-S20260401090517,047040,대우건설,ORB,FullAuto,2026-04-01 09:05:17,17480,진입,,,"ORB5 고가 17,440 돌파 (범위 3.6%)",12.41,1.79,1,224.6,2.55,1,,,,,,
046970#521-S20260401090727,046970,우리로,ORB,FullAuto,2026-04-01 09:07:27,9090,진입,,,"ORB5 고가 9,060 돌파 (범위 8.5%)",8.86,4.17,1,225.6,1.66,1,,,,,,
001510#519-S20260401091627,001510,SK증권,ORB,FullAuto,2026-04-01 09:16:27,4075,진입,,,"ORB5 고가 4,065 돌파 (범위 4.1%)",10.61,2.06,1,227.6,5.50,1,,,,,,
001510#519-S20260401093927,001510,SK증권,ORB,FullAuto,2026-04-01 09:39:27,4070,진입,,,"ORB5 고가 4,065 돌파 (범위 4.1%)",10.48,1.61,0.873,213.8,3.58,1,,,,,,
001510#519-S20260401100105,001510,SK증권,ORB,FullAuto,2026-04-01 10:01:05,4070,진입,,,"ORB5 고가 4,065 돌파 (범위 4.1%)",10.48,0.93,0.635,225.9,0.57,1,,,,,,
050890#522-S20260401103000,050890,쏠리드,VWAP눌림,FullAuto,2026-04-01 10:30:00,14710,진입,,,"VWAP 14,679 재돌파, 직전봉 고가 14,690 돌파",16.47,0.21,0.732,180.2,0.91,1,,,,,,
050890#522-S20260401105200,050890,쏠리드,VWAP눌림,FullAuto,2026-04-01 10:52:00,14750,진입,,,"VWAP 14,683 재돌파, 직전봉 고가 14,740 돌파",16.79,0.46,0.753,195.8,0.42,1,,,,,,
050890#522-S20260401110600,050890,쏠리드,VWAP눌림,FullAuto,2026-04-01 11:06:00,14735,진입,,,"VWAP 14,684 재돌파, 직전봉 고가 14,730 돌파",16.67,0.35,0.745,192.9,0.74,2,,,,,,
263750#523-S20260401122700,263750,펄어비스,VWAP눌림,FullAuto,2026-04-01 12:27:00,72700,진입,,,"VWAP 72,275 재돌파, 직전봉 고가 72,500 돌파",7.70,0.59,0.605,240.7,0.34,1,,,,,,
263750#523-S20260401124400,263750,펄어비스,VWAP눌림,FullAuto,2026-04-01 12:44:00,72400,진입,,,"VWAP 72,275 재돌파, 직전봉 고가 72,000 돌파",7.26,0.17,0.580,245.4,1.02,1,,,,,,
263750#523-S20260401135300,263750,펄어비스,VWAP눌림,FullAuto,2026-04-01 13:53:00,72900,진입,,,"VWAP 72,334 재돌파, 직전봉 고가 72,800 돌파",8.00,0.78,0.622,254.0,1.31,1,,,,,,
012450#529-S20260401150000,012450,한화에어로스페이스,종가베팅,FullAuto,2026-04-01 15:00:00,1346000,차단,매수 가능 수량 0 (투입금/리스크/예수금 확인),,"종가베팅: 등락 +9.6%, 고저범위 78% 위치, VWAP 1,321,273 위",9.61,1.87,0.778,307.7,1.19,1,1343000,1337000,,,1347000,1329000
003230#531-S20260401150100,003230,삼양식품,종가베팅,FullAuto,2026-04-01 15:01:00,1315000,차단,매수 가능 수량 0 (투입금/리스크/예수금 확인),,"종가베팅: 등락 +8.8%, 고저범위 95% 위치, VWAP 1,290,772 위",8.77,1.88,0.947,509.9,0.95,1,1317000,1318000,,,1319000,1312000
373220#532-S20260401150300,373220,LG에너지솔루션,종가베팅,FullAuto,2026-04-01 15:03:00,409000,진입,,,"종가베팅: 등락 +3.4%, 고저범위 94% 위치, VWAP 401,579 위",3.41,1.85,0.939,2381.2,1.43,1,,,,,,
010170#534-S20260402090505,010170,대한광통신,ORB,FullAuto,2026-04-02 09:05:05,10620,진입,,,"ORB5 고가 10,600 돌파 (범위 7.0%)",12.86,3.00,1,102.6,1.04,1,,,,,,
066970#533-S20260402090527,066970,엘앤에프,ORB,FullAuto,2026-04-02 09:05:27,159600,진입,,,"ORB5 고가 159,500 돌파 (범위 7.6%)",8.94,2.24,1,167.8,1.76,1,,,,,,
012450#535-S20260402090625,012450,한화에어로스페이스,ORB,FullAuto,2026-04-02 09:06:25,1438000,차단,매수 가능 수량 0 (투입금/리스크/예수금 확인),,"ORB5 고가 1,436,000 돌파 (범위 3.6%)",7.47,1.34,0.981,103.9,1.74,1,1439000,1437000,1434000,1452000,1474000,1425000
012450#535-S20260402091130,012450,한화에어로스페이스,ORB,FullAuto,2026-04-02 09:11:30,1439000,차단,매수 가능 수량 0 (투입금/리스크/예수금 확인),,"ORB5 고가 1,436,000 돌파 (범위 3.6%)",7.55,1.01,0.883,140.0,1.29,1,1445000,1464000,1437000,1477000,1477000,1428000
012450#535-S20260402091425,012450,한화에어로스페이스,ORB,FullAuto,2026-04-02 09:14:25,1437000,차단,매수 가능 수량 0 (투입금/리스크/예수금 확인),,"ORB5 고가 1,436,000 돌파 (범위 3.6%)",7.40,0.74,0.85,144.0,1.43,1,1434000,1441000,1443000,1454000,1478000,1429000
010170#534-S20260402092522,010170,대한광통신,ORB,FullAuto,2026-04-02 09:25:22,10610,진입,,,"ORB5 고가 10,600 돌파 (범위 7.0%)",12.75,3.35,0.892,150.8,3.84,1,,,,,,
010170#534-S20260402095225,010170,대한광통신,ORB,FullAuto,2026-04-02 09:52:25,10610,진입,,,"ORB5 고가 10,600 돌파 (범위 7.0%)",12.75,0.80,0.572,157.4,1.26,1,,,,,,
008350#538-S20260402102100,008350,남선알미늄,VWAP눌림,FullAuto,2026-04-02 10:21:00,1744,진입,,,"VWAP 1,720 재돌파, 직전봉 고가 1,740 돌파",6.86,1.38,0.552,110.1,3.18,1,,,,,,
322000#539-S20260402104300,322000,HD현대에너지솔루션,VWAP눌림,FullAuto,2026-04-02 10:43:00,146400,진입,,,"VWAP 144,634 재돌파, 직전봉 고가 145,600 돌파",7.17,1.22,0.716,236.8,0.68,1,,,,,,
322000#539-S20260402110800,322000,HD현대에너지솔루션,VWAP눌림,FullAuto,2026-04-02 11:08:00,145900,진입,,,"VWAP 144,929 재돌파, 직전봉 고가 145,700 돌파",6.81,0.67,0.690,219.3,0.45,1,,,,,,
322000#539-S20260402113500,322000,HD현대에너지솔루션,VWAP눌림,FullAuto,2026-04-02 11:35:00,145300,진입,,,"VWAP 144,990 재돌파, 직전봉 고가 144,900 돌파",6.37,0.21,0.660,214.1,1.69,1,,,,,,
008350#538-S20260402114800,008350,남선알미늄,VWAP눌림,FullAuto,2026-04-02 11:48:00,1826,차단,리스크 관리로 진입 차단: 4연속 손실 쿨다운 ~12:07,,"VWAP 1,810 재돌파, 직전봉 고가 1,821 돌파",11.89,0.86,0.561,159.1,0.80,1,1820,1798,1783,1833,1854,1757
008350#538-S20260402120600,008350,남선알미늄,VWAP눌림,FullAuto,2026-04-02 12:06:00,1810,차단,리스크 관리로 진입 차단: 4연속 손실 쿨다운 ~12:07,,"VWAP 1,810 재돌파, 직전봉 고가 1,805 돌파",10.91,-0.01,0.519,158.2,0.84,1,1794,1796,1763,1825,1859,1757
008350#538-S20260402124300,008350,남선알미늄,VWAP눌림,FullAuto,2026-04-02 12:43:00,1810,진입,,,"VWAP 1,809 재돌파, 직전봉 고가 1,800 돌파",10.91,0.05,0.519,159.2,2.55,1,,,,,,
008350#538-S20260402130500,008350,남선알미늄,VWAP눌림,FullAuto,2026-04-02 13:05:00,1823,진입,,,"VWAP 1,810 재돌파, 직전봉 고가 1,818 돌파",11.70,0.72,0.553,159.8,0.63,1,,,,,,
006400#541-S20260402140500,006400,삼성SDI,VWAP눌림,FullAuto,2026-04-02 14:05:00,448500,진입,,,"VWAP 444,844 재돌파, 직전봉 고가 447,000 돌파",3.58,0.82,0.617,468.8,1.95,1,,,,,,
046970#542-S20260402143400,046970,우리로,VWAP눌림,FullAuto,2026-04-02 14:34:00,7710,시간외,진입 가능 시간 09:05~14:30 밖,,"VWAP 7,696 재돌파, 직전봉 고가 7,570 돌파",-10.14,0.18,0.399,129.5,0.86,1,7350,7480,7270,,7780,7160
046970#542-S20260402144300,046970,우리로,VWAP눌림,FullAuto,2026-04-02 14:43:00,7740,시간외,진입 가능 시간 09:05~14:30 밖,,"VWAP 7,688 재돌파, 직전봉 고가 7,570 돌파",-9.79,0.68,0.410,136.9,1.17,1,7500,7250,7410,,7750,7160
047050#543-S20260402150417,047050,포스코인터내셔널,종가베팅,FullAuto,2026-04-02 15:04:17,79500,진입,,,"종가베팅: 등락 +4.5%, 고저범위 78% 위치, VWAP 78,314 위",4.47,1.51,0.784,308.7,1.77,1,,,,,,
050890#544-S20260403090517,050890,쏠리드,ORB,FullAuto,2026-04-03 09:05:17,16420,진입,,,"ORB5 고가 16,400 돌파 (범위 5.9%)",8.96,2.93,1,255.4,2.44,1,,,,,,
028050#546-S20260403090530,028050,삼성E&A,ORB,FullAuto,2026-04-03 09:05:30,38075,진입,,,"ORB5 고가 38,000 돌파 (범위 4.0%)",8.48,1.76,1,360.6,1.70,2,,,,,,
047040#545-S20260403091005,047040,대우건설,ORB,FullAuto,2026-04-03 09:10:05,17720,진입,,,"ORB5 고가 17,710 돌파 (범위 2.8%)",7.79,0.74,0.875,151.0,0.38,1,,,,,,
005930#548-S20260403150000,005930,삼성전자,종가베팅,FullAuto,2026-04-03 15:00:00,186700,진입,,,"종가베팅: 등락 +6.3%, 고저범위 89% 위치, VWAP 185,341 위",6.32,0.73,0.889,645.7,0.62,1,,,,,,
034020#547-S20260403150000,034020,두산에너빌리티,종가베팅,FullAuto,2026-04-03 15:00:00,97200,진입,,,"종가베팅: 등락 +4.9%, 고저범위 90% 위치, VWAP 96,505 위",4.85,0.72,0.905,872.4,0.94,1,,,,,,
028050#549-S20260406090510,028050,삼성E&A,ORB,FullAuto,2026-04-06 09:05:10,45400,진입,,,"ORB5 고가 45,350 돌파 (범위 6.6%)",11.96,3.01,1,145.9,0.87,1,,,,,,
010170#550-S20260406090930,010170,대한광통신,ORB,FullAuto,2026-04-06 09:09:30,14060,진입,,,"ORB5 고가 14,000 돌파 (범위 9.4%)",10.36,3.95,1,117.2,1.87,1,,,,,,
028050#549-S20260406091627,028050,삼성E&A,ORB,FullAuto,2026-04-06 09:16:27,45400,진입,,,"ORB5 고가 45,350 돌파 (범위 6.6%)",11.96,2.87,0.983,188.4,2.47,1,,,,,,
375500#552-S20260406092230,375500,DL이앤씨,ORB,FullAuto,2026-04-06 09:22:30,79100,진입,,,"ORB5 고가 79,000 돌파 (범위 3.8%)",5.47,0.91,0.789,188.6,1.37,1,,,,,,
375500#552-S20260406093427,375500,DL이앤씨,ORB,FullAuto,2026-04-06 09:34:27,79100,차단,리스크 관리로 진입 차단: 4연속 손실 쿨다운 ~09:55,,"ORB5 고가 79,000 돌파 (범위 3.8%)",5.47,0.74,0.732,192.1,1.64,1,78900,78000,79500,77000,80200,77500
375500#552-S20260406095930,375500,DL이앤씨,ORB,FullAuto,2026-04-06 09:59:30,79100,진입,,,"ORB5 고가 79,000 돌파 (범위 3.8%)",5.47,0.74,0.732,202.7,4.11,1,,,,,,
018470#554-S20260406121000,018470,조일알미늄,VWAP눌림,FullAuto,2026-04-06 12:10:00,8165,진입,,,"VWAP 8,095 재돌파, 직전봉 고가 8,140 돌파",14.68,0.87,0.689,154.6,0.60,2,,,,,,
018470#554-S20260406121800,018470,조일알미늄,VWAP눌림,FullAuto,2026-04-06 12:18:00,8180,진입,,,"VWAP 8,096 재돌파, 직전봉 고가 8,170 돌파",14.89,1.04,0.697,156.7,0.96,1,,,,,,
018470#554-S20260406131400,018470,조일알미늄,VWAP눌림,FullAuto,2026-04-06 13:14:00,8240,진입,,,"VWAP 8,153 재돌파, 직전봉 고가 8,205 돌파",15.73,1.07,0.730,171.7,1.41,1,,,,,,
005810#555-S20260406132100,005810,풍산홀딩스,VWAP눌림,FullAuto,2026-04-06 13:21:00,46650,진입,,,"VWAP 46,577 재돌파, 직전봉 고가 46,300 돌파",10.28,0.16,0.831,197.7,1.36,1,,,,,,
005810#555-S20260406135200,005810,풍산홀딩스,VWAP눌림,FullAuto,2026-04-06 13:52:00,46500,진입,,,"VWAP 46,423 재돌파, 직전봉 고가 46,250 돌파",9.93,0.17,0.810,198.1,1.04,1,,,,,,
005810#558-S20260406150000,005810,풍산홀딩스,종가베팅,FullAuto,2026-04-06 15:00:00,47250,진입,,,"종가베팅: 등락 +11.7%, 고저범위 100% 위치, VWAP 46,464 위",11.70,1.69,1,216.9,0.04,1,,,,,,
096770#557-S20260406150000,096770,SK이노베이션,종가베팅,FullAuto,2026-04-06 15:00:00,121900,진입,,,"종가베팅: 등락 +3.3%, 고저범위 84% 위치, VWAP 120,767 위",3.31,0.94,0.843,691.8,0.28,1,,,,,,
079550#560-S20260407090520,079550,LIG디펜스앤에어로스페이스,ORB,FullAuto,2026-04-07 09:05:20,838000,진입,,,"ORB5 고가 837,000 돌파 (범위 5.5%)",4.49,1.75,1,1058.3,2.41,1,,,,,,
047040#563-S20260407094705,047040,대우건설,ORB,FullAuto,2026-04-07 09:47:05,18310,진입,,,"ORB5 고가 18,300 돌파 (범위 3.4%)",5.78,1.28,0.756,215.0,0.46,1,,,,,,
012450#564-S20260407150000,012450,한화에어로스페이스,종가베팅,FullAuto,2026-04-07 15:00:00,1534000,차단,매수 가능 수량 0 (투입금/리스크/예수금 확인),,"종가베팅: 등락 +7.4%, 고저범위 91% 위치, VWAP 1,497,434 위",7.42,2.44,0.908,362.6,0.76,1,1533000,1534000,,,1535000,1529000
0007C0#565-S20260407150422,0007C0,아크릴,종가베팅,FullAuto,2026-04-07 15:04:22,37850.0,진입,,,"종가베팅: 등락 +20.0%, 고저범위 76% 위치, VWAP 37,686 위",19.97,0.44,0.76,168.2,0.83,1,,,,,,
047040#566-S20260408090515,047040,대우건설,ORB,FullAuto,2026-04-08 09:05:15,19480,진입,,,"ORB5 고가 19,470 돌파 (범위 4.1%)",12.28,2.64,1,372.2,1.48,1,,,,,,
047040#566-S20260408091322,047040,대우건설,ORB,FullAuto,2026-04-08 09:13:22,19510,진입,,,"ORB5 고가 19,470 돌파 (범위 4.1%)",12.45,2.37,1,233.0,4.07,1,,,,,,
007660#574-S20260408150000,007660,이수페타시스,종가베팅,FullAuto,2026-04-08 15:00:00,119900,진입,,,"종가베팅: 등락 +15.1%, 고저범위 100% 위치, VWAP 116,904 위",15.07,2.56,1,1215.7,1.88,1,,,,,,
000270#575-S20260408150000,000270,기아,종가베팅,FullAuto,2026-04-08 15:00:00,159600,진입,,,"종가베팅: 등락 +6.3%, 고저범위 91% 위치, VWAP 157,939 위",6.33,1.05,0.915,517.3,1.00,1,,,,,,
278470#578-S20260409090615,278470,에이피알,ORB,FullAuto,2026-04-09 09:06:15,377000,진입,,,"ORB5 고가 376,500 돌파 (범위 6.7%)",11.21,2.40,1,338.7,1.38,1,,,,,,
065440#576-S20260409090627,065440,이루온,ORB,FullAuto,2026-04-09 09:06:27,4635,진입,,,"ORB5 고가 4,610 돌파 (범위 8.6%)",18.54,4.33,1,209.8,1.82,1,,,,,,
065440#576-S20260409091517,065440,이루온,ORB,FullAuto,2026-04-09 09:15:17,4625,진입,,,"ORB5 고가 4,610 돌파 (범위 8.6%)",18.29,2.06,0.639,172.1,1.79,1,,,,,,
093370#579-S20260409131700,093370,후성,VWAP눌림,FullAuto,2026-04-09 13:17:00,11010,진입,,,"VWAP 11,014 재돌파, 직전봉 고가 10,990 돌파",13.39,-0.04,0.550,191.0,0.64,1,,,,,,
093370#579-S20260409133300,093370,후성,VWAP눌림,FullAuto,2026-04-09 13:33:00,11030,진입,,,"VWAP 11,011 재돌파, 직전봉 고가 11,020 돌파",13.59,0.18,0.560,193.8,1.94,1,,,,,,
093370#579-S20260409134700,093370,후성,VWAP눌림,FullAuto,2026-04-09 13:47:00,11060,진입,,,"VWAP 11,012 재돌파, 직전봉 고가 11,050 돌파",13.90,0.44,0.574,197.8,0.39,1,,,,,,
092790#580-S20260409135100,092790,넥스틸,VWAP눌림,FullAuto,2026-04-09 13:51:00,16520,진입,,,"VWAP 16,356 재돌파, 직전봉 고가 16,510 돌파",12.69,1.00,0.666,134.7,0.57,1,,,,,,
092790#580-S20260409142700,092790,넥스틸,VWAP눌림,FullAuto,2026-04-09 14:27:00,16380,진입,,,"VWAP 16,352 재돌파, 직전봉 고가 16,290 돌파",11.73,0.17,0.628,144.6,1.52,1,,,,,,
047810#581-S20260409150000,047810,한국항공우주,종가베팅,FullAuto,2026-04-09 15:00:00,199400,진입,,,"종가베팅: 등락 +4.6%, 고저범위 95% 위치, VWAP 193,657 위",4.62,2.97,0.953,282.0,0.74,1,,,,,,
010950#582-S20260409150117,010950,S-Oil,종가베팅,FullAuto,2026-04-09 15:01:17,118800,진입,,,"종가베팅: 등락 +5.7%, 고저범위 87% 위치, VWAP 117,348 위",5.69,1.24,0.874,438.9,2.81,1,,,,,,
010820#583-S20260410090645,010820,퍼스텍,ORB,FullAuto,2026-04-10 09:06:45,11120,진입,,,"ORB5 고가 11,100 돌파 (범위 7.0%)",13.82,2.59,0.682,182.0,1.32,1,,,,,,
010170#584-S20260410090725,010170,대한광통신,ORB,FullAuto,2026-04-10 09:07:25,15360,진입,,,"ORB5 고가 15,300 돌파 (범위 5.6%)",8.32,2.42,1,123.8,1.96,1,,,,,,
038500#585-S20260410091127,038500,삼표시멘트,ORB,FullAuto,2026-04-10 09:11:27,18380,진입,,,"ORB5 고가 18,320 돌파 (범위 3.4%)",8.95,2.42,1,208.1,4.29,1,,,,,,
010820#583-S20260410091317,010820,퍼스텍,ORB,FullAuto,2026-04-10 09:13:17,11120,진입,,,"ORB5 고가 11,100 돌파 (범위 7.0%)",13.82,1.27,0.658,150.5,1.33,1,,,,,,
010820#583-S20260410093537,010820,퍼스텍,ORB,FullAuto,2026-04-10 09:35:37,11110,진입,,,"ORB5 고가 11,100 돌파 (범위 7.0%)",13.72,0.07,0.602,146.2,1.36,1,,,,,,
046970#587-S20260410104900,046970,우리로,VWAP눌림,FullAuto,2026-04-10 10:49:00,8230,진입,,,"VWAP 8,143 재돌파, 직전봉 고가 8,210 돌파",13.52,1.06,0.646,175.4,0.74,1,,,,,,
046970#587-S20260410112900,046970,우리로,VWAP눌림,FullAuto,2026-04-10 11:29:00,8160,진입,,,"VWAP 8,139 재돌파, 직전봉 고가 8,060 돌파",12.55,0.26,0.608,190.4,1.37,1,,,,,,
046970#587-S20260410123300,046970,우리로,VWAP눌림,FullAuto,2026-04-10 12:33:00,8180,진입,,,"VWAP 8,138 재돌파, 직전봉 고가 8,130 돌파",12.83,0.52,0.619,200.5,2.77,1,,,,,,
278470#590-S20260410150000,278470,에이피알,종가베팅,FullAuto,2026-04-10 15:00:00,392250,진입,,,"종가베팅: 등락 +8.5%, 고저범위 85% 위치, VWAP 387,967 위",8.51,1.10,0.847,575.6,1.17,2,,,,,,
062040#591-S20260410150000,062040,산일전기,종가베팅,FullAuto,2026-04-10 15:00:00,154900,진입,,,"종가베팅: 등락 +7.9%, 고저범위 76% 위치, VWAP 153,360 위",7.94,1.00,0.76,338.5,0.66,1,,,,,,
010120#593-S20260413090517,010120,LS ELECTRIC,ORB,FullAuto,2026-04-13 09:05:17,184500,진입,,,"ORB5 고가 183,000 돌파 (범위 6.9%)",17.07,4.63,1,318.3,1.59,1,,,,,,
010120#593-S20260413095802,010120,LS ELECTRIC,ORB,FullAuto,2026-04-13 09:58:02,183100,진입,,,"ORB5 고가 183,000 돌파 (범위 6.9%)",16.18,2.40,0.506,227.4,1.86,1,,,,,,
025860#601-S20260413120500,025860,남해화학,VWAP눌림,FullAuto,2026-04-13 12:05:00,8870,진입,,,"VWAP 8,840 재돌파, 직전봉 고가 8,870 돌파",11.71,0.34,0.728,157.7,0.74,1,,,,,,
025860#601-S20260413121200,025860,남해화학,VWAP눌림,FullAuto,2026-04-13 12:12:00,8910,진입,,,"VWAP 8,840 재돌파, 직전봉 고가 8,850 돌파",12.22,0.79,0.76,159.1,1.01,1,,,,,,
025860#601-S20260413143200,025860,남해화학,VWAP눌림,FullAuto,2026-04-13 14:32:00,9290,시간외,진입 가능 시간 09:05~14:30 밖,,"VWAP 9,256 재돌파, 직전봉 고가 9,280 돌파",17.00,0.37,0.704,198.4,0.29,1,9370,9560,9520,,9660,9280
010820#604-S20260413150000,010820,퍼스텍,종가베팅,FullAuto,2026-04-13 15:00:00,11840,진입,,,"종가베팅: 등락 +4.0%, 고저범위 93% 위치, VWAP 11,581 위",3.95,2.24,0.928,255.1,1.97,1,,,,,,
298040#606-S20260413150020,298040,효성중공업,종가베팅,FullAuto,2026-04-13 15:00:20,3032000,차단,매수 가능 수량 0 (투입금/리스크/예수금 확인),,"종가베팅: 등락 +3.0%, 고저범위 91% 위치, VWAP 2,974,080 위",3.02,1.95,0.907,274.8,0.78,1,3030000,3062000,,,3088000,3019000
083450#607-S20260413150100,083450,GST,종가베팅,FullAuto,2026-04-13 15:01:00,36150,진입,,,"종가베팅: 등락 +13.7%, 고저범위 94% 위치, VWAP 35,249 위",13.68,2.56,0.936,383.6,0.91,1,,,,,,
336260#608-S20260414090725,336260,두산퓨얼셀,ORB,FullAuto,2026-04-14 09:07:25,40800,진입,,,"ORB5 고가 40,750 돌파 (범위 5.8%)",10.27,1.61,1,218.3,3.02,1,,,,,,
375500#613-S20260414123100,375500,DL이앤씨,VWAP눌림,FullAuto,2026-04-14 12:31:00,101100,진입,,,"VWAP 100,586 재돌파, 직전봉 고가 101,000 돌파",6.98,0.51,0.692,234.6,0.58,1,,,,,,
375500#613-S20260414131700,375500,DL이앤씨,VWAP눌림,FullAuto,2026-04-14 13:17:00,101000,진입,,,"VWAP 100,618 재돌파, 직전봉 고가 100,900 돌파",6.88,0.38,0.684,237.2,0.65,1,,,,,,
375500#613-S20260414134700,375500,DL이앤씨,VWAP눌림,FullAuto,2026-04-14 13:47:00,101400,진입,,,"VWAP 100,628 재돌파, 직전봉 고가 101,000 돌파",7.30,0.77,0.718,241.6,3.19,1,,,,,,
115440#612-S20260414140530,115440,우리넷,ORB,FullAuto,2026-04-14 14:05:30,20300,진입,,,"ORB5 고가 20,250 돌파 (범위 7.8%)",20.12,4.69,0.743,150.9,7.96,1,,,,,,
006800#615-S20260414144400,006800,미래에셋증권,VWAP눌림,FullAuto,2026-04-14 14:44:00,72100,시간외,진입 가능 시간 09:05~14:30 밖,,"VWAP 71,729 재돌파, 직전봉 고가 71,800 돌파",10.58,0.52,0.714,358.2,2.86,1,72200,72100,72000,,72400,71800
336260#617-S20260414150917,336260,두산퓨얼셀,종가베팅,FullAuto,2026-04-14 15:09:17,43300,진입,,,"종가베팅: 등락 +17.0%, 고저범위 78% 위치, VWAP 42,834 위",17.03,1.09,0.780,277.4,3.50,1,,,,,,
027360#620-S20260415090625,027360,아주IB투자,ORB,FullAuto,2026-04-15 09:06:25,12210,진입,,,"ORB5 고가 12,200 돌파 (범위 6.7%)",7.77,3.19,1,135.6,1.30,1,,,,,,
050890#619-S20260415091230,050890,쏠리드,ORB,FullAuto,2026-04-15 09:12:30,17940,진입,,,"ORB5 고가 17,930 돌파 (범위 4.2%)",6.28,2.42,1,142.2,2.74,1,,,,,,
027360#620-S20260415091505,027360,아주IB투자,ORB,FullAuto,2026-04-15 09:15:05,12210,진입,,,"ORB5 고가 12,200 돌파 (범위 6.7%)",7.77,2.56,0.886,126.4,0.75,1,,,,,,
018260#618-S20260415092927,018260,삼성에스디에스,ORB,FullAuto,2026-04-15 09:29:27,172800,진입,,,"ORB5 고가 172,600 돌파 (범위 6.2%)",13.46,1.74,1,179.6,4.30,1,,,,,,
100790#623-S20260415105800,100790,미래에셋벤처투자,VWAP눌림,FullAuto,2026-04-15 10:58:00,40450,진입,,,"VWAP 40,232 재돌파, 직전봉 고가 40,400 돌파",3.98,0.54,0.536,300.5,0.86,1,,,,,,
078600#625-S20260415150217,078600,대주전자재료,종가베팅,FullAuto,2026-04-15 15:02:17,134600,진입,,,"종가베팅: 등락 +14.5%, 고저범위 87% 위치, VWAP 131,352 위",14.46,2.47,0.870,274.7,1.32,1,,,,,,
278470#626-S20260415150317,278470,에이피알,종가베팅,FullAuto,2026-04-15 15:03:17,412000,진입,,,"종가베팅: 등락 +6.0%, 고저범위 94% 위치, VWAP 403,325 위",6.05,2.15,0.944,378.5,2.16,1,,,,,,
158430#628-S20260416091025,158430,아톤,ORB,FullAuto,2026-04-16 09:10:25,10410,진입,,,"ORB5 고가 10,380 돌파 (범위 5.5%)",18.03,2.58,1,148.5,1.72,1,,,,,,
034020#629-S20260416091127,034020,두산에너빌리티,ORB,FullAuto,2026-04-16 09:11:27,109100,진입,,,"ORB5 고가 109,000 돌파 (범위 2.3%)",4.00,0.81,1,428.1,3.37,1,,,,,,
011790#632-S20260416134900,011790,SKC,VWAP눌림,FullAuto,2026-04-16 13:49:00,116300,진입,,,"VWAP 115,989 재돌파, 직전봉 고가 116,000 돌파",16.65,0.27,0.737,265.4,0.61,1,,,,,,
011790#632-S20260416140700,011790,SKC,VWAP눌림,FullAuto,2026-04-16 14:07:00,116900,진입,,,"VWAP 115,997 재돌파, 직전봉 고가 116,500 돌파",17.25,0.78,0.765,273.3,1.61,1,,,,,,
042660#634-S20260416150000,042660,한화오션,종가베팅,FullAuto,2026-04-16 15:00:00,131500,진입,,,"종가베팅: 등락 +4.4%, 고저범위 90% 위치, VWAP 130,126 위",4.37,1.06,0.902,457.0,0.37,1,,,,,,
011790#633-S20260416150007,011790,SKC,종가베팅,FullAuto,2026-04-16 15:00:07,119600.0,진입,,,"종가베팅: 등락 +20.0%, 고저범위 89% 위치, VWAP 116,179 위",19.96,2.94,0.889,324.4,0.64,1,,,,,,
005490#637-S20260417090525,005490,POSCO홀딩스,ORB,FullAuto,2026-04-17 09:05:25,384000,진입,,,"ORB5 고가 383,500 돌파 (범위 1.9%)",3.64,0.75,1,573.2,3.16,1,,,,,,
005490#637-S20260417092630,005490,POSCO홀딩스,ORB,FullAuto,2026-04-17 09:26:30,384000,진입,,,"ORB5 고가 383,500 돌파 (범위 1.9%)",3.64,0.85,0.85,345.3,2.70,1,,,,,,
005490#637-S20260417101430,005490,POSCO홀딩스,ORB,FullAuto,2026-04-17 10:14:30,384000,차단,리스크 관리로 진입 차단: 4연속 손실 쿨다운 ~10:16,,"ORB5 고가 383,500 돌파 (범위 1.9%)",3.64,0.73,0.810,390.9,5.85,1,385000,384000,383500,385000,385000,381000
100790#640-S20260417103000,100790,미래에셋벤처투자,VWAP눌림,FullAuto,2026-04-17 10:30:00,45950,진입,,,"VWAP 45,209 재돌파, 직전봉 고가 45,500 돌파",18.73,1.64,0.768,177.7,1.12,1,,,,,,
100790#640-S20260417103900,100790,미래에셋벤처투자,VWAP눌림,FullAuto,2026-04-17 10:39:00,45875,차단,리스크 관리로 진입 차단: 5연속 손실 쿨다운 ~11:03,,"VWAP 45,219 재돌파, 직전봉 고가 45,750 돌파",18.54,1.45,0.761,200.1,0.53,2,46250,46000,47350,47700,48550,45200
100790#640-S20260417105200,100790,미래에셋벤처투자,VWAP눌림,FullAuto,2026-04-17 10:52:00,45700,차단,리스크 관리로 진입 차단: 5연속 손실 쿨다운 ~11:03,,"VWAP 45,237 재돌파, 직전봉 고가 45,400 돌파",18.09,1.02,0.744,206.8,0.64,1,45750,46900,46950,47900,48550,45550
005490#637-S20260417110330,005490,POSCO홀딩스,ORB,FullAuto,2026-04-17 11:03:30,384000,진입,,,"ORB5 고가 383,500 돌파 (범위 1.9%)",3.64,0.61,0.810,409.6,3.86,1,,,,,,
034220#643-S20260417123900,034220,LG디스플레이,VWAP눌림,FullAuto,2026-04-17 12:39:00,14380,진입,,,"VWAP 14,345 재돌파, 직전봉 고가 14,370 돌파",3.98,0.24,0.730,288.9,0.70,1,,,,,,
034220#643-S20260417125200,034220,LG디스플레이,VWAP눌림,FullAuto,2026-04-17 12:52:00,14370,차단,리스크 관리로 진입 차단: 7연속 손실 쿨다운 ~13:09,,"VWAP 14,345 재돌파, 직전봉 고가 14,360 돌파",3.90,0.17,0.721,293.3,1.85,1,14430,14440,14420,14450,14460,14365
457190#642-S20260417130400,457190,이수스페셜티케미컬,VWAP눌림,FullAuto,2026-04-17 13:04:00,114400,차단,리스크 관리로 진입 차단: 7연속 손실 쿨다운 ~13:09,,"VWAP 113,692 재돌파, 직전봉 고가 114,100 돌파",10.0,0.62,0.716,240.7,0.62,1,114100,114800,113800,111800,114900,111700
019170#644-S20260417131200,019170,신풍제약,VWAP눌림,FullAuto,2026-04-17 13:12:00,13740,진입,,,"VWAP 13,598 재돌파, 직전봉 고가 13,720 돌파",12.16,1.04,0.540,174.0,0.88,1,,,,,,
034220#643-S20260417131800,034220,LG디스플레이,VWAP눌림,FullAuto,2026-04-17 13:18:00,14410,진입,,,"VWAP 14,348 재돌파, 직전봉 고가 14,400 돌파",4.19,0.43,0.757,300.2,0.23,1,,,,,,
034220#643-S20260417141000,034220,LG디스플레이,VWAP눌림,FullAuto,2026-04-17 14:10:00,14410,진입,,,"VWAP 14,353 재돌파, 직전봉 고가 14,380 돌파",4.19,0.40,0.757,310.7,0.86,1,,,,,,
019170#644-S20260417143400,019170,신풍제약,VWAP눌림,FullAuto,2026-04-17 14:34:00,13600,시간외,진입 가능 시간 09:05~14:30 밖,,"VWAP 13,595 재돌파, 직전봉 고가 13,580 돌파",11.02,0.04,0.453,179.2,3.00,1,13740,13740,13560,,14100,13300
019170#644-S20260417143700,019170,신풍제약,VWAP눌림,FullAuto,2026-04-17 14:37:00,13700,시간외,진입 가능 시간 09:05~14:30 밖,,"VWAP 13,595 재돌파, 직전봉 고가 13,590 돌파",11.84,0.77,0.516,179.2,2.65,1,13620,13600,13630,,14100,13300
019170#644-S20260417144300,019170,신풍제약,VWAP눌림,FullAuto,2026-04-17 14:43:00,13730,시간외,진입 가능 시간 09:05~14:30 밖,,"VWAP 13,596 재돌파, 직전봉 고가 13,630 돌파",12.08,0.98,0.534,179.2,1.15,1,13740,13590,13620,,14100,13300
066970#645-S20260417150002,066970,엘앤에프,종가베팅,FullAuto,2026-04-17 15:00:02,185600,진입,,,"종가베팅: 등락 +9.4%, 고저범위 98% 위치, VWAP 180,901 위",9.43,2.60,0.979,284.6,1.11,1,,,,,,
005490#646-S20260417150002,005490,POSCO홀딩스,종가베팅,FullAuto,2026-04-17 15:00:02,386000,진입,,,"종가베팅: 등락 +4.2%, 고저범위 100% 위치, VWAP 382,418 위",4.18,0.94,1,478.6,1.55,1,,,,,,
001440#649-S20260420090520,001440,대한전선,ORB,FullAuto,2026-04-20 09:05:20,40850,진입,,,"ORB5 고가 40,800 돌파 (범위 3.9%)",3.94,1.24,1,987.6,2.81,1,,,,,,
050890#653-S20260420105000,050890,쏠리드,VWAP눌림,FullAuto,2026-04-20 10:50:00,17620,진입,,,"VWAP 17,516 재돌파, 직전봉 고가 17,550 돌파",4.45,0.59,0.644,174.2,0.90,1,,,,,,
356680#654-S20260420140500,356680,엑스게이트,VWAP눌림,FullAuto,2026-04-20 14:05:00,17540,진입,,,"VWAP 17,354 재돌파, 직전봉 고가 17,380 돌파",17.01,1.07,0.672,170.6,3.02,1,,,,,,
079550#656-S20260420150000,079550,LIG디펜스앤에어로스페이스,종가베팅,FullAuto,2026-04-20 15:00:00,931000,차단,매수 가능 수량 0 (투입금/리스크/예수금 확인),,"종가베팅: 등락 +6.3%, 고저범위 78% 위치, VWAP 913,746 위",6.28,1.89,0.782,457.4,0.85,1,928000,930000,,,933000,923000
000990#655-S20260420150000,000990,DB하이텍,종가베팅,FullAuto,2026-04-20 15:00:00,125700,진입,,,"종가베팅: 등락 +17.7%, 고저범위 87% 위치, VWAP 121,973 위",17.70,3.06,0.871,255.3,0.74,1,,,,,,
007660#657-S20260420150400,007660,이수페타시스,종가베팅,FullAuto,2026-04-20 15:04:00,133150,진입,,,"종가베팅: 등락 +10.0%, 고저범위 76% 위치, VWAP 132,200 위",9.95,0.72,0.758,330.7,0.68,2,,,,,,
036930#658-S20260421090520,036930,주성엔지니어링,ORB,FullAuto,2026-04-21 09:05:20,102500,진입,,,"ORB5 고가 102,400 돌파 (범위 9.6%)",12.02,3.82,1,229.5,1.41,1,,,,,,
006360#659-S20260421090730,006360,GS건설,ORB,FullAuto,2026-04-21 09:07:30,40150,진입,,,"ORB5 고가 40,100 돌파 (범위 2.8%)",5.52,1.05,1,220.1,1.47,1,,,,,,
373220#663-S20260421150000,373220,LG에너지솔루션,종가베팅,FullAuto,2026-04-21 15:00:00,473500,진입,,,"종가베팅: 등락 +9.6%, 고저범위 94% 위치, VWAP 465,149 위",9.61,1.80,0.940,450.1,1.20,1,,,,,,
086520#664-S20260421150000,086520,에코프로,종가베팅,FullAuto,2026-04-21 15:00:00,163100,진입,,,"종가베팅: 등락 +4.2%, 고저범위 78% 위치, VWAP 161,206 위",4.22,1.17,0.779,315.0,1.04,1,,,,,,
222080#667-S20260422090527,222080,SFA넥셀,ORB,FullAuto,2026-04-22 09:05:27,17870,진입,,,"ORB5 고가 17,840 돌파 (범위 5.9%)",9.56,2.38,1,164.8,1.72,1,,,,,,
007660#665-S20260422091130,007660,이수페타시스,ORB,FullAuto,2026-04-22 09:11:30,139800,진입,,,"ORB5 고가 139,700 돌파 (범위 3.7%)",4.48,1.17,1,195.7,2.18,1,,,,,,
322000#670-S20260422105100,322000,HD현대에너지솔루션,VWAP눌림,FullAuto,2026-04-22 10:51:00,184000,진입,,,"VWAP 183,709 재돌파, 직전봉 고가 183,500 돌파",8.24,0.16,0.598,169.7,0.46,1,,,,,,
322000#670-S20260422110600,322000,HD현대에너지솔루션,VWAP눌림,FullAuto,2026-04-22 11:06:00,186000,진입,,,"VWAP 183,766 재돌파, 직전봉 고가 183,600 돌파",9.41,1.22,0.672,172.3,1.07,1,,,,,,
322000#670-S20260422125200,322000,HD현대에너지솔루션,VWAP눌림,FullAuto,2026-04-22 12:52:00,186100,진입,,,"VWAP 184,207 재돌파, 직전봉 고가 185,800 돌파",9.47,1.03,0.675,178.0,1.28,1,,,,,,
027360#671-S20260422130400,027360,아주IB투자,VWAP눌림,FullAuto,2026-04-22 13:04:00,14410,진입,,,"VWAP 14,320 재돌파, 직전봉 고가 14,370 돌파",18.89,0.63,0.691,196.2,1.13,1,,,,,,
027360#671-S20260422133400,027360,아주IB투자,VWAP눌림,FullAuto,2026-04-22 13:34:00,14380,진입,,,"VWAP 14,321 재돌파, 직전봉 고가 14,340 돌파",18.65,0.41,0.682,210.6,1.39,1,,,,,,
027360#671-S20260422135600,027360,아주IB투자,VWAP눌림,FullAuto,2026-04-22 13:56:00,14370,진입,,,"VWAP 14,320 재돌파, 직전봉 고가 14,320 돌파",18.56,0.35,0.679,219.7,1.63,1,,,,,,
082740#673-S20260422150000,082740,한화엔진,종가베팅,FullAuto,2026-04-22 15:00:00,67500,진입,,,"종가베팅: 등락 +13.1%, 고저범위 89% 위치, VWAP 64,310 위",13.07,4.96,0.887,401.2,0.54,1,,,,,,
066570#674-S20260422150000,066570,LG전자,종가베팅,FullAuto,2026-04-22 15:00:00,132800,진입,,,"종가베팅: 등락 +4.2%, 고저범위 87% 위치, VWAP 131,084 위",4.24,1.31,0.867,743.7,0.27,1,,,,,,
006910#677-S20260423090507,006910,보성파워텍,ORB,FullAuto,2026-04-23 09:05:07,11250,진입,,,"ORB5 고가 11,240 돌파 (범위 7.6%)",12.16,3.64,1,187.0,1.62,1,,,,,,
336370#675-S20260423090722,336370,솔루스첨단소재,ORB,FullAuto,2026-04-23 09:07:22,15680,진입,,,"ORB5 고가 15,660 돌파 (범위 8.5%)",18.25,2.36,1,170.3,1.60,1,,,,,,
006340#676-S20260423090927,006340,대원전선,ORB,FullAuto,2026-04-23 09:09:27,7440,진입,,,"ORB5 고가 7,350 돌파 (범위 9.4%)",15.53,5.61,1,279.7,4.86,1,,,,,,
336370#675-S20260423091825,336370,솔루스첨단소재,ORB,FullAuto,2026-04-23 09:18:25,15680,진입,,,"ORB5 고가 15,660 돌파 (범위 8.5%)",18.25,1.46,0.868,164.2,1.28,1,,,,,,
010140#680-S20260423112400,010140,삼성중공업,VWAP눌림,FullAuto,2026-04-23 11:24:00,34150,진입,,,"VWAP 33,886 재돌파, 직전봉 고가 34,100 돌파",6.39,0.78,0.662,339.5,0.92,1,,,,,,
010140#680-S20260423114600,010140,삼성중공업,VWAP눌림,FullAuto,2026-04-23 11:46:00,33900,진입,,,"VWAP 33,890 재돌파, 직전봉 고가 33,850 돌파",5.61,0.03,0.592,339.0,0.90,1,,,,,,
010140#680-S20260423134600,010140,삼성중공업,VWAP눌림,FullAuto,2026-04-23 13:46:00,33900,진입,,,"VWAP 33,806 재돌파, 직전봉 고가 33,850 돌파",5.61,0.28,0.592,348.8,0.97,1,,,,,,
456040#681-S20260423140400,456040,OCI,VWAP눌림,FullAuto,2026-04-23 14:04:00,135400,진입,,,"VWAP 134,019 재돌파, 직전봉 고가 134,600 돌파",6.11,1.03,0.656,166.4,0.81,1,,,,,,
456040#681-S20260423143000,456040,OCI,VWAP눌림,FullAuto,2026-04-23 14:30:00,135000,시간외,진입 가능 시간 09:05~14:30 밖,,"VWAP 134,043 재돌파, 직전봉 고가 134,800 돌파",5.80,0.71,0.640,169.2,1.00,1,133700,135400,135100,,139700,133500
456040#681-S20260423143900,456040,OCI,VWAP눌림,FullAuto,2026-04-23 14:39:00,134200,시간외,진입 가능 시간 09:05~14:30 밖,,"VWAP 134,043 재돌파, 직전봉 고가 134,000 돌파",5.17,0.12,0.609,169.6,0.59,1,135500,136300,135700,,139700,134050
456040#681-S20260423144400,456040,OCI,VWAP눌림,FullAuto,2026-04-23 14:44:00,135500,시간외,진입 가능 시간 09:05~14:30 밖,,"VWAP 134,045 재돌파, 직전봉 고가 134,800 돌파",6.19,1.09,0.660,170.2,1.22,1,135700,134900,137300,,139700,134600
034020#682-S20260423151130,034020,두산에너빌리티,종가베팅,FullAuto,2026-04-23 15:11:30,122500,진입,,,"종가베팅: 등락 +5.8%, 고저범위 76% 위치, VWAP 121,546 위",5.79,0.78,0.759,659.2,0.77,1,,,,,,
098460#684-S20260424090510,098460,고영,ORB,FullAuto,2026-04-24 09:05:10,37100,진입,,,"ORB5 고가 37,000 돌파 (범위 7.4%)",13.98,2.76,1,217.1,0.87,1,,,,,,
010060#685-S20260424090815,010060,OCI홀딩스,ORB,FullAuto,2026-04-24 09:08:15,349000,진입,,,"ORB5 고가 347,500 돌파 (범위 8.3%)",12.58,3.16,1,107.1,2.92,1,,,,,,
098460#684-S20260424091417,098460,고영,ORB,FullAuto,2026-04-24 09:14:17,37100,진입,,,"ORB5 고가 37,000 돌파 (범위 7.4%)",13.98,1.85,0.841,208.8,3.09,1,,,,,,
010060#685-S20260424092227,010060,OCI홀딩스,ORB,FullAuto,2026-04-24 09:22:27,349000,진입,,,"ORB5 고가 347,500 돌파 (범위 8.3%)",12.58,3.29,1,156.2,9.94,1,,,,,,
010060#685-S20260424094245,010060,OCI홀딩스,ORB,FullAuto,2026-04-24 09:42:45,348000,진입,,,"ORB5 고가 347,500 돌파 (범위 8.3%)",12.26,1.09,0.701,176.4,1.24,1,,,,,,
006340#690-S20260424122100,006340,대원전선,VWAP눌림,FullAuto,2026-04-24 12:21:00,8910,진입,,,"VWAP 8,863 재돌파, 직전봉 고가 8,900 돌파",9.46,0.53,0.544,189.2,0.93,1,,,,,,
006340#690-S20260424123100,006340,대원전선,VWAP눌림,FullAuto,2026-04-24 12:31:00,8880,진입,,,"VWAP 8,863 재돌파, 직전봉 고가 8,870 돌파",9.09,0.19,0.529,189.6,0.38,1,,,,,,
267260#691-S20260424130300,267260,HD현대일렉트릭,VWAP눌림,FullAuto,2026-04-24 13:03:00,1243500,진입,,,"VWAP 1,241,919 재돌파, 직전봉 고가 1,243,000 돌파",10.63,0.13,0.668,294.8,1.33,2,,,,,,
006340#690-S20260424131400,006340,대원전선,VWAP눌림,FullAuto,2026-04-24 13:14:00,8880,진입,,,"VWAP 8,862 재돌파, 직전봉 고가 8,850 돌파",9.09,0.20,0.529,195.5,1.23,1,,,,,,
267260#691-S20260424133400,267260,HD현대일렉트릭,VWAP눌림,FullAuto,2026-04-24 13:34:00,1244000,진입,,,"VWAP 1,242,058 재돌파, 직전봉 고가 1,244,000 돌파",10.68,0.16,0.671,299.0,0.78,1,,,,,,
267260#691-S20260424134500,267260,HD현대일렉트릭,VWAP눌림,FullAuto,2026-04-24 13:45:00,1247000,진입,,,"VWAP 1,242,096 재돌파, 직전봉 고가 1,245,000 돌파",10.94,0.39,0.689,302.1,1.99,1,,,,,,
036930#693-S20260424140600,036930,주성엔지니어링,VWAP눌림,FullAuto,2026-04-24 14:06:00,127000,진입,,,"VWAP 126,454 재돌파, 직전봉 고가 126,600 돌파",9.29,0.43,0.558,175.2,1.00,1,,,,,,
322000#692-S20260424140700,322000,HD현대에너지솔루션,VWAP눌림,FullAuto,2026-04-24 14:07:00,192300,진입,,,"VWAP 190,561 재돌파, 직전봉 고가 192,300 돌파",7.01,0.91,0.596,212.4,0.73,1,,,,,,
000250#695-S20260424150000,000250,삼천당제약,종가베팅,FullAuto,2026-04-24 15:00:00,409500,진입,,,"종가베팅: 등락 +8.3%, 고저범위 81% 위치, VWAP 400,981 위",8.33,2.12,0.811,279.3,1.07,1,,,,,,
373220#694-S20260424150000,373220,LG에너지솔루션,종가베팅,FullAuto,2026-04-24 15:00:00,482000,진입,,,"종가베팅: 등락 +3.7%, 고저범위 82% 위치, VWAP 475,001 위",3.66,1.47,0.818,683.9,0.58,1,,,,,,
046890#697-S20260427090620,046890,서울반도체,ORB,FullAuto,2026-04-27 09:06:20,13550,진입,,,"ORB5 고가 13,480 돌파 (범위 3.2%)",20.98,1.85,1,210.8,5.40,1,,,,,,
098460#698-S20260427090825,098460,고영,ORB,FullAuto,2026-04-27 09:08:25,44450,진입,,,"ORB5 고가 44,350 돌파 (범위 6.5%)",5.08,2.84,1,228.5,1.54,1,,,,,,
098460#698-S20260427091907,098460,고영,ORB,FullAuto,2026-04-27 09:19:07,44400,진입,,,"ORB5 고가 44,350 돌파 (범위 6.5%)",4.96,2.07,0.873,179.9,0.56,1,,,,,,
323280#701-S20260427102800,323280,태성,VWAP눌림,FullAuto,2026-04-27 10:28:00,88500,진입,,,"VWAP 87,858 재돌파, 직전봉 고가 88,200 돌파",15.08,0.73,0.587,174.2,0.49,1,,,,,,
323280#701-S20260427113700,323280,태성,VWAP눌림,FullAuto,2026-04-27 11:37:00,87800,진입,,,"VWAP 87,811 재돌파, 직전봉 고가 87,800 돌파",14.17,-0.01,0.536,218.7,2.34,1,,,,,,
323280#701-S20260427123100,323280,태성,VWAP눌림,FullAuto,2026-04-27 12:31:00,87900,진입,,,"VWAP 87,798 재돌파, 직전봉 고가 87,800 돌파",14.30,0.12,0.543,232.1,1.69,1,,,,,,
108490#707-S20260427150000,108490,로보티즈,종가베팅,FullAuto,2026-04-27 15:00:00,347000,진입,,,"종가베팅: 등락 +19.2%, 고저범위 77% 위치, VWAP 339,120 위",19.24,2.32,0.766,374.3,0.78,1,,,,,,
460860#706-S20260427150000,460860,동국제강,종가베팅,FullAuto,2026-04-27 15:00:00,14870,진입,,,"종가베팅: 등락 +17.9%, 고저범위 89% 위치, VWAP 14,167 위",17.92,4.96,0.886,195.0,0.28,1,,,,,,
005490#708-S20260428090625,005490,POSCO홀딩스,ORB,FullAuto,2026-04-28 09:06:25,467500,진입,,,"ORB5 고가 467,000 돌파 (범위 6.0%)",11.44,1.67,1,236.4,2.43,1,,,,,,
066570#709-S20260428090625,066570,LG전자,ORB,FullAuto,2026-04-28 09:06:25,147300,진입,,,"ORB5 고가 146,700 돌파 (범위 4.3%)",12.53,1.82,1,151.0,2.83,1,,,,,,
066570#709-S20260428091522,066570,LG전자,ORB,FullAuto,2026-04-28 09:15:22,146800,진입,,,"ORB5 고가 146,700 돌파 (범위 4.3%)",12.15,0.96,0.735,138.8,1.23,1,,,,,,
005490#708-S20260428092222,005490,POSCO홀딩스,ORB,FullAuto,2026-04-28 09:22:22,467500,차단,리스크 관리로 진입 차단: 4연속 손실 쿨다운 ~09:49,,"ORB5 고가 467,000 돌파 (범위 6.0%)",11.44,0.68,0.831,247.5,2.55,1,468000,473000,471000,467000,482000,464500
005490#708-S20260428092922,005490,POSCO홀딩스,ORB,FullAuto,2026-04-28 09:29:22,467500,차단,리스크 관리로 진입 차단: 4연속 손실 쿨다운 ~09:49,,"ORB5 고가 467,000 돌파 (범위 6.0%)",11.44,0.50,0.831,256.4,1.42,1,476000,476500,470000,469500,482000,464500
005490#708-S20260428093200,005490,POSCO홀딩스,ORB,FullAuto,2026-04-28 09:32:00,467500,차단,리스크 관리로 진입 차단: 4연속 손실 쿨다운 ~09:49,,"ORB5 고가 467,000 돌파 (범위 6.0%)",11.44,0.48,0.831,252.4,0.61,1,474250,472500,471000,466000,482000,464500
425040#710-S20260428093422,425040,티이엠씨,ORB,FullAuto,2026-04-28 09:34:22,17910,차단,리스크 관리로 진입 차단: 4연속 손실 쿨다운 ~09:49,,"ORB5 고가 17,900 돌파 (범위 7.1%)",9.61,4.10,1,151.6,6.34,1,18010,17480,18660,18140,19170,17210
425040#710-S20260428093742,425040,티이엠씨,ORB,FullAuto,2026-04-28 09:37:42,17920,차단,리스크 관리로 진입 차단: 4연속 손실 쿨다운 ~09:49,,"ORB5 고가 17,900 돌파 (범위 7.1%)",9.67,3.24,0.799,143.4,1.51,1,17660,17470,18800,18110,19170,17210
047040#712-S20260428111000,047040,대우건설,VWAP눌림,FullAuto,2026-04-28 11:10:00,38300,진입,,,"VWAP 37,996 재돌파, 직전봉 고가 38,200 돌파",15.36,0.80,0.745,251.4,1.57,1,,,,,,
009150#713-S20260428150000,009150,삼성전기,종가베팅,FullAuto,2026-04-28 15:00:00,835000,차단,매수 가능 수량 0 (투입금/리스크/예수금 확인),,"종가베팅: 등락 +4.4%, 고저범위 77% 위치, VWAP 825,234 위",4.38,1.18,0.767,1188.5,0.55,1,836500,838000,,,840000,835000
027360#714-S20260428150530,027360,아주IB투자,종가베팅,FullAuto,2026-04-28 15:05:30,18650,진입,,,"종가베팅: 등락 +3.8%, 고저범위 84% 위치, VWAP 18,053 위",3.84,3.31,0.842,100,2.32,1,,,,,,
096770#715-S20260429090525,096770,SK이노베이션,ORB,FullAuto,2026-04-29 09:05:25,141800,진입,,,"ORB5 고가 141,700 돌파 (범위 5.2%)",6.78,1.40,1,213.8,1.33,1,,,,,,
460860#716-S20260429090527,460860,동국제강,ORB,FullAuto,2026-04-29 09:05:27,17650,진입,,,"ORB5 고가 17,610 돌파 (범위 2.9%)",15.43,1.42,1,192.7,2.63,1,,,,,,
126340#717-S20260429090527,126340,비나텍,ORB,FullAuto,2026-04-29 09:05:27,158100,진입,,,"ORB5 고가 158,000 돌파 (범위 5.0%)",12.29,1.62,1,126.4,1.38,1,,,,,,
126340#717-S20260429091830,126340,비나텍,ORB,FullAuto,2026-04-29 09:18:30,158400,차단,리스크 관리로 진입 차단: 일 손실 한도 1.5% 도달,,"ORB5 고가 158,000 돌파 (범위 5.0%)",12.50,2.20,0.917,132.8,1.63,1,160400,162000,165300,171000,171500,158200
096770#715-S20260429093027,096770,SK이노베이션,ORB,FullAuto,2026-04-29 09:30:27,141800,차단,리스크 관리로 진입 차단: 일 손실 한도 1.5% 도달,,"ORB5 고가 141,700 돌파 (범위 5.2%)",6.78,1.01,0.877,196.1,1.96,1,144700,142700,141900,140900,146100,140600
096770#715-S20260429100440,096770,SK이노베이션,ORB,FullAuto,2026-04-29 10:04:40,141800,차단,리스크 관리로 진입 차단: 일 손실 한도 1.5% 도달,,"ORB5 고가 141,700 돌파 (범위 5.2%)",6.78,0.14,0.623,197.8,1.31,1,140900,142200,141500,141900,142700,140000
096770#715-S20260429100615,096770,SK이노베이션,ORB,FullAuto,2026-04-29 10:06:15,141800,차단,리스크 관리로 진입 차단: 일 손실 한도 1.5% 도달,,"ORB5 고가 141,700 돌파 (범위 5.2%)",6.78,0.14,0.623,196.4,5.85,1,140900,141700,141300,141800,142700,140000
096770#715-S20260429103627,096770,SK이노베이션,ORB,FullAuto,2026-04-29 10:36:27,141800,차단,리스크 관리로 진입 차단: 일 손실 한도 1.5% 도달,,"ORB5 고가 141,700 돌파 (범위 5.2%)",6.78,0.14,0.623,203.3,1.78,1,140700,141600,142400,142100,143300,140000
096770#715-S20260429110130,096770,SK이노베이션,ORB,FullAuto,2026-04-29 11:01:30,141800,차단,리스크 관리로 진입 차단: 일 손실 한도 1.5% 도달,,"ORB5 고가 141,700 돌파 (범위 5.2%)",6.78,0.16,0.623,206.4,2.93,1,142400,142200,142800,142500,143300,141700
066570#719-S20260430090512,066570,LG전자,ORB,FullAuto,2026-04-30 09:05:12,146600,진입,,,"ORB5 고가 146,500 돌파 (범위 4.9%)",6.70,1.89,1,273.9,1.81,1,,,,,,
007660#720-S20260430090925,007660,이수페타시스,ORB,FullAuto,2026-04-30 09:09:25,155600,진입,,,"ORB5 고가 155,400 돌파 (범위 3.3%)",5.63,0.93,1,237.6,2.54,1,,,,,,
058470#722-S20260430141000,058470,리노공업,VWAP눌림,FullAuto,2026-04-30 14:10:00,119200,진입,,,"VWAP 119,328 재돌파, 직전봉 고가 119,200 돌파",5.30,-0.11,0.529,338.2,0.51,1,,,,,,
058470#722-S20260430143200,058470,리노공업,VWAP눌림,FullAuto,2026-04-30 14:32:00,119500,시간외,진입 가능 시간 09:05~14:30 밖,,"VWAP 119,316 재돌파, 직전봉 고가 119,000 돌파",5.57,0.15,0.559,336.2,1.09,1,119400,119400,119000,,119700,118300
025860#723-S20260430150717,025860,남해화학,종가베팅,FullAuto,2026-04-30 15:07:17,11240,진입,,,"종가베팅: 등락 +19.1%, 고저범위 75% 위치, VWAP 10,943 위",19.07,2.72,0.754,226.9,4.16,1,,,,,,
050890#726-S20260504090527,050890,쏠리드,ORB,FullAuto,2026-05-04 09:05:27,18700,진입,,,"ORB5 고가 18,660 돌파 (범위 6.3%)",9.29,2.35,1,161.3,1.91,1,,,,,,
025860#724-S20260504090527,025860,남해화학,ORB,FullAuto,2026-05-04 09:05:27,12720,진입,,,"ORB5 고가 12,680 돌파 (범위 7.8%)",8.35,4.39,1,182.5,1.75,1,,,,,,
199820#725-S20260504090530,199820,제일일렉트릭,ORB,FullAuto,2026-05-04 09:05:30,19630,진입,,,"ORB5 고가 19,620 돌파 (범위 5.9%)",13.73,2.94,1,116.6,1.28,1,,,,,,
050890#726-S20260504093330,050890,쏠리드,ORB,FullAuto,2026-05-04 09:33:30,18670,진입,,,"ORB5 고가 18,660 돌파 (범위 6.3%)",9.12,1.49,0.783,148.1,3.51,1,,,,,,
050890#726-S20260504102427,050890,쏠리드,ORB,FullAuto,2026-05-04 10:24:27,18700,진입,,,"ORB5 고가 18,660 돌파 (범위 6.3%)",9.29,0.24,0.605,171.2,6.05,1,,,,,,
009150#730-S20260504150000,009150,삼성전기,종가베팅,FullAuto,2026-05-04 15:00:00,919000,차단,매수 가능 수량 0 (투입금/리스크/예수금 확인),,"종가베팅: 등락 +10.3%, 고저범위 92% 위치, VWAP 893,126 위",10.32,2.90,0.92,514.3,0.59,1,917000,914000,,,921000,913000
010170#728-S20260504150000,010170,대한광통신,종가베팅,FullAuto,2026-05-04 15:00:00,17920,진입,,,"종가베팅: 등락 +18.3%, 고저범위 90% 위치, VWAP 17,304 위",18.28,3.56,0.897,225.6,0.65,1,,,,,,
051910#731-S20260504150400,051910,LG화학,종가베팅,FullAuto,2026-05-04 15:04:00,431000,진입,,,"종가베팅: 등락 +8.3%, 고저범위 85% 위치, VWAP 424,423 위",8.29,1.55,0.852,507.3,1.34,1,,,,,,
066570#732-S20260506090610,066570,LG전자,ORB,FullAuto,2026-05-06 09:06:10,154400,진입,,,"ORB5 고가 154,300 돌파 (범위 5.2%)",8.73,1.85,0.906,199.3,0.75,1,,,,,,
028260#734-S20260506090622,028260,삼성물산,ORB,FullAuto,2026-05-06 09:06:22,351500,진입,,,"ORB5 고가 350,500 돌파 (범위 4.8%)",11.76,1.44,1,389.0,1.63,1,,,,,,
267260#733-S20260506091202,267260,HD현대일렉트릭,ORB,FullAuto,2026-05-06 09:12:02,1369000,차단,매수 가능 수량 0 (투입금/리스크/예수금 확인),,"ORB5 고가 1,367,000 돌파 (범위 2.4%)",5.47,1.02,1,195.8,0.75,1,1371000,1370000,1372000,1407000,1420000,1359000
028260#734-S20260506091327,028260,삼성물산,ORB,FullAuto,2026-05-06 09:13:27,351000,진입,,,"ORB5 고가 350,500 돌파 (범위 4.8%)",11.61,1.27,0.825,335.3,1.39,1,,,,,,
066570#732-S20260506091430,066570,LG전자,ORB,FullAuto,2026-05-06 09:14:30,154500,진입,,,"ORB5 고가 154,300 돌파 (범위 5.2%)",8.80,1.94,0.918,194.8,1.82,1,,,,,,
267260#733-S20260506091512,267260,HD현대일렉트릭,ORB,FullAuto,2026-05-06 09:15:12,1368000,차단,매수 가능 수량 0 (투입금/리스크/예수금 확인),,"ORB5 고가 1,367,000 돌파 (범위 2.4%)",5.39,0.73,0.733,178.5,0.53,1,1384000,1370000,1375000,1404000,1420000,1359000
028260#734-S20260506092330,028260,삼성물산,ORB,FullAuto,2026-05-06 09:23:30,351000,차단,리스크 관리로 진입 차단: 5연속 손실 쿨다운 ~09:47,,"ORB5 고가 350,500 돌파 (범위 4.8%)",11.61,1.15,0.825,336.5,2.67,1,351500,346500,350000,377000,379000,344500
066570#732-S20260506092727,066570,LG전자,ORB,FullAuto,2026-05-06 09:27:27,154400,차단,리스크 관리로 진입 차단: 5연속 손실 쿨다운 ~09:47,,"ORB5 고가 154,300 돌파 (범위 5.2%)",8.73,1.62,0.906,188.9,6.64,1,152500,150600,151500,151000,154800,149100
028260#734-S20260506092827,028260,삼성물산,ORB,FullAuto,2026-05-06 09:28:27,351000,차단,리스크 관리로 진입 차단: 5연속 손실 쿨다운 ~09:47,,"ORB5 고가 350,500 돌파 (범위 4.8%)",11.61,1.02,0.825,345.7,2.27,1,348000,346000,362500,379000,379000,344500
267260#733-S20260506093007,267260,HD현대일렉트릭,ORB,FullAuto,2026-05-06 09:30:07,1368000,차단,매수 가능 수량 0 (투입금/리스크/예수금 확인),,"ORB5 고가 1,367,000 돌파 (범위 2.4%)",5.39,0.34,0.623,198.0,0.66,1,1363000,1375000,1406000,1379000,1420000,1361000
066570#732-S20260506093012,066570,LG전자,ORB,FullAuto,2026-05-06 09:30:12,154400,차단,리스크 관리로 진입 차단: 5연속 손실 쿨다운 ~09:47,,"ORB5 고가 154,300 돌파 (범위 5.2%)",8.73,1.52,0.906,176.6,0.77,1,151700,150500,151400,151300,154600,149100
267260#733-S20260506093415,267260,HD현대일렉트릭,ORB,FullAuto,2026-05-06 09:34:15,1368000,차단,매수 가능 수량 0 (투입금/리스크/예수금 확인),,"ORB5 고가 1,367,000 돌파 (범위 2.4%)",5.39,0.33,0.623,197.5,1.76,1,1372000,1375000,1406000,1385000,1420000,1361000
267260#733-S20260506093530,267260,HD현대일렉트릭,ORB,FullAuto,2026-05-06 09:35:30,1368000,차단,매수 가능 수량 0 (투입금/리스크/예수금 확인),,"ORB5 고가 1,367,000 돌파 (범위 2.4%)",5.39,0.33,0.623,199.2,1.64,1,1372000,1383000,1412000,1390000,1420000,1365000
028260#734-S20260506095427,028260,삼성물산,ORB,FullAuto,2026-05-06 09:54:27,351000,진입,,,"ORB5 고가 350,500 돌파 (범위 4.8%)",11.61,1.02,0.825,357.0,3.63,1,,,,,,
006910#736-S20260506101600,006910,보성파워텍,VWAP눌림,FullAuto,2026-05-06 10:16:00,15230,진입,,,"VWAP 15,134 재돌파, 직전봉 고가 15,160 돌파",6.13,0.64,0.645,143.7,1.52,1,,,,,,
006910#736-S20260506102500,006910,보성파워텍,VWAP눌림,FullAuto,2026-05-06 10:25:00,15150,진입,,,"VWAP 15,143 재돌파, 직전봉 고가 15,130 돌파",5.57,0.05,0.610,144.9,0.20,1,,,,,,
006910#736-S20260506103300,006910,보성파워텍,VWAP눌림,FullAuto,2026-05-06 10:33:00,15220,진입,,,"VWAP 15,142 재돌파, 직전봉 고가 15,110 돌파",6.06,0.52,0.640,146.8,1.94,1,,,,,,
066570#732-S20260506112430,066570,LG전자,ORB,FullAuto,2026-05-06 11:24:30,154400,진입,,,"ORB5 고가 154,300 돌파 (범위 5.2%)",8.73,1.58,0.906,208.0,7.60,1,,,,,,
039490#740-S20260506125700,039490,키움증권,VWAP눌림,FullAuto,2026-05-06 12:57:00,473500,진입,,,"VWAP 471,059 재돌파, 직전봉 고가 472,500 돌파",12.07,0.52,0.603,235.0,0.50,1,,,,,,
010170#743-S20260506133300,010170,대한광통신,VWAP눌림,FullAuto,2026-05-06 13:33:00,18260,진입,,,"VWAP 18,246 재돌파, 직전봉 고가 18,180 돌파",3.16,0.08,0.354,180.4,0.99,1,,,,,,
016360#742-S20260506134900,016360,삼성증권,VWAP눌림,FullAuto,2026-05-06 13:49:00,150100,진입,,,"VWAP 149,725 재돌파, 직전봉 고가 149,900 돌파",7.44,0.25,0.324,254.1,0.93,1,,,,,,
016360#742-S20260506142800,016360,삼성증권,VWAP눌림,FullAuto,2026-05-06 14:28:00,149700,진입,,,"VWAP 149,678 재돌파, 직전봉 고가 149,600 돌파",7.16,0.01,0.308,249.7,1.57,1,,,,,,
000660#744-S20260506150000,000660,SK하이닉스,종가베팅,FullAuto,2026-05-06 15:00:00,1608000,차단,매수 가능 수량 0 (투입금/리스크/예수금 확인),,"종가베팅: 등락 +11.8%, 고저범위 93% 위치, VWAP 1,590,302 위",11.82,1.11,0.929,479.5,1.05,1,1610500,1597000,,,1614000,1588000
086520#745-S20260506150000,086520,에코프로,종가베팅,FullAuto,2026-05-06 15:00:00,162000,진입,,,"종가베팅: 등락 +4.4%, 고저범위 100% 위치, VWAP 158,874 위",4.38,1.97,1,813.4,1.52,1,,,,,,
006910#746-S20260506151000,006910,보성파워텍,종가베팅,FullAuto,2026-05-06 15:10:00,15990,진입,,,"종가베팅: 등락 +11.4%, 고저범위 85% 위치, VWAP 15,502 위",11.43,3.15,0.848,164.6,0.75,1,,,,,,
034020#748-S20260507090527,034020,두산에너빌리티,ORB,FullAuto,2026-05-07 09:05:27,138900,진입,,,"ORB5 고가 138,600 돌파 (범위 6.4%)",8.52,2.22,1,234.2,1.27,1,,,,,,
203650#749-S20260507093227,203650,드림시큐리티,ORB,FullAuto,2026-05-07 09:32:27,4095,진입,,,"ORB5 고가 4,090 돌파 (범위 9.8%)",9.05,3.43,0.860,169.9,4.64,1,,,,,,
203650#749-S20260507095825,203650,드림시큐리티,ORB,FullAuto,2026-05-07 09:58:25,4115,진입,,,"ORB5 고가 4,090 돌파 (범위 9.8%)",9.59,0.97,0.538,150.3,2.51,1,,,,,,
078150#753-S20260507135900,078150,HB테크놀러지,VWAP눌림,FullAuto,2026-05-07 13:59:00,4625,진입,,,"VWAP 4,584 재돌파, 직전봉 고가 4,545 돌파",15.05,0.90,0.572,203.1,3.73,1,,,,,,
078150#753-S20260507143200,078150,HB테크놀러지,VWAP눌림,FullAuto,2026-05-07 14:32:00,4600,시간외,진입 가능 시간 09:05~14:30 밖,,"VWAP 4,580 재돌파, 직전봉 고가 4,525 돌파",14.43,0.44,0.542,198.8,3.69,1,4625,4470,4530,,4670,4455
078150#753-S20260507143700,078150,HB테크놀러지,VWAP눌림,FullAuto,2026-05-07 14:37:00,4625,시간외,진입 가능 시간 09:05~14:30 밖,,"VWAP 4,580 재돌파, 직전봉 고가 4,585 돌파",15.05,0.98,0.572,196.7,3.14,1,4510,4520,4570,,4660,4455
010140#754-S20260507150000,010140,삼성중공업,종가베팅,FullAuto,2026-05-07 15:00:00,33450,진입,,,"종가베팅: 등락 +3.4%, 고저범위 94% 위치, VWAP 32,792 위",3.40,2.01,0.939,926.2,0.90,1,,,,,,
028260#755-S20260507150000,028260,삼성물산,종가베팅,FullAuto,2026-05-07 15:00:00,398000,진입,,,"종가베팅: 등락 +3.6%, 고저범위 95% 위치, VWAP 382,886 위",3.65,3.95,0.954,447.9,0.63,1,,,,,,
459510#758-S20260508090520,459510,나우로보틱스,ORB,FullAuto,2026-05-08 09:05:20,36400,진입,,,"ORB5 고가 36,300 돌파 (범위 4.6%)",5.20,1.71,1,300.0,3.30,1,,,,,,
125490#756-S20260508090520,125490,한라캐스트,ORB,FullAuto,2026-05-08 09:05:20,17680,진입,,,"ORB5 고가 17,670 돌파 (범위 2.6%)",5.05,1.19,1,239.0,1.27,1,,,,,,
001440#757-S20260508091125,001440,대한전선,ORB,FullAuto,2026-05-08 09:11:25,69000,진입,,,"ORB5 고가 68,900 돌파 (범위 9.9%)",7.64,2.44,1,266.0,1.55,1,,,,,,
028260#759-S20260508150000,028260,삼성물산,종가베팅,FullAuto,2026-05-08 15:00:00,419000,진입,,,"종가베팅: 등락 +5.0%, 고저범위 97% 위치, VWAP 408,443 위",5.01,2.58,0.968,616.5,1.14,1,,,,,,
336260#760-S20260508150000,336260,두산퓨얼셀,종가베팅,FullAuto,2026-05-08 15:00:00,86300,진입,,,"종가베팅: 등락 +15.1%, 고저범위 86% 위치, VWAP 82,436 위",15.07,4.69,0.862,237.2,1.11,1,,,,,,
042660#762-S20260511090612,042660,한화오션,ORB,FullAuto,2026-05-11 09:06:12,135800,진입,,,"ORB5 고가 135,700 돌파 (범위 3.9%)",7.52,1.01,1,187.2,0.87,1,,,,,,
036930#763-S20260511090722,036930,주성엔지니어링,ORB,FullAuto,2026-05-11 09:07:22,153000,진입,,,"ORB5 고가 152,800 돌파 (범위 6.0%)",10.15,3.18,1,179.1,1.52,1,,,,,,
027360#767-S20260511125400,027360,아주IB투자,VWAP눌림,FullAuto,2026-05-11 12:54:00,17520,진입,,,"VWAP 17,509 재돌파, 직전봉 고가 17,500 돌파",11.24,0.07,0.62,157.9,0.51,1,,,,,,
027360#767-S20260511134300,027360,아주IB투자,VWAP눌림,FullAuto,2026-05-11 13:43:00,17520,진입,,,"VWAP 17,505 재돌파, 직전봉 고가 17,470 돌파",11.24,0.08,0.62,159.7,2.27,1,,,,,,
079550#768-S20260511150030,079550,LIG디펜스앤에어로스페이스,종가베팅,FullAuto,2026-05-11 15:00:30,877000,차단,매수 가능 수량 0 (투입금/리스크/예수금 확인),,"종가베팅: 등락 +4.5%, 고저범위 76% 위치, VWAP 863,341 위",4.53,1.58,0.761,466.1,1.66,1,876000,879000,,,879000,874000
402340#769-S20260511150817,402340,SK스퀘어,종가베팅,FullAuto,2026-05-11 15:08:17,1190000,차단,매수 가능 수량 0 (투입금/리스크/예수금 확인),,"종가베팅: 등락 +8.5%, 고저범위 80% 위치, VWAP 1,170,555 위",8.48,1.66,0.8,299.1,1.54,1,1191000,1181000,,,1191000,1181000
011070#770-S20260511151422,011070,LG이노텍,종가베팅,FullAuto,2026-05-11 15:14:22,688000,차단,매수 가능 수량 0 (투입금/리스크/예수금 확인),,"종가베팅: 등락 +9.6%, 고저범위 75% 위치, VWAP 675,732 위",9.55,1.82,0.752,598.3,1.07,1,689000,687000,,,689000,687000
066570#771-S20260512090925,066570,LG전자,ORB,FullAuto,2026-05-12 09:09:25,171200,진입,,,"ORB5 고가 171,000 돌파 (범위 6.6%)",9.53,1.89,1,223.9,2.50,1,,,,,,
017670#773-S20260512092425,017670,SK텔레콤,ORB,FullAuto,2026-05-12 09:24:25,105100,진입,,,"ORB5 고가 105,000 돌파 (범위 4.6%)",6.92,1.38,1,318.0,3.67,1,,,,,,
007610#777-S20260512114800,007610,선도전기,VWAP눌림,FullAuto,2026-05-12 11:48:00,14600,진입,,,"VWAP 14,400 재돌파, 직전봉 고가 14,470 돌파",13.44,1.39,0.602,153.9,0.87,1,,,,,,
034220#779-S20260513090625,034220,LG디스플레이,ORB,FullAuto,2026-05-13 09:06:25,13780,진입,,,"ORB5 고가 13,750 돌파 (범위 6.7%)",7.99,1.81,1,203.5,2.03,1,,,,,,
034220#779-S20260513094730,034220,LG디스플레이,ORB,FullAuto,2026-05-13 09:47:30,13770,진입,,,"ORB5 고가 13,750 돌파 (범위 6.7%)",7.92,1.84,0.889,186.3,6.70,1,,,,,,
000990#783-S20260513105000,000990,DB하이텍,VWAP눌림,FullAuto,2026-05-13 10:50:00,175800,진입,,,"VWAP 174,019 재돌파, 직전봉 고가 175,200 돌파",6.22,1.02,0.806,234.7,0.65,1,,,,,,
000990#783-S20260513113000,000990,DB하이텍,VWAP눌림,FullAuto,2026-05-13 11:30:00,174400,진입,,,"VWAP 174,002 재돌파, 직전봉 고가 174,200 돌파",5.38,0.23,0.735,221.6,0.36,1,,,,,,
000990#783-S20260513114900,000990,DB하이텍,VWAP눌림,FullAuto,2026-05-13 11:49:00,174300,진입,,,"VWAP 174,010 재돌파, 직전봉 고가 174,000 돌파",5.32,0.17,0.730,221.4,0.55,1,,,,,,
046890#787-S20260513140300,046890,서울반도체,VWAP눌림,FullAuto,2026-05-13 14:03:00,17480,진입,,,"VWAP 17,436 재돌파, 직전봉 고가 17,480 돌파",8.71,0.25,0.696,157.2,0.82,1,,,,,,
046890#787-S20260513141800,046890,서울반도체,VWAP눌림,FullAuto,2026-05-13 14:18:00,17450,진입,,,"VWAP 17,436 재돌파, 직전봉 고가 17,420 돌파",8.52,0.08,0.686,158.7,1.65,1,,,,,,
046890#787-S20260513143300,046890,서울반도체,VWAP눌림,FullAuto,2026-05-13 14:33:00,17490,시간외,진입 가능 시간 09:05~14:30 밖,,"VWAP 17,436 재돌파, 직전봉 고가 17,440 돌파",8.77,0.31,0.699,159.6,0.90,1,17470,17470,17560,,17760,17430
046890#787-S20260513144300,046890,서울반도체,VWAP눌림,FullAuto,2026-05-13 14:43:00,17530,시간외,진입 가능 시간 09:05~14:30 밖,,"VWAP 17,436 재돌파, 직전봉 고가 17,470 돌파",9.02,0.54,0.712,161.3,2.61,1,17470,17545,17610,,17760,17450
011070#791-S20260513150000,011070,LG이노텍,종가베팅,FullAuto,2026-05-13 15:00:00,754000,차단,매수 가능 수량 0 (투입금/리스크/예수금 확인),,"종가베팅: 등락 +10.1%, 고저범위 97% 위치, VWAP 720,785 위",10.07,4.61,0.975,511.2,0.47,1,752000,752000,,,757000,751000
000990#792-S20260513150000,000990,DB하이텍,종가베팅,FullAuto,2026-05-13 15:00:00,183100,진입,,,"종가베팅: 등락 +10.6%, 고저범위 99% 위치, VWAP 175,463 위",10.63,4.35,0.991,245.8,0.82,1,,,,,,
064400#795-S20260514090630,064400,LG씨엔에스,ORB,FullAuto,2026-05-14 09:06:30,77700,진입,,,"ORB5 고가 77,500 돌파 (범위 4.0%)",5.71,1.47,1,297.7,2.30,1,,,,,,
034220#794-S20260514090727,034220,LG디스플레이,ORB,FullAuto,2026-05-14 09:07:27,14880,진입,,,"ORB5 고가 14,850 돌파 (범위 4.9%)",5.01,2.11,1,217.9,1.52,1,,,,,,
003230#793-S20260514090802,003230,삼양식품,ORB,FullAuto,2026-05-14 09:08:02,1466000,차단,매수 가능 수량 0 (투입금/리스크/예수금 확인),,"ORB5 고가 1,465,000 돌파 (범위 7.3%)",9.24,2.13,0.935,134.4,0.64,1,1438000,1377000,1406000,1431000,1472000,1360000
003230#793-S20260514114622,003230,삼양식품,ORB,FullAuto,2026-05-14 11:46:22,1466000,차단,매수 가능 수량 0 (투입금/리스크/예수금 확인),,"ORB5 고가 1,465,000 돌파 (범위 7.3%)",9.24,2.74,0.938,184.1,2.18,1,1464000,1461000,1429000,1432000,1478000,1425000
034220#797-S20260514150000,034220,LG디스플레이,종가베팅,FullAuto,2026-05-14 15:00:00,15350,진입,,,"종가베팅: 등락 +8.3%, 고저범위 79% 위치, VWAP 15,131 위",8.33,1.45,0.788,258.9,0.24,1,,,,,,
047810#798-S20260514150000,047810,한국항공우주,종가베팅,FullAuto,2026-05-14 15:00:00,170400,진입,,,"종가베팅: 등락 +4.1%, 고저범위 75% 위치, VWAP 166,212 위",4.09,2.52,0.752,307.0,0.84,1,,,,,,
064400#800-S20260515090507,064400,LG씨엔에스,ORB,FullAuto,2026-05-15 09:05:07,99100,진입,,,"ORB5 고가 99,000 돌파 (범위 7.7%)",15.10,3.71,1,232.2,0.85,1,,,,,,
090360#799-S20260515090527,090360,로보스타,ORB,FullAuto,2026-05-15 09:05:27,95300,진입,,,"ORB5 고가 95,200 돌파 (범위 9.2%)",15.66,2.99,1,161.0,1.26,1,,,,,,
090360#799-S20260515094727,090360,로보스타,ORB,FullAuto,2026-05-15 09:47:27,95400,진입,,,"ORB5 고가 95,200 돌파 (범위 9.2%)",15.78,3.13,0.901,178.1,4.12,1,,,,,,
090360#799-S20260515101507,090360,로보스타,ORB,FullAuto,2026-05-15 10:15:07,95300,진입,,,"ORB5 고가 95,200 돌파 (범위 9.2%)",15.66,1.68,0.736,169.8,0.36,1,,,,,,
090710#803-S20260515102200,090710,휴림로봇,VWAP눌림,FullAuto,2026-05-15 10:22:00,14110,진입,,,"VWAP 14,041 재돌파, 직전봉 고가 14,100 돌파",11.72,0.49,0.707,164.0,0.59,1,,,,,,
090710#803-S20260515104600,090710,휴림로봇,VWAP눌림,FullAuto,2026-05-15 10:46:00,14025,진입,,,"VWAP 14,023 재돌파, 직전봉 고가 13,970 돌파",11.05,0.01,0.664,165.4,1.75,2,,,,,,
001450#809-S20260518090622,001450,현대해상,ORB,FullAuto,2026-05-18 09:06:22,36450,진입,,,"ORB5 고가 36,400 돌파 (범위 6.9%)",8.97,1.83,0.923,198.3,1.65,1,,,,,,
036930#807-S20260518090722,036930,주성엔지니어링,ORB,FullAuto,2026-05-18 09:07:22,162000,진입,,,"ORB5 고가 161,400 돌파 (범위 7.5%)",15.55,3.40,1,201.2,2.70,1,,,,,,
036930#807-S20260518091805,036930,주성엔지니어링,ORB,FullAuto,2026-05-18 09:18:05,161500,진입,,,"ORB5 고가 161,400 돌파 (범위 7.5%)",15.19,1.60,0.720,147.5,0.73,1,,,,,,
001740#808-S20260518092327,001740,SK네트웍스,ORB,FullAuto,2026-05-18 09:23:27,9420,진입,,,"ORB5 고가 9,400 돌파 (범위 9.4%)",8.03,5.88,1,153.6,7.29,1,,,,,,
001450#809-S20260518093127,001450,현대해상,ORB,FullAuto,2026-05-18 09:31:27,36450,진입,,,"ORB5 고가 36,400 돌파 (범위 6.9%)",8.97,1.07,0.774,234.3,3.29,1,,,,,,
001740#808-S20260518093912,001740,SK네트웍스,ORB,FullAuto,2026-05-18 09:39:12,9410,진입,,,"ORB5 고가 9,400 돌파 (범위 9.4%)",7.91,4.29,0.885,146.2,1.14,1,,,,,,
347700#810-S20260518150000,347700,스피어,종가베팅,FullAuto,2026-05-18 15:00:00,47250,진입,,,"종가베팅: 등락 +12.5%, 고저범위 93% 위치, VWAP 45,367 위",12.50,4.15,0.932,356.0,0.52,1,,,,,,
000990#811-S20260518150000,000990,DB하이텍,종가베팅,FullAuto,2026-05-18 15:00:00,171800,진입,,,"종가베팅: 등락 +4.4%, 고저범위 84% 위치, VWAP 167,796 위",4.44,2.39,0.843,247.5,0.87,1,,,,,,
440110#812-S20260519090505,440110,파두,ORB,FullAuto,2026-05-19 09:05:05,104200,진입,,,"ORB5 고가 104,000 돌파 (범위 5.3%)",5.36,1.61,1,89.7,0.84,1,,,,,,
036930#814-S20260519090530,036930,주성엔지니어링,ORB,FullAuto,2026-05-19 09:05:30,199300,진입,,,"ORB5 고가 198,700 돌파 (범위 7.3%)",9.39,3.44,1,114.7,1.35,1,,,,,,
356680#813-S20260519093222,356680,엑스게이트,ORB,FullAuto,2026-05-19 09:32:22,17310,진입,,,"ORB5 고가 17,270 돌파 (범위 7.5%)",11.97,3.16,1,155.9,16.33,1,,,,,,
440110#812-S20260519120030,440110,파두,ORB,FullAuto,2026-05-19 12:00:30,104200,진입,,,"ORB5 고가 104,000 돌파 (범위 5.3%)",5.36,0.22,0.551,191.4,7.16,1,,,,,,
015760#815-S20260519150000,015760,한국전력,종가베팅,FullAuto,2026-05-19 15:00:00,39400,진입,,,"종가베팅: 등락 +4.5%, 고저범위 87% 위치, VWAP 39,064 위",4.51,0.86,0.868,511.8,2.10,1,,,,,,
005950#819-S20260520091830,005950,이수화학,ORB,FullAuto,2026-05-20 09:18:30,13590,진입,,,"ORB5 고가 13,560 돌파 (범위 10.0%)",11.39,2.62,0.906,130.6,2.63,1,,,,,,
036930#817-S20260520092322,036930,주성엔지니어링,ORB,FullAuto,2026-05-20 09:23:22,192000,진입,,,"ORB5 고가 191,500 돌파 (범위 8.3%)",8.54,2.94,1,168.2,5.35,1,,,,,,
005950#819-S20260520101727,005950,이수화학,ORB,FullAuto,2026-05-20 10:17:27,13570,진입,,,"ORB5 고가 13,560 돌파 (범위 10.0%)",11.23,0.94,0.697,161.2,3.43,1,,,,,,
005950#819-S20260520105127,005950,이수화학,ORB,FullAuto,2026-05-20 10:51:27,13570,진입,,,"ORB5 고가 13,560 돌파 (범위 10.0%)",11.23,0.95,0.697,163.3,6.02,1,,,,,,
001820#821-S20260520105200,001820,삼화콘덴서,VWAP눌림,FullAuto,2026-05-20 10:52:00,72600,진입,,,"VWAP 71,587 재돌파, 직전봉 고가 72,200 돌파",13.62,1.42,0.814,231.1,1.44,1,,,,,,
001820#821-S20260520113900,001820,삼화콘덴서,VWAP눌림,FullAuto,2026-05-20 11:39:00,73900,진입,,,"VWAP 73,378 재돌파, 직전봉 고가 73,900 돌파",15.65,0.71,0.653,220.3,0.53,1,,,,,,
001820#821-S20260520114500,001820,삼화콘덴서,VWAP눌림,FullAuto,2026-05-20 11:45:00,73400,진입,,,"VWAP 73,374 재돌파, 직전봉 고가 73,200 돌파",14.87,0.04,0.623,219.4,0.50,1,,,,,,
082740#824-S20260520150000,082740,한화엔진,종가베팅,FullAuto,2026-05-20 15:00:00,69800,진입,,,"종가베팅: 등락 +7.1%, 고저범위 96% 위치, VWAP 66,968 위",7.06,4.23,0.958,453.4,0.57,1,,,,,,
253840#826-S20260520150017,253840,수젠텍,종가베팅,FullAuto,2026-05-20 15:00:17,7720,진입,,,"종가베팅: 등락 +16.4%, 고저범위 76% 위치, VWAP 7,695 위",16.44,0.32,0.761,209.8,1.22,1,,,,,,
009150#829-S20260521090517,009150,삼성전기,ORB,FullAuto,2026-05-21 09:05:17,1163000,차단,매수 가능 수량 0 (투입금/리스크/예수금 확인),,"ORB5 고가 1,162,000 돌파 (범위 5.2%)",7.39,1.42,1,196.5,2.23,1,1219000,1153000,1148000,1192000,1219000,1135000
066570#827-S20260521090615,066570,LG전자,ORB,FullAuto,2026-05-21 09:06:15,195900,진입,,,"ORB5 고가 195,800 돌파 (범위 2.5%)",6.24,1.01,1,197.6,1.52,1,,,,,,
017900#828-S20260521091222,017900,광전자,ORB,FullAuto,2026-05-21 09:12:22,13970,진입,,,"ORB5 고가 13,900 돌파 (범위 5.1%)",12.21,3.81,1,120.5,4.09,1,,,,,,
017900#828-S20260521094422,017900,광전자,ORB,FullAuto,2026-05-21 09:44:22,13960,진입,,,"ORB5 고가 13,900 돌파 (범위 5.1%)",12.13,1.39,0.642,132.2,4.31,1,,,,,,
034020#834-S20260521150000,034020,두산에너빌리티,종가베팅,FullAuto,2026-05-21 15:00:00,109000,진입,,,"종가베팅: 등락 +5.1%, 고저범위 81% 위치, VWAP 108,339 위",5.11,0.61,0.815,699.4,0.54,1,,,,,,
222800#833-S20260521150000,222800,심텍,종가베팅,FullAuto,2026-05-21 15:00:00,125500,진입,,,"종가베팅: 등락 +19.0%, 고저범위 80% 위치, VWAP 123,066 위",18.96,1.98,0.804,255.5,0.91,1,,,,,,
440110#835-S20260522090515,440110,파두,ORB,FullAuto,2026-05-22 09:05:15,122400,진입,,,"ORB5 고가 122,300 돌파 (범위 5.1%)",4.88,2.08,1,127.8,1.44,1,,,,,,
068270#837-S20260522091222,068270,셀트리온,ORB,FullAuto,2026-05-22 09:12:22,190600,진입,,,"ORB5 고가 190,545 돌파 (범위 3.5%)",5.30,1.04,1,204.6,4.58,1,,,,,,
440110#835-S20260522094622,440110,파두,ORB,FullAuto,2026-05-22 09:46:22,122600,진입,,,"ORB5 고가 122,300 돌파 (범위 5.1%)",5.06,1.35,0.838,202.5,5.71,1,,,,,,
440110#835-S20260522103627,440110,파두,ORB,FullAuto,2026-05-22 10:36:27,122500,차단,리스크 관리로 진입 차단: 4연속 손실 쿨다운 ~10:42,,"ORB5 고가 122,300 돌파 (범위 5.1%)",4.97,0.97,0.824,216.2,2.68,1,122100,123700,121600,123400,125000,119500
440110#835-S20260522104822,440110,파두,ORB,FullAuto,2026-05-22 10:48:22,122500,진입,,,"ORB5 고가 122,300 돌파 (범위 5.1%)",4.97,0.93,0.824,223.1,5.71,1,,,,,,
036540#839-S20260522110800,036540,SFA반도체,VWAP눌림,FullAuto,2026-05-22 11:08:00,10210,차단,리스크 관리로 진입 차단: 5연속 손실 쿨다운 ~11:31,,"VWAP 10,121 재돌파, 직전봉 고가 10,200 돌파",14.08,0.88,0.674,146.5,0.51,1,10260,10490,10650,10745,10840,10130
080220#841-S20260522115300,080220,제주반도체,VWAP눌림,FullAuto,2026-05-22 11:53:00,127900,진입,,,"VWAP 127,125 재돌파, 직전봉 고가 127,100 돌파",8.57,0.61,0.521,178.9,0.73,1,,,,,,
080220#841-S20260522120400,080220,제주반도체,VWAP눌림,FullAuto,2026-05-22 12:04:00,128000,차단,리스크 관리로 진입 차단: 6연속 손실 쿨다운 ~12:26,,"VWAP 127,118 재돌파, 직전봉 고가 127,000 돌파",8.66,0.69,0.526,181.8,1.27,1,126300,126700,128200,126900,128800,126100
080220#841-S20260522121300,080220,제주반도체,VWAP눌림,FullAuto,2026-05-22 12:13:00,127600,차단,리스크 관리로 진입 차단: 6연속 손실 쿨다운 ~12:26,,"VWAP 127,116 재돌파, 직전봉 고가 127,100 돌파",8.32,0.38,0.505,182.9,1.09,1,126800,128500,127800,127100,128800,126400
080220#841-S20260522122100,080220,제주반도체,VWAP눌림,FullAuto,2026-05-22 12:21:00,127400,차단,리스크 관리로 진입 차단: 6연속 손실 쿨다운 ~12:26,,"VWAP 127,115 재돌파, 직전봉 고가 127,400 돌파",8.15,0.22,0.495,184.3,1.22,1,128100,127700,126600,127600,128800,126400
080220#841-S20260522122500,080220,제주반도체,VWAP눌림,FullAuto,2026-05-22 12:25:00,127700,차단,리스크 관리로 진입 차단: 6연속 손실 쿨다운 ~12:26,,"VWAP 127,117 재돌파, 직전봉 고가 127,500 돌파",8.40,0.46,0.510,185.5,1.23,1,127900,127000,126500,129600,129700,126400
080220#841-S20260522124200,080220,제주반도체,VWAP눌림,FullAuto,2026-05-22 12:42:00,127300,진입,,,"VWAP 127,134 재돌파, 직전봉 고가 127,200 돌파",8.06,0.13,0.490,190.0,0.94,1,,,,,,
080220#841-S20260522130000,080220,제주반도체,VWAP눌림,FullAuto,2026-05-22 13:00:00,127200,진입,,,"VWAP 127,131 재돌파, 직전봉 고가 127,100 돌파",7.98,0.05,0.484,194.8,1.40,1,,,,,,
079550#843-S20260522130400,079550,LIG디펜스앤에어로스페이스,VWAP눌림,FullAuto,2026-05-22 13:04:00,921000,진입,,,"VWAP 920,981 재돌파, 직전봉 고가 919,000 돌파",5.86,0.00,0.75,361.7,1.03,1,,,,,,
068270#837-S20260522130532,068270,셀트리온,ORB,FullAuto,2026-05-22 13:05:32,190600,진입,,,"ORB5 고가 190,545 돌파 (범위 3.5%)",5.30,0.49,0.768,194.7,1.66,1,,,,,,
079550#843-S20260522134300,079550,LIG디펜스앤에어로스페이스,VWAP눌림,FullAuto,2026-05-22 13:43:00,925000,진입,,,"VWAP 921,173 재돌파, 직전봉 고가 923,000 돌파",6.32,0.42,0.806,362.1,0.96,1,,,,,,
011070#845-S20260522150000,011070,LG이노텍,종가베팅,FullAuto,2026-05-22 15:00:00,860000,차단,매수 가능 수량 0 (투입금/리스크/예수금 확인),,"종가베팅: 등락 +4.0%, 고저범위 75% 위치, VWAP 845,709 위",3.99,1.69,0.754,360.5,0.49,1,867000,865000,,,868000,859000
440110#844-S20260522150000,440110,파두,종가베팅,FullAuto,2026-05-22 15:00:00,127300,진입,,,"종가베팅: 등락 +9.1%, 고저범위 84% 위치, VWAP 123,631 위",9.08,2.97,0.838,284.1,0.78,1,,,,,,
079550#846-S20260522150517,079550,LIG디펜스앤에어로스페이스,종가베팅,FullAuto,2026-05-22 15:05:17,929000,차단,매수 가능 수량 0 (투입금/리스크/예수금 확인),,"종가베팅: 등락 +6.8%, 고저범위 86% 위치, VWAP 921,870 위",6.78,0.77,0.861,375.6,1.00,1,928000,925000,,,930000,925000
078600#847-S20260522151417,078600,대주전자재료,종가베팅,FullAuto,2026-05-22 15:14:17,156600,진입,,,"종가베팅: 등락 +17.6%, 고저범위 78% 위치, VWAP 155,173 위",17.57,0.92,0.780,233.0,2.61,1,,,,,,
011790#850-S20260526090520,011790,SKC,ORB,FullAuto,2026-05-26 09:05:20,154000,진입,,,"ORB5 고가 153,700 돌파 (범위 3.3%)",7.62,1.58,1,655.2,2.51,1,,,,,,
001740#849-S20260526090617,001740,SK네트웍스,ORB,FullAuto,2026-05-26 09:06:17,9360,진입,,,"ORB5 고가 9,350 돌파 (범위 6.9%)",11.43,3.29,0.984,298.3,2.53,1,,,,,,
001740#849-S20260526091322,001740,SK네트웍스,ORB,FullAuto,2026-05-26 09:13:22,9400,진입,,,"ORB5 고가 9,350 돌파 (범위 6.9%)",11.90,2.33,0.844,199.7,1.77,1,,,,,,
001740#849-S20260526092620,001740,SK네트웍스,ORB,FullAuto,2026-05-26 09:26:20,9360,진입,,,"ORB5 고가 9,350 돌파 (범위 6.9%)",11.43,1.02,0.735,186.5,1.40,1,,,,,,
007660#853-S20260526103500,007660,이수페타시스,VWAP눌림,FullAuto,2026-05-26 10:35:00,141600,진입,,,"VWAP 140,751 재돌파, 직전봉 고가 141,500 돌파",12.03,0.60,0.740,230.1,0.83,1,,,,,,
007660#853-S20260526104100,007660,이수페타시스,VWAP눌림,FullAuto,2026-05-26 10:41:00,141500,진입,,,"VWAP 140,751 재돌파, 직전봉 고가 140,700 돌파",11.95,0.53,0.733,229.7,1.55,1,,,,,,
007660#853-S20260526104700,007660,이수페타시스,VWAP눌림,FullAuto,2026-05-26 10:47:00,140900,진입,,,"VWAP 140,750 재돌파, 직전봉 고가 140,600 돌파",11.47,0.11,0.687,230.6,1.37,1,,,,,,
000660#857-S20260526150000,000660,SK하이닉스,종가베팅,FullAuto,2026-05-26 15:00:00,2083000,차단,매수 가능 수량 0 (투입금/리스크/예수금 확인),,"종가베팅: 등락 +7.3%, 고저범위 95% 위치, VWAP 2,060,131 위",7.32,1.11,0.951,821.2,1.51,1,2076000,2068000,,,2085000,2064000
353200#860-S20260526150000,353200,대덕전자,종가베팅,FullAuto,2026-05-26 15:00:00,171400,진입,,,"종가베팅: 등락 +13.3%, 고저범위 80% 위치, VWAP 167,351 위",13.28,2.42,0.804,263.8,0.71,1,,,,,,
440110#862-S20260527090530,440110,파두,ORB,FullAuto,2026-05-27 09:05:30,125600,진입,,,"ORB5 고가 125,300 돌파 (범위 6.2%)",7.53,2.81,1,151.4,1.28,1,,,,,,
440110#862-S20260527091222,440110,파두,ORB,FullAuto,2026-05-27 09:12:22,125600,진입,,,"ORB5 고가 125,300 돌파 (범위 6.2%)",7.53,1.55,0.826,167.5,1.71,1,,,,,,
402340#863-S20260527091625,402340,SK스퀘어,ORB,FullAuto,2026-05-27 09:16:25,1331000,차단,매수 가능 수량 0 (투입금/리스크/예수금 확인),,"ORB5 고가 1,329,000 돌파 (범위 6.7%)",11.19,2.02,1,273.1,3.78,1,1288000,1307000,1315000,1289000,1337000,1273000
440110#862-S20260527093627,440110,파두,ORB,FullAuto,2026-05-27 09:36:27,125400,진입,,,"ORB5 고가 125,300 돌파 (범위 6.2%)",7.36,1.72,0.787,178.0,4.40,1,,,,,,
048410#866-S20260527101700,048410,현대바이오,VWAP눌림,FullAuto,2026-05-27 10:17:00,15560,진입,,,"VWAP 15,335 재돌파, 직전봉 고가 15,460 돌파",14.16,1.47,0.677,145.9,0.79,1,,,,,,
001820#867-S20260527104000,001820,삼화콘덴서,VWAP눌림,FullAuto,2026-05-27 10:40:00,146800,진입,,,"VWAP 145,670 재돌파, 직전봉 고가 144,200 돌파",10.71,0.78,0.394,132.2,3.55,1,,,,,,
001820#867-S20260527105400,001820,삼화콘덴서,VWAP눌림,FullAuto,2026-05-27 10:54:00,145800,진입,,,"VWAP 145,645 재돌파, 직전봉 고가 144,300 돌파",9.95,0.11,0.358,134.8,1.42,1,,,,,,
048410#866-S20260527105600,048410,현대바이오,VWAP눌림,FullAuto,2026-05-27 10:56:00,15520,진입,,,"VWAP 15,412 재돌파, 직전봉 고가 15,500 돌파",13.87,0.70,0.666,148.3,0.99,1,,,,,,
048410#866-S20260527113300,048410,현대바이오,VWAP눌림,FullAuto,2026-05-27 11:33:00,15700,진입,,,"VWAP 15,399 재돌파, 직전봉 고가 15,380 돌파",15.19,1.95,0.717,157.3,3.55,1,,,,,,
001820#867-S20260527114700,001820,삼화콘덴서,VWAP눌림,FullAuto,2026-05-27 11:47:00,147200,진입,,,"VWAP 146,814 재돌파, 직전봉 고가 146,300 돌파",11.01,0.26,0.409,144.1,1.63,1,,,,,,
064400#875-S20260527150000,064400,LG씨엔에스,종가베팅,FullAuto,2026-05-27 15:00:00,94200,진입,,,"종가베팅: 등락 +13.6%, 고저범위 99% 위치, VWAP 85,944 위",13.63,9.61,0.993,244.7,3.27,1,,,,,,
009420#876-S20260527150000,009420,한올바이오파마,종가베팅,FullAuto,2026-05-27 15:00:00,70800,진입,,,"종가베팅: 등락 +18.0%, 고저범위 84% 위치, VWAP 68,795 위",18.00,2.91,0.839,271.0,0.79,1,,,,,,
307950#877-S20260527150817,307950,현대오토에버,종가베팅,FullAuto,2026-05-27 15:08:17,721000,차단,매수 가능 수량 0 (투입금/리스크/예수금 확인),,"종가베팅: 등락 +12.0%, 고저범위 85% 위치, VWAP 683,626 위",11.96,5.47,0.854,267.9,1.74,1,747000,757000,,,783000,720000
454910#880-S20260528090525,454910,두산로보틱스,ORB,FullAuto,2026-05-28 09:05:25,108900,진입,,,"ORB5 고가 108,800 돌파 (범위 5.2%)",5.73,2.12,1,399.6,2.07,1,,,,,,
034220#879-S20260528090625,034220,LG디스플레이,ORB,FullAuto,2026-05-28 09:06:25,15650,진입,,,"ORB5 고가 15,630 돌파 (범위 9.9%)",10.76,3.07,1,171.0,1.86,1,,,,,,
006660#878-S20260528091525,006660,삼성공조,ORB,FullAuto,2026-05-28 09:15:25,17170,진입,,,"ORB5 고가 17,060 돌파 (범위 9.0%)",10.63,4.89,1,145.0,3.55,1,,,,,,
034220#879-S20260528092120,034220,LG디스플레이,ORB,FullAuto,2026-05-28 09:21:20,15670,진입,,,"ORB5 고가 15,630 돌파 (범위 9.9%)",10.90,0.05,0.751,164.1,1.34,1,,,,,,
009150#882-S20260528150000,009150,삼성전기,종가베팅,FullAuto,2026-05-28 15:00:00,1836000,차단,매수 가능 수량 0 (투입금/리스크/예수금 확인),,"종가베팅: 등락 +9.2%, 고저범위 87% 위치, VWAP 1,724,843 위",9.16,6.44,0.865,240.7,0.94,1,1832000,1851000,,,1858000,1818000
373220#883-S20260528150000,373220,LG에너지솔루션,종가베팅,FullAuto,2026-05-28 15:00:00,439000,진입,,,"종가베팅: 등락 +13.3%, 고저범위 76% 위치, VWAP 431,015 위",13.29,1.85,0.765,284.9,1.92,1,,,,,,
064400#884-S20260529090507,064400,LG씨엔에스,ORB,FullAuto,2026-05-29 09:05:07,100900,진입,,,"ORB5 고가 100,800 돌파 (범위 6.4%)",15.18,3.40,1,195.7,1.50,1,,,,,,
012330#886-S20260529091020,012330,현대모비스,ORB,FullAuto,2026-05-29 09:10:20,726000,진입,,,"ORB5 고가 725,000 돌파 (범위 2.7%)",7.08,0.81,0.833,208.0,1.24,1,,,,,,
005380#885-S20260529091422,005380,현대차,ORB,FullAuto,2026-05-29 09:14:22,721000,진입,,,"ORB5 고가 720,000 돌파 (범위 2.7%)",6.66,0.81,1,363.7,3.64,1,,,,,,
012330#886-S20260529093120,012330,현대모비스,ORB,FullAuto,2026-05-29 09:31:20,726000,진입,,,"ORB5 고가 725,000 돌파 (범위 2.7%)",7.08,0.27,0.645,234.5,1.23,1,,,,,,
005380#885-S20260529093425,005380,현대차,ORB,FullAuto,2026-05-29 09:34:25,721000,진입,,,"ORB5 고가 720,000 돌파 (범위 2.7%)",6.66,0.68,0.909,340.8,4.31,1,,,,,,
005380#885-S20260529111525,005380,현대차,ORB,FullAuto,2026-05-29 11:15:25,721000,진입,,,"ORB5 고가 720,000 돌파 (범위 2.7%)",6.66,0.57,0.645,351.6,16.16,1,,,,,,
003550#887-S20260529113200,003550,LG,VWAP눌림,FullAuto,2026-05-29 11:32:00,128900,진입,,,"VWAP 128,296 재돌파, 직전봉 고가 128,500 돌파",9.33,0.47,0.612,170.8,0.43,1,,,,,,
003550#887-S20260529115500,003550,LG,VWAP눌림,FullAuto,2026-05-29 11:55:00,128900,진입,,,"VWAP 128,457 재돌파, 직전봉 고가 128,400 돌파",9.33,0.34,0.612,176.4,0.50,1,,,,,,
003550#887-S20260529121500,003550,LG,VWAP눌림,FullAuto,2026-05-29 12:15:00,128800,진입,,,"VWAP 128,463 재돌파, 직전봉 고가 128,600 돌파",9.25,0.26,0.605,177.9,0.66,1,,,,,,
034220#888-S20260529140900,034220,LG디스플레이,VWAP눌림,FullAuto,2026-05-29 14:09:00,15900,진입,,,"VWAP 15,875 재돌파, 직전봉 고가 15,840 돌파",10.26,0.16,0.632,189.9,0.67,1,,,,,,
034220#888-S20260529144300,034220,LG디스플레이,VWAP눌림,FullAuto,2026-05-29 14:43:00,15960,시간외,진입 가능 시간 09:05~14:30 밖,,"VWAP 15,880 재돌파, 직전봉 고가 15,930 돌파",10.68,0.51,0.663,191.9,0.53,1,16180,16090,15960,,16190,15910
034220#892-S20260529150000,034220,LG디스플레이,종가베팅,FullAuto,2026-05-29 15:00:00,16160,진입,,,"종가베팅: 등락 +12.1%, 고저범위 77% 위치, VWAP 15,884 위",12.07,1.74,0.768,193.5,1.70,1,,,,,,
051910#893-S20260529150217,051910,LG화학,종가베팅,FullAuto,2026-05-29 15:02:17,364000,진입,,,"종가베팅: 등락 +6.3%, 고저범위 75% 위치, VWAP 355,062 위",6.28,2.52,0.754,506.8,2.22,1,,,,,,
011790#894-S20260601090520,011790,SKC,ORB,FullAuto,2026-06-01 09:05:20,160600,진입,,,"ORB5 고가 160,300 돌파 (범위 7.2%)",14.06,2.39,1,684.2,1.80,1,,,,,,
011070#896-S20260601090922,011070,LG이노텍,ORB,FullAuto,2026-06-01 09:09:22,1704000,차단,매수 가능 수량 0 (투입금/리스크/예수금 확인),,"ORB5 고가 1,703,000 돌파 (범위 6.8%)",15.60,1.90,1,172.7,2.82,1,1723000,1692000,1643000,1584000,1814000,1490000
003550#898-S20260601102000,003550,LG,VWAP눌림,FullAuto,2026-06-01 10:20:00,174400,진입,,,"VWAP 174,214 재돌파, 직전봉 고가 174,000 돌파",20.11,0.11,0.612,186.5,0.90,1,,,,,,
007660#899-S20260601105700,007660,이수페타시스,VWAP눌림,FullAuto,2026-06-01 10:57:00,137100,진입,,,"VWAP 137,085 재돌파, 직전봉 고가 136,800 돌파",5.71,0.01,0.652,199.0,0.62,1,,,,,,
003550#898-S20260601110200,003550,LG,VWAP눌림,FullAuto,2026-06-01 11:02:00,173900,진입,,,"VWAP 173,785 재돌파, 직전봉 고가 172,400 돌파",19.77,0.07,0.593,195.0,1.72,1,,,,,,
007660#899-S20260601114300,007660,이수페타시스,VWAP눌림,FullAuto,2026-06-01 11:43:00,137000,진입,,,"VWAP 136,977 재돌파, 직전봉 고가 136,800 돌파",5.63,0.02,0.644,211.2,0.99,1,,,,,,
007660#899-S20260601124100,007660,이수페타시스,VWAP눌림,FullAuto,2026-06-01 12:41:00,138600,진입,,,"VWAP 137,144 재돌파, 직전봉 고가 138,500 돌파",6.86,1.06,0.763,236.6,1.67,1,,,,,,
003550#898-S20260601135600,003550,LG,VWAP눌림,FullAuto,2026-06-01 13:56:00,178000,진입,,,"VWAP 176,595 재돌파, 직전봉 고가 177,500 돌파",22.59,0.80,0.720,226.2,0.90,1,,,,,,
028260#903-S20260601142200,028260,삼성물산,VWAP눌림,FullAuto,2026-06-01 14:22:00,468000,진입,,,"VWAP 466,996 재돌파, 직전봉 고가 467,500 돌파",6.85,0.22,0.549,310.3,0.67,1,,,,,,
005380#902-S20260601144500,005380,현대차,VWAP눌림,FullAuto,2026-06-01 14:45:00,757000,시간외,진입 가능 시간 09:05~14:30 밖,,"VWAP 756,333 재돌파, 직전봉 고가 756,000 돌파",3.27,0.09,0.536,389.8,0.86,1,758000,755000,754000,,762000,752000
005380#902-S20260601144900,005380,현대차,VWAP눌림,FullAuto,2026-06-01 14:49:00,759000,시간외,진입 가능 시간 09:05~14:30 밖,,"VWAP 756,338 재돌파, 직전봉 고가 758,000 돌파",3.55,0.35,0.571,389.3,0.81,1,756000,755000,753000,,762000,752000
005930#905-S20260601150000,005930,삼성전자,종가베팅,FullAuto,2026-06-01 15:00:00,350000,진입,,,"종가베팅: 등락 +9.9%, 고저범위 98% 위치, VWAP 340,080 위",9.89,2.92,0.984,1023.2,5.07,1,,,,,,
278470#904-S20260601150000,278470,에이피알,종가베팅,FullAuto,2026-06-01 15:00:00,426500,진입,,,"종가베팅: 등락 +8.1%, 고저범위 92% 위치, VWAP 417,777 위",8.11,2.09,0.917,589.0,0.29,1,,,,,,
034220#906-S20260602090507,034220,LG디스플레이,ORB,FullAuto,2026-06-02 09:05:07,16980,진입,,,"ORB5 고가 16,970 돌파 (범위 6.1%)",7.47,2.52,1,120.0,1.10,1,,,,,,
373220#907-S20260602090517,373220,LG에너지솔루션,ORB,FullAuto,2026-06-02 09:05:17,484500,진입,,,"ORB5 고가 484,000 돌파 (범위 8.2%)",6.48,2.30,1,326.2,2.11,1,,,,,,
373220#907-S20260602091307,373220,LG에너지솔루션,ORB,FullAuto,2026-06-02 09:13:07,484500,진입,,,"ORB5 고가 484,000 돌파 (범위 8.2%)",6.48,0.92,0.74,197.3,0.73,1,,,,,,
373220#907-S20260602093230,373220,LG에너지솔루션,ORB,FullAuto,2026-06-02 09:32:30,485000,진입,,,"ORB5 고가 484,000 돌파 (범위 8.2%)",6.59,0.74,0.75,190.7,1.69,1,,,,,,
034220#906-S20260602094022,034220,LG디스플레이,ORB,FullAuto,2026-06-02 09:40:22,17010,진입,,,"ORB5 고가 16,970 돌파 (범위 6.1%)",7.66,3.38,0.989,161.8,14.22,1,,,,,,
034220#906-S20260602100317,034220,LG디스플레이,ORB,FullAuto,2026-06-02 10:03:17,17000,진입,,,"ORB5 고가 16,970 돌파 (범위 6.1%)",7.59,0.88,0.7,157.9,1.21,1,,,,,,
043260#910-S20260602102927,043260,성호전자,ORB,FullAuto,2026-06-02 10:29:27,43900,진입,,,"ORB5 고가 43,850 돌파 (범위 9.5%)",11.28,4.14,1,218.9,12.35,1,,,,,,
020150#912-S20260602114100,020150,롯데에너지머티리얼즈,VWAP눌림,FullAuto,2026-06-02 11:41:00,70300,진입,,,"VWAP 69,801 재돌파, 직전봉 고가 69,700 돌파",8.32,0.71,0.449,258.9,5.47,1,,,,,,
020150#912-S20260602122500,020150,롯데에너지머티리얼즈,VWAP눌림,FullAuto,2026-06-02 12:25:00,69800,진입,,,"VWAP 69,795 재돌파, 직전봉 고가 69,500 돌파",7.55,0.01,0.398,276.1,2.24,1,,,,,,
020150#912-S20260602130600,020150,롯데에너지머티리얼즈,VWAP눌림,FullAuto,2026-06-02 13:06:00,69800,진입,,,"VWAP 69,780 재돌파, 직전봉 고가 69,600 돌파",7.55,0.03,0.398,288.8,2.87,1,,,,,,
017670#913-S20260602131200,017670,SK텔레콤,VWAP눌림,FullAuto,2026-06-02 13:12:00,127600,진입,,,"VWAP 127,220 재돌파, 직전봉 고가 127,300 돌파",2.99,0.30,0.655,167.0,0.78,1,,,,,,
028260#915-S20260602150000,028260,삼성물산,종가베팅,FullAuto,2026-06-02 15:00:00,478000,진입,,,"종가베팅: 등락 +4.0%, 고저범위 81% 위치, VWAP 460,588 위",4.03,3.78,0.813,395.8,0.80,1,,,,,,
032830#917-S20260602150000,032830,삼성생명,종가베팅,FullAuto,2026-06-02 15:00:00,446500,진입,,,"종가베팅: 등락 +8.8%, 고저범위 89% 위치, VWAP 430,428 위",8.77,3.73,0.894,320.4,1.97,1,,,,,,
011790#918-S20260604090525,011790,SKC,ORB,FullAuto,2026-06-04 09:05:25,156400,진입,,,"ORB5 고가 156,000 돌파 (범위 7.0%)",11.32,3.30,1,99.8,2.86,1,,,,,,
403870#919-S20260604090727,403870,HPSP,ORB,FullAuto,2026-06-04 09:07:27,46200,진입,,,"ORB5 고가 46,150 돌파 (범위 5.5%)",4.64,2.15,1,173.6,1.31,1,,,,,,
403870#919-S20260604092120,403870,HPSP,ORB,FullAuto,2026-06-04 09:21:20,46200,진입,,,"ORB5 고가 46,150 돌파 (범위 5.5%)",4.64,0.99,0.831,161.5,1.22,1,,,,,,
011790#918-S20260604101122,011790,SKC,ORB,FullAuto,2026-06-04 10:11:22,156300,진입,,,"ORB5 고가 156,000 돌파 (범위 7.0%)",11.25,2.02,0.724,144.3,4.14,1,,,,,,
000990#922-S20260604102700,000990,DB하이텍,VWAP눌림,FullAuto,2026-06-04 10:27:00,179700,진입,,,"VWAP 178,468 재돌파, 직전봉 고가 179,400 돌파",5.03,0.69,0.741,141.5,0.64,1,,,,,,
000990#922-S20260604103500,000990,DB하이텍,VWAP눌림,FullAuto,2026-06-04 10:35:00,179400,진입,,,"VWAP 178,493 재돌파, 직전봉 고가 179,600 돌파",4.85,0.51,0.722,144.9,0.90,1,,,,,,
000990#922-S20260604110100,000990,DB하이텍,VWAP눌림,FullAuto,2026-06-04 11:01:00,180000,진입,,,"VWAP 178,730 재돌파, 직전봉 고가 179,600 돌파",5.20,0.71,0.759,167.9,1.06,1,,,,,,
011790#918-S20260604115127,011790,SKC,ORB,FullAuto,2026-06-04 11:51:27,156100,진입,,,"ORB5 고가 156,000 돌파 (범위 7.0%)",11.10,1.97,0.710,160.7,9.72,1,,,,,,
347850#926-S20260604150000,347850,디앤디파마텍,종가베팅,FullAuto,2026-06-04 15:00:00,92600,진입,,,"종가베팅: 등락 +10.1%, 고저범위 79% 위치, VWAP 90,282 위",10.11,2.57,0.786,520.2,0.63,1,,,,,,
402340#929-S20260604150217,402340,SK스퀘어,종가베팅,FullAuto,2026-06-04 15:02:17,1368000,차단,매수 가능 수량 0 (투입금/리스크/예수금 확인),,"종가베팅: 등락 +3.7%, 고저범위 76% 위치, VWAP 1,354,811 위",3.71,0.97,0.758,422.3,1.17,1,1367000,1370000,,,1371000,1361000
079550#930-S20260604150817,079550,LIG디펜스앤에어로스페이스,종가베팅,FullAuto,2026-06-04 15:08:17,745000,차단,매수 가능 수량 0 (투입금/리스크/예수금 확인),,"종가베팅: 등락 +3.0%, 고저범위 93% 위치, VWAP 716,084 위",3.04,4.04,0.926,600.5,1.15,1,749000,732000,,,749000,729000
489790#931-S20260604151017,489790,한화비전,종가베팅,FullAuto,2026-06-04 15:10:17,79500,진입,,,"종가베팅: 등락 +18.7%, 고저범위 85% 위치, VWAP 77,097 위",18.66,3.12,0.848,207.0,0.90,1,,,,,,
105560#932-S20260605090927,105560,KB금융,ORB,FullAuto,2026-06-05 09:09:27,172400,진입,,,"ORB5 고가 172,200 돌파 (범위 3.0%)",4.48,1.40,1,178.0,1.82,1,,,,,,
055550#934-S20260605091027,055550,신한지주,ORB,FullAuto,2026-06-05 09:10:27,106700,진입,,,"ORB5 고가 106,500 돌파 (범위 3.9%)",6.59,1.78,1,308.7,1.72,1,,,,,,
105560#932-S20260605092217,105560,KB금융,ORB,FullAuto,2026-06-05 09:22:17,172300,진입,,,"ORB5 고가 172,200 돌파 (범위 3.0%)",4.42,0.49,0.6,187.7,1.39,1,,,,,,
055550#934-S20260605092825,055550,신한지주,ORB,FullAuto,2026-06-05 09:28:25,106700,진입,,,"ORB5 고가 106,500 돌파 (범위 3.9%)",6.59,0.91,0.575,267.9,4.54,1,,,,,,
055550#934-S20260605093625,055550,신한지주,ORB,FullAuto,2026-06-05 09:36:25,106600,진입,,,"ORB5 고가 106,500 돌파 (범위 3.9%)",6.49,0.78,0.562,259.3,1.78,1,,,,,,
009150#939-S20260605131700,009150,삼성전기,VWAP눌림,FullAuto,2026-06-05 13:17:00,1754000,차단,매수 가능 수량 0 (투입금/리스크/예수금 확인),,"VWAP 1,740,327 재돌파, 직전봉 고가 1,751,000 돌파",6.69,0.79,0.604,203.6,0.84,1,1753000,1759000,1767000,1767000,1795000,1750000
178320#942-S20260605150107,178320,서진시스템,종가베팅,FullAuto,2026-06-05 15:01:07,71400,진입,,,"종가베팅: 등락 +3.2%, 고저범위 87% 위치, VWAP 67,524 위",3.18,5.74,0.871,300,1.36,1,,,,,,
005380#943-S20260605150917,005380,현대차,종가베팅,FullAuto,2026-06-05 15:09:17,703000,차단,매수 가능 수량 0 (투입금/리스크/예수금 확인),,"종가베팅: 등락 +3.5%, 고저범위 82% 위치, VWAP 675,966 위",3.53,4.00,0.815,684.7,1.92,1,696000,697000,,,702000,694000
006220#953-S20260608105200,006220,제주은행,VWAP눌림,FullAuto,2026-06-08 10:52:00,12020,진입,,,"VWAP 11,879 재돌파, 직전봉 고가 12,010 돌파",12.55,1.18,0.715,133.8,0.84,1,,,,,,
085620#954-S20260608110000,085620,미래에셋생명,VWAP눌림,FullAuto,2026-06-08 11:00:00,19610,진입,,,"VWAP 19,465 재돌파, 직전봉 고가 19,410 돌파",5.49,0.74,0.552,130.2,0.52,1,,,,,,
010690#955-S20260608110700,010690,화신,VWAP눌림,FullAuto,2026-06-08 11:07:00,10310,진입,,,"VWAP 10,226 재돌파, 직전봉 고가 10,230 돌파",10.15,0.82,0.467,174.2,0.62,1,,,,,,
010690#955-S20260608115000,010690,화신,VWAP눌림,FullAuto,2026-06-08 11:50:00,10260,진입,,,"VWAP 10,218 재돌파, 직전봉 고가 10,110 돌파",9.62,0.41,0.437,176.0,4.32,1,,,,,,
085620#954-S20260608120600,085620,미래에셋생명,VWAP눌림,FullAuto,2026-06-08 12:06:00,19450,차단,리스크 관리로 진입 차단: 일 손실 한도 1.5% 도달,,"VWAP 19,421 재돌파, 직전봉 고가 19,330 돌파",4.63,0.15,0.5,160.7,3.53,1,19520,19730,19610,19780,19960,19370
085620#954-S20260608121100,085620,미래에셋생명,VWAP눌림,FullAuto,2026-06-08 12:11:00,19520,차단,리스크 관리로 진입 차단: 일 손실 한도 1.5% 도달,,"VWAP 19,422 재돌파, 직전봉 고가 19,500 돌파",5.00,0.51,0.523,163.4,1.37,1,19740,19450,19390,19730,19960,19370
085620#954-S20260608121400,085620,미래에셋생명,VWAP눌림,FullAuto,2026-06-08 12:14:00,19460,차단,리스크 관리로 진입 차단: 일 손실 한도 1.5% 도달,,"VWAP 19,422 재돌파, 직전봉 고가 19,430 돌파",4.68,0.20,0.503,166.9,0.37,1,19720,19520,19480,19660,19960,19370
010690#955-S20260608122500,010690,화신,VWAP눌림,FullAuto,2026-06-08 12:25:00,10220,차단,리스크 관리로 진입 차단: 일 손실 한도 1.5% 도달,,"VWAP 10,216 재돌파, 직전봉 고가 10,160 돌파",9.19,0.04,0.413,179.0,3.29,1,10290,10290,10450,10610,11180,10170
085620#954-S20260608122800,085620,미래에셋생명,VWAP눌림,FullAuto,2026-06-08 12:28:00,19480,차단,리스크 관리로 진입 차단: 일 손실 한도 1.5% 도달,,"VWAP 19,431 재돌파, 직전봉 고가 19,450 돌파",4.79,0.25,0.510,159.9,0.39,1,19500,19510,19690,20000,20400,19370
010690#955-S20260608123000,010690,화신,VWAP눌림,FullAuto,2026-06-08 12:30:00,10290,차단,리스크 관리로 진입 차단: 일 손실 한도 1.5% 도달,,"VWAP 10,217 재돌파, 직전봉 고가 10,250 돌파",9.94,0.72,0.455,180.5,0.15,1,10240,10450,10710,10780,11180,10170
010690#955-S20260608123800,010690,화신,VWAP눌림,FullAuto,2026-06-08 12:38:00,10240,차단,리스크 관리로 진입 차단: 일 손실 한도 1.5% 도달,,"VWAP 10,218 재돌파, 직전봉 고가 10,220 돌파",9.40,0.22,0.425,180.3,0.66,1,10420,10580,10870,10690,11180,10190
085620#954-S20260608124200,085620,미래에셋생명,VWAP눌림,FullAuto,2026-06-08 12:42:00,19530,차단,리스크 관리로 진입 차단: 일 손실 한도 1.5% 도달,,"VWAP 19,432 재돌파, 직전봉 고가 19,420 돌파",5.06,0.51,0.526,160.8,0.76,1,19450,19720,19740,20200,20400,19400
085620#954-S20260608125100,085620,미래에셋생명,VWAP눌림,FullAuto,2026-06-08 12:51:00,19610,차단,리스크 관리로 진입 차단: 일 손실 한도 1.5% 도달,,"VWAP 19,432 재돌파, 직전봉 고가 19,510 돌파",5.49,0.92,0.552,163.5,2.70,1,19520,19780,19790,20050,20400,19500
010690#955-S20260608125900,010690,화신,VWAP눌림,FullAuto,2026-06-08 12:59:00,10430,차단,리스크 관리로 진입 차단: 일 손실 한도 1.5% 도달,,"VWAP 10,237 재돌파, 직전봉 고가 10,350 돌파",11.43,1.88,0.539,182.0,0.54,1,11060,11000,10780,10660,11180,10430
036930#957-S20260609090600,036930,주성엔지니어링,ORB,FullAuto,2026-06-09 09:06:00,197700,진입,,,"ORB5 고가 197,600 돌파 (범위 3.1%)",8.15,1.11,1,147.8,0.56,1,,,,,,
009150#956-S20260609091130,009150,삼성전기,ORB,FullAuto,2026-06-09 09:11:30,1872000,차단,매수 가능 수량 0 (투입금/리스크/예수금 확인),,"ORB5 고가 1,870,000 돌파 (범위 6.9%)",11.03,2.89,1,178.5,2.22,1,1820000,1824000,1819000,1735000,1872000,1735000
319660#961-S20260609132200,319660,피에스케이,VWAP눌림,FullAuto,2026-06-09 13:22:00,134800,진입,,,"VWAP 134,988 재돌파, 직전봉 고가 134,800 돌파",16.11,-0.14,0.513,190.9,1.11,1,,,,,,
000660#962-S20260609150000,000660,SK하이닉스,종가베팅,FullAuto,2026-06-09 15:00:00,2206000,차단,매수 가능 수량 0 (투입금/리스크/예수금 확인),,"종가베팅: 등락 +11.5%, 고저범위 91% 위치, VWAP 2,098,174 위",11.53,5.14,0.912,225.9,0.91,1,2201000,2212000,,,2220000,2193000
028260#965-S20260609150000,028260,삼성물산,종가베팅,FullAuto,2026-06-09 15:00:00,432000,진입,,,"종가베팅: 등락 +5.9%, 고저범위 86% 위치, VWAP 415,114 위",5.88,4.07,0.855,295.8,0.83,1,,,,,,
000270#966-S20260609150617,000270,기아,종가베팅,FullAuto,2026-06-09 15:06:17,165800,진입,,,"종가베팅: 등락 +9.2%, 고저범위 88% 위치, VWAP 162,900 위",9.15,1.78,0.883,307.3,1.76,1,,,,,,
319660#969-S20260610090620,319660,피에스케이,ORB,FullAuto,2026-06-10 09:06:20,147900,진입,,,"ORB5 고가 147,700 돌파 (범위 8.0%)",6.17,2.82,1,336.2,2.39,1,,,,,,
093370#967-S20260610090630,093370,후성,ORB,FullAuto,2026-06-10 09:06:30,15000,진입,,,"ORB5 고가 14,970 돌파 (범위 5.9%)",10.95,2.04,1,194.4,1.74,1,,,,,,
093370#967-S20260610095730,093370,후성,ORB,FullAuto,2026-06-10 09:57:30,15000,진입,,,"ORB5 고가 14,970 돌파 (범위 5.9%)",10.95,3.22,0.862,166.3,2.50,1,,,,,,
095610#971-S20260610113000,095610,테스,VWAP눌림,FullAuto,2026-06-10 11:30:00,179200,진입,,,"VWAP 179,179 재돌파, 직전봉 고가 178,600 돌파",11.03,0.01,0.673,157.9,0.34,1,,,,,,
095610#971-S20260610113800,095610,테스,VWAP눌림,FullAuto,2026-06-10 11:38:00,180100,진입,,,"VWAP 179,186 재돌파, 직전봉 고가 178,400 돌파",11.59,0.51,0.703,158.6,2.07,1,,,,,,
095610#971-S20260610115900,095610,테스,VWAP눌림,FullAuto,2026-06-10 11:59:00,179300,진입,,,"VWAP 179,204 재돌파, 직전봉 고가 178,900 돌파",11.09,0.05,0.677,159.0,1.57,1,,,,,,
100090#973-S20260610133500,100090,SK오션플랜트,VWAP눌림,FullAuto,2026-06-10 13:35:00,17050,진입,,,"VWAP 17,002 재돌파, 직전봉 고가 16,990 돌파",17.26,0.28,0.508,131.2,1.04,1,,,,,,
100090#973-S20260610135100,100090,SK오션플랜트,VWAP눌림,FullAuto,2026-06-10 13:51:00,17060,진입,,,"VWAP 16,995 재돌파, 직전봉 고가 16,930 돌파",17.33,0.38,0.511,139.0,1.91,1,,,,,,
100090#973-S20260610142600,100090,SK오션플랜트,VWAP눌림,FullAuto,2026-06-10 14:26:00,17090,진입,,,"VWAP 16,949 재돌파, 직전봉 고가 16,890 돌파",17.54,0.83,0.521,151.9,2.33,1,,,,,,
093370#974-S20260610150000,093370,후성,종가베팅,FullAuto,2026-06-10 15:00:00,16100,진입,,,"종가베팅: 등락 +19.1%, 고저범위 80% 위치, VWAP 15,676 위",19.08,2.71,0.801,180.6,0.54,1,,,,,,
047810#975-S20260610150125,047810,한국항공우주,종가베팅,FullAuto,2026-06-10 15:01:25,136400,진입,,,"종가베팅: 등락 +6.4%, 고저범위 79% 위치, VWAP 135,133 위",6.40,0.94,0.794,397.5,1.79,1,,,,,,
240810#977-S20260611091720,240810,원익IPS,ORB,FullAuto,2026-06-11 09:17:20,121800,진입,,,"ORB5 고가 121,700 돌파 (범위 4.8%)",4.37,1.93,0.966,324.8,3.68,1,,,,,,
402340#986-S20260611150000,402340,SK스퀘어,종가베팅,FullAuto,2026-06-11 15:00:00,1216000,차단,매수 가능 수량 0 (투입금/리스크/예수금 확인),,"종가베팅: 등락 +5.2%, 고저범위 89% 위치, VWAP 1,181,743 위",5.19,2.90,0.887,291.0,1.10,1,1212000,1227000,,,1233000,1209000
319400#985-S20260611150000,319400,현대무벡스,종가베팅,FullAuto,2026-06-11 15:00:00,41100,진입,,,"종가베팅: 등락 +16.1%, 고저범위 99% 위치, VWAP 38,195 위",16.10,7.60,0.994,359.7,1.94,1,,,,,,
001740#987-S20260612090510,001740,SK네트웍스,ORB,FullAuto,2026-06-12 09:05:10,12850,진입,,,"ORB5 고가 12,830 돌파 (범위 8.6%)",10.11,4.10,1,98.1,0.95,1,,,,,,
001740#987-S20260612091225,001740,SK네트웍스,ORB,FullAuto,2026-06-12 09:12:25,12840,진입,,,"ORB5 고가 12,830 돌파 (범위 8.6%)",10.03,1.63,0.720,138.1,1.51,1,,,,,,
240810#988-S20260612100027,240810,원익IPS,ORB,FullAuto,2026-06-12 10:00:27,163300,진입,,,"ORB5 고가 163,100 돌파 (범위 5.2%)",15.82,4.42,1,142.9,2.60,1,,,,,,
240810#988-S20260612102120,240810,원익IPS,ORB,FullAuto,2026-06-12 10:21:20,163200,진입,,,"ORB5 고가 163,100 돌파 (범위 5.2%)",15.74,2.20,0.679,139.2,1.24,1,,,,,,
058470#991-S20260612141200,058470,리노공업,VWAP눌림,FullAuto,2026-06-12 14:12:00,107000,진입,,,"VWAP 105,911 재돌파, 직전봉 고가 106,300 돌파",5.63,1.03,0.760,250.6,0.70,1,,,,,,
093370#993-S20260615090520,093370,후성,ORB,FullAuto,2026-06-15 09:05:20,20100,진입,,,"ORB5 고가 19,990 돌파 (범위 5.5%)",5.73,2.66,1,144.7,1.81,1,,,,,,
009150#995-S20260615090527,009150,삼성전기,ORB,FullAuto,2026-06-15 09:05:27,1915000,차단,매수 가능 수량 0 (투입금/리스크/예수금 확인),,"ORB5 고가 1,912,000 돌파 (범위 4.2%)",9.62,1.61,1,235.5,1.63,1,1916000,1933000,1926000,1938000,1975000,1884000
089030#994-S20260615090630,089030,테크윙,ORB,FullAuto,2026-06-15 09:06:30,71000,진입,,,"ORB5 고가 70,700 돌파 (범위 6.2%)",8.73,2.94,1,140.5,1.33,1,,,,,,
009150#995-S20260615090925,009150,삼성전기,ORB,FullAuto,2026-06-15 09:09:25,1917000,차단,매수 가능 수량 0 (투입금/리스크/예수금 확인),,"ORB5 고가 1,912,000 돌파 (범위 4.2%)",9.73,1.31,0.965,244.3,2.03,1,1964000,1916000,1948000,1930000,1975000,1909000
093370#993-S20260615091225,093370,후성,ORB,FullAuto,2026-06-15 09:12:25,20050,진입,,,"ORB5 고가 19,990 돌파 (범위 5.5%)",5.47,0.89,0.55,178.8,1.40,1,,,,,,
089030#994-S20260615094120,089030,테크윙,ORB,FullAuto,2026-06-15 09:41:20,70800,진입,,,"ORB5 고가 70,700 돌파 (범위 6.2%)",8.42,0.19,0.568,165.8,4.52,1,,,,,,
093370#993-S20260615094122,093370,후성,ORB,FullAuto,2026-06-15 09:41:22,20000,진입,,,"ORB5 고가 19,990 돌파 (범위 5.5%)",5.21,0.65,0.525,178.6,4.28,5,,,,,,
089030#994-S20260615111827,089030,테크윙,ORB,FullAuto,2026-06-15 11:18:27,70800,진입,,,"ORB5 고가 70,700 돌파 (범위 6.2%)",8.42,0.93,0.584,185.7,6.34,1,,,,,,
402340#1001-S20260615115600,402340,SK스퀘어,VWAP눌림,FullAuto,2026-06-15 11:56:00,1397000,진입,,,"VWAP 1,391,906 재돌파, 직전봉 고가 1,394,000 돌파",4.49,0.37,0.472,350.0,1.68,1,,,,,,
402340#1001-S20260615130800,402340,SK스퀘어,VWAP눌림,FullAuto,2026-06-15 13:08:00,1396000,진입,,,"VWAP 1,393,921 재돌파, 직전봉 고가 1,395,000 돌파",4.41,0.15,0.461,337.2,1.17,1,,,,,,
402340#1001-S20260615132800,402340,SK스퀘어,VWAP눌림,FullAuto,2026-06-15 13:28:00,1400000,진입,,,"VWAP 1,394,045 재돌파, 직전봉 고가 1,400,000 돌파",4.71,0.43,0.506,331.8,1.04,1,,,,,,
042660#1004-S20260615150000,042660,한화오션,종가베팅,FullAuto,2026-06-15 15:00:00,122500,진입,,,"종가베팅: 등락 +8.2%, 고저범위 86% 위치, VWAP 120,179 위",8.22,1.93,0.859,584.3,1.47,1,,,,,,
009150#1005-S20260615150117,009150,삼성전기,종가베팅,FullAuto,2026-06-15 15:01:17,1967000,차단,매수 가능 수량 0 (투입금/리스크/예수금 확인),,"종가베팅: 등락 +12.6%, 고저범위 94% 위치, VWAP 1,932,777 위",12.59,1.77,0.943,373.5,1.84,1,1982500,1991000,,,1993000,1968000
329180#1006-S20260615150417,329180,HD현대중공업,종가베팅,FullAuto,2026-06-15 15:04:17,710000,차단,매수 가능 수량 0 (투입금/리스크/예수금 확인),,"종가베팅: 등락 +9.2%, 고저범위 81% 위치, VWAP 705,685 위",9.23,0.61,0.812,569.9,1.48,1,714000,709000,,,714000,708000
079550#1007-S20260615150600,079550,LIG디펜스앤에어로스페이스,종가베팅,FullAuto,2026-06-15 15:06:00,851000,차단,매수 가능 수량 0 (투입금/리스크/예수금 확인),,"종가베팅: 등락 +9.9%, 고저범위 89% 위치, VWAP 833,919 위",9.95,2.05,0.888,408.5,0.59,1,852000,849000,,,854000,847000
267260#1008-S20260615150800,267260,HD현대일렉트릭,종가베팅,FullAuto,2026-06-15 15:08:00,1175000,차단,매수 가능 수량 0 (투입금/리스크/예수금 확인),,"종가베팅: 등락 +9.4%, 고저범위 81% 위치, VWAP 1,158,140 위",9.40,1.46,0.814,336.2,0.70,1,1178000,1176000,,,1183000,1174000
079550#1009-S20260616090627,079550,LIG디펜스앤에어로스페이스,ORB,FullAuto,2026-06-16 09:06:27,988000,진입,,,"ORB5 고가 987,000 돌파 (범위 5.4%)",16.10,2.22,1,185.1,1.83,1,,,,,,
105560#1010-S20260616090720,105560,KB금융,ORB,FullAuto,2026-06-16 09:07:20,178100,진입,,,"ORB5 고가 177,800 돌파 (범위 5.0%)",4.89,1.67,1,253.9,2.14,1,,,,,,
009540#1014-S20260616120200,009540,HD한국조선해양,VWAP눌림,FullAuto,2026-06-16 12:02:00,445000,진입,,,"VWAP 442,844 재돌파, 직전봉 고가 444,500 돌파",5.70,0.49,0.768,455.4,1.01,1,,,,,,
009540#1014-S20260616121200,009540,HD한국조선해양,VWAP눌림,FullAuto,2026-06-16 12:12:00,444000,진입,,,"VWAP 442,898 재돌파, 직전봉 고가 445,000 돌파",5.46,0.25,0.732,448.1,0.83,1,,,,,,
009540#1014-S20260616131200,009540,HD한국조선해양,VWAP눌림,FullAuto,2026-06-16 13:12:00,443500,진입,,,"VWAP 443,133 재돌파, 직전봉 고가 443,000 돌파",5.34,0.08,0.714,441.0,1.35,1,,,,,,
204320#1015-S20260616133500,204320,HL만도,VWAP눌림,FullAuto,2026-06-16 13:35:00,74700,진입,,,"VWAP 73,955 재돌파, 직전봉 고가 74,100 돌파",5.81,1.01,0.643,229.2,1.48,1,,,,,,
204320#1017-S20260616150000,204320,HL만도,종가베팅,FullAuto,2026-06-16 15:00:00,76200,진입,,,"종가베팅: 등락 +7.9%, 고저범위 82% 위치, VWAP 74,211 위",7.93,2.68,0.821,267.7,2.31,1,,,,,,
240810#1020-S20260617090507,240810,원익IPS,ORB,FullAuto,2026-06-17 09:05:07,169400,진입,,,"ORB5 고가 169,000 돌파 (범위 6.2%)",8.52,2.07,1,114.1,1.31,1,,,,,,
403870#1019-S20260617091127,403870,HPSP,ORB,FullAuto,2026-06-17 09:11:27,69900,진입,,,"ORB5 고가 69,800 돌파 (범위 6.7%)",5.43,1.85,1,226.9,2.03,1,,,,,,
000660#1026-S20260617150100,000660,SK하이닉스,종가베팅,FullAuto,2026-06-17 15:01:00,2509000,차단,매수 가능 수량 0 (투입금/리스크/예수금 확인),,"종가베팅: 등락 +3.8%, 고저범위 96% 위치, VWAP 2,435,387 위",3.76,3.02,0.957,236.8,1.19,1,2513000,2512000,,,2523000,2501000
006340#1027-S20260618090520,006340,대원전선,ORB,FullAuto,2026-06-18 09:05:20,13950,진입,,,"ORB5 고가 13,940 돌파 (범위 9.1%)",13.14,3.31,1,164.6,1.99,1,,,,,,
207940#1033-S20260618114500,207940,삼성바이오로직스,VWAP눌림,FullAuto,2026-06-18 11:45:00,1434000,차단,매수 가능 수량 0 (투입금/리스크/예수금 확인),,"VWAP 1,429,571 재돌파, 직전봉 고가 1,433,000 돌파",4.37,0.31,0.766,411.0,0.79,1,1432000,1433000,1415000,1425000,1437000,1411000
207940#1033-S20260618115100,207940,삼성바이오로직스,VWAP눌림,FullAuto,2026-06-18 11:51:00,1434500,차단,매수 가능 수량 0 (투입금/리스크/예수금 확인),,"VWAP 1,429,610 재돌파, 직전봉 고가 1,433,000 돌파",4.40,0.34,0.771,412.6,0.69,2,1435000,1432000,1414000,1422000,1437000,1411000
207940#1033-S20260618120600,207940,삼성바이오로직스,VWAP눌림,FullAuto,2026-06-18 12:06:00,1432000,차단,매수 가능 수량 0 (투입금/리스크/예수금 확인),,"VWAP 1,429,725 재돌파, 직전봉 고가 1,432,000 돌파",4.22,0.16,0.745,401.8,0.34,1,1420000,1414000,1417000,1435000,1436000,1411000
093370#1034-S20260618121600,093370,후성,VWAP눌림,FullAuto,2026-06-18 12:16:00,18405,진입,,,"VWAP 18,212 재돌파, 직전봉 고가 18,330 돌파",4.69,1.06,0.604,673.1,2.45,2,,,,,,
093370#1034-S20260618124900,093370,후성,VWAP눌림,FullAuto,2026-06-18 12:49:00,18290,진입,,,"VWAP 18,217 재돌파, 직전봉 고가 18,260 돌파",4.04,0.40,0.552,307.1,1.68,1,,,,,,
093370#1034-S20260618131900,093370,후성,VWAP눌림,FullAuto,2026-06-18 13:19:00,18380,진입,,,"VWAP 18,242 재돌파, 직전봉 고가 18,330 돌파",4.55,0.76,0.593,272.8,0.88,1,,,,,,
080220#1035-S20260618142300,080220,제주반도체,VWAP눌림,FullAuto,2026-06-18 14:23:00,117300,진입,,,"VWAP 116,280 재돌파, 직전봉 고가 116,900 돌파",5.20,0.88,0.647,204.8,1.31,1,,,,,,
080220#1035-S20260618143200,080220,제주반도체,VWAP눌림,FullAuto,2026-06-18 14:32:00,116600,시간외,진입 가능 시간 09:05~14:30 밖,,"VWAP 116,279 재돌파, 직전봉 고가 116,100 돌파",4.57,0.28,0.605,203.6,0.78,1,117500,117800,118000,,119000,116300
080220#1035-S20260618143500,080220,제주반도체,VWAP눌림,FullAuto,2026-06-18 14:35:00,117100,시간외,진입 가능 시간 09:05~14:30 밖,,"VWAP 116,280 재돌파, 직전봉 고가 116,900 돌파",5.02,0.71,0.635,204.9,0.56,1,117500,118200,118000,,119000,116800
005930#1036-S20260618150000,005930,삼성전자,종가베팅,FullAuto,2026-06-18 15:00:00,358250,진입,,,"종가베팅: 등락 +4.4%, 고저범위 95% 위치, VWAP 351,555 위",4.45,1.90,0.948,522.9,0.48,2,,,,,,
032830#1037-S20260618150000,032830,삼성생명,종가베팅,FullAuto,2026-06-18 15:00:00,469500,진입,,,"종가베팅: 등락 +6.0%, 고저범위 98% 위치, VWAP 460,502 위",5.98,1.95,0.981,344.9,1.41,1,,,,,,
009150#1039-S20260619090622,009150,삼성전기,ORB,FullAuto,2026-06-19 09:06:22,2325000,차단,매수 가능 수량 0 (투입금/리스크/예수금 확인),,"ORB5 고가 2,320,000 돌파 (범위 2.4%)",5.44,1.00,1,172.6,1.74,1,2332000,2303000,2325000,2389000,2385000,2255500
402340#1040-S20260619093317,402340,SK스퀘어,ORB,FullAuto,2026-06-19 09:33:17,1842000,차단,매수 가능 수량 0 (투입금/리스크/예수금 확인),,"ORB5 고가 1,840,000 돌파 (범위 2.1%)",6.23,1.15,1,182.1,4.80,1,1866000,1866000,1836000,1832000,1891000,1823000
009150#1039-S20260619093320,009150,삼성전기,ORB,FullAuto,2026-06-19 09:33:20,2321000,차단,매수 가능 수량 0 (투입금/리스크/예수금 확인),,"ORB5 고가 2,320,000 돌파 (범위 2.4%)",5.26,0.45,0.639,172.4,2.11,1,2321000,2331000,2374000,2380000,2417000,2321000
006340#1043-S20260619102300,006340,대원전선,VWAP눌림,FullAuto,2026-06-19 10:23:00,12060,진입,,,"VWAP 11,972 재돌파, 직전봉 고가 12,030 돌파",4.60,0.74,0.566,161.4,0.80,1,,,,,,
010690#1042-S20260619103100,010690,화신,VWAP눌림,FullAuto,2026-06-19 10:31:00,13550,진입,,,"VWAP 13,467 재돌파, 직전봉 고가 13,370 돌파",12.64,0.62,0.523,170.1,1.09,1,,,,,,
010690#1042-S20260619104900,010690,화신,VWAP눌림,FullAuto,2026-06-19 10:49:00,13540,진입,,,"VWAP 13,488 재돌파, 직전봉 고가 13,510 돌파",12.55,0.38,0.517,169.4,0.76,1,,,,,,
006340#1043-S20260619110100,006340,대원전선,VWAP눌림,FullAuto,2026-06-19 11:01:00,12020,진입,,,"VWAP 11,960 재돌파, 직전봉 고가 11,920 돌파",4.25,0.50,0.546,214.3,1.62,1,,,,,,
006340#1043-S20260619111100,006340,대원전선,VWAP눌림,FullAuto,2026-06-19 11:11:00,11970,진입,,,"VWAP 11,959 재돌파, 직전봉 고가 11,940 돌파",3.82,0.09,0.522,220.7,0.78,1,,,,,,
010690#1042-S20260619123100,010690,화신,VWAP눌림,FullAuto,2026-06-19 12:31:00,14070,진입,,,"VWAP 14,024 재돌파, 직전봉 고가 13,970 돌파",16.96,0.33,0.607,167.1,0.65,1,,,,,,
046970#1044-S20260619123200,046970,우리로,VWAP눌림,FullAuto,2026-06-19 12:32:00,8660,진입,,,"VWAP 8,516 재돌파, 직전봉 고가 8,610 돌파",6.26,1.69,0.610,175.3,0.95,1,,,,,,
046970#1044-S20260619124200,046970,우리로,VWAP눌림,FullAuto,2026-06-19 12:42:00,8530,차단,리스크 관리로 진입 차단: 4연속 손실 쿨다운 ~13:03,,"VWAP 8,516 재돌파, 직전봉 고가 8,480 돌파",4.66,0.17,0.550,175.4,0.30,1,8470,8130,7900,7560,8650,7480
046970#1044-S20260619135900,046970,우리로,VWAP눌림,FullAuto,2026-06-19 13:59:00,8520,진입,,,"VWAP 8,429 재돌파, 직전봉 고가 8,260 돌파",4.54,1.08,0.546,170.2,3.66,1,,,,,,
001820#1046-S20260622090627,001820,삼화콘덴서,ORB,FullAuto,2026-06-22 09:06:27,181400,진입,,,"ORB5 고가 181,300 돌파 (범위 6.9%)",5.77,2.10,1,240.3,1.79,1,,,,,,
080220#1050-S20260622150000,080220,제주반도체,종가베팅,FullAuto,2026-06-22 15:00:00,132400,진입,,,"종가베팅: 등락 +15.8%, 고저범위 79% 위치, VWAP 129,391 위",15.84,2.33,0.795,191.8,1.26,1,,,,,,
000990#1051-S20260622150000,000990,DB하이텍,종가베팅,FullAuto,2026-06-22 15:00:00,171400,진입,,,"종가베팅: 등락 +11.7%, 고저범위 98% 위치, VWAP 164,975 위",11.66,3.89,0.980,262.3,1.06,1,,,,,,
298040#1052-S20260623090625,298040,효성중공업,ORB,FullAuto,2026-06-23 09:06:25,4126000,차단,매수 가능 수량 0 (투입금/리스크/예수금 확인),,"ORB5 고가 4,123,000 돌파 (범위 6.9%)",7.56,1.99,1,96.8,1.35,1,4049000,3961000,3940000,3963000,4169000,3914000
122640#1053-S20260623090710,122640,예스티,ORB,FullAuto,2026-06-23 09:07:10,40300,진입,,,"ORB5 고가 40,250 돌파 (범위 5.0%)",4.68,2.37,1,261.7,0.65,1,,,,,,
122640#1053-S20260623091430,122640,예스티,ORB,FullAuto,2026-06-23 09:14:30,40400,진입,,,"ORB5 고가 40,250 돌파 (범위 5.0%)",4.94,2.42,1,215.3,2.46,1,,,,,,
122640#1053-S20260623093430,122640,예스티,ORB,FullAuto,2026-06-23 09:34:30,40350,차단,리스크 관리로 진입 차단: 4연속 손실 쿨다운 ~09:45,,"ORB5 고가 40,250 돌파 (범위 5.0%)",4.81,2.46,0.976,193.0,1.90,1,39900,41850,42100,41800,44000,39800
122640#1053-S20260623093745,122640,예스티,ORB,FullAuto,2026-06-23 09:37:45,40300,차단,리스크 관리로 진입 차단: 4연속 손실 쿨다운 ~09:45,,"ORB5 고가 40,250 돌파 (범위 5.0%)",4.68,1.79,0.736,192.2,2.22,1,40800,42550,42400,41850,44000,39800
122640#1053-S20260623094022,122640,예스티,ORB,FullAuto,2026-06-23 09:40:22,40350,차단,리스크 관리로 진입 차단: 4연속 손실 쿨다운 ~09:45,,"ORB5 고가 40,250 돌파 (범위 5.0%)",4.81,1.85,0.755,194.4,2.25,1,41100,41300,41400,42000,44000,40300
356680#1059-S20260623132300,356680,엑스게이트,VWAP눌림,FullAuto,2026-06-23 13:23:00,18580,진입,,,"VWAP 18,467 재돌파, 직전봉 고가 18,470 돌파",14.69,0.61,0.585,153.1,4.06,1,,,,,,
356680#1059-S20260623133400,356680,엑스게이트,VWAP눌림,FullAuto,2026-06-23 13:34:00,18610,차단,리스크 관리로 진입 차단: 5연속 손실 쿨다운 ~13:55,,"VWAP 18,466 재돌파, 직전봉 고가 18,490 돌파",14.88,0.78,0.598,155.0,4.10,1,18680,18680,18600,20750,20800,18560
026940#1060-S20260624090622,026940,부국철강,ORB,FullAuto,2026-06-24 09:06:22,4225,진입,,,"ORB5 고가 4,200 돌파 (범위 7.1%)",12.52,3.92,1,132.2,3.79,1,,,,,,
000660#1062-S20260624091220,000660,SK하이닉스,ORB,FullAuto,2026-06-24 09:12:20,2668000,차단,매수 가능 수량 0 (투입금/리스크/예수금 확인),,"ORB5 고가 2,666,000 돌파 (범위 2.7%)",3.85,1.42,0.976,211.3,2.09,1,2693000,2646000,2678000,2606000,2703000,2589000
080220#1061-S20260624091430,080220,제주반도체,ORB,FullAuto,2026-06-24 09:14:30,120000,진입,,,"ORB5 고가 119,800 돌파 (범위 4.6%)",8.30,2.05,1,211.2,2.45,1,,,,,,
000660#1062-S20260624092415,000660,SK하이닉스,ORB,FullAuto,2026-06-24 09:24:15,2667000,차단,매수 가능 수량 0 (투입금/리스크/예수금 확인),,"ORB5 고가 2,666,000 돌파 (범위 2.7%)",3.81,0.85,0.759,159.4,1.59,1,2655000,2668000,2679000,2611000,2703000,2589000
000660#1062-S20260624093110,000660,SK하이닉스,ORB,FullAuto,2026-06-24 09:31:10,2667000,차단,매수 가능 수량 0 (투입금/리스크/예수금 확인),,"ORB5 고가 2,666,000 돌파 (범위 2.7%)",3.81,0.86,0.759,158.3,0.76,1,2671000,2685000,2675000,2630000,2703000,2589000
000660#1062-S20260624093325,000660,SK하이닉스,ORB,FullAuto,2026-06-24 09:33:25,2669000,차단,매수 가능 수량 0 (투입금/리스크/예수금 확인),,"ORB5 고가 2,666,000 돌파 (범위 2.7%)",3.89,0.92,0.778,159.4,1.26,1,2666000,2685000,2650000,2655000,2703000,2589000
000660#1062-S20260624095825,000660,SK하이닉스,ORB,FullAuto,2026-06-24 09:58:25,2669000,차단,매수 가능 수량 0 (투입금/리스크/예수금 확인),,"ORB5 고가 2,666,000 돌파 (범위 2.7%)",3.89,0.57,0.712,167.6,1.88,1,2650000,2611000,2623000,2654000,2677000,2589000
026940#1060-S20260624100215,026940,부국철강,ORB,FullAuto,2026-06-24 10:02:15,4210,진입,,,"ORB5 고가 4,200 돌파 (범위 7.1%)",12.12,2.63,0.635,130.8,5.49,1,,,,,,
026940#1060-S20260624101220,026940,부국철강,ORB,FullAuto,2026-06-24 10:12:20,4210,진입,,,"ORB5 고가 4,200 돌파 (범위 7.1%)",12.12,2.65,0.635,134.9,4.20,1,,,,,,
005930#1064-S20260624111200,005930,삼성전자,VWAP눌림,FullAuto,2026-06-24 11:12:00,333000,진입,,,"VWAP 331,509 재돌파, 직전봉 고가 333,000 돌파",7.25,0.45,0.702,339.6,1.08,1,,,,,,
005930#1064-S20260624134000,005930,삼성전자,VWAP눌림,FullAuto,2026-06-24 13:40:00,329000,진입,,,"VWAP 328,785 재돌파, 직전봉 고가 328,500 돌파",5.96,0.07,0.561,322.9,0.86,1,,,,,,
028260#1066-S20260624142600,028260,삼성물산,VWAP눌림,FullAuto,2026-06-24 14:26:00,496500,진입,,,"VWAP 495,040 재돌파, 직전봉 고가 496,500 돌파",8.52,0.29,0.510,261.8,1.26,1,,,,,,
028260#1066-S20260624143300,028260,삼성물산,VWAP눌림,FullAuto,2026-06-24 14:33:00,496000,시간외,진입 가능 시간 09:05~14:30 밖,,"VWAP 495,031 재돌파, 직전봉 고가 495,000 돌파",8.42,0.20,0.5,264.5,1.03,1,493500,490500,485000,,497000,481500
028260#1066-S20260624143700,028260,삼성물산,VWAP눌림,FullAuto,2026-06-24 14:37:00,496500,시간외,진입 가능 시간 09:05~14:30 밖,,"VWAP 495,037 재돌파, 직전봉 고가 496,000 돌파",8.52,0.30,0.510,263.8,0.54,1,493500,485000,486000,,496500,481500
207940#1068-S20260624150000,207940,삼성바이오로직스,종가베팅,FullAuto,2026-06-24 15:00:00,1390000,차단,매수 가능 수량 0 (투입금/리스크/예수금 확인),,"종가베팅: 등락 +9.5%, 고저범위 99% 위치, VWAP 1,341,234 위",9.54,3.64,0.992,391.2,2.06,1,1386000,1392000,,,1396000,1383000
141080#1067-S20260624150000,141080,리가켐바이오,종가베팅,FullAuto,2026-06-24 15:00:00,153300,진입,,,"종가베팅: 등락 +12.6%, 고저범위 92% 위치, VWAP 149,151 위",12.64,2.78,0.917,295.6,1.04,1,,,,,,
034730#1069-S20260625090527,034730,SK,ORB,FullAuto,2026-06-25 09:05:27,841000,진입,,,"ORB5 고가 840,000 돌파 (범위 9.4%)",17.62,3.10,1,172.0,1.20,1,,,,,,
034730#1069-S20260625093027,034730,SK,ORB,FullAuto,2026-06-25 09:30:27,841000,진입,,,"ORB5 고가 840,000 돌파 (범위 9.4%)",17.62,2.05,0.869,188.7,4.33,1,,,,,,
037710#1070-S20260625093627,037710,광주신세계,ORB,FullAuto,2026-06-25 09:36:27,48650,진입,,,"ORB5 고가 48,500 돌파 (범위 6.8%)",9.33,5.85,1,167.4,6.05,1,,,,,,
037710#1070-S20260625100100,037710,광주신세계,ORB,FullAuto,2026-06-25 10:01:00,48550,진입,,,"ORB5 고가 48,500 돌파 (범위 6.8%)",9.10,1.89,0.703,163.1,0.75,1,,,,,,
037710#1070-S20260625102930,037710,광주신세계,ORB,FullAuto,2026-06-25 10:29:30,48600,진입,,,"ORB5 고가 48,500 돌파 (범위 6.8%)",9.21,2.15,0.709,167.2,3.22,1,,,,,,
475150#1073-S20260625103800,475150,SK이터닉스,VWAP눌림,FullAuto,2026-06-25 10:38:00,44850,진입,,,"VWAP 44,811 재돌파, 직전봉 고가 44,700 돌파",18.81,0.09,0.644,285.9,0.76,1,,,,,,
034730#1069-S20260625105720,034730,SK,ORB,FullAuto,2026-06-25 10:57:20,841000,진입,,,"ORB5 고가 840,000 돌파 (범위 9.4%)",17.62,1.61,0.869,217.0,8.30,1,,,,,,
001740#1074-S20260625110800,001740,SK네트웍스,VWAP눌림,FullAuto,2026-06-25 11:08:00,10390,진입,,,"VWAP 10,331 재돌파, 직전봉 고가 10,370 돌파",9.02,0.58,0.648,167.2,1.20,1,,,,,,
001740#1074-S20260625112400,001740,SK네트웍스,VWAP눌림,FullAuto,2026-06-25 11:24:00,10540,진입,,,"VWAP 10,330 재돌파, 직전봉 고가 10,230 돌파",10.60,2.03,0.818,173.4,6.18,1,,,,,,
001740#1074-S20260625120200,001740,SK네트웍스,VWAP눌림,FullAuto,2026-06-25 12:02:00,10360,진입,,,"VWAP 10,353 재돌파, 직전봉 고가 10,330 돌파",8.71,0.06,0.574,172.7,0.81,1,,,,,,
000990#1075-S20260625132100,000990,DB하이텍,VWAP눌림,FullAuto,2026-06-25 13:21:00,158000,진입,,,"VWAP 157,942 재돌파, 직전봉 고가 157,800 돌파",4.08,0.04,0.487,252.6,0.24,1,,,,,,
000990#1075-S20260625134100,000990,DB하이텍,VWAP눌림,FullAuto,2026-06-25 13:41:00,158300,진입,,,"VWAP 157,934 재돌파, 직전봉 고가 158,000 돌파",4.28,0.23,0.507,256.3,0.74,1,,,,,,
000660#1078-S20260625150717,000660,SK하이닉스,종가베팅,FullAuto,2026-06-25 15:07:17,2966000,차단,매수 가능 수량 0 (투입금/리스크/예수금 확인),,"종가베팅: 등락 +11.8%, 고저범위 91% 위치, VWAP 2,867,451 위",11.80,3.44,0.912,209.0,1.65,1,2962000,2938000,,,2973000,2927000
005930#1079-S20260625150920,005930,삼성전자,종가베팅,FullAuto,2026-06-25 15:09:20,360000,진입,,,"종가베팅: 등락 +6.0%, 고저범위 76% 위치, VWAP 358,212 위",6.04,0.50,0.762,452.2,2.84,1,,,,,,
037710#1080-S20260626090625,037710,광주신세계,ORB,FullAuto,2026-06-26 09:06:25,46400,진입,,,"ORB5 고가 46,350 돌파 (범위 5.8%)",9.56,1.89,1,149.7,2.30,1,,,,,,
009150#1082-S20260626090715,009150,삼성전기,ORB,FullAuto,2026-06-26 09:07:15,2145000,차단,매수 가능 수량 0 (투입금/리스크/예수금 확인),,"ORB5 고가 2,143,000 돌파 (범위 7.6%)",7.25,1.93,1,174.9,1.72,1,2129000,2085000,2020000,2012000,2149000,2006000
009150#1082-S20260626090930,009150,삼성전기,ORB,FullAuto,2026-06-26 09:09:30,2147000,차단,매수 가능 수량 0 (투입금/리스크/예수금 확인),,"ORB5 고가 2,143,000 돌파 (범위 7.6%)",7.35,1.87,1,201.6,1.30,1,2149000,2083000,2022000,2018000,2149000,1999000
009150#1082-S20260626091427,009150,삼성전기,ORB,FullAuto,2026-06-26 09:14:27,2145000,차단,매수 가능 수량 0 (투입금/리스크/예수금 확인),,"ORB5 고가 2,143,000 돌파 (범위 7.6%)",7.25,1.45,0.987,178.4,2.16,1,2051000,2069000,2036000,2038000,2149000,1999000
037710#1080-S20260626093322,037710,광주신세계,ORB,FullAuto,2026-06-26 09:33:22,46500,진입,,,"ORB5 고가 46,350 돌파 (범위 5.8%)",9.80,3.04,0.952,165.9,9.84,1,,,,,,
037710#1080-S20260626100217,037710,광주신세계,ORB,FullAuto,2026-06-26 10:02:17,46400,진입,,,"ORB5 고가 46,350 돌파 (범위 5.8%)",9.56,0.12,0.626,151.8,1.57,1,,,,,,
003200#1084-S20260626100527,003200,일신방직,ORB,FullAuto,2026-06-26 10:05:27,10230,진입,,,"ORB5 고가 10,220 돌파 (범위 4.6%)",4.82,0.48,0.495,173.7,1.27,1,,,,,,
003200#1084-S20260626103230,003200,일신방직,ORB,FullAuto,2026-06-26 10:32:30,10240,진입,,,"ORB5 고가 10,220 돌파 (범위 4.6%)",4.92,0.58,0.505,177.8,1.81,1,,,,,,
319660#1088-S20260626114400,319660,피에스케이,VWAP눌림,FullAuto,2026-06-26 11:44:00,188900,진입,,,"VWAP 186,255 재돌파, 직전봉 고가 187,600 돌파",10.99,1.42,0.716,160.3,0.84,1,,,,,,
319660#1088-S20260626131500,319660,피에스케이,VWAP눌림,FullAuto,2026-06-26 13:15:00,186600,진입,,,"VWAP 186,171 재돌파, 직전봉 고가 186,200 돌파",9.64,0.23,0.616,159.7,1.11,1,,,,,,
319660#1088-S20260626133200,319660,피에스케이,VWAP눌림,FullAuto,2026-06-26 13:32:00,186700,진입,,,"VWAP 186,192 재돌파, 직전봉 고가 186,400 돌파",9.69,0.27,0.621,161.0,1.44,1,,,,,,
475150#1092-S20260629090505,475150,SK이터닉스,ORB,FullAuto,2026-06-29 09:05:05,48300,진입,,,"ORB5 고가 48,200 돌파 (범위 8.1%)",11.81,4.41,1,208.8,1.07,1,,,,,,
141080#1093-S20260629090505,141080,리가켐바이오,ORB,FullAuto,2026-06-29 09:05:05,157900,진입,,,"ORB5 고가 157,700 돌파 (범위 4.6%)",10.27,1.88,1,109.2,1.11,1,,,,,,
214450#1094-S20260629095130,214450,파마리서치,ORB,FullAuto,2026-06-29 09:51:30,353000,진입,,,"ORB5 고가 352,500 돌파 (범위 5.5%)",9.29,1.81,1,290.5,8.40,1,,,,,,
298040#1096-S20260629150000,298040,효성중공업,종가베팅,FullAuto,2026-06-29 15:00:00,3306000,차단,매수 가능 수량 0 (투입금/리스크/예수금 확인),,"종가베팅: 등락 +6.0%, 고저범위 95% 위치, VWAP 3,224,786 위",6.00,2.52,0.951,536.0,3.52,1,3275000,3262000,,,3309000,3251000
207940#1095-S20260629150000,207940,삼성바이오로직스,종가베팅,FullAuto,2026-06-29 15:00:00,1451000,차단,매수 가능 수량 0 (투입금/리스크/예수금 확인),,"종가베팅: 등락 +8.6%, 고저범위 98% 위치, VWAP 1,411,063 위",8.61,2.83,0.981,621.2,0.88,1,1450000,1448000,,,1456000,1443000
373220#1097-S20260629151400,373220,LG에너지솔루션,종가베팅,FullAuto,2026-06-29 15:14:00,396000,진입,,,"종가베팅: 등락 +19.3%, 고저범위 98% 위치, VWAP 379,205 위",19.28,4.43,0.976,362.4,0.66,1,,,,,,
240810#1098-S20260630090730,240810,원익IPS,ORB,FullAuto,2026-06-30 09:07:30,174300,진입,,,"ORB5 고가 174,200 돌파 (범위 6.2%)",9.62,2.08,1,166.5,1.84,1,,,,,,
319660#1104-S20260630103300,319660,피에스케이,VWAP눌림,FullAuto,2026-06-30 10:33:00,194500,진입,,,"VWAP 193,343 재돌파, 직전봉 고가 194,300 돌파",8.12,0.60,0.637,159.0,1.56,1,,,,,,
319660#1104-S20260630105800,319660,피에스케이,VWAP눌림,FullAuto,2026-06-30 10:58:00,193400,진입,,,"VWAP 193,279 재돌파, 직전봉 고가 192,800 돌파",7.50,0.06,0.580,162.8,1.52,1,,,,,,
319660#1104-S20260630110500,319660,피에스케이,VWAP눌림,FullAuto,2026-06-30 11:05:00,194100,진입,,,"VWAP 193,306 재돌파, 직전봉 고가 193,400 돌파",7.89,0.41,0.617,163.5,0.71,1,,,,,,
402340#1108-S20260630150000,402340,SK스퀘어,종가베팅,FullAuto,2026-06-30 15:00:00,1740000,차단,매수 가능 수량 0 (투입금/리스크/예수금 확인),,"종가베팅: 등락 +6.6%, 고저범위 90% 위치, VWAP 1,659,655 위",6.62,4.84,0.897,238.2,0.63,1,1740000,1744000,,,1750000,1712000
214450#1107-S20260630150000,214450,파마리서치,종가베팅,FullAuto,2026-06-30 15:00:00,366000,진입,,,"종가베팅: 등락 +3.5%, 고저범위 91% 위치, VWAP 363,052 위",3.54,0.81,0.913,469.5,0.60,1,,,,,,
006340#1110-S20260701090627,006340,대원전선,ORB,FullAuto,2026-07-01 09:06:27,11080,진입,,,"ORB5 고가 11,030 돌파 (범위 4.0%)",7.47,2.06,1,190.5,1.89,1,,,,,,
222800#1113-S20260701102000,222800,심텍,VWAP눌림,FullAuto,2026-07-01 10:20:00,157000,진입,,,"VWAP 155,566 재돌파, 직전봉 고가 157,000 돌파",4.74,0.92,0.676,153.4,0.97,1,,,,,,
222800#1113-S20260701121000,222800,심텍,VWAP눌림,FullAuto,2026-07-01 12:10:00,155700,진입,,,"VWAP 155,636 재돌파, 직전봉 고가 155,400 돌파",3.87,0.04,0.617,161.1,1.56,1,,,,,,
222800#1113-S20260701122000,222800,심텍,VWAP눌림,FullAuto,2026-07-01 12:20:00,155700,진입,,,"VWAP 155,635 재돌파, 직전봉 고가 155,500 돌파",3.87,0.04,0.617,162.3,0.64,1,,,,,,
001820#1114-S20260701123500,001820,삼화콘덴서,VWAP눌림,FullAuto,2026-07-01 12:35:00,155100,진입,,,"VWAP 154,056 재돌파, 직전봉 고가 154,600 돌파",2.72,0.68,0.621,285.5,0.66,1,,,,,,
001820#1114-S20260701130600,001820,삼화콘덴서,VWAP눌림,FullAuto,2026-07-01 13:06:00,155000,진입,,,"VWAP 154,111 재돌파, 직전봉 고가 154,800 돌파",2.65,0.58,0.614,285.2,0.35,1,,,,,,
001820#1114-S20260701131500,001820,삼화콘덴서,VWAP눌림,FullAuto,2026-07-01 13:15:00,154700,진입,,,"VWAP 154,112 재돌파, 직전봉 고가 154,300 돌파",2.45,0.38,0.595,282.0,1.14,1,,,,,,
012450#1116-S20260701150817,012450,한화에어로스페이스,종가베팅,FullAuto,2026-07-01 15:08:17,1083000,차단,매수 가능 수량 0 (투입금/리스크/예수금 확인),,"종가베팅: 등락 +9.3%, 고저범위 76% 위치, VWAP 1,071,607 위",9.28,1.06,0.758,461.7,1.80,1,1086000,1090000,,,1090000,1082000
037710#1117-S20260702090520,037710,광주신세계,ORB,FullAuto,2026-07-02 09:05:20,49950,진입,,,"ORB5 고가 49,700 돌파 (범위 9.8%)",14.17,2.93,1,307.1,2.53,1,,,,,,
003230#1119-S20260702090930,003230,삼양식품,ORB,FullAuto,2026-07-02 09:09:30,1218000,차단,매수 가능 수량 0 (투입금/리스크/예수금 확인),,"ORB5 고가 1,217,000 돌파 (범위 4.7%)",4.82,1.25,1,331.2,1.23,1,1181000,1176000,1220000,1210000,1225000,1163000
003230#1119-S20260702093330,003230,삼양식품,ORB,FullAuto,2026-07-02 09:33:30,1218000,차단,매수 가능 수량 0 (투입금/리스크/예수금 확인),,"ORB5 고가 1,217,000 돌파 (범위 4.7%)",4.82,1.69,1,277.6,3.26,1,1218000,1198000,1183000,1208000,1225000,1183000
006340#1122-S20260702102100,006340,대원전선,VWAP눌림,FullAuto,2026-07-02 10:21:00,13760,진입,,,"VWAP 13,633 재돌파, 직전봉 고가 13,740 돌파",2.69,0.93,0.491,130.7,0.39,1,,,,,,
403870#1123-S20260703090507,403870,HPSP,ORB,FullAuto,2026-07-03 09:05:07,46250,진입,,,"ORB5 고가 46,200 돌파 (범위 5.4%)",5.84,1.92,1,162.0,1.20,1,,,,,,
403870#1123-S20260703091230,403870,HPSP,ORB,FullAuto,2026-07-03 09:12:30,46300,진입,,,"ORB5 고가 46,200 돌파 (범위 5.4%)",5.95,1.75,0.942,152.5,1.93,1,,,,,,
403870#1123-S20260703093730,403870,HPSP,ORB,FullAuto,2026-07-03 09:37:30,46250,진입,,,"ORB5 고가 46,200 돌파 (범위 5.4%)",5.84,1.38,0.842,167.4,2.63,1,,,,,,
095500#1126-S20260703100830,095500,미래나노텍,ORB,FullAuto,2026-07-03 10:08:30,7940,진입,,,"ORB5 고가 7,900 돌파 (범위 3.7%)",10.89,4.36,1,233.4,6.94,1,,,,,,
068270#1127-S20260703100900,068270,셀트리온,VWAP눌림,FullAuto,2026-07-03 10:09:00,183000,진입,,,"VWAP 182,428 재돌파, 직전봉 고가 182,900 돌파",3.57,0.31,0.468,354.4,2.03,1,,,,,,
095500#1126-S20260703105522,095500,미래나노텍,ORB,FullAuto,2026-07-03 10:55:22,7920,차단,리스크 관리로 진입 차단: 5연속 손실 쿨다운 ~11:09,,"ORB5 고가 7,900 돌파 (범위 3.7%)",10.61,3.36,0.892,210.7,10.25,1,8060,7910,8010,8490,8740,7690
095500#1126-S20260703105622,095500,미래나노텍,ORB,FullAuto,2026-07-03 10:56:22,7910,차단,리스크 관리로 진입 차단: 5연속 손실 쿨다운 ~11:09,,"ORB5 고가 7,900 돌파 (범위 3.7%)",10.47,3.16,0.838,205.0,3.90,1,7930,7840,8350,8430,8740,7690
055550#1128-S20260703110100,055550,신한지주,VWAP눌림,FullAuto,2026-07-03 11:01:00,106600,차단,리스크 관리로 진입 차단: 5연속 손실 쿨다운 ~11:09,,"VWAP 105,701 재돌파, 직전봉 고가 106,200 돌파",3.19,0.85,0.745,235.7,1.17,1,106600,106700,107100,107400,107700,106300
095500#1126-S20260703112320,095500,미래나노텍,ORB,FullAuto,2026-07-03 11:23:20,7940,진입,,,"ORB5 고가 7,900 돌파 (범위 3.7%)",10.89,3.00,0.822,213.4,45.99,1,,,,,,
068270#1127-S20260703120000,068270,셀트리온,VWAP눌림,FullAuto,2026-07-03 12:00:00,182800,진입,,,"VWAP 182,410 재돌파, 직전봉 고가 182,700 돌파",3.45,0.21,0.447,251.6,1.5,1,,,,,,
068270#1127-S20260703121400,068270,셀트리온,VWAP눌림,FullAuto,2026-07-03 12:14:00,182700,진입,,,"VWAP 182,409 재돌파, 직전봉 고가 182,500 돌파",3.40,0.16,0.436,255.9,1.73,1,,,,,,
055550#1130-S20260703150000,055550,신한지주,종가베팅,FullAuto,2026-07-03 15:00:00,107500,진입,,,"종가베팅: 등락 +4.1%, 고저범위 90% 위치, VWAP 106,305 위",4.07,1.12,0.898,323.0,0.41,1,,,,,,
016360#1131-S20260703150000,016360,삼성증권,종가베팅,FullAuto,2026-07-03 15:00:00,118800,진입,,,"종가베팅: 등락 +9.3%, 고저범위 94% 위치, VWAP 114,957 위",9.29,3.34,0.938,232.9,1.34,1,,,,,,
042660#1133-S20260706091027,042660,한화오션,ORB,FullAuto,2026-07-06 09:10:27,117000,진입,,,"ORB5 고가 116,800 돌파 (범위 4.3%)",9.35,1.33,0.847,119.5,1.23,1,,,,,,
006340#1132-S20260706091712,006340,대원전선,ORB,FullAuto,2026-07-06 09:17:12,13940,진입,,,"ORB5 고가 13,930 돌파 (범위 6.3%)",6.82,2.60,1,143.8,1.40,1,,,,,,
000270#1137-S20260706150000,000270,기아,종가베팅,FullAuto,2026-07-06 15:00:00,160800,진입,,,"종가베팅: 등락 +6.1%, 고저범위 86% 위치, VWAP 158,806 위",6.14,1.26,0.860,494.1,0.30,1,,,,,,
037710#1138-S20260706150000,037710,광주신세계,종가베팅,FullAuto,2026-07-06 15:00:00,45700,진입,,,"종가베팅: 등락 +17.9%, 고저범위 83% 위치, VWAP 43,639 위",17.94,4.72,0.826,167.8,0.46,1,,,,,,
036930#1140-S20260707090525,036930,주성엔지니어링,ORB,FullAuto,2026-07-07 09:05:25,194500,진입,,,"ORB5 고가 194,000 돌파 (범위 9.2%)",7.04,3.26,1,81.9,1.83,1,,,,,,
036930#1140-S20260707091630,036930,주성엔지니어링,ORB,FullAuto,2026-07-07 09:16:30,194500,진입,,,"ORB5 고가 194,000 돌파 (범위 9.2%)",7.04,1.56,0.884,119.0,1.26,1,,,,,,
010950#1141-S20260707091630,010950,S-Oil,ORB,FullAuto,2026-07-07 09:16:30,122100,진입,,,"ORB5 고가 121,900 돌파 (범위 3.3%)",5.26,1.30,1,279.0,7.46,1,,,,,,
037070#1139-S20260707091727,037070,파세코,ORB,FullAuto,2026-07-07 09:17:27,9650,진입,,,"ORB5 고가 9,590 돌파 (범위 7.6%)",8.79,4.37,1,124.1,4.99,1,,,,,,
010950#1141-S20260707094627,010950,S-Oil,ORB,FullAuto,2026-07-07 09:46:27,122000,차단,리스크 관리로 진입 차단: 5연속 손실 쿨다운 ~10:06,,"ORB5 고가 121,900 돌파 (범위 3.3%)",5.17,0.69,0.870,264.6,2.09,1,122500,124200,125300,125400,125700,121800
003230#1142-S20260707150000,003230,삼양식품,종가베팅,FullAuto,2026-07-07 15:00:00,1219000,차단,매수 가능 수량 0 (투입금/리스크/예수금 확인),,"종가베팅: 등락 +11.8%, 고저범위 98% 위치, VWAP 1,186,553 위",11.83,2.73,0.979,400.7,1.32,1,1221000,1220000,,,1224000,1207000
096770#1143-S20260707150000,096770,SK이노베이션,종가베팅,FullAuto,2026-07-07 15:00:00,103300,진입,,,"종가베팅: 등락 +6.9%, 고저범위 92% 위치, VWAP 100,398 위",6.94,2.89,0.920,260.2,0.90,1,,,,,,
066570#1144-S20260708091525,066570,LG전자,ORB,FullAuto,2026-07-08 09:15:25,194600,진입,,,"ORB5 고가 194,200 돌파 (범위 4.2%)",3.24,1.23,0.812,214.2,2.25,1,,,,,,
000660#1147-S20260708104200,000660,SK하이닉스,VWAP눌림,FullAuto,2026-07-08 10:42:00,2254000,차단,매수 가능 수량 0 (투입금/리스크/예수금 확인),,"VWAP 2,242,587 재돌파, 직전봉 고가 2,244,000 돌파",4.01,0.51,0.686,176.3,0.94,1,2259000,2229000,2211000,2234000,2280000,2191000
000660#1147-S20260708104700,000660,SK하이닉스,VWAP눌림,FullAuto,2026-07-08 10:47:00,2259000,차단,매수 가능 수량 0 (투입금/리스크/예수금 확인),,"VWAP 2,242,826 재돌파, 직전봉 고가 2,257,000 돌파",4.25,0.72,0.707,178.0,0.63,1,2270000,2217000,2210000,2238000,2280000,2191000
058730#1148-S20260708111800,058730,다스코,VWAP눌림,FullAuto,2026-07-08 11:18:00,4195,진입,,,"VWAP 4,177 재돌파, 직전봉 고가 4,175 돌파",4.88,0.42,0.66,180.1,0.24,1,,,,,,
024060#1149-S20260708113200,024060,흥구석유,VWAP눌림,FullAuto,2026-07-08 11:32:00,9760,진입,,,"VWAP 9,706 재돌파, 직전봉 고가 9,760 돌파",7.25,0.56,0.555,129.4,1.05,1,,,,,,
058730#1148-S20260708115800,058730,다스코,VWAP눌림,FullAuto,2026-07-08 11:58:00,4240,진입,,,"VWAP 4,212 재돌파, 직전봉 고가 4,220 돌파",6.00,0.66,0.711,165.6,0.59,1,,,,,,
058730#1148-S20260708124400,058730,다스코,VWAP눌림,FullAuto,2026-07-08 12:44:00,4215,진입,,,"VWAP 4,208 재돌파, 직전봉 고가 4,205 돌파",5.38,0.18,0.678,181.4,3.94,1,,,,,,
024060#1149-S20260708125900,024060,흥구석유,VWAP눌림,FullAuto,2026-07-08 12:59:00,9820,진입,,,"VWAP 9,677 재돌파, 직전봉 고가 9,470 돌파",7.91,1.48,0.605,168.4,8.78,1,,,,,,
037710#1150-S20260708132400,037710,광주신세계,VWAP눌림,FullAuto,2026-07-08 13:24:00,45250,진입,,,"VWAP 45,063 재돌파, 직전봉 고가 45,050 돌파",0.56,0.41,0.565,183.8,0.64,1,,,,,,
024060#1149-S20260708141800,024060,흥구석유,VWAP눌림,FullAuto,2026-07-08 14:18:00,10580,진입,,,"VWAP 10,448 재돌파, 직전봉 고가 10,550 돌파",16.26,1.26,0.658,146.4,0.70,1,,,,,,
037710#1150-S20260708142400,037710,광주신세계,VWAP눌림,FullAuto,2026-07-08 14:24:00,45200,진입,,,"VWAP 45,006 재돌파, 직전봉 고가 45,000 돌파",0.44,0.43,0.556,206.9,1.59,1,,,,,,
037710#1150-S20260708144400,037710,광주신세계,VWAP눌림,FullAuto,2026-07-08 14:44:00,45150,시간외,진입 가능 시간 09:05~14:30 밖,,"VWAP 45,001 재돌파, 직전봉 고가 45,000 돌파",0.33,0.33,0.546,214.7,1.84,1,45300,45600,45650,,46050,45000
010950#1151-S20260708150000,010950,S-Oil,종가베팅,FullAuto,2026-07-08 15:00:00,132700,진입,,,"종가베팅: 등락 +5.6%, 고저범위 81% 위치, VWAP 131,507 위",5.57,0.91,0.811,417.8,1.35,1,,,,,,
439090#1152-S20260708150917,439090,마녀공장,종가베팅,FullAuto,2026-07-08 15:09:17,17610,진입,,,"종가베팅: 등락 +5.6%, 고저범위 76% 위치, VWAP 16,902 위",5.64,4.19,0.756,170.3,3.02,1,,,,,,
002990#1155-S20260709090725,002990,금호건설,ORB,FullAuto,2026-07-09 09:07:25,16770,진입,,,"ORB5 고가 16,700 돌파 (범위 7.7%)",19.79,3.71,1,181.6,1.76,1,,,,,,
402340#1153-S20260709090907,402340,SK스퀘어,ORB,FullAuto,2026-07-09 09:09:07,1368000,차단,매수 가능 수량 0 (투입금/리스크/예수금 확인),,"ORB5 고가 1,367,500 돌파 (범위 3.6%)",14.67,1.30,1,164.8,0.42,1,1358000,1378000,1371000,1351000,1385000,1331000
402340#1153-S20260709091500,402340,SK스퀘어,ORB,FullAuto,2026-07-09 09:15:00,1368000,차단,매수 가능 수량 0 (투입금/리스크/예수금 확인),,"ORB5 고가 1,367,500 돌파 (범위 3.6%)",14.67,1.15,0.980,171.8,0.62,1,1373000,1366000,1360000,1355000,1385000,1331000
002990#1155-S20260709091602,002990,금호건설,ORB,FullAuto,2026-07-09 09:16:02,16720,진입,,,"ORB5 고가 16,700 돌파 (범위 7.7%)",19.43,1.45,0.678,158.2,0.59,1,,,,,,
402340#1153-S20260709091625,402340,SK스퀘어,ORB,FullAuto,2026-07-09 09:16:25,1368000,차단,매수 가능 수량 0 (투입금/리스크/예수금 확인),,"ORB5 고가 1,367,500 돌파 (범위 3.6%)",14.67,1.11,0.980,176.8,1.56,1,1385000,1374000,1370000,1359000,1385000,1331000
402340#1153-S20260709091725,402340,SK스퀘어,ORB,FullAuto,2026-07-09 09:17:25,1369000,차단,매수 가능 수량 0 (투입금/리스크/예수금 확인),,"ORB5 고가 1,367,500 돌파 (범위 3.6%)",14.75,1.14,0.98,180.6,1.84,1,1382000,1360000,1360000,1360000,1385000,1331000
036930#1154-S20260709092427,036930,주성엔지니어링,ORB,FullAuto,2026-07-09 09:24:27,167800,진입,,,"ORB5 고가 167,600 돌파 (범위 3.4%)",4.88,1.95,1,156.8,2.58,1,,,,,,
402340#1153-S20260709093022,402340,SK스퀘어,ORB,FullAuto,2026-07-09 09:30:22,1369000,차단,매수 가능 수량 0 (투입금/리스크/예수금 확인),,"ORB5 고가 1,367,500 돌파 (범위 3.6%)",14.75,0.73,0.754,195.2,1.54,1,1367000,1363000,1332000,1349000,1375000,1331000
402340#1153-S20260709093325,402340,SK스퀘어,ORB,FullAuto,2026-07-09 09:33:25,1369000,차단,매수 가능 수량 0 (투입금/리스크/예수금 확인),,"ORB5 고가 1,367,500 돌파 (범위 3.6%)",14.75,0.70,0.754,194.6,1.24,1,1367000,1367000,1336000,1343000,1375000,1331000
402340#1153-S20260709094627,402340,SK스퀘어,ORB,FullAuto,2026-07-09 09:46:27,1368000,차단,매수 가능 수량 0 (투입금/리스크/예수금 확인),,"ORB5 고가 1,367,500 돌파 (범위 3.6%)",14.67,0.56,0.738,193.0,1.58,1,1362000,1339000,1359000,1340000,1371000,1330000
002990#1155-S20260709135027,002990,금호건설,ORB,FullAuto,2026-07-09 13:50:27,16730,진입,,,"ORB5 고가 16,700 돌파 (범위 7.7%)",19.50,5.24,0.824,165.0,3.41,1,,,,,,
105560#1158-S20260709150000,105560,KB금융,종가베팅,FullAuto,2026-07-09 15:00:00,175000,진입,,,"종가베팅: 등락 +3.1%, 고저범위 80% 위치, VWAP 172,996 위",3.12,1.16,0.8,348.4,0.84,1,,,,,,
240810#1161-S20260710094327,240810,원익IPS,ORB,FullAuto,2026-07-10 09:43:27,112000,진입,,,"ORB5 고가 111,800 돌파 (범위 3.5%)",6.77,1.88,1,181.4,7.17,1,,,,,,
037710#1164-S20260710120200,037710,광주신세계,VWAP눌림,FullAuto,2026-07-10 12:02:00,45600,진입,,,"VWAP 45,254 재돌파, 직전봉 고가 45,500 돌파",9.09,0.76,0.659,183.1,1.27,1,,,,,,
037710#1164-S20260710123600,037710,광주신세계,VWAP눌림,FullAuto,2026-07-10 12:36:00,45550,진입,,,"VWAP 45,269 재돌파, 직전봉 고가 45,500 돌파",8.97,0.62,0.652,186.9,0.53,1,,,,,,
037710#1164-S20260710124600,037710,광주신세계,VWAP눌림,FullAuto,2026-07-10 12:46:00,45600,진입,,,"VWAP 45,270 재돌파, 직전봉 고가 45,550 돌파",9.09,0.73,0.659,187.4,0.61,1,,,,,,
402340#1167-S20260710144600,402340,SK스퀘어,VWAP눌림,FullAuto,2026-07-10 14:46:00,1408000,시간외,진입 가능 시간 09:05~14:30 밖,,"VWAP 1,402,705 재돌파, 직전봉 고가 1,408,000 돌파",2.55,0.38,0.648,264.2,0.71,1,1410000,1411000,1417000,,1422000,1399000
006400#1168-S20260710150000,006400,삼성SDI,종가베팅,FullAuto,2026-07-10 15:00:00,441000,진입,,,"종가베팅: 등락 +9.4%, 고저범위 96% 위치, VWAP 430,093 위",9.43,2.54,0.959,609.5,1.41,1,,,,,,
086520#1169-S20260710150000,086520,에코프로,종가베팅,FullAuto,2026-07-10 15:00:00,86400,진입,,,"종가베팅: 등락 +9.0%, 고저범위 89% 위치, VWAP 84,551 위",8.95,2.19,0.889,569.3,2.29,1,,,,,,
087010#1170-S20260713090520,087010,펩트론,ORB,FullAuto,2026-07-13 09:05:20,118900,진입,,,"ORB5 고가 118,700 돌파 (범위 8.9%)",6.54,2.89,1,374.2,1.56,1,,,,,,
066570#1171-S20260713090522,066570,LG전자,ORB,FullAuto,2026-07-13 09:05:22,196300,진입,,,"ORB5 고가 196,200 돌파 (범위 6.4%)",7.44,2.39,1,347.9,1.44,1,,,,,,
024060#1172-S20260713091027,024060,흥구석유,ORB,FullAuto,2026-07-13 09:10:27,11950,진입,,,"ORB5 고가 11,920 돌파 (범위 4.6%)",10.24,2.86,1,129.7,1.71,1,,,,,,
087010#1170-S20260713091827,087010,펩트론,ORB,FullAuto,2026-07-13 09:18:27,118900,진입,,,"ORB5 고가 118,700 돌파 (범위 8.9%)",6.54,1.18,0.75,161.0,1.70,1,,,,,,
024060#1172-S20260713091827,024060,흥구석유,ORB,FullAuto,2026-07-13 09:18:27,11990,진입,,,"ORB5 고가 11,920 돌파 (범위 4.6%)",10.61,2.84,1,136.6,3.14,1,,,,,,
161890#1173-S20260713150000,161890,한국콜마,종가베팅,FullAuto,2026-07-13 15:00:00,116800,진입,,,"종가베팅: 등락 +9.6%, 고저범위 88% 위치, VWAP 114,676 위",9.57,1.85,0.882,213.1,0.67,1,,,,,,
024060#1174-S20260714090725,024060,흥구석유,ORB,FullAuto,2026-07-14 09:07:25,13620,진입,,,"ORB5 고가 13,590 돌파 (범위 6.8%)",17.01,2.10,1,131.0,1.49,1,,,,,,
024060#1174-S20260714092410,024060,흥구석유,ORB,FullAuto,2026-07-14 09:24:10,13600,진입,,,"ORB5 고가 13,590 돌파 (범위 6.8%)",16.84,0.40,0.690,134.2,0.40,1,,,,,,
036930#1177-S20260714095130,036930,주성엔지니어링,ORB,FullAuto,2026-07-14 09:51:30,193300,진입,,,"ORB5 고가 193,200 돌파 (범위 5.6%)",5.92,1.98,0.920,156.5,1.78,1,,,,,,
036930#1177-S20260714100907,036930,주성엔지니어링,ORB,FullAuto,2026-07-14 10:09:07,193300,진입,,,"ORB5 고가 193,200 돌파 (범위 5.6%)",5.92,1.54,0.769,172.0,0.50,1,,,,,,
003680#1179-S20260714113300,003680,한성기업,VWAP눌림,FullAuto,2026-07-14 11:33:00,11090,진입,,,"VWAP 11,074 재돌파, 직전봉 고가 10,930 돌파",19.25,0.14,0.637,176.9,2.78,1,,,,,,
003680#1179-S20260714121600,003680,한성기업,VWAP눌림,FullAuto,2026-07-14 12:16:00,11130,진입,,,"VWAP 11,067 재돌파, 직전봉 고가 11,040 돌파",19.68,0.57,0.653,185.6,4.65,1,,,,,,
003680#1179-S20260714124100,003680,한성기업,VWAP눌림,FullAuto,2026-07-14 12:41:00,11090,진입,,,"VWAP 11,074 재돌파, 직전봉 고가 11,080 돌파",19.25,0.15,0.637,199.5,0.86,1,,,,,,
006660#1180-S20260714132400,006660,삼성공조,VWAP눌림,FullAuto,2026-07-14 13:24:00,11660,진입,,,"VWAP 11,621 재돌파, 직전봉 고가 11,590 돌파",15.67,0.33,0.637,145.1,1.12,1,,,,,,
089970#1182-S20260714150000,089970,브이엠,종가베팅,FullAuto,2026-07-14 15:00:00,111600,진입,,,"종가베팅: 등락 +13.1%, 고저범위 99% 위치, VWAP 103,351 위",13.07,7.98,0.988,286.1,0.69,1,,,,,,
376900#1183-S20260714150022,376900,로킷헬스케어,종가베팅,FullAuto,2026-07-14 15:00:22,44900,진입,,,"종가베팅: 등락 +6.4%, 고저범위 75% 위치, VWAP 43,308 위",6.40,3.68,0.75,262.3,0.55,1,,,,,,
403870#1185-S20260715091530,403870,HPSP,ORB,FullAuto,2026-07-15 09:15:30,44450,진입,,,"ORB5 고가 44,400 돌파 (범위 2.4%)",5.83,1.74,1,294.7,2.29,1,,,,,,
036930#1184-S20260715092327,036930,주성엔지니어링,ORB,FullAuto,2026-07-15 09:23:27,206500,진입,,,"ORB5 고가 205,500 돌파 (범위 3.4%)",7.22,2.45,1,358.6,5.08,1,,,,,,
036930#1184-S20260715095925,036930,주성엔지니어링,ORB,FullAuto,2026-07-15 09:59:25,206000,진입,,,"ORB5 고가 205,500 돌파 (범위 3.4%)",6.96,2.10,0.865,370.3,6.64,1,,,,,,
036930#1184-S20260715102422,036930,주성엔지니어링,ORB,FullAuto,2026-07-15 10:24:22,206500,진입,,,"ORB5 고가 205,500 돌파 (범위 3.4%)",7.22,2.02,0.871,348.1,23.73,1,,,,,,
402340#1188-S20260715135700,402340,SK스퀘어,VWAP눌림,FullAuto,2026-07-15 13:57:00,1395000,진입,,,"VWAP 1,391,528 재돌파, 직전봉 고가 1,393,000 돌파",15.00,0.25,0.669,250.1,1.93,1,,,,,,
240810#1187-S20260715141000,240810,원익IPS,VWAP눌림,FullAuto,2026-07-15 14:10:00,140000,진입,,,"VWAP 138,885 재돌파, 직전봉 고가 139,900 돌파",10.15,0.80,0.711,224.1,0.50,1,,,,,,
402340#1188-S20260715141100,402340,SK스퀘어,VWAP눌림,FullAuto,2026-07-15 14:11:00,1392000,차단,매수 가능 수량 0 (투입금/리스크/예수금 확인),,"VWAP 1,391,424 재돌파, 직전봉 고가 1,388,000 돌파",14.76,0.04,0.647,246.4,0.61,1,1376000,1362000,1377000,1399000,1409000,1354000
240810#1187-S20260715143700,240810,원익IPS,VWAP눌림,FullAuto,2026-07-15 14:37:00,139200,시간외,진입 가능 시간 09:05~14:30 밖,,"VWAP 138,824 재돌파, 직전봉 고가 138,900 돌파",9.52,0.27,0.663,222.0,1.03,1,139400,141700,141900,,143500,138900
240810#1187-S20260715144400,240810,원익IPS,VWAP눌림,FullAuto,2026-07-15 14:44:00,139700,시간외,진입 가능 시간 09:05~14:30 밖,,"VWAP 138,833 재돌파, 직전봉 고가 139,500 돌파",9.91,0.62,0.693,223.2,0.43,1,141700,142100,142800,,143500,139300
240810#1189-S20260715150000,240810,원익IPS,종가베팅,FullAuto,2026-07-15 15:00:00,142100,진입,,,"종가베팅: 등락 +11.8%, 고저범위 84% 위치, VWAP 138,920 위",11.80,2.29,0.837,228.4,0.34,1,,,,,,
298040#1190-S20260715150000,298040,효성중공업,종가베팅,FullAuto,2026-07-15 15:00:00,2869000,차단,매수 가능 수량 0 (투입금/리스크/예수금 확인),,"종가베팅: 등락 +5.3%, 고저범위 99% 위치, VWAP 2,808,251 위",5.32,2.16,0.992,451.0,0.88,1,2867000,2868000,,,2880000,2849000
047920#1198-S20260716101200,047920,HLB제약,VWAP눌림,FullAuto,2026-07-16 10:12:00,9197,진입,,,"VWAP 9,010 재돌파, 직전봉 고가 9,095 돌파",16.33,2.08,0.584,146.2,2.84,2,,,,,,
047920#1198-S20260716103200,047920,HLB제약,VWAP눌림,FullAuto,2026-07-16 10:32:00,9068,진입,,,"VWAP 9,055 재돌파, 직전봉 고가 9,031 돌파",14.70,0.14,0.478,143.1,0.29,2,,,,,,
047920#1198-S20260716104500,047920,HLB제약,VWAP눌림,FullAuto,2026-07-16 10:45:00,9197,진입,,,"VWAP 9,054 재돌파, 직전봉 고가 9,104 돌파",16.33,1.58,0.584,141.3,3.56,2,,,,,,
439090#1202-S20260716133700,439090,마녀공장,VWAP눌림,FullAuto,2026-07-16 13:37:00,17560,진입,,,"VWAP 17,410 재돌파, 직전봉 고가 17,490 돌파",5.66,0.86,0.683,311.6,0.24,1,,,,,,
439090#1202-S20260716135300,439090,마녀공장,VWAP눌림,FullAuto,2026-07-16 13:53:00,17430,진입,,,"VWAP 17,410 재돌파, 직전봉 고가 17,390 돌파",4.87,0.11,0.579,189.4,0.29,1,,,,,,
476060#1203-S20260716150000,476060,온코닉테라퓨틱스,종가베팅,FullAuto,2026-07-16 15:00:00,14550,진입,,,"종가베팅: 등락 +5.7%, 고저범위 81% 위치, VWAP 13,952 위",5.66,4.29,0.812,136.2,0.25,1,,,,,,
440110#1210-S20260720102800,440110,파두,VWAP눌림,FullAuto,2026-07-20 10:28:00,74400,진입,,,"VWAP 73,851 재돌파, 직전봉 고가 73,900 돌파",5.68,0.74,0.534,135.4,1.10,1,,,,,,
049080#1211-S20260720103100,049080,기가레인,VWAP눌림,FullAuto,2026-07-20 10:31:00,12660,진입,,,"VWAP 12,644 재돌파, 직전봉 고가 12,610 돌파",12.13,0.13,0.587,137.6,1.04,1,,,,,,
024060#1207-S20260720103430,024060,흥구석유,ORB,FullAuto,2026-07-20 10:34:30,13750,진입,,,"ORB5 고가 13,740 돌파 (범위 4.2%)",14.49,3.97,1,164.2,8.59,1,,,,,,
024060#1207-S20260720104427,024060,흥구석유,ORB,FullAuto,2026-07-20 10:44:27,13770,진입,,,"ORB5 고가 13,740 돌파 (범위 4.2%)",14.65,3.71,1,162.3,3.56,1,,,,,,
440110#1210-S20260720111000,440110,파두,VWAP눌림,FullAuto,2026-07-20 11:10:00,73900,진입,,,"VWAP 73,651 재돌파, 직전봉 고가 73,700 돌파",4.97,0.34,0.491,159.0,0.78,1,,,,,,
049080#1211-S20260720130300,049080,기가레인,VWAP눌림,FullAuto,2026-07-20 13:03:00,13360,진입,,,"VWAP 13,132 재돌파, 직전봉 고가 13,150 돌파",18.33,1.73,0.671,154.8,0.47,1,,,,,,
440110#1210-S20260720133400,440110,파두,VWAP눌림,FullAuto,2026-07-20 13:34:00,73550,차단,리스크 관리로 진입 차단: 5연속 손실 쿨다운 ~13:42,,"VWAP 73,486 재돌파, 직전봉 고가 73,000 돌파",4.47,0.09,0.461,191.0,2.33,2,73600,73900,72700,72500,74200,72000
440110#1210-S20260720134100,440110,파두,VWAP눌림,FullAuto,2026-07-20 13:41:00,74200,차단,리스크 관리로 진입 차단: 5연속 손실 쿨다운 ~13:42,,"VWAP 73,491 재돌파, 직전봉 고가 73,700 돌파",5.40,0.97,0.517,193.8,2.76,1,73900,73600,72400,72100,74200,72000
440110#1210-S20260720134900,440110,파두,VWAP눌림,FullAuto,2026-07-20 13:49:00,73900,진입,,,"VWAP 73,497 재돌파, 직전봉 고가 73,800 돌파",4.97,0.55,0.491,195.1,0.34,1,,,,,,
049080#1211-S20260720135300,049080,기가레인,VWAP눌림,FullAuto,2026-07-20 13:53:00,13240,진입,,,"VWAP 13,139 재돌파, 직전봉 고가 13,000 돌파",17.27,0.77,0.633,155.4,3.99,1,,,,,,
440110#1212-S20260721091005,440110,파두,ORB,FullAuto,2026-07-21 09:10:05,73700,진입,,,"ORB5 고가 73,600 돌파 (범위 4.2%)",2.93,0.40,0.608,128.3,0.48,1,,,,,,
440110#1212-S20260721092710,440110,파두,ORB,FullAuto,2026-07-21 09:27:10,73900,진입,,,"ORB5 고가 73,600 돌파 (범위 4.2%)",3.21,0.18,0.647,167.7,1.01,1,,,,,,
440110#1212-S20260721093705,440110,파두,ORB,FullAuto,2026-07-21 09:37:05,73700,진입,,,"ORB5 고가 73,600 돌파 (범위 4.2%)",2.93,0.01,0.608,171.1,0.68,1,,,,,,
006340#1220-S20260721150000,006340,대원전선,종가베팅,FullAuto,2026-07-21 15:00:00,11880,진입,,,"종가베팅: 등락 +8.6%, 고저범위 82% 위치, VWAP 11,749 위",8.59,1.11,0.815,197.6,0.48,1,,,,,,
440110#1217-S20260721150000,440110,파두,종가베팅,FullAuto,2026-07-21 15:00:00,77900,진입,,,"종가베팅: 등락 +8.8%, 고저범위 96% 위치, VWAP 74,684 위",8.80,4.31,0.961,470.5,1.05,1,,,,,,
240810#1221-S20260722090522,240810,원익IPS,ORB,FullAuto,2026-07-22 09:05:22,127900,진입,,,"ORB5 고가 127,400 돌파 (범위 4.9%)",10.16,2.49,1,282.2,2.34,1,,,,,,
000660#1222-S20260722091227,000660,SK하이닉스,ORB,FullAuto,2026-07-22 09:12:27,1997000,차단,매수 가능 수량 0 (투입금/리스크/예수금 확인),,"ORB5 고가 1,994,000 돌파 (범위 2.1%)",6.68,0.88,0.957,185.7,3.79,1,2001000,1990000,1985000,1991000,2006000,1964000
000660#1222-S20260722093215,000660,SK하이닉스,ORB,FullAuto,2026-07-22 09:32:15,1995000,차단,매수 가능 수량 0 (투입금/리스크/예수금 확인),,"ORB5 고가 1,994,000 돌파 (범위 2.1%)",6.57,0.49,0.792,189.3,1.88,1,1985000,1983000,1978000,1994000,2005000,1964000
006340#1223-S20260722094425,006340,대원전선,ORB,FullAuto,2026-07-22 09:44:25,12890,진입,,,"ORB5 고가 12,880 돌파 (범위 6.0%)",8.87,2.44,1,173.3,3.95,1,,,,,,
006340#1223-S20260722101430,006340,대원전선,ORB,FullAuto,2026-07-22 10:14:30,12900,진입,,,"ORB5 고가 12,880 돌파 (범위 6.0%)",8.95,2.19,0.893,180.3,4.37,1,,,,,,
006340#1223-S20260722105725,006340,대원전선,ORB,FullAuto,2026-07-22 10:57:25,12890,진입,,,"ORB5 고가 12,880 돌파 (범위 6.0%)",8.87,1.73,0.822,186.3,5.90,1,,,,,,
475150#1229-S20260723090522,475150,SK이터닉스,ORB,FullAuto,2026-07-23 09:05:22,68100,진입,,,"ORB5 고가 67,700 돌파 (범위 6.6%)",9.84,3.51,1,200.0,1.38,1,,,,,,
006340#1228-S20260723094315,006340,대원전선,ORB,FullAuto,2026-07-23 09:43:15,13350,진입,,,"ORB5 고가 13,330 돌파 (범위 6.2%)",9.79,2.89,1,157.7,5.59,1,,,,,,
006340#1228-S20260723095327,006340,대원전선,ORB,FullAuto,2026-07-23 09:53:27,13360,진입,,,"ORB5 고가 13,330 돌파 (범위 6.2%)",9.87,2.68,1,165.2,4.62,1,,,,,,
006340#1228-S20260723100430,006340,대원전선,ORB,FullAuto,2026-07-23 10:04:30,13370,진입,,,"ORB5 고가 13,330 돌파 (범위 6.2%)",9.95,2.54,0.965,161.9,3.84,1,,,,,,
322000#1232-S20260723110400,322000,HD현대에너지솔루션,VWAP눌림,FullAuto,2026-07-23 11:04:00,147600,진입,,,"VWAP 146,938 재돌파, 직전봉 고가 147,200 돌파",11.65,0.45,0.777,204.1,1.40,1,,,,,,
322000#1232-S20260723114200,322000,HD현대에너지솔루션,VWAP눌림,FullAuto,2026-07-23 11:42:00,148300,진입,,,"VWAP 147,229 재돌파, 직전봉 고가 148,100 돌파",12.18,0.73,0.815,214.3,0.44,1,,,,,,
322000#1232-S20260723120700,322000,HD현대에너지솔루션,VWAP눌림,FullAuto,2026-07-23 12:07:00,148400,진입,,,"VWAP 147,291 재돌파, 직전봉 고가 148,000 돌파",12.25,0.75,0.821,219.0,0.60,1,,,,,,
096770#1233-S20260723132200,096770,SK이노베이션,VWAP눌림,FullAuto,2026-07-23 13:22:00,126900,진입,,,"VWAP 126,087 재돌파, 직전봉 고가 126,800 돌파",5.49,0.64,0.760,452.7,1.50,1,,,,,,
006340#1235-S20260723150000,006340,대원전선,종가베팅,FullAuto,2026-07-23 15:00:00,14070,진입,,,"종가베팅: 등락 +15.7%, 고저범위 96% 위치, VWAP 13,336 위",15.71,5.50,0.956,214.9,0.76,1,,,,,,
329180#1236-S20260723150000,329180,HD현대중공업,종가베팅,FullAuto,2026-07-23 15:00:00,498000,차단,매수 가능 수량 0 (투입금/리스크/예수금 확인),,"종가베팅: 등락 +7.8%, 고저범위 97% 위치, VWAP 486,175 위",7.79,2.43,0.971,425.3,0.56,1,499500,498500,,,502000,497000
006400#1237-S20260723150400,006400,삼성SDI,종가베팅,FullAuto,2026-07-23 15:04:00,463000,진입,,,"종가베팅: 등락 +10.8%, 고저범위 99% 위치, VWAP 442,130 위",10.77,4.72,0.989,524.1,0.11,1,,,,,,
460930#1240-S20260724090527,460930,현대힘스,ORB,FullAuto,2026-07-24 09:05:27,14910,진입,,,"ORB5 고가 14,900 돌파 (범위 3.3%)",7.97,1.31,1,233.3,2.83,1,,,,,,
460930#1240-S20260724093922,460930,현대힘스,ORB,FullAuto,2026-07-24 09:39:22,14940,진입,,,"ORB5 고가 14,900 돌파 (범위 3.3%)",8.18,3.12,1,162.3,6.19,1,,,,,,
119850#1244-S20260724103500,119850,지엔씨에너지,VWAP눌림,FullAuto,2026-07-24 10:35:00,49200,진입,,,"VWAP 48,950 재돌파, 직전봉 고가 49,100 돌파",8.01,0.51,0.603,205.8,0.69,1,,,,,,
119850#1244-S20260724104800,119850,지엔씨에너지,VWAP눌림,FullAuto,2026-07-24 10:48:00,49000,진입,,,"VWAP 48,954 재돌파, 직전봉 고가 48,900 돌파",7.57,0.09,0.574,211.6,0.69,1,,,,,,
119850#1244-S20260724110100,119850,지엔씨에너지,VWAP눌림,FullAuto,2026-07-24 11:01:00,48950,진입,,,"VWAP 48,950 재돌파, 직전봉 고가 48,750 돌파",7.46,0.00,0.566,205.1,1.23,1,,,,,,
460930#1249-S20260724150000,460930,현대힘스,종가베팅,FullAuto,2026-07-24 15:00:00,16110,진입,,,"종가베팅: 등락 +16.7%, 고저범위 78% 위치, VWAP 15,763 위",16.65,2.20,0.779,170.5,0.39,1,,,,,,
138040#1250-S20260724150000,138040,메리츠금융지주,종가베팅,FullAuto,2026-07-24 15:00:00,122600,진입,,,"종가베팅: 등락 +5.1%, 고저범위 95% 위치, VWAP 121,306 위",5.15,1.07,0.951,487.9,1.13,1,,,,,,
108860#1253-S20260727090730,108860,셀바스AI,ORB,FullAuto,2026-07-27 09:07:30,8510,진입,,,"ORB5 고가 8,480 돌파 (범위 7.6%)",23.15,3.12,1,258.8,2.18,1,,,,,,
036930#1252-S20260727091730,036930,주성엔지니어링,ORB,FullAuto,2026-07-27 09:17:30,151300,진입,,,"ORB5 고가 150,800 돌파 (범위 4.0%)",7.30,2.76,1,185.6,6.62,1,,,,,,
036930#1252-S20260727092630,036930,주성엔지니어링,ORB,FullAuto,2026-07-27 09:26:30,150900,진입,,,"ORB5 고가 150,800 돌파 (범위 4.0%)",7.02,2.16,0.949,178.1,2.06,1,,,,,,
036930#1252-S20260727094822,036930,주성엔지니어링,ORB,FullAuto,2026-07-27 09:48:22,150900,차단,리스크 관리로 진입 차단: 4연속 손실 쿨다운 ~10:07,,"ORB5 고가 150,800 돌파 (범위 4.0%)",7.02,1.58,0.804,179.8,3.00,1,151400,149000,143800,144900,153000,143000
240810#1254-S20260727103300,240810,원익IPS,VWAP눌림,FullAuto,2026-07-27 10:33:00,102700,진입,,,"VWAP 102,403 재돌파, 직전봉 고가 102,500 돌파",2.19,0.29,0.6,208.4,1.91,1,,,,,,
240810#1254-S20260727110000,240810,원익IPS,VWAP눌림,FullAuto,2026-07-27 11:00:00,102700,진입,,,"VWAP 102,415 재돌파, 직전봉 고가 101,800 돌파",2.19,0.28,0.6,212.5,1.33,1,,,,,,
240810#1254-S20260727114300,240810,원익IPS,VWAP눌림,FullAuto,2026-07-27 11:43:00,102400,진입,,,"VWAP 102,377 재돌파, 직전봉 고가 102,300 돌파",1.89,0.02,0.56,226.4,0.61,1,,,,,,
207940#1255-S20260727121700,207940,삼성바이오로직스,VWAP눌림,FullAuto,2026-07-27 12:17:00,1545000,차단,매수 가능 수량 0 (투입금/리스크/예수금 확인),,"VWAP 1,546,689 재돌파, 직전봉 고가 1,547,000 돌파",3.07,-0.11,0.663,309.5,0.80,1,1546500,1540000,1550000,1542000,1555000,1535000
036930#1252-S20260727144127,036930,주성엔지니어링,ORB,FullAuto,2026-07-27 14:41:27,150900,시간외,진입 가능 시간 09:05~14:30 밖,,"ORB5 고가 150,800 돌파 (범위 4.0%)",7.02,1.91,0.79,212.3,3.30,1,150400,150700,149700,,151400,148800
036930#1261-S20260727150000,036930,주성엔지니어링,종가베팅,FullAuto,2026-07-27 15:00:00,151000,진입,,,"종가베팅: 등락 +7.1%, 고저범위 80% 위치, VWAP 148,176 위",7.09,1.91,0.8,216.7,0.71,1,,,,,,
240810#1258-S20260727150000,240810,원익IPS,종가베팅,FullAuto,2026-07-27 15:00:00,105000,진입,,,"종가베팅: 등락 +4.5%, 고저범위 89% 위치, VWAP 102,802 위",4.48,2.14,0.895,328.9,0.90,1,,,,,,
333430#1268-S20260728124600,333430,일승,VWAP눌림,FullAuto,2026-07-28 12:46:00,4360,진입,,,"VWAP 4,299 재돌파, 직전봉 고가 4,195 돌파",16.27,1.41,0.685,191.3,5.52,1,,,,,,
199430#1269-S20260728131700,199430,케이엔알시스템,VWAP눌림,FullAuto,2026-07-28 13:17:00,17000,진입,,,"VWAP 17,039 재돌파, 직전봉 고가 16,940 돌파",19.13,-0.23,0.563,160.9,2.65,1,,,,,,
333430#1268-S20260728133000,333430,일승,VWAP눌림,FullAuto,2026-07-28 13:30:00,4330,진입,,,"VWAP 4,311 재돌파, 직전봉 고가 4,245 돌파",15.47,0.44,0.655,189.4,4.30,1,,,,,,
402340#1272-S20260729090720,402340,SK스퀘어,ORB,FullAuto,2026-07-29 09:07:20,937000,차단,매수 가능 수량 0 (투입금/리스크/예수금 확인),,"ORB5 고가 936,000 돌파 (범위 4.3%)",4.00,1.24,0.889,168.8,1.46,1,958000,956000,931000,927000,967000,913000
003230#1275-S20260729110800,003230,삼양식품,VWAP눌림,FullAuto,2026-07-29 11:08:00,1280000,차단,매수 가능 수량 0 (투입금/리스크/예수금 확인),,"VWAP 1,273,986 재돌파, 직전봉 고가 1,275,000 돌파",8.11,0.47,0.736,225.8,0.93,1,1278000,1276000,1267000,1240000,1284000,1232000
003230#1275-S20260729111300,003230,삼양식품,VWAP눌림,FullAuto,2026-07-29 11:13:00,1278000,차단,매수 가능 수량 0 (투입금/리스크/예수금 확인),,"VWAP 1,274,023 재돌파, 직전봉 고가 1,277,000 돌파",7.94,0.31,0.723,219.9,0.94,1,1277000,1273000,1269000,1244000,1284000,1232000
003230#1275-S20260729112300,003230,삼양식품,VWAP눌림,FullAuto,2026-07-29 11:23:00,1276000,진입,,,"VWAP 1,274,058 재돌파, 직전봉 고가 1,275,000 돌파",7.77,0.15,0.711,218.0,0.96,1,,,,,,
058610#1277-S20260729150000,058610,에스피지,종가베팅,FullAuto,2026-07-29 15:00:00,79400,진입,,,"종가베팅: 등락 +18.7%, 고저범위 78% 위치, VWAP 76,788 위",18.68,3.40,0.781,289.3,1.14,1,,,,,,
475150#1278-S20260730091030,475150,SK이터닉스,ORB,FullAuto,2026-07-30 09:10:30,47000,진입,,,"ORB5 고가 46,800 돌파 (범위 8.1%)",8.17,3.43,1,264.3,1.47,1,,,,,,
475150#1278-S20260730092115,475150,SK이터닉스,ORB,FullAuto,2026-07-30 09:21:15,46850,진입,,,"ORB5 고가 46,800 돌파 (범위 8.1%)",7.83,0.36,0.623,186.5,1.76,1,,,,,,
009540#1283-S20260730134600,009540,HD한국조선해양,VWAP눌림,FullAuto,2026-07-30 13:46:00,367500,진입,,,"VWAP 365,042 재돌파, 직전봉 고가 367,000 돌파",8.25,0.67,0.791,351.7,0.89,1,,,,,,
009540#1283-S20260730140500,009540,HD한국조선해양,VWAP눌림,FullAuto,2026-07-30 14:05:00,367500,진입,,,"VWAP 365,207 재돌파, 직전봉 고가 367,000 돌파",8.25,0.63,0.791,350.6,0.81,1,,,,,,
475150#1286-S20260731090627,475150,SK이터닉스,ORB,FullAuto,2026-07-31 09:06:27,48050,진입,,,"ORB5 고가 47,950 돌파 (범위 7.4%)",14.95,3.68,1,220.3,1.56,1,,,,,,
036930#1285-S20260731091227,036930,주성엔지니어링,ORB,FullAuto,2026-07-31 09:12:27,121600,진입,,,"ORB5 고가 121,400 돌파 (범위 6.1%)",23.70,3.41,0.951,169.8,1.86,1,,,,,,
475150#1286-S20260731091322,475150,SK이터닉스,ORB,FullAuto,2026-07-31 09:13:22,48000,진입,,,"ORB5 고가 47,950 돌파 (범위 7.4%)",14.83,3.64,0.933,204.1,4.89,1,,,,,,
475150#1286-S20260731092105,475150,SK이터닉스,ORB,FullAuto,2026-07-31 09:21:05,48000,진입,,,"ORB5 고가 47,950 돌파 (범위 7.4%)",14.83,1.89,0.748,167.1,0.31,1,,,,,,
002990#1289-S20260731093927,002990,금호건설,ORB,FullAuto,2026-07-31 09:39:27,10430,진입,,,"ORB5 고가 10,390 돌파 (범위 8.2%)",9.91,5.48,0.869,139.6,1.91,1,,,,,,
002990#1289-S20260731094627,002990,금호건설,ORB,FullAuto,2026-07-31 09:46:27,10410,진입,,,"ORB5 고가 10,390 돌파 (범위 8.2%)",9.69,4.88,0.858,141.7,1.61,1,,,,,,
002990#1289-S20260731095410,002990,금호건설,ORB,FullAuto,2026-07-31 09:54:10,10400,진입,,,"ORB5 고가 10,390 돌파 (범위 8.2%)",9.59,4.07,0.852,140.0,0.72,1,,,,,,
066570#1290-S20260731095922,066570,LG전자,ORB,FullAuto,2026-07-31 09:59:22,159000,차단,리스크 관리로 진입 차단: 4연속 손실 쿨다운 ~10:25,,"ORB5 고가 158,900 돌파 (범위 3.1%)",7.00,1.85,0.970,276.9,3.82,1,161100,159900,157600,156200,162400,155200
267260#1291-S20260731105300,267260,HD현대일렉트릭,VWAP눌림,FullAuto,2026-07-31 10:53:00,676000,진입,,,"VWAP 673,884 재돌파, 직전봉 고가 674,000 돌파",15.75,0.31,0.656,292.0,1.76,1,,,,,,
267260#1291-S20260731112900,267260,HD현대일렉트릭,VWAP눌림,FullAuto,2026-07-31 11:29:00,674000,차단,리스크 관리로 진입 차단: 5연속 손실 쿨다운 ~11:34,,"VWAP 673,671 재돌파, 직전봉 고가 673,000 돌파",15.41,0.05,0.625,299.9,0.53,1,676000,672000,671000,667000,676000,660000
267260#1291-S20260731113400,267260,HD현대일렉트릭,VWAP눌림,FullAuto,2026-07-31 11:34:00,676000,차단,리스크 관리로 진입 차단: 5연속 손실 쿨다운 ~11:34,,"VWAP 673,674 재돌파, 직전봉 고가 675,000 돌파",15.75,0.35,0.656,299.9,0.70,1,670000,673000,667000,666000,676000,660000
036930#1285-S20260731130422,036930,주성엔지니어링,ORB,FullAuto,2026-07-31 13:04:22,121600,진입,,,"ORB5 고가 121,400 돌파 (범위 6.1%)",23.70,0.12,0.611,185.0,10.23,1,,,,,,
267260#1291-S20260731132600,267260,HD현대일렉트릭,VWAP눌림,FullAuto,2026-07-31 13:26:00,672000,진입,,,"VWAP 672,713 재돌파, 직전봉 고가 671,000 돌파",15.07,-0.11,0.594,312.2,0.80,1,,,,,,
267260#1291-S20260731141700,267260,HD현대일렉트릭,VWAP눌림,FullAuto,2026-07-31 14:17:00,679000,진입,,,"VWAP 673,088 재돌파, 직전봉 고가 677,000 돌파",16.27,0.88,0.703,325.3,0.39,1,,,,,,
066570#1290-S20260731142625,066570,LG전자,ORB,FullAuto,2026-07-31 14:26:25,159000,진입,,,"ORB5 고가 158,900 돌파 (범위 3.1%)",7.00,1.22,0.657,275.4,2.15,1,,,,,,
034020#1293-S20260731150000,034020,두산에너빌리티,종가베팅,FullAuto,2026-07-31 15:00:00,67300,진입,,,"종가베팅: 등락 +10.9%, 고저범위 95% 위치, VWAP 65,836 위",10.87,2.22,0.949,1034.7,0.73,1,,,,,,
086520#1292-S20260731150000,086520,에코프로,종가베팅,FullAuto,2026-07-31 15:00:00,79900,진입,,,"종가베팅: 등락 +12.5%, 고저범위 88% 위치, VWAP 78,229 위",12.54,2.14,0.877,1213.5,2.96,1,,,,,,
108860#1297-S20260803094530,108860,셀바스AI,ORB,FullAuto,2026-08-03 09:45:30,9400,진입,,,"ORB5 고가 9,350 돌파 (범위 7.1%)",8.17,4.79,1,328.0,17.05,1,,,,,,
036930#1298-S20260803101400,036930,주성엔지니어링,VWAP눌림,FullAuto,2026-08-03 10:14:00,127500,진입,,,"VWAP 126,020 재돌파, 직전봉 고가 126,800 돌파",2.41,1.17,0.632,184.5,0.92,1,,,,,,
108860#1297-S20260803101430,108860,셀바스AI,ORB,FullAuto,2026-08-03 10:14:30,9360,진입,,,"ORB5 고가 9,350 돌파 (범위 7.1%)",7.71,3.68,0.947,194.5,3.62,1,,,,,,
036930#1298-S20260803102200,036930,주성엔지니어링,VWAP눌림,FullAuto,2026-08-03 10:22:00,127400,차단,리스크 관리로 진입 차단: 5연속 손실 쿨다운 ~10:46,,"VWAP 126,026 재돌파, 직전봉 고가 125,700 돌파",2.33,1.09,0.624,184.7,1.86,1,127600,126800,127300,132500,134400,126000
036930#1298-S20260803103400,036930,주성엔지니어링,VWAP눌림,FullAuto,2026-08-03 10:34:00,126500,차단,리스크 관리로 진입 차단: 5연속 손실 쿨다운 ~10:46,,"VWAP 126,064 재돌파, 직전봉 고가 126,500 돌파",1.61,0.35,0.547,185.6,1.26,1,126400,126700,128800,131100,134400,126000
036930#1298-S20260803104100,036930,주성엔지니어링,VWAP눌림,FullAuto,2026-08-03 10:41:00,127500,차단,리스크 관리로 진입 차단: 5연속 손실 쿨다운 ~10:46,,"VWAP 126,089 재돌파, 직전봉 고가 126,900 돌파",2.41,1.12,0.632,189.5,0.74,1,127100,128500,129400,131100,134400,126500
108860#1297-S20260803104730,108860,셀바스AI,ORB,FullAuto,2026-08-03 10:47:30,9370,진입,,,"ORB5 고가 9,350 돌파 (범위 7.1%)",7.83,3.40,0.96,204.1,7.73,1,,,,,,
058610#1302-S20260803123400,058610,에스피지,VWAP눌림,FullAuto,2026-08-03 12:34:00,108700,진입,,,"VWAP 107,396 재돌파, 직전봉 고가 107,900 돌파",16.76,1.21,0.632,175.6,1.35,1,,,,,,
058610#1302-S20260803130800,058610,에스피지,VWAP눌림,FullAuto,2026-08-03 13:08:00,108300,진입,,,"VWAP 107,441 재돌파, 직전봉 고가 107,700 돌파",16.33,0.80,0.608,207.6,0.85,1,,,,,,
058610#1302-S20260803135500,058610,에스피지,VWAP눌림,FullAuto,2026-08-03 13:55:00,107600,진입,,,"VWAP 107,377 재돌파, 직전봉 고가 106,900 돌파",15.57,0.21,0.567,218.9,1.74,1,,,,,,
036930#1298-S20260803140200,036930,주성엔지니어링,VWAP눌림,FullAuto,2026-08-03 14:02:00,129200,차단,리스크 관리로 진입 차단: 일 손실 한도 1.5% 도달,,"VWAP 127,572 재돌파, 직전봉 고가 127,600 돌파",3.78,1.28,0.636,246.6,2.55,1,128300,128100,128900,128400,129500,127700
036930#1298-S20260803142700,036930,주성엔지니어링,VWAP눌림,FullAuto,2026-08-03 14:27:00,128500,차단,리스크 관리로 진입 차단: 일 손실 한도 1.5% 도달,,"VWAP 127,600 재돌파, 직전봉 고가 128,200 돌파",3.21,0.71,0.587,250.5,1.71,1,128900,128500,128600,128300,129500,127800
006340#1303-S20260804090522,006340,대원전선,ORB,FullAuto,2026-08-04 09:05:22,14870,진입,,,"ORB5 고가 14,820 돌파 (범위 6.2%)",13.42,2.58,1,216.7,2.81,1,,,,,,
017670#1308-S20260804130900,017670,SK텔레콤,VWAP눌림,FullAuto,2026-08-04 13:09:00,90800,진입,,,"VWAP 90,440 재돌파, 직전봉 고가 90,600 돌파",12.38,0.40,0.701,321.5,1.06,1,,,,,,
017670#1308-S20260804132100,017670,SK텔레콤,VWAP눌림,FullAuto,2026-08-04 13:21:00,90700,진입,,,"VWAP 90,440 재돌파, 직전봉 고가 90,700 돌파",12.25,0.29,0.691,320.5,0.79,1,,,,,,
017670#1308-S20260804132800,017670,SK텔레콤,VWAP눌림,FullAuto,2026-08-04 13:28:00,90600,진입,,,"VWAP 90,441 재돌파, 직전봉 고가 90,500 돌파",12.13,0.18,0.680,321.5,1.28,1,,,,,,
298040#1311-S20260804150000,298040,효성중공업,종가베팅,FullAuto,2026-08-04 15:00:00,2675000,차단,매수 가능 수량 0 (투입금/리스크/예수금 확인),,"종가베팅: 등락 +9.2%, 고저범위 87% 위치, VWAP 2,611,654 위",9.18,2.43,0.868,323.8,0.42,1,2668000,2660000,,,2677000,2652000
267260#1310-S20260804150000,267260,HD현대일렉트릭,종가베팅,FullAuto,2026-08-04 15:00:00,713000,차단,매수 가능 수량 0 (투입금/리스크/예수금 확인),,"종가베팅: 등락 +8.2%, 고저범위 98% 위치, VWAP 693,600 위",8.19,2.80,0.977,687.3,0.57,1,713000,715000,,,716000,710000
006340#1312-S20260805090512,006340,대원전선,ORB,FullAuto,2026-08-05 09:05:12,15390,진입,,,"ORB5 고가 15,380 돌파 (범위 7.3%)",11.60,3.19,1,110.7,1.58,1,,,,,,
304100#1314-S20260805090727,304100,솔트룩스,ORB,FullAuto,2026-08-05 09:07:27,19890,진입,,,"ORB5 고가 19,870 돌파 (범위 5.2%)",17.00,2.45,1,173.1,2.51,1,,,,,,
006340#1312-S20260805091320,006340,대원전선,ORB,FullAuto,2026-08-05 09:13:20,15430,진입,,,"ORB5 고가 15,380 돌파 (범위 7.3%)",11.89,1.86,0.852,128.1,3.20,1,,,,,,
439960#1318-S20260805150000,439960,코스모로보틱스,종가베팅,FullAuto,2026-08-05 15:00:00,18890,진입,,,"종가베팅: 등락 +5.1%, 고저범위 89% 위치, VWAP 18,311 위",5.06,3.16,0.888,206.9,2.46,1,,,,,,
036930#1320-S20260805150000,036930,주성엔지니어링,종가베팅,FullAuto,2026-08-05 15:00:00,143900,진입,,,"종가베팅: 등락 +5.8%, 고저범위 80% 위치, VWAP 140,773 위",5.81,2.22,0.802,514.1,0.44,1,,,,,,
476060#1324-S20260806094727,476060,온코닉테라퓨틱스,ORB,FullAuto,2026-08-06 09:47:27,13900,진입,,,"ORB5 고가 13,860 돌파 (범위 3.3%)",8.09,1.67,1,186.0,14.23,1,,,,,,
476060#1324-S20260806095520,476060,온코닉테라퓨틱스,ORB,FullAuto,2026-08-06 09:55:20,13900,진입,,,"ORB5 고가 13,860 돌파 (범위 3.3%)",8.09,1.50,0.923,206.7,19.59,1,,,,,,
476060#1324-S20260806110030,476060,온코닉테라퓨틱스,ORB,FullAuto,2026-08-06 11:00:30,13880,진입,,,"ORB5 고가 13,860 돌파 (범위 3.3%)",7.93,1.29,0.670,170.9,5.10,1,,,,,,
090360#1325-S20260806113800,090360,로보스타,VWAP눌림,FullAuto,2026-08-06 11:38:00,83100,진입,,,"VWAP 82,799 재돌파, 직전봉 고가 83,000 돌파",11.99,0.36,0.380,201.1,0.82,1,,,,,,
090360#1325-S20260806114700,090360,로보스타,VWAP눌림,FullAuto,2026-08-06 11:47:00,83100,진입,,,"VWAP 82,801 재돌파, 직전봉 고가 83,000 돌파",11.99,0.36,0.380,204.1,1.11,1,,,,,,
090360#1325-S20260806120300,090360,로보스타,VWAP눌림,FullAuto,2026-08-06 12:03:00,82900,진입,,,"VWAP 82,799 재돌파, 직전봉 고가 82,700 돌파",11.73,0.12,0.354,206.2,0.99,1,,,,,,
006360#1326-S20260806123700,006360,GS건설,VWAP눌림,FullAuto,2026-08-06 12:37:00,33150,진입,,,"VWAP 32,753 재돌파, 직전봉 고가 33,050 돌파",6.42,1.21,0.790,324.9,0.53,1,,,,,,
006360#1326-S20260806135700,006360,GS건설,VWAP눌림,FullAuto,2026-08-06 13:57:00,33100,진입,,,"VWAP 32,876 재돌파, 직전봉 고가 33,000 돌파",6.26,0.68,0.75,347.2,0.52,1,,,,,,
006360#1326-S20260806140500,006360,GS건설,VWAP눌림,FullAuto,2026-08-06 14:05:00,33100,차단,리스크 관리로 진입 차단: 5연속 손실 쿨다운 ~14:28,,"VWAP 32,878 재돌파, 직전봉 고가 33,050 돌파",6.26,0.68,0.75,348.9,0.87,1,33200,32800,33050,32800,33300,32700
006360#1326-S20260806142200,006360,GS건설,VWAP눌림,FullAuto,2026-08-06 14:22:00,33000,차단,리스크 관리로 진입 차단: 5연속 손실 쿨다운 ~14:28,,"VWAP 32,882 재돌파, 직전봉 고가 32,850 돌파",5.94,0.36,0.719,352.4,0.65,1,33050,33050,33000,32550,33150,32500
006360#1326-S20260806142500,006360,GS건설,VWAP눌림,FullAuto,2026-08-06 14:25:00,33050,차단,리스크 관리로 진입 차단: 5연속 손실 쿨다운 ~14:28,,"VWAP 32,883 재돌파, 직전봉 고가 33,050 돌파",6.10,0.51,0.734,355.4,0.55,1,33050,33000,32800,32550,33150,32500
006360#1326-S20260806143300,006360,GS건설,VWAP눌림,FullAuto,2026-08-06 14:33:00,33150,시간외,진입 가능 시간 09:05~14:30 밖,,"VWAP 32,884 재돌파, 직전봉 고가 33,050 돌파",6.42,0.81,0.766,354.1,1.25,1,33000,33000,32850,,33150,32500
086520#1327-S20260806150017,086520,에코프로,종가베팅,FullAuto,2026-08-06 15:00:17,84900,진입,,,"종가베팅: 등락 +3.7%, 고저범위 85% 위치, VWAP 83,245 위",3.66,1.99,0.855,839.7,0.67,1,,,,,,
214450#1328-S20260806150317,214450,파마리서치,종가베팅,FullAuto,2026-08-06 15:03:17,396500,진입,,,"종가베팅: 등락 +4.2%, 고저범위 81% 위치, VWAP 392,392 위",4.20,1.05,0.814,403.5,1.29,1,,,,,,
322000#1331-S20260807090510,322000,HD현대에너지솔루션,ORB,FullAuto,2026-08-07 09:05:10,148000,진입,,,"ORB5 고가 147,800 돌파 (범위 6.4%)",10.45,2.69,1,137.9,1.19,1,,,,,,
073240#1329-S20260807090530,073240,금호타이어,ORB,FullAuto,2026-08-07 09:05:30,8300,진입,,,"ORB5 고가 8,280 돌파 (범위 7.3%)",4.80,2.20,1,170.9,1.35,1,,,,,,
322000#1331-S20260807091420,322000,HD현대에너지솔루션,ORB,FullAuto,2026-08-07 09:14:20,148200,진입,,,"ORB5 고가 147,800 돌파 (범위 6.4%)",10.60,1.97,0.969,139.2,5.66,1,,,,,,
073240#1329-S20260807091825,073240,금호타이어,ORB,FullAuto,2026-08-07 09:18:25,8300,진입,,,"ORB5 고가 8,280 돌파 (범위 7.3%)",4.80,1.81,0.921,179.9,6.06,1,,,,,,
463020#1332-S20260807103900,463020,뉴엔AI,VWAP눌림,FullAuto,2026-08-07 10:39:00,12950,진입,,,"VWAP 12,727 재돌파, 직전봉 고가 12,930 돌파",14.50,1.76,0.767,151.2,0.56,1,,,,,,
012450#1334-S20260807150000,012450,한화에어로스페이스,종가베팅,FullAuto,2026-08-07 15:00:00,1097000,차단,매수 가능 수량 0 (투입금/리스크/예수금 확인),,"종가베팅: 등락 +5.7%, 고저범위 98% 위치, VWAP 1,075,446 위",5.68,2.00,0.982,927.6,1.09,1,1095000,1093000,,,1100000,1087000
003230#1333-S20260807150000,003230,삼양식품,종가베팅,FullAuto,2026-08-07 15:00:00,1309000,차단,매수 가능 수량 0 (투입금/리스크/예수금 확인),,"종가베팅: 등락 +6.5%, 고저범위 99% 위치, VWAP 1,283,554 위",6.51,1.98,0.989,975.2,0.78,1,1312000,1313000,,,1315000,1300000
096770#1335-S20260807151400,096770,SK이노베이션,종가베팅,FullAuto,2026-08-07 15:14:00,119900,진입,,,"종가베팅: 등락 +10.5%, 고저범위 97% 위치, VWAP 115,017 위",10.51,4.25,0.972,385.1,1.15,1,,,,,,
036930#1337-S20260810090625,036930,주성엔지니어링,ORB,FullAuto,2026-08-10 09:06:25,136200,진입,,,"ORB5 고가 136,000 돌파 (범위 6.4%)",6.57,2.26,1,206.4,1.88,1,,,,,,
017900#1336-S20260810090922,017900,광전자,ORB,FullAuto,2026-08-10 09:09:22,8960,진입,,,"ORB5 고가 8,900 돌파 (범위 9.9%)",14.72,3.71,1,229.6,2.72,1,,,,,,
062040#1339-S20260810094620,062040,산일전기,ORB,FullAuto,2026-08-10 09:46:20,180400,진입,,,"ORB5 고가 180,000 돌파 (범위 6.4%)",13.03,0.06,0.673,159.1,2.80,1,,,,,,
036930#1341-S20260810150000,036930,주성엔지니어링,종가베팅,FullAuto,2026-08-10 15:00:00,144600,진입,,,"종가베팅: 등락 +13.1%, 고저범위 95% 위치, VWAP 141,013 위",13.15,2.54,0.949,261.7,0.97,1,,,,,,
042660#1340-S20260810150000,042660,한화오션,종가베팅,FullAuto,2026-08-10 15:00:00,93900,진입,,,"종가베팅: 등락 +4.4%, 고저범위 95% 위치, VWAP 92,369 위",4.45,1.66,0.949,510.3,1.15,1,,,,,,
241710#1342-S20260811091415,241710,코스메카코리아,ORB,FullAuto,2026-08-11 09:14:15,109500,진입,,,"ORB5 고가 109,400 돌파 (범위 6.8%)",9.61,2.85,1,124.6,2.64,1,,,,,,
241710#1342-S20260811092315,241710,코스메카코리아,ORB,FullAuto,2026-08-11 09:23:15,109500,진입,,,"ORB5 고가 109,400 돌파 (범위 6.8%)",9.61,2.59,0.986,128.0,1.77,1,,,,,,
241710#1342-S20260811093722,241710,코스메카코리아,ORB,FullAuto,2026-08-11 09:37:22,109700,진입,,,"ORB5 고가 109,400 돌파 (범위 6.8%)",9.81,2.18,0.793,140.1,3.51,1,,,,,,
336260#1349-S20260811110400,336260,두산퓨얼셀,VWAP눌림,FullAuto,2026-08-11 11:04:00,36250,진입,,,"VWAP 35,961 재돌파, 직전봉 고가 36,100 돌파",10.35,0.80,0.679,246.8,1.42,1,,,,,,
090460#1348-S20260811111300,090460,비에이치,VWAP눌림,FullAuto,2026-08-11 11:13:00,17630,진입,,,"VWAP 17,421 재돌파, 직전봉 고가 17,560 돌파",13.23,1.20,0.592,146.8,0.96,1,,,,,,
336260#1349-S20260811112600,336260,두산퓨얼셀,VWAP눌림,FullAuto,2026-08-11 11:26:00,36000,진입,,,"VWAP 35,955 재돌파, 직전봉 고가 35,950 돌파",9.59,0.13,0.633,246.6,0.40,1,,,,,,
090460#1348-S20260811112900,090460,비에이치,VWAP눌림,FullAuto,2026-08-11 11:29:00,17520,진입,,,"VWAP 17,423 재돌파, 직전봉 고가 17,470 돌파",12.52,0.56,0.540,148.0,1.44,1,,,,,,
336260#1349-S20260811113800,336260,두산퓨얼셀,VWAP눌림,FullAuto,2026-08-11 11:38:00,35950,차단,리스크 관리로 진입 차단: 4연속 손실 쿨다운 ~11:59,,"VWAP 35,954 재돌파, 직전봉 고가 35,900 돌파",9.44,-0.01,0.624,247.0,0.78,1,35700,35900,36000,35800,36150,35650
090460#1348-S20260811115800,090460,비에이치,VWAP눌림,FullAuto,2026-08-11 11:58:00,17530,차단,리스크 관리로 진입 차단: 0연속 손실 쿨다운 ~11:59,,"VWAP 17,440 재돌파, 직전봉 고가 17,460 돌파",12.59,0.52,0.545,150.0,0.38,1,17420,17430,17570,17450,17850,17300
090460#1348-S20260811121400,090460,비에이치,VWAP눌림,FullAuto,2026-08-11 12:14:00,17700,진입,,,"VWAP 17,440 재돌파, 직전봉 고가 17,440 돌파",13.68,1.49,0.624,152.1,3.58,1,,,,,,
336260#1349-S20260811121900,336260,두산퓨얼셀,VWAP눌림,FullAuto,2026-08-11 12:19:00,36050,진입,,,"VWAP 35,951 재돌파, 직전봉 고가 35,950 돌파",9.74,0.28,0.642,252.0,2.62,1,,,,,,
439090#1350-S20260811123900,439090,마녀공장,VWAP눌림,FullAuto,2026-08-11 12:39:00,18580,진입,,,"VWAP 18,539 재돌파, 직전봉 고가 18,570 돌파",6.54,0.22,0.587,168.7,0.79,1,,,,,,
240810#1351-S20260811124200,240810,원익IPS,VWAP눌림,FullAuto,2026-08-11 12:42:00,102800,진입,,,"VWAP 102,470 재돌파, 직전봉 고가 102,600 돌파",4.47,0.32,0.639,434.6,0.93,1,,,,,,
439090#1350-S20260811124800,439090,마녀공장,VWAP눌림,FullAuto,2026-08-11 12:48:00,18520,차단,리스크 관리로 진입 차단: 일 손실 한도 1.5% 도달,,"VWAP 18,538 재돌파, 직전봉 고가 18,490 돌파",6.19,-0.10,0.540,169.7,0.37,1,18360,18280,18360,18280,18520,18180
240810#1351-S20260811125500,240810,원익IPS,VWAP눌림,FullAuto,2026-08-11 12:55:00,102600,차단,리스크 관리로 진입 차단: 일 손실 한도 1.5% 도달,,"VWAP 102,468 재돌파, 직전봉 고가 102,500 돌파",4.27,0.13,0.624,410.0,0.59,1,102200,102400,101900,102700,103100,101800
240810#1351-S20260811130600,240810,원익IPS,VWAP눌림,FullAuto,2026-08-11 13:06:00,102800,차단,리스크 관리로 진입 차단: 일 손실 한도 1.5% 도달,,"VWAP 102,468 재돌파, 직전봉 고가 102,600 돌파",4.47,0.32,0.639,411.5,1.45,1,102500,102000,102350,103000,103200,101800
240810#1351-S20260811132800,240810,원익IPS,VWAP눌림,FullAuto,2026-08-11 13:28:00,102400,차단,리스크 관리로 진입 차단: 일 손실 한도 1.5% 도달,,"VWAP 102,463 재돌파, 직전봉 고가 102,200 돌파",4.07,-0.06,0.609,437.6,1.82,1,102500,102800,102800,102800,103800,102300
240810#1351-S20260811133800,240810,원익IPS,VWAP눌림,FullAuto,2026-08-11 13:38:00,102800,차단,리스크 관리로 진입 차단: 일 손실 한도 1.5% 도달,,"VWAP 102,463 재돌파, 직전봉 고가 102,500 돌파",4.47,0.33,0.639,446.6,3.18,1,102800,102800,103200,103300,103800,102300
240810#1351-S20260811134100,240810,원익IPS,VWAP눌림,FullAuto,2026-08-11 13:41:00,102950,차단,리스크 관리로 진입 차단: 일 손실 한도 1.5% 도달,,"VWAP 102,464 재돌파, 직전봉 고가 102,900 돌파",4.62,0.47,0.650,455.6,1.12,2,102800,102700,103000,103900,103900,102300
240810#1351-S20260811135300,240810,원익IPS,VWAP눌림,FullAuto,2026-08-11 13:53:00,102800,차단,리스크 관리로 진입 차단: 일 손실 한도 1.5% 도달,,"VWAP 102,469 재돌파, 직전봉 고가 102,800 돌파",4.47,0.32,0.639,451.0,0.92,1,102800,103200,103200,103900,104300,102300
439090#1350-S20260811135500,439090,마녀공장,VWAP눌림,FullAuto,2026-08-11 13:55:00,18540,차단,리스크 관리로 진입 차단: 일 손실 한도 1.5% 도달,,"VWAP 18,523 재돌파, 직전봉 고가 18,290 돌파",6.31,0.09,0.556,177.3,7.89,1,18400,18440,18630,18860,18940,18380
439090#1350-S20260811142200,439090,마녀공장,VWAP눌림,FullAuto,2026-08-11 14:22:00,18530,차단,리스크 관리로 진입 차단: 일 손실 한도 1.5% 도달,,"VWAP 18,521 재돌파, 직전봉 고가 18,460 돌파",6.25,0.05,0.548,181.3,2.53,1,18530,18540,18780,19030,19200,18460
439090#1350-S20260811142500,439090,마녀공장,VWAP눌림,FullAuto,2026-08-11 14:25:00,18630,차단,리스크 관리로 진입 차단: 일 손실 한도 1.5% 도달,,"VWAP 18,521 재돌파, 직전봉 고가 18,580 돌파",6.82,0.59,0.627,182.2,1.90,1,18520,18510,18860,19030,19200,18460
240810#1351-S20260811143200,240810,원익IPS,VWAP눌림,FullAuto,2026-08-11 14:32:00,103000,시간외,진입 가능 시간 09:05~14:30 밖,,"VWAP 102,495 재돌파, 직전봉 고가 102,800 돌파",4.67,0.49,0.654,458.9,1.44,1,103400,104000,104400,,105300,102600
439090#1350-S20260811143400,439090,마녀공장,VWAP눌림,FullAuto,2026-08-11 14:34:00,18590,시간외,진입 가능 시간 09:05~14:30 밖,,"VWAP 18,521 재돌파, 직전봉 고가 18,530 돌파",6.59,0.37,0.595,183.6,1.79,1,18520,18540,19180,,19200,18500
240810#1351-S20260811143500,240810,원익IPS,VWAP눌림,FullAuto,2026-08-11 14:35:00,103000,시간외,진입 가능 시간 09:05~14:30 밖,,"VWAP 102,496 재돌파, 직전봉 고가 102,900 돌파",4.67,0.49,0.654,464.1,0.91,1,103300,104200,104700,,105300,103000
439090#1350-S20260811144100,439090,마녀공장,VWAP눌림,FullAuto,2026-08-11 14:41:00,18530,시간외,진입 가능 시간 09:05~14:30 밖,,"VWAP 18,521 재돌파, 직전봉 고가 18,530 돌파",6.25,0.05,0.548,184.2,0.82,1,18550,18890,19080,,19200,18510
439090#1350-S20260811145000,439090,마녀공장,VWAP눌림,FullAuto,2026-08-11 14:50:00,18540,시간외,진입 가능 시간 09:05~14:30 밖,,"VWAP 18,522 재돌파, 직전봉 고가 18,530 돌파",6.31,0.10,0.556,186.2,0.85,1,18860,19180,19020,,19200,18530
402340#1354-S20260812090510,402340,SK스퀘어,ORB,FullAuto,2026-08-12 09:05:10,998000,차단,매수 가능 수량 0 (투입금/리스크/예수금 확인),,"ORB5 고가 997,000 돌파 (범위 3.6%)",4.50,1.48,1,262.2,0.96,1,987000,994000,1006000,1000000,1018000,982000
006340#1353-S20260812090530,006340,대원전선,ORB,FullAuto,2026-08-12 09:05:30,15490,진입,,,"ORB5 고가 15,480 돌파 (범위 3.1%)",6.68,1.73,1,380.6,1.50,1,,,,,,
006340#1353-S20260812091420,006340,대원전선,ORB,FullAuto,2026-08-12 09:14:20,15500,진입,,,"ORB5 고가 15,480 돌파 (범위 3.1%)",6.75,1.40,1,226.4,4.50,1,,,,,,
402340#1354-S20260812092030,402340,SK스퀘어,ORB,FullAuto,2026-08-12 09:20:30,998000,차단,매수 가능 수량 0 (투입금/리스크/예수금 확인),,"ORB5 고가 997,000 돌파 (범위 3.6%)",4.50,1.08,0.973,277.7,2.97,1,1005000,1008000,1001000,1023000,1032000,994000
402340#1354-S20260812092420,402340,SK스퀘어,ORB,FullAuto,2026-08-12 09:24:20,998000,차단,매수 가능 수량 0 (투입금/리스크/예수금 확인),,"ORB5 고가 997,000 돌파 (범위 3.6%)",4.50,0.97,0.973,313.6,7.86,1,1018000,1008000,994000,1013000,1032000,994000
006340#1353-S20260812093405,006340,대원전선,ORB,FullAuto,2026-08-12 09:34:05,15490,진입,,,"ORB5 고가 15,480 돌파 (범위 3.1%)",6.68,0.45,0.653,182.2,0.65,1,,,,,,
257720#1358-S20260812104300,257720,실리콘투,VWAP눌림,FullAuto,2026-08-12 10:43:00,45400,진입,,,"VWAP 44,739 재돌파, 직전봉 고가 45,250 돌파",11.00,1.48,0.798,267.8,0.73,1,,,,,,
241710#1360-S20260812111700,241710,코스메카코리아,VWAP눌림,FullAuto,2026-08-12 11:17:00,125300,진입,,,"VWAP 125,059 재돌파, 직전봉 고가 125,000 돌파",14.53,0.19,0.597,145.8,0.75,1,,,,,,
257720#1358-S20260812114100,257720,실리콘투,VWAP눌림,FullAuto,2026-08-12 11:41:00,45700,진입,,,"VWAP 45,536 재돌파, 직전봉 고가 45,450 돌파",11.74,0.36,0.664,217.4,0.51,1,,,,,,
257720#1358-S20260812123600,257720,실리콘투,VWAP눌림,FullAuto,2026-08-12 12:36:00,45800,진입,,,"VWAP 45,574 재돌파, 직전봉 고가 45,800 돌파",11.98,0.50,0.678,221.5,1.08,1,,,,,,
006340#1363-S20260812150000,006340,대원전선,종가베팅,FullAuto,2026-08-12 15:00:00,15980,진입,,,"종가베팅: 등락 +10.1%, 고저범위 91% 위치, VWAP 15,626 위",10.06,2.26,0.906,236.1,1.22,1,,,,,,
028260#1362-S20260812150000,028260,삼성물산,종가베팅,FullAuto,2026-08-12 15:00:00,359500,진입,,,"종가베팅: 등락 +3.9%, 고저범위 86% 위치, VWAP 356,965 위",3.90,0.71,0.862,650.4,0.62,1,,,,,,
001820#1366-S20260813090520,001820,삼화콘덴서,ORB,FullAuto,2026-08-13 09:05:20,96300,진입,,,"ORB5 고가 96,200 돌파 (범위 5.1%)",9.43,2.06,1,210.2,1.95,1,,,,,,
073240#1365-S20260813090520,073240,금호타이어,ORB,FullAuto,2026-08-13 09:05:20,7800,진입,,,"ORB5 고가 7,790 돌파 (범위 5.6%)",5.83,2.12,1,306.8,1.94,1,,,,,,
001820#1366-S20260813091417,001820,삼화콘덴서,ORB,FullAuto,2026-08-13 09:14:17,96400,진입,,,"ORB5 고가 96,200 돌파 (범위 5.1%)",9.55,1.15,0.721,182.2,3.36,1,,,,,,
036930#1367-S20260813102500,036930,주성엔지니어링,VWAP눌림,FullAuto,2026-08-13 10:25:00,178100,진입,,,"VWAP 177,442 재돌파, 직전봉 고가 177,800 돌파",2.36,0.37,0.620,174.3,0.61,1,,,,,,
036930#1367-S20260813134600,036930,주성엔지니어링,VWAP눌림,FullAuto,2026-08-13 13:46:00,179200,진입,,,"VWAP 179,185 재돌파, 직전봉 고가 178,800 돌파",2.99,0.01,0.524,334.6,0.78,1,,,,,,
036930#1367-S20260813140300,036930,주성엔지니어링,VWAP눌림,FullAuto,2026-08-13 14:03:00,179300,진입,,,"VWAP 179,177 재돌파, 직전봉 고가 179,000 돌파",3.05,0.07,0.533,339.5,3.03,1,,,,,,
079550#1369-S20260813150000,079550,LIG디펜스앤에어로스페이스,종가베팅,FullAuto,2026-08-13 15:00:00,821000,차단,매수 가능 수량 0 (투입금/리스크/예수금 확인),,"종가베팅: 등락 +4.6%, 고저범위 98% 위치, VWAP 799,313 위",4.59,2.71,0.976,663.0,2.05,1,820000,823000,,,829000,817000
047810#1368-S20260813150000,047810,한국항공우주,종가베팅,FullAuto,2026-08-13 15:00:00,150400,진입,,,"종가베팅: 등락 +5.5%, 고저범위 95% 위치, VWAP 144,267 위",5.54,4.25,0.952,519.4,1.00,1,,,,,,
257720#1370-S20260814090725,257720,실리콘투,ORB,FullAuto,2026-08-14 09:07:25,43150,진입,,,"ORB5 고가 43,100 돌파 (범위 3.7%)",6.02,1.30,1,314.0,1.58,1,,,,,,
073240#1372-S20260814090737,073240,금호타이어,ORB,FullAuto,2026-08-14 09:07:37,8670,진입,,,"ORB5 고가 8,660 돌파 (범위 8.0%)",4.21,1.41,0.783,133.7,1.35,1,,,,,,
036930#1371-S20260814090805,036930,주성엔지니어링,ORB,FullAuto,2026-08-14 09:08:05,186500,진입,,,"ORB5 고가 186,400 돌파 (범위 2.9%)",4.02,0.88,0.783,117.1,0.94,1,,,,,,
017670#1373-S20260814150000,017670,SK텔레콤,종가베팅,FullAuto,2026-08-14 15:00:00,100600,진입,,,"종가베팅: 등락 +10.1%, 고저범위 98% 위치, VWAP 98,589 위",10.07,2.04,0.977,339.2,1.22,1,,,,,,
000270#1374-S20260814150000,000270,기아,종가베팅,FullAuto,2026-08-14 15:00:00,142300,진입,,,"종가베팅: 등락 +3.8%, 고저범위 100% 위치, VWAP 141,093 위",3.79,0.86,1,670.3,0.46,1,,,,,,
403870#1377-S20260818090527,403870,HPSP,ORB,FullAuto,2026-08-18 09:05:27,42300,진입,,,"ORB5 고가 42,200 돌파 (범위 3.6%)",4.70,1.33,1,325.8,1.73,1,,,,,,
067310#1376-S20260818090627,067310,하나마이크론,ORB,FullAuto,2026-08-18 09:06:27,43150,진입,,,"ORB5 고가 43,000 돌파 (범위 8.2%)",17.90,3.25,1,152.6,1.46,1,,,,,,
002990#1375-S20260818091220,002990,금호건설,ORB,FullAuto,2026-08-18 09:12:20,14980,진입,,,"ORB5 고가 14,930 돌파 (범위 6.7%)",11.79,2.87,1,178.6,4.41,1,,,,,,
002990#1375-S20260818091822,002990,금호건설,ORB,FullAuto,2026-08-18 09:18:22,14980,진입,,,"ORB5 고가 14,930 돌파 (범위 6.7%)",11.79,2.15,0.756,151.4,1.86,1,,,,,,
006660#1378-S20260819091425,006660,삼성공조,ORB,FullAuto,2026-08-19 09:14:25,16070,진입,,,"ORB5 고가 16,050 돌파 (범위 4.2%)",6.35,2.73,1,133.9,4.56,1,,,,,,
006660#1378-S20260819092510,006660,삼성공조,ORB,FullAuto,2026-08-19 09:25:10,16060,진입,,,"ORB5 고가 16,050 돌파 (범위 4.2%)",6.29,0.90,0.627,125.3,0.40,1,,,,,,
214450#1391-S20260820150000,214450,파마리서치,종가베팅,FullAuto,2026-08-20 15:00:00,414000,진입,,,"종가베팅: 등락 +6.2%, 고저범위 87% 위치, VWAP 408,465 위",6.15,1.36,0.872,568.7,0.81,1,,,,,,
161890#1392-S20260820150000,161890,한국콜마,종가베팅,FullAuto,2026-08-20 15:00:00,137600,진입,,,"종가베팅: 등락 +8.6%, 고저범위 97% 위치, VWAP 133,724 위",8.60,2.90,0.973,491.9,0.87,1,,,,,,
001210#1393-S20260821090827,001210,금호전기,ORB,FullAuto,2026-08-21 09:08:27,8440,진입,,,"ORB5 고가 8,400 돌파 (범위 7.6%)",13.14,3.52,1,148.9,1.70,1,,,,,,
002990#1395-S20260821091425,002990,금호건설,ORB,FullAuto,2026-08-21 09:14:25,16170,진입,,,"ORB5 고가 16,140 돌파 (범위 9.0%)",3.32,1.64,0.651,112.5,1.65,1,,,,,,
257720#1397-S20260821103100,257720,실리콘투,VWAP눌림,FullAuto,2026-08-21 10:31:00,47300,진입,,,"VWAP 46,974 재돌파, 직전봉 고가 47,250 돌파",2.94,0.69,0.674,245.3,0.77,1,,,,,,
257720#1397-S20260821104500,257720,실리콘투,VWAP눌림,FullAuto,2026-08-21 10:45:00,47150,진입,,,"VWAP 47,026 재돌파, 직전봉 고가 47,000 돌파",2.61,0.26,0.605,214.0,0.42,1,,,,,,
257720#1397-S20260821130000,257720,실리콘투,VWAP눌림,FullAuto,2026-08-21 13:00:00,47000,진입,,,"VWAP 46,969 재돌파, 직전봉 고가 46,900 돌파",2.29,0.07,0.535,298.5,1.20,1,,,,,,
055550#1399-S20260821150000,055550,신한지주,종가베팅,FullAuto,2026-08-21 15:00:00,104200,진입,,,"종가베팅: 등락 +3.5%, 고저범위 88% 위치, VWAP 103,336 위",3.48,0.84,0.881,343.7,1.01,1,,,,,,
086790#1400-S20260821150000,086790,하나금융지주,종가베팅,FullAuto,2026-08-21 15:00:00,129100,진입,,,"종가베팅: 등락 +4.2%, 고저범위 90% 위치, VWAP 127,632 위",4.20,1.15,0.897,890.8,0.98,1,,,,,,
002990#1402-S20260824090520,002990,금호건설,ORB,FullAuto,2026-08-24 09:05:20,15600,진입,,,"ORB5 고가 15,560 돌파 (범위 5.0%)",5.76,1.65,1,154.9,2.98,1,,,,,,
124500#1401-S20260824092130,124500,아이티센글로벌,ORB,FullAuto,2026-08-24 09:21:30,38500,진입,,,"ORB5 고가 38,400 돌파 (범위 9.1%)",15.27,3.65,1,202.1,3.70,1,,,,,,
124500#1401-S20260824092922,124500,아이티센글로벌,ORB,FullAuto,2026-08-24 09:29:22,38500,진입,,,"ORB5 고가 38,400 돌파 (범위 9.1%)",15.27,3.00,0.943,201.7,3.28,1,,,,,,
124500#1401-S20260824093617,124500,아이티센글로벌,ORB,FullAuto,2026-08-24 09:36:17,38500,진입,,,"ORB5 고가 38,400 돌파 (범위 9.1%)",15.27,2.24,0.75,194.7,1.77,1,,,,,,
257720#1405-S20260824112100,257720,실리콘투,VWAP눌림,FullAuto,2026-08-24 11:21:00,49650,진입,,,"VWAP 49,382 재돌파, 직전봉 고가 49,550 돌파",5.98,0.54,0.739,273.1,0.49,1,,,,,,
257720#1405-S20260824121500,257720,실리콘투,VWAP눌림,FullAuto,2026-08-24 12:15:00,49400,진입,,,"VWAP 49,388 재돌파, 직전봉 고가 49,300 돌파",5.44,0.02,0.682,251.0,0.98,1,,,,,,
257720#1405-S20260824132200,257720,실리콘투,VWAP눌림,FullAuto,2026-08-24 13:22:00,49550,진입,,,"VWAP 49,351 재돌파, 직전봉 고가 49,450 돌파",5.76,0.40,0.716,282.0,2.87,1,,,,,,
010170#1406-S20260824150000,010170,대한광통신,종가베팅,FullAuto,2026-08-24 15:00:00,13020,진입,,,"종가베팅: 등락 +7.4%, 고저범위 84% 위치, VWAP 12,811 위",7.43,1.63,0.840,334.9,0.57,1,,,,,,
237690#1407-S20260824150000,237690,에스티팜,종가베팅,FullAuto,2026-08-24 15:00:00,111900,진입,,,"종가베팅: 등락 +11.8%, 고저범위 100% 위치, VWAP 106,242 위",11.79,5.33,1,407.3,0.53,1,,,,,,
124500#1410-S20260825090917,124500,아이티센글로벌,ORB,FullAuto,2026-08-25 09:09:17,39750,진입,,,"ORB5 고가 39,600 돌파 (범위 3.4%)",3.38,0.66,0.784,231.5,2.82,1,,,,,,
124500#1410-S20260825110730,124500,아이티센글로벌,ORB,FullAuto,2026-08-25 11:07:30,39700,진입,,,"ORB5 고가 39,600 돌파 (범위 3.4%)",3.25,0.02,0.578,175.6,1.51,1,,,,,,
041190#1413-S20260825131200,041190,우리기술투자,VWAP눌림,FullAuto,2026-08-25 13:12:00,6750,진입,,,"VWAP 6,732 재돌파, 직전봉 고가 6,740 돌파",14.99,0.26,0.609,204.5,0.39,1,,,,,,
041190#1413-S20260825134200,041190,우리기술투자,VWAP눌림,FullAuto,2026-08-25 13:42:00,6770,진입,,,"VWAP 6,734 재돌파, 직전봉 고가 6,760 돌파",15.33,0.54,0.626,232.7,0.76,1,,,,,,
041190#1413-S20260825135200,041190,우리기술투자,VWAP눌림,FullAuto,2026-08-25 13:52:00,6810,차단,리스크 관리로 진입 차단: 4연속 손실 쿨다운 ~14:13,,"VWAP 6,734 재돌파, 직전봉 고가 6,770 돌파",16.01,1.13,0.661,238.3,2.67,1,6800,6780,6810,6820,6830,6720
041190#1413-S20260825140700,041190,우리기술투자,VWAP눌림,FullAuto,2026-08-25 14:07:00,6780,차단,리스크 관리로 진입 차단: 4연속 손실 쿨다운 ~14:13,,"VWAP 6,735 재돌파, 직전봉 고가 6,760 돌파",15.50,0.67,0.635,244.6,0.54,1,6820,6810,6760,6830,6870,6740
041190#1413-S20260825143800,041190,우리기술투자,VWAP눌림,FullAuto,2026-08-25 14:38:00,6800,시간외,진입 가능 시간 09:05~14:30 밖,,"VWAP 6,736 재돌파, 직전봉 고가 6,790 돌파",15.84,0.96,0.652,257.1,2.03,1,6780,6800,6850,,6870,6760
034020#1416-S20260825150000,034020,두산에너빌리티,종가베팅,FullAuto,2026-08-25 15:00:00,81200,진입,,,"종가베팅: 등락 +7.3%, 고저범위 98% 위치, VWAP 77,296 위",7.27,5.05,0.977,580.3,1.17,1,,,,,,
078930#1417-S20260825150000,078930,GS,종가베팅,FullAuto,2026-08-25 15:00:00,121800,진입,,,"종가베팅: 등락 +6.2%, 고저범위 84% 위치, VWAP 119,721 위",6.19,1.74,0.839,386.3,1.16,1,,,,,,
037440#1420-S20260826091225,037440,희림,ORB,FullAuto,2026-08-26 09:12:25,4495,진입,,,"ORB5 고가 4,490 돌파 (범위 8.8%)",12.66,3.62,1,191.7,7.91,1,,,,,,
037440#1420-S20260826092825,037440,희림,ORB,FullAuto,2026-08-26 09:28:25,4495,진입,,,"ORB5 고가 4,490 돌파 (범위 8.8%)",12.66,1.87,0.813,157.7,4.73,1,,,,,,
037440#1420-S20260826094415,037440,희림,ORB,FullAuto,2026-08-26 09:44:15,4495,진입,,,"ORB5 고가 4,490 돌파 (범위 8.8%)",12.66,1.06,0.779,167.3,1.41,1,,,,,,
006360#1424-S20260826103400,006360,GS건설,VWAP눌림,FullAuto,2026-08-26 10:34:00,37400,진입,,,"VWAP 37,005 재돌파, 직전봉 고가 37,300 돌파",6.86,1.07,0.781,345.4,0.35,1,,,,,,
006360#1424-S20260826113600,006360,GS건설,VWAP눌림,FullAuto,2026-08-26 11:36:00,37350,진입,,,"VWAP 37,094 재돌파, 직전봉 고가 37,300 돌파",6.71,0.69,0.767,354.3,0.51,1,,,,,,
006360#1424-S20260826115100,006360,GS건설,VWAP눌림,FullAuto,2026-08-26 11:51:00,37100,진입,,,"VWAP 37,097 재돌파, 직전봉 고가 37,100 돌파",6.00,0.01,0.699,352.3,1.52,1,,,,,,
034020#1430-S20260826150000,034020,두산에너빌리티,종가베팅,FullAuto,2026-08-26 15:00:00,85800,진입,,,"종가베팅: 등락 +6.5%, 고저범위 84% 위치, VWAP 84,603 위",6.45,1.41,0.839,545.4,0.79,1,,,,,,
028050#1429-S20260826150000,028050,삼성E&A,종가베팅,FullAuto,2026-08-26 15:00:00,48400,진입,,,"종가베팅: 등락 +5.6%, 고저범위 92% 위치, VWAP 47,568 위",5.56,1.75,0.92,767.7,2.93,1,,,,,,
062040#1433-S20260827090722,062040,산일전기,ORB,FullAuto,2026-08-27 09:07:22,191700,진입,,,"ORB5 고가 191,200 돌파 (범위 2.9%)",7.09,1.39,1,118.9,3.72,1,,,,,,
010170#1431-S20260827091225,010170,대한광통신,ORB,FullAuto,2026-08-27 09:12:25,14700,진입,,,"ORB5 고가 14,670 돌파 (범위 4.8%)",8.89,1.83,1,200.0,3.02,1,,,,,,
267260#1432-S20260827091727,267260,HD현대일렉트릭,ORB,FullAuto,2026-08-27 09:17:27,799000,진입,,,"ORB5 고가 798,000 돌파 (범위 3.6%)",9.60,1.29,1,278.0,3.07,1,,,,,,
267260#1432-S20260827092530,267260,HD현대일렉트릭,ORB,FullAuto,2026-08-27 09:25:30,799000,진입,,,"ORB5 고가 798,000 돌파 (범위 3.6%)",9.60,1.16,0.967,262.9,1.44,1,,,,,,
010170#1431-S20260827093730,010170,대한광통신,ORB,FullAuto,2026-08-27 09:37:30,14680,진입,,,"ORB5 고가 14,670 돌파 (범위 4.8%)",8.74,0.47,0.613,163.9,1.39,1,,,,,,
010170#1431-S20260827100622,010170,대한광통신,ORB,FullAuto,2026-08-27 10:06:22,14680,진입,,,"ORB5 고가 14,670 돌파 (범위 4.8%)",8.74,0.29,0.613,171.9,1.66,1,,,,,,
267260#1432-S20260827115030,267260,HD현대일렉트릭,ORB,FullAuto,2026-08-27 11:50:30,799000,진입,,,"ORB5 고가 798,000 돌파 (범위 3.6%)",9.60,0.84,0.806,307.4,3.06,1,,,,,,
086520#1437-S20260827150000,086520,에코프로,종가베팅,FullAuto,2026-08-27 15:00:00,91900,진입,,,"종가베팅: 등락 +6.7%, 고저범위 94% 위치, VWAP 90,156 위",6.74,1.93,0.938,515.9,0.77,1,,,,,,
267260#1438-S20260827150100,267260,HD현대일렉트릭,종가베팅,FullAuto,2026-08-27 15:01:00,818000,차단,매수 가능 수량 0 (투입금/리스크/예수금 확인),,"종가베팅: 등락 +12.2%, 고저범위 100% 위치, VWAP 796,635 위",12.21,2.68,1,1194.2,1.62,1,818000,821000,,,823000,816000
064400#1441-S20260828090622,064400,LG씨엔에스,ORB,FullAuto,2026-08-28 09:06:22,77200,진입,,,"ORB5 고가 77,100 돌파 (범위 2.3%)",3.76,0.79,1,412.0,1.33,1,,,,,,
019170#1439-S20260828090720,019170,신풍제약,ORB,FullAuto,2026-08-28 09:07:20,10500,진입,,,"ORB5 고가 10,450 돌파 (범위 8.9%)",18.64,2.46,1,135.6,3.89,1,,,,,,
032820#1440-S20260828090722,032820,우리기술,ORB,FullAuto,2026-08-28 09:07:22,13300,진입,,,"ORB5 고가 13,280 돌파 (범위 9.9%)",8.66,2.40,0.946,286.9,3.75,1,,,,,,
278470#1444-S20260828150000,278470,에이피알,종가베팅,FullAuto,2026-08-28 15:00:00,459500,차단,매수 가능 수량 0 (투입금/리스크/예수금 확인),,"종가베팅: 등락 +6.2%, 고저범위 87% 위치, VWAP 451,501 위",6.24,1.77,0.873,1096.0,0.54,1,462000,462000,,,464500,459000
161890#1442-S20260828150000,161890,한국콜마,종가베팅,FullAuto,2026-08-28 15:00:00,160000,진입,,,"종가베팅: 등락 +9.6%, 고저범위 91% 위치, VWAP 156,169 위",9.59,2.45,0.911,433.2,1.27,1,,,,,,
019170#1445-S20260831090527,019170,신풍제약,ORB,FullAuto,2026-08-31 09:05:27,11880,진입,,,"ORB5 고가 11,840 돌파 (범위 8.4%)",19.40,3.56,1,150.1,2.66,1,,,,,,
161000#1446-S20260831090627,161000,애경케미칼,ORB,FullAuto,2026-08-31 09:06:27,11460,진입,,,"ORB5 고가 11,450 돌파 (범위 6.7%)",11.91,2.40,1,139.5,1.53,1,,,,,,
161000#1446-S20260831091630,161000,애경케미칼,ORB,FullAuto,2026-08-31 09:16:30,11480,진입,,,"ORB5 고가 11,450 돌파 (범위 6.7%)",12.11,2.57,0.974,138.9,2.43,1,,,,,,
002990#1448-S20260831095220,002990,금호건설,ORB,FullAuto,2026-08-31 09:52:20,17740,진입,,,"ORB5 고가 17,720 돌파 (범위 6.7%)",4.23,1.48,0.758,218.8,1.58,1,,,,,,
002990#1448-S20260831133327,002990,금호건설,ORB,FullAuto,2026-08-31 13:33:27,17750,진입,,,"ORB5 고가 17,720 돌파 (범위 6.7%)",4.29,2.03,0.765,203.2,4.66,1,,,,,,
096770#1450-S20260831150000,096770,SK이노베이션,종가베팅,FullAuto,2026-08-31 15:00:00,125500,진입,,,"종가베팅: 등락 +8.4%, 고저범위 82% 위치, VWAP 123,766 위",8.38,1.40,0.822,289.3,0.69,1,,,,,,
066970#1449-S20260831150000,066970,엘앤에프,종가베팅,FullAuto,2026-08-31 15:00:00,145700,진입,,,"종가베팅: 등락 +7.6%, 고저범위 84% 위치, VWAP 143,661 위",7.61,1.42,0.842,377.1,0.63,1,,,,,,
096770#1451-S20260901090520,096770,SK이노베이션,ORB,FullAuto,2026-09-01 09:05:20,133000,진입,,,"ORB5 고가 132,800 돌파 (범위 5.6%)",5.72,2.20,1,204.6,1.98,1,,,,,,
001210#1452-S20260901090702,001210,금호전기,ORB,FullAuto,2026-09-01 09:07:02,13930,진입,,,"ORB5 고가 13,900 돌파 (범위 8.6%)",11.62,3.54,1,112.2,0.79,1,,,,,,
198440#1453-S20260901091422,198440,강동씨앤엘,ORB,FullAuto,2026-09-01 09:14:22,2095,진입,,,"ORB5 고가 2,070 돌파 (범위 5.7%)",20.68,6.34,1,135.0,4.42,1,,,,,,
001210#1452-S20260901092330,001210,금호전기,ORB,FullAuto,2026-09-01 09:23:30,13920,진입,,,"ORB5 고가 13,900 돌파 (범위 8.6%)",11.54,1.17,0.723,134.4,1.26,1,,,,,,
001210#1452-S20260901105930,001210,금호전기,ORB,FullAuto,2026-09-01 10:59:30,13940,진입,,,"ORB5 고가 13,900 돌파 (범위 8.6%)",11.70,2.42,0.748,160.4,4.46,1,,,,,,
064550#1454-S20260901110800,064550,바이오니아,VWAP눌림,FullAuto,2026-09-01 11:08:00,9880,진입,,,"VWAP 9,759 재돌파, 직전봉 고가 9,840 돌파",8.93,1.24,0.699,207.8,1.02,1,,,,,,
064550#1454-S20260901112100,064550,바이오니아,VWAP눌림,FullAuto,2026-09-01 11:21:00,9760,진입,,,"VWAP 9,758 재돌파, 직전봉 고가 9,700 돌파",7.61,0.02,0.627,207.2,0.69,1,,,,,,
402340#1455-S20260901150000,402340,SK스퀘어,종가베팅,FullAuto,2026-09-01 15:00:00,1068000,차단,매수 가능 수량 0 (투입금/리스크/예수금 확인),,"종가베팅: 등락 +3.7%, 고저범위 94% 위치, VWAP 1,041,936 위",3.69,2.50,0.935,584.8,1.08,1,1068000,1065000,,,1069000,1061000
028260#1456-S20260901150000,028260,삼성물산,종가베팅,FullAuto,2026-09-01 15:00:00,390500,진입,,,"종가베팅: 등락 +3.7%, 고저범위 95% 위치, VWAP 383,864 위",3.72,1.73,0.955,496.0,1.87,1,,,,,,
096770#1457-S20260901151300,096770,SK이노베이션,종가베팅,FullAuto,2026-09-01 15:13:00,135500,진입,,,"종가베팅: 등락 +7.7%, 고저범위 76% 위치, VWAP 134,872 위",7.71,0.47,0.764,249.5,0.82,1,,,,,,
067290#1460-S20260902090525,067290,JW신약,ORB,FullAuto,2026-09-02 09:05:25,3450,진입,,,"ORB5 고가 3,445 돌파 (범위 3.5%)",15.38,1.43,1,168.6,1.27,1,,,,,,
024060#1458-S20260902090622,024060,흥구석유,ORB,FullAuto,2026-09-02 09:06:22,11830,진입,,,"ORB5 고가 11,820 돌파 (범위 7.6%)",15.87,2.52,1,160.5,1.93,1,,,,,,
002990#1462-S20260902121200,002990,금호건설,VWAP눌림,FullAuto,2026-09-02 12:12:00,17860,진입,,,"VWAP 17,705 재돌파, 직전봉 고가 17,660 돌파",8.24,0.88,0.678,175.3,1.42,1,,,,,,
002990#1462-S20260902131600,002990,금호건설,VWAP눌림,FullAuto,2026-09-02 13:16:00,17710,진입,,,"VWAP 17,677 재돌파, 직전봉 고가 17,650 돌파",7.33,0.19,0.628,175.2,4.02,1,,,,,,
039030#1464-S20260902150000,039030,이오테크닉스,종가베팅,FullAuto,2026-09-02 15:00:00,407000,차단,매수 가능 수량 0 (투입금/리스크/예수금 확인),,"종가베팅: 등락 +5.0%, 고저범위 78% 위치, VWAP 403,142 위",5.03,0.96,0.785,476.0,0.61,1,407000,405500,,,408500,403500
004310#1467-S20260903090630,004310,현대약품,ORB,FullAuto,2026-09-03 09:06:30,8270,진입,,,"ORB5 고가 8,240 돌파 (범위 6.5%)",9.25,2.60,1,151.9,1.54,1,,,,,,
441270#1466-S20260903091330,441270,파인엠텍,ORB,FullAuto,2026-09-03 09:13:30,8870,진입,,,"ORB5 고가 8,840 돌파 (범위 7.3%)",13.43,3.28,1,178.7,2.43,1,,,,,,
079650#1468-S20260903092425,079650,서산,ORB,FullAuto,2026-09-03 09:24:25,7370,진입,,,"ORB5 고가 7,350 돌파 (범위 8.2%)",8.54,4.65,1,164.1,3.64,1,,,,,,
441270#1466-S20260903092730,441270,파인엠텍,ORB,FullAuto,2026-09-03 09:27:30,8860,진입,,,"ORB5 고가 8,840 돌파 (범위 7.3%)",13.30,2.46,0.954,170.0,2.35,1,,,,,,
000810#1470-S20260903150000,000810,삼성화재,종가베팅,FullAuto,2026-09-03 15:00:00,703000,차단,매수 가능 수량 0 (투입금/리스크/예수금 확인),,"종가베팅: 등락 +8.0%, 고저범위 96% 위치, VWAP 687,417 위",7.99,2.27,0.958,604.8,0.97,1,701000,699000,,,704000,697000
005490#1471-S20260903150000,005490,POSCO홀딩스,종가베팅,FullAuto,2026-09-03 15:00:00,343000,진입,,,"종가베팅: 등락 +5.7%, 고저범위 82% 위치, VWAP 340,143 위",5.70,0.84,0.816,862.8,0.50,1,,,,,,
010950#1472-S20260904090720,010950,S-Oil,ORB,FullAuto,2026-09-04 09:07:20,158900,진입,,,"ORB5 고가 158,600 돌파 (범위 4.0%)",5.30,1.25,0.865,142.7,1.56,1,,,,,,
096770#1473-S20260904090917,096770,SK이노베이션,ORB,FullAuto,2026-09-04 09:09:17,136500,진입,,,"ORB5 고가 136,450 돌파 (범위 4.4%)",4.44,0.85,0.866,145.3,2.41,1,,,,,,
096770#1473-S20260904092322,096770,SK이노베이션,ORB,FullAuto,2026-09-04 09:23:22,136600,진입,,,"ORB5 고가 136,450 돌파 (범위 4.4%)",4.51,0.24,0.756,209.2,1.63,1,,,,,,
096770#1473-S20260904095230,096770,SK이노베이션,ORB,FullAuto,2026-09-04 09:52:30,136500,진입,,,"ORB5 고가 136,450 돌파 (범위 4.4%)",4.44,0.14,0.744,229.5,1.79,1,,,,,,
036930#1476-S20260904103700,036930,주성엔지니어링,VWAP눌림,FullAuto,2026-09-04 10:37:00,174700,진입,,,"VWAP 174,015 재돌파, 직전봉 고가 174,400 돌파",3.99,0.39,0.704,573.7,1.48,1,,,,,,
036930#1476-S20260904104500,036930,주성엔지니어링,VWAP눌림,FullAuto,2026-09-04 10:45:00,174100,진입,,,"VWAP 174,012 재돌파, 직전봉 고가 173,900 돌파",3.63,0.05,0.620,472.7,0.62,1,,,,,,
036930#1476-S20260904110400,036930,주성엔지니어링,VWAP눌림,FullAuto,2026-09-04 11:04:00,174050,진입,,,"VWAP 173,989 재돌파, 직전봉 고가 173,900 돌파",3.60,0.04,0.613,445.2,4.67,2,,,,,,
336260#1478-S20260904150217,336260,두산퓨얼셀,종가베팅,FullAuto,2026-09-04 15:02:17,44000.000000000000000000000000,진입,,,"종가베팅: 등락 +13.1%, 고저범위 84% 위치, VWAP 42,278 위",13.11,4.07,0.841,316.7,2.54,1,,,,,,
240810#1479-S20260904150817,240810,원익IPS,종가베팅,FullAuto,2026-09-04 15:08:17,114800,진입,,,"종가베팅: 등락 +9.3%, 고저범위 81% 위치, VWAP 112,661 위",9.33,1.90,0.805,415.1,2.68,1,,,,,,
336260#1480-S20260907090730,336260,두산퓨얼셀,ORB,FullAuto,2026-09-07 09:07:30,49500,진입,,,"ORB5 고가 49,400 돌파 (범위 8.2%)",12.63,2.48,1,181.4,1.20,1,,,,,,
402340#1481-S20260907091125,402340,SK스퀘어,ORB,FullAuto,2026-09-07 09:11:25,1110000,차단,매수 가능 수량 0 (투입금/리스크/예수금 확인),,"ORB5 고가 1,109,000 돌파 (범위 2.1%)",6.94,0.72,1,372.4,3.07,1,1107000,1113000,1102000,1099000,1114000,1089000
402340#1481-S20260907092222,402340,SK스퀘어,ORB,FullAuto,2026-09-07 09:22:22,1110000,차단,매수 가능 수량 0 (투입금/리스크/예수금 확인),,"ORB5 고가 1,109,000 돌파 (범위 2.1%)",6.94,0.53,0.857,366.2,2.00,1,1113000,1105000,1097000,1099000,1113000,1089000
036930#1483-S20260907094727,036930,주성엔지니어링,ORB,FullAuto,2026-09-07 09:47:27,189400,진입,,,"ORB5 고가 189,300 돌파 (범위 3.2%)",6.23,2.01,1,457.7,5.72,1,,,,,,
000720#1485-S20260907150000,000720,현대건설,종가베팅,FullAuto,2026-09-07 15:00:00,126800,진입,,,"종가베팅: 등락 +5.4%, 고저범위 90% 위치, VWAP 123,805 위",5.40,2.42,0.902,343.7,0.37,1,,,,,,
000150#1486-S20260907150000,000150,두산,종가베팅,FullAuto,2026-09-07 15:00:00,1269000,차단,매수 가능 수량 0 (투입금/리스크/예수금 확인),,"종가베팅: 등락 +10.6%, 고저범위 96% 위치, VWAP 1,234,849 위",10.64,2.77,0.961,460.9,0.91,1,1269000,1266000,,,1273000,1260000
047040#1487-S20260907150900,047040,대우건설,종가베팅,FullAuto,2026-09-07 15:09:00,18360,진입,,,"종가베팅: 등락 +9.0%, 고저범위 90% 위치, VWAP 17,695 위",8.96,3.76,0.903,315.3,0.71,1,,,,,,
052690#1488-S20260908090527,052690,한전기술,ORB,FullAuto,2026-09-08 09:05:27,132600,진입,,,"ORB5 고가 132,500 돌파 (범위 3.4%)",4.33,1.12,1,195.6,1.65,1,,,,,,
036930#1489-S20260908090625,036930,주성엔지니어링,ORB,FullAuto,2026-09-08 09:06:25,196500,진입,,,"ORB5 고가 196,400 돌파 (범위 4.0%)",4.97,1.26,1,163.8,2.18,1,,,,,,
096770#1490-S20260908091207,096770,SK이노베이션,ORB,FullAuto,2026-09-08 09:12:07,143500,진입,,,"ORB5 고가 143,400 돌파 (범위 2.9%)",3.54,0.66,0.955,209.8,1.02,1,,,,,,
010170#1494-S20260909090610,010170,대한광통신,ORB,FullAuto,2026-09-09 09:06:10,15090,진입,,,"ORB5 고가 15,080 돌파 (범위 6.1%)",10.15,1.93,1,193.8,0.81,1,,,,,,
327260#1493-S20260909091422,327260,RF머트리얼즈,ORB,FullAuto,2026-09-09 09:14:22,39450,진입,,,"ORB5 고가 39,300 돌파 (범위 7.7%)",14.35,3.28,1,215.1,2.63,1,,,,,,
010170#1494-S20260909113030,010170,대한광통신,ORB,FullAuto,2026-09-09 11:30:30,15090,진입,,,"ORB5 고가 15,080 돌파 (범위 6.1%)",10.15,0.04,0.533,200.3,5.42,1,,,,,,
373220#1495-S20260909150000,373220,LG에너지솔루션,종가베팅,FullAuto,2026-09-09 15:00:00,370000,진입,,,"종가베팅: 등락 +5.4%, 고저범위 94% 위치, VWAP 360,776 위",5.41,2.56,0.939,1045.1,0.67,1,,,,,,
128940#1497-S20260909150000,128940,한미약품,종가베팅,FullAuto,2026-09-09 15:00:00,493000,차단,매수 가능 수량 0 (투입금/리스크/예수금 확인),,"종가베팅: 등락 +5.5%, 고저범위 95% 위치, VWAP 480,990 위",5.45,2.50,0.955,530.7,0.33,1,493000,494000,,,495500,490000
032820#1498-S20260909150400,032820,우리기술,종가베팅,FullAuto,2026-09-09 15:04:00,13970,진입,,,"종가베팅: 등락 +18.3%, 고저범위 78% 위치, VWAP 13,766 위",18.29,1.48,0.777,259.3,1.86,1,,,,,,
024060#1500-S20260910090520,024060,흥구석유,ORB,FullAuto,2026-09-10 09:05:20,13410,진입,,,"ORB5 고가 13,340 돌파 (범위 4.9%)",10.92,2.31,1,212.3,2.47,1,,,,,,
096770#1501-S20260910091622,096770,SK이노베이션,ORB,FullAuto,2026-09-10 09:16:22,160900,진입,,,"ORB5 고가 160,800 돌파 (범위 4.1%)",3.21,1.37,0.985,50.0,1.92,1,,,,,,
032940#1499-S20260910092222,032940,원익,ORB,FullAuto,2026-09-10 09:22:22,11190,진입,,,"ORB5 고가 11,160 돌파 (범위 9.4%)",9.71,4.49,1,161.0,7.50,1,,,,,,
032940#1499-S20260910094225,032940,원익,ORB,FullAuto,2026-09-10 09:42:25,11180,진입,,,"ORB5 고가 11,160 돌파 (범위 9.4%)",9.61,1.68,0.722,141.2,4.49,1,,,,,,
032940#1499-S20260910104510,032940,원익,ORB,FullAuto,2026-09-10 10:45:10,11170,진입,,,"ORB5 고가 11,160 돌파 (범위 9.4%)",9.51,1.79,0.715,148.5,3.70,1,,,,,,
092790#1502-S20260910114100,092790,넥스틸,VWAP눌림,FullAuto,2026-09-10 11:41:00,15165,진입,,,"VWAP 15,047 재돌파, 직전봉 고가 15,100 돌파",13.94,0.78,0.646,134.4,0.91,2,,,,,,
000990#1504-S20260910150000,000990,DB하이텍,종가베팅,FullAuto,2026-09-10 15:00:00,118000,진입,,,"종가베팅: 등락 +6.4%, 고저범위 81% 위치, VWAP 115,345 위",6.40,2.30,0.806,430.0,1.08,1,,,,,,
440110#1503-S20260910150000,440110,파두,종가베팅,FullAuto,2026-09-10 15:00:00,79500,진입,,,"종가베팅: 등락 +6.9%, 고저범위 95% 위치, VWAP 74,802 위",6.85,6.28,0.953,428.9,0.53,1,,,,,,
064550#1506-S20260911090830,064550,바이오니아,ORB,FullAuto,2026-09-11 09:08:30,10710,진입,,,"ORB5 고가 10,700 돌파 (범위 6.9%)",16.03,2.26,1,215.9,1.60,1,,,,,,
356680#1507-S20260911094825,356680,엑스게이트,ORB,FullAuto,2026-09-11 09:48:25,13960,진입,,,"ORB5 고가 13,900 돌파 (범위 9.5%)",12.94,4.25,1,155.9,4.60,1,,,,,,
001820#1508-S20260911135700,001820,삼화콘덴서,VWAP눌림,FullAuto,2026-09-11 13:57:00,137600,진입,,,"VWAP 136,992 재돌파, 직전봉 고가 137,400 돌파",18.93,0.44,0.721,301.6,1.06,1,,,,,,
001820#1508-S20260911143200,001820,삼화콘덴서,VWAP눌림,FullAuto,2026-09-11 14:32:00,137200,시간외,진입 가능 시간 09:05~14:30 밖,,"VWAP 136,968 재돌파, 직전봉 고가 136,700 돌파",18.58,0.17,0.710,309.5,2.30,1,137300,137500,138300,,139300,136700
001820#1508-S20260911143500,001820,삼화콘덴서,VWAP눌림,FullAuto,2026-09-11 14:35:00,137500,시간외,진입 가능 시간 09:05~14:30 밖,,"VWAP 136,969 재돌파, 직전봉 고가 137,500 돌파",18.84,0.39,0.718,314.7,1.03,1,137100,137300,137700,,139300,136700
001820#1508-S20260911143800,001820,삼화콘덴서,VWAP눌림,FullAuto,2026-09-11 14:38:00,137400,시간외,진입 가능 시간 09:05~14:30 밖,,"VWAP 136,970 재돌파, 직전봉 고가 137,300 돌파",18.76,0.31,0.715,317.2,0.41,1,138400,137300,137600,,139300,136700
001820#1508-S20260911144100,001820,삼화콘덴서,VWAP눌림,FullAuto,2026-09-11 14:41:00,137500,시간외,진입 가능 시간 09:05~14:30 밖,,"VWAP 136,971 재돌파, 직전봉 고가 137,400 돌파",18.84,0.39,0.718,320.7,0.86,1,137800,138000,137300,,139300,136700
052690#1509-S20260911150000,052690,한전기술,종가베팅,FullAuto,2026-09-11 15:00:00,152400,진입,,,"종가베팅: 등락 +4.6%, 고저범위 82% 위치, VWAP 149,520 위",4.60,1.93,0.825,304.3,0.60,1,,,,,,
488280#1510-S20260911150000,488280,에스투더블유,종가베팅,FullAuto,2026-09-11 15:00:00,14990,진입,,,"종가베팅: 등락 +14.9%, 고저범위 87% 위치, VWAP 14,192 위",14.87,5.63,0.865,204.7,0.41,1,,,,,,
356680#1512-S20260914090515,356680,엑스게이트,ORB,FullAuto,2026-09-14 09:05:15,17800,진입,,,"ORB5 고가 17,760 돌파 (범위 9.4%)",10.83,2.91,1,78.6,1.74,1,,,,,,
356680#1512-S20260914091120,356680,엑스게이트,ORB,FullAuto,2026-09-14 09:11:20,17800,진입,,,"ORB5 고가 17,760 돌파 (범위 9.4%)",10.83,2.52,0.987,93.9,2.60,1,,,,,,
052710#1514-S20260914093940,052710,아모텍,ORB,FullAuto,2026-09-14 09:39:40,15930,진입,,,"ORB5 고가 15,900 돌파 (범위 6.6%)",5.29,0.06,0.570,140.3,1.31,1,,,,,,
014950#1517-S20260914140700,014950,삼익제약,VWAP눌림,FullAuto,2026-09-14 14:07:00,9100,진입,,,"VWAP 9,047 재돌파, 직전봉 고가 9,090 돌파",15.04,0.58,0.678,159.1,0.70,1,,,,,,
014950#1517-S20260914143400,014950,삼익제약,VWAP눌림,FullAuto,2026-09-14 14:34:00,9310,시간외,진입 가능 시간 09:05~14:30 밖,,"VWAP 9,166 재돌파, 직전봉 고가 9,280 돌파",17.70,1.57,0.756,155.5,0.41,1,9240,9020,9030,,9310,8950
014950#1517-S20260914143900,014950,삼익제약,VWAP눌림,FullAuto,2026-09-14 14:39:00,9240,시간외,진입 가능 시간 09:05~14:30 밖,,"VWAP 9,165 재돌파, 직전봉 고가 9,080 돌파",16.81,0.82,0.726,154.1,1.42,1,9020,9000,9110,,9310,8950
093370#1518-S20260914150000,093370,후성,종가베팅,FullAuto,2026-09-14 15:00:00,14130,진입,,,"종가베팅: 등락 +6.2%, 고저범위 94% 위치, VWAP 13,829 위",6.16,2.18,0.944,411.2,0.69,1,,,,,,
316140#1519-S20260914150002,316140,우리금융지주,종가베팅,FullAuto,2026-09-14 15:00:02,36700,진입,,,"종가베팅: 등락 +5.0%, 고저범위 89% 위치, VWAP 36,170 위",5.01,1.47,0.889,468.9,0.84,1,,,,,,
001820#1521-S20260915090520,001820,삼화콘덴서,ORB,FullAuto,2026-09-15 09:05:20,146800,진입,,,"ORB5 고가 146,700 돌파 (범위 6.8%)",6.69,2.28,1,414.7,3.55,1,,,,,,
017900#1522-S20260915090622,017900,광전자,ORB,FullAuto,2026-09-15 09:06:22,11380,진입,,,"ORB5 고가 11,350 돌파 (범위 6.0%)",10.81,2.87,0.971,132.1,1.60,1,,,,,,
014950#1520-S20260915091130,014950,삼익제약,ORB,FullAuto,2026-09-15 09:11:30,10790,진입,,,"ORB5 고가 10,700 돌파 (범위 9.2%)",13.82,4.77,1,160.8,3.42,1,,,,,,
001820#1521-S20260915092530,001820,삼화콘덴서,ORB,FullAuto,2026-09-15 09:25:30,147000,진입,,,"ORB5 고가 146,700 돌파 (범위 6.8%)",6.83,2.13,0.882,200.7,3.16,1,,,,,,
373220#1524-S20260915150000,373220,LG에너지솔루션,종가베팅,FullAuto,2026-09-15 15:00:00,368500,진입,,,"종가베팅: 등락 +5.0%, 고저범위 88% 위치, VWAP 362,056 위",4.99,1.78,0.875,433.2,0.99,1,,,,,,
086520#1523-S20260915150000,086520,에코프로,종가베팅,FullAuto,2026-09-15 15:00:00,84600,진입,,,"종가베팅: 등락 +5.4%, 고저범위 87% 위치, VWAP 83,212 위",5.35,1.67,0.870,629.9,0.84,1,,,,,,
069540#1527-S20260916090525,069540,빛과전자,ORB,FullAuto,2026-09-16 09:05:25,4510,진입,,,"ORB5 고가 4,500 돌파 (범위 9.8%)",9.07,3.54,1,235.9,1.29,1,,,,,,
062970#1525-S20260916090627,062970,한국첨단소재,ORB,FullAuto,2026-09-16 09:06:27,3745,진입,,,"ORB5 고가 3,705 돌파 (범위 7.1%)",11.46,4.28,1,116.6,1.83,1,,,,,,
072950#1526-S20260916091027,072950,빛샘전자,ORB,FullAuto,2026-09-16 09:10:27,11250,진입,,,"ORB5 고가 11,190 돌파 (범위 4.2%)",4.75,2.38,1,196.4,2.54,1,,,,,,
009150#1529-S20260916150000,009150,삼성전기,종가베팅,FullAuto,2026-09-16 15:00:00,1381500,차단,매수 가능 수량 0 (투입금/리스크/예수금 확인),,"종가베팅: 등락 +3.9%, 고저범위 99% 위치, VWAP 1,350,881 위",3.87,2.27,0.994,694.2,0.47,2,1378000,1380000,,,1383000,1375000
000990#1528-S20260916150000,000990,DB하이텍,종가베팅,FullAuto,2026-09-16 15:00:00,124300,진입,,,"종가베팅: 등락 +3.8%, 고저범위 98% 위치, VWAP 120,618 위",3.76,3.05,0.978,489.5,0.72,1,,,,,,
067310#1532-S20260917090522,067310,하나마이크론,ORB,FullAuto,2026-09-17 09:05:22,38400,진입,,,"ORB5 고가 38,300 돌파 (범위 7.7%)",8.02,2.84,1,226.5,2.38,1,,,,,,
067310#1532-S20260917091722,067310,하나마이크론,ORB,FullAuto,2026-09-17 09:17:22,38350,진입,,,"ORB5 고가 38,300 돌파 (범위 7.7%)",7.88,1.14,0.848,193.2,2.51,1,,,,,,
327260#1533-S20260917095427,327260,RF머트리얼즈,ORB,FullAuto,2026-09-17 09:54:27,48850,진입,,,"ORB5 고가 48,800 돌파 (범위 6.3%)",10.15,2.37,0.872,187.4,3.59,1,,,,,,
027360#1534-S20260917113500,027360,아주IB투자,VWAP눌림,FullAuto,2026-09-17 11:35:00,3840,진입,,,"VWAP 3,836 재돌파, 직전봉 고가 3,845 돌파",9.25,0.10,0.5,185.0,0.81,1,,,,,,
027360#1534-S20260917114700,027360,아주IB투자,VWAP눌림,FullAuto,2026-09-17 11:47:00,3845,진입,,,"VWAP 3,836 재돌파, 직전봉 고가 3,840 돌파",9.39,0.23,0.509,187.0,0.99,1,,,,,,
027360#1534-S20260917121800,027360,아주IB투자,VWAP눌림,FullAuto,2026-09-17 12:18:00,3870,진입,,,"VWAP 3,842 재돌파, 직전봉 고가 3,860 돌파",10.10,0.73,0.552,190.1,0.75,1,,,,,,
457370#1535-S20260917133400,457370,한켐,VWAP눌림,FullAuto,2026-09-17 13:34:00,10460,진입,,,"VWAP 10,386 재돌파, 직전봉 고가 10,400 돌파",8.51,0.71,0.620,156.6,5.21,1,,,,,,
005690#1539-S20260918090510,005690,파미셀,ORB,FullAuto,2026-09-18 09:05:10,12810,진입,,,"ORB5 고가 12,800 돌파 (범위 5.8%)",9.77,2.17,1,102.2,0.84,1,,,,,,
006340#1543-S20260918101800,006340,대원전선,VWAP눌림,FullAuto,2026-09-18 10:18:00,13970,진입,,,"VWAP 13,907 재돌파, 직전봉 고가 13,930 돌파",7.63,0.45,0.789,189.3,0.69,1,,,,,,
006340#1543-S20260918103300,006340,대원전선,VWAP눌림,FullAuto,2026-09-18 10:33:00,13920,진입,,,"VWAP 13,907 재돌파, 직전봉 고가 13,900 돌파",7.24,0.09,0.748,192.4,1.09,1,,,,,,
006340#1543-S20260918105000,006340,대원전선,VWAP눌림,FullAuto,2026-09-18 10:50:00,13910,진입,,,"VWAP 13,907 재돌파, 직전봉 고가 13,890 돌파",7.16,0.02,0.740,198.0,2.04,1,,,,,,
072950#1545-S20260918121300,072950,빛샘전자,VWAP눌림,FullAuto,2026-09-18 12:13:00,13780,진입,,,"VWAP 13,767 재돌파, 직전봉 고가 13,710 돌파",2.38,0.09,0.471,196.2,0.39,1,,,,,,
072950#1545-S20260918122600,072950,빛샘전자,VWAP눌림,FullAuto,2026-09-18 12:26:00,13780,진입,,,"VWAP 13,766 재돌파, 직전봉 고가 13,730 돌파",2.38,0.10,0.471,285.7,1.20,1,,,,,,
032820#1548-S20260921090515,032820,우리기술,ORB,FullAuto,2026-09-21 09:05:15,14790,진입,,,"ORB5 고가 14,780 돌파 (범위 6.6%)",5.87,2.59,1,140.1,1.51,1,,,,,,
001820#1547-S20260921090627,001820,삼화콘덴서,ORB,FullAuto,2026-09-21 09:06:27,154600,진입,,,"ORB5 고가 154,500 돌파 (범위 5.2%)",7.44,2.23,1,172.0,1.96,1,,,,,,
000990#1550-S20260921150000,000990,DB하이텍,종가베팅,FullAuto,2026-09-21 15:00:00,131800,진입,,,"종가베팅: 등락 +4.6%, 고저범위 93% 위치, VWAP 127,882 위",4.60,3.06,0.93,330.3,0.48,1,,,,,,
028260#1551-S20260921150000,028260,삼성물산,종가베팅,FullAuto,2026-09-21 15:00:00,368000,진입,,,"종가베팅: 등락 +4.2%, 고저범위 94% 위치, VWAP 364,776 위",4.25,0.88,0.939,438.5,1.17,1,,,,,,
222800#1554-S20260922090520,222800,심텍,ORB,FullAuto,2026-09-22 09:05:20,147300,진입,,,"ORB5 고가 147,200 돌파 (범위 6.4%)",11.93,2.48,1,282.5,1.85,1,,,,,,
001820#1552-S20260922090525,001820,삼화콘덴서,ORB,FullAuto,2026-09-22 09:05:25,157100,진입,,,"ORB5 고가 156,800 돌파 (범위 4.5%)",7.38,2.60,1,280.6,1.77,1,,,,,,
353200#1553-S20260922090627,353200,대덕전자,ORB,FullAuto,2026-09-22 09:06:27,116800,진입,,,"ORB5 고가 116,500 돌파 (범위 6.1%)",13.51,2.25,1,165.9,1.39,1,,,,,,
353200#1553-S20260922092927,353200,대덕전자,ORB,FullAuto,2026-09-22 09:29:27,116600,진입,,,"ORB5 고가 116,500 돌파 (범위 6.1%)",13.31,0.72,0.747,185.4,1.25,1,,,,,,
353200#1553-S20260922104827,353200,대덕전자,ORB,FullAuto,2026-09-22 10:48:27,116600,진입,,,"ORB5 고가 116,500 돌파 (범위 6.1%)",13.31,0.08,0.624,234.8,3.90,1,,,,,,
232140#1555-S20260922112300,232140,와이씨,VWAP눌림,FullAuto,2026-09-22 11:23:00,14900,진입,,,"VWAP 14,841 재돌파, 직전봉 고가 14,860 돌파",4.27,0.40,0.601,195.2,0.66,1,,,,,,
232140#1555-S20260922113900,232140,와이씨,VWAP눌림,FullAuto,2026-09-22 11:39:00,14840,진입,,,"VWAP 14,840 재돌파, 직전봉 고가 14,820 돌파",3.85,0.00,0.564,196.5,0.43,1,,,,,,
058470#1556-S20260922150000,058470,리노공업,종가베팅,FullAuto,2026-09-22 15:00:00,76200,진입,,,"종가베팅: 등락 +8.2%, 고저범위 89% 위치, VWAP 74,216 위",8.24,2.67,0.894,293.0,1.13,1,,,,,,
093370#1558-S20260923090525,093370,후성,ORB,FullAuto,2026-09-23 09:05:25,14740,진입,,,"ORB5 고가 14,730 돌파 (범위 7.1%)",8.54,2.23,1,208.3,1.71,1,,,,,,
356680#1557-S20260923090530,356680,엑스게이트,ORB,FullAuto,2026-09-23 09:05:30,18900,진입,,,"ORB5 고가 18,830 돌파 (범위 7.6%)",12.90,3.09,1,135.8,1.33,1,,,,,,
319660#1560-S20260923150000,319660,피에스케이,종가베팅,FullAuto,2026-09-23 15:00:00,144000,진입,,,"종가베팅: 등락 +9.2%, 고저범위 94% 위치, VWAP 140,144 위",9.17,2.75,0.942,341.6,0.98,1,,,,,,
007660#1561-S20260923150030,007660,이수페타시스,종가베팅,FullAuto,2026-09-23 15:00:30,118300,진입,,,"종가베팅: 등락 +4.2%, 고저범위 75% 위치, VWAP 117,722 위",4.23,0.49,0.754,428.3,1.71,1,,,,,,
