매수시각,매도시각,종목코드,종목명,전략,수량,매수평균,매도평균,순손익,수익률%,R,진입근거,청산사유
2026-01-02 10:23,2026-01-02 10:25,123690,한국화장품,VWAP눌림,181,11010,11219.89,33328,1.672,2.05,"VWAP 11,001 재돌파, 직전봉 고가 10,990 돌파","트레일링 (11,200)"
2026-01-02 10:23,2026-01-02 10:38,352820,하이브,VWAP눌림,4,347000,343000,-19157,-1.380,-1.20,"VWAP 343,099 재돌파, 직전봉 고가 346,000 돌파","손절 (343,000)"
2026-01-02 10:51,2026-01-02 11:18,123690,한국화장품,VWAP눌림,86,11080,11320,18406,1.932,0.97,"VWAP 11,028 재돌파, 직전봉 고가 10,950 돌파","트레일링 (11,320)"
2026-01-02 11:33,2026-01-02 11:33,123690,한국화장품,VWAP눌림,179,11150,11176.98,230,0.012,0.03,"VWAP 11,120 재돌파, 직전봉 고가 11,140 돌파","본절 (11,180)"
2026-01-02 11:46,2026-01-02 12:05,352820,하이브,VWAP눌림,5,345000,343000,-13945,-0.808,-1.39,"VWAP 343,285 재돌파, 직전봉 고가 344,000 돌파","손절 (343,000)"
2026-01-02 12:03,2026-01-02 12:24,274090,켄코아에어로스페이스,VWAP눌림,90,19450,19220,-24680,-1.410,-1.31,"VWAP 19,308 재돌파, 직전봉 고가 19,410 돌파","손절 (19,240)"
2026-01-02 12:11,2026-01-02 12:25,352820,하이브,VWAP눌림,5,344250,342500,-12689,-0.737,-1.45,"VWAP 343,375 재돌파, 직전봉 고가 344,000 돌파","손절 (342,500)"
2026-01-02 13:37,2026-01-02 13:41,274090,켄코아에어로스페이스,VWAP눌림,76,19310,19060,-22334,-1.522,-1.18,"VWAP 19,271 재돌파, 직전봉 고가 19,200 돌파","손절 (19,060)"
2026-01-02 15:00,2026-01-05 09:01,005930,삼성전자,종가베팅,5,128150,134600,30708,4.793,1.60,"종가베팅: 등락 +6.4%, 고저범위 99% 위치, VWAP 124,518 위",목표 익절 +5%
2026-01-05 09:05,2026-01-05 09:10,042700,한미반도체,ORB,8,158500,156100,-22074,-1.741,-1.20,"ORB5 고가 158,400 돌파 (범위 3.4%)","손절 (156,200)"
2026-01-05 09:05,2026-01-05 09:18,034020,두산에너빌리티,ORB,15,80100,80500,3224,0.268,0.18,"ORB5 고가 80,000 돌파 (범위 5.1%)","트레일링 (80,500)"
2026-01-05 09:19,2026-01-05 09:25,042700,한미반도체,ORB,8,158500,161050,17442,1.376,0.95,"ORB5 고가 158,400 돌파 (범위 3.4%)","트레일링 (160,600)"
2026-01-05 09:35,2026-01-05 09:39,042700,한미반도체,ORB,8,158600,156300,-21277,-1.677,-1.16,"ORB5 고가 158,400 돌파 (범위 3.4%)","손절 (156,300)"
2026-01-05 10:34,2026-01-05 10:34,190510,나무가,VWAP눌림,103,19330,19220,-15883,-0.798,-1.40,"VWAP 19,309 재돌파, 직전봉 고가 19,310 돌파","손절 (19,220)"
2026-01-05 10:46,2026-01-05 10:48,190510,나무가,VWAP눌림,103,19330,19951.94,59346,2.981,6.40,"VWAP 19,309 재돌파, 직전봉 고가 19,310 돌파",목표 익절 +4.0%
2026-01-05 11:34,2026-01-05 11:40,190510,나무가,VWAP눌림,94,19590,19390.00,-22994,-1.249,-1.22,"VWAP 19,503 재돌파, 직전봉 고가 19,520 돌파","손절 (19,390)"
2026-01-05 11:52,2026-01-05 12:00,464080,에스오에스랩,VWAP눌림,73,16350,16857.40,34218,2.867,1.80,"VWAP 16,133 재돌파, 직전봉 고가 16,140 돌파",목표 익절 +4.0%
2026-01-05 15:00,2026-01-06 09:03,010120,LS ELECTRIC,종가베팅,6,101500,98300,-20558,-3.376,-1.14,"종가베팅: 등락 +3.2%, 고저범위 88% 위치, VWAP 100,357 위","손절 (98,500)"
2026-01-05 15:00,2026-01-06 09:04,042700,한미반도체,종가베팅,3,166000,172733.33,19015,3.818,1.29,"종가베팅: 등락 +13.8%, 고저범위 98% 위치, VWAP 159,782 위",목표 익절 +5%
2026-01-06 09:06,2026-01-06 09:08,307950,현대오토에버,ORB,3,350500,357333.33,18039,1.716,1.20,"ORB5 고가 350,000 돌파 (범위 7.2%)","트레일링 (357,500)"
2026-01-06 09:16,2026-01-06 09:18,012330,현대모비스,ORB,2,385500,378000,-16740,-2.171,-1.20,"ORB5 고가 385,000 돌파 (범위 1.6%)","손절 (378,500)"
2026-01-06 09:20,2026-01-06 09:23,307950,현대오토에버,ORB,3,351500,346500,-17392,-1.649,-1.16,"ORB5 고가 350,000 돌파 (범위 7.2%)","손절 (346,500)"
2026-01-06 12:43,2026-01-06 13:30,047810,한국항공우주,VWAP눌림,14,135100,135800,5430,0.287,0.48,"VWAP 134,266 재돌파, 직전봉 고가 134,900 돌파","트레일링 (135,800)"
2026-01-06 14:09,2026-01-06 14:50,047810,한국항공우주,VWAP눌림,14,135500,135500,-4362,-0.230,-0.39,"VWAP 134,481 재돌파, 직전봉 고가 135,400 돌파",장마감 강제청산
2026-01-06 15:00,2026-01-07 09:01,042700,한미반도체,종가베팅,3,180600,194200,39467,7.284,2.44,"종가베팅: 등락 +3.8%, 고저범위 96% 위치, VWAP 175,492 위",목표 익절 +5%
2026-01-06 15:00,2026-01-07 09:01,403870,HPSP,종가베팅,16,38350,36250,-34939,-5.694,-1.90,"종가베팅: 등락 +9.4%, 고저범위 88% 위치, VWAP 37,003 위","손절 (37,200)"
2026-01-07 09:05,2026-01-07 09:07,006140,피제이전자,ORB,154,8340,8625,40845,3.180,2.21,"ORB5 고가 8,310 돌파 (범위 7.9%)",목표 익절 +4.0%
2026-01-07 10:23,2026-01-07 10:40,454910,두산로보틱스,VWAP눌림,23,86500,86700,15,0.001,0.00,"VWAP 86,410 재돌파, 직전봉 고가 86,500 돌파","본절 (86,700)"
2026-01-07 10:49,2026-01-07 11:24,454910,두산로보틱스,VWAP눌림,22,86900,87200,2191,0.115,0.12,"VWAP 86,451 재돌파, 직전봉 고가 86,500 돌파","본절 (87,200)"
2026-01-07 13:08,2026-01-07 13:09,006140,피제이전자,ORB,154,8350,8380.0,1654,0.129,0.09,"ORB5 고가 8,310 돌파 (범위 7.9%)","트레일링 (8,390)"
2026-01-07 13:36,2026-01-07 13:36,006140,피제이전자,ORB,154,8330,8160.0,-29073,-2.266,-1.57,"ORB5 고가 8,310 돌파 (범위 7.9%)","손절 (8,210)"
2026-01-07 13:37,2026-01-07 13:41,123690,한국화장품,VWAP눌림,58,11930,11990,1883,0.272,0.10,"VWAP 11,807 재돌파, 직전봉 고가 11,840 돌파","트레일링 (12,000)"
2026-01-07 13:55,2026-01-07 13:55,123690,한국화장품,VWAP눌림,111,11810,11640,-21843,-1.666,-1.16,"VWAP 11,783 재돌파, 직전봉 고가 11,570 돌파","손절 (11,640)"
2026-01-08 09:06,2026-01-08 09:09,012450,한화에어로스페이스,ORB,1,1070000,1073000,534,0.050,0.03,"ORB5 고가 1,068,000 돌파 (범위 4.2%)","본절 (1,073,000)"
2026-01-07 15:00,2026-01-08 09:14,249420,일동제약,종가베팅,15,42950,42680,-5521,-0.857,-0.29,"종가베팅: 등락 +10.4%, 고저범위 97% 위치, VWAP 41,389 위","손절 (41,700)"
2026-01-07 15:00,2026-01-08 10:00,226950,올릭스,종가베팅,4,158200,157500,-4248,-0.671,-0.23,"종가베팅: 등락 +7.1%, 고저범위 92% 위치, VWAP 155,492 위",익일 청산 시각 10:00
2026-01-08 10:16,2026-01-08 10:22,042700,한미반도체,VWAP눌림,10,196200,196700.00,477,0.024,0.04,"VWAP 194,670 재돌파, 직전봉 고가 195,900 돌파","본절 (196,700)"
2026-01-08 15:00,2026-01-09 09:01,036930,주성엔지니어링,종가베팅,18,35050,33850,-23003,-3.646,-1.22,"종가베팅: 등락 +13.1%, 고저범위 84% 위치, VWAP 34,635 위","손절 (34,000)"
2026-01-09 09:05,2026-01-09 09:10,234030,싸이닉솔루션,ORB,117,10980,11179.66,20358,1.585,1.09,"ORB5 고가 10,970 돌파 (범위 8.6%)","트레일링 (11,140)"
2026-01-09 09:06,2026-01-09 09:13,103140,풍산,ORB,5,122700,119200.00,-18873,-3.076,-1.08,"ORB5 고가 122,500 돌파 (범위 2.7%)","손절 (119,200)"
2026-01-08 15:00,2026-01-09 09:51,347850,디앤디파마텍,종가베팅,6,108200,104900,-21249,-3.273,-1.11,"종가베팅: 등락 +9.3%, 고저범위 91% 위치, VWAP 104,011 위","손절 (105,000)"
2026-01-09 14:12,2026-01-09 14:18,000880,한화,VWAP눌림,18,109846,109300,-14353,-0.726,-1.46,"VWAP 109,625 재돌파, 직전봉 고가 109,800 돌파","손절 (109,300)"
2026-01-09 14:27,2026-01-09 14:35,000880,한화,VWAP눌림,18,109706,109005,-17132,-0.868,-1.57,"VWAP 109,621 재돌파, 직전봉 고가 109,400 돌파","손절 (109,100)"
2026-01-09 15:05,2026-01-12 09:04,000270,기아,종가베팅,4,133300,135550,7759,1.455,0.48,"종가베팅: 등락 +7.0%, 고저범위 96% 위치, VWAP 129,397 위","트레일링 (135,400)"
2026-01-12 09:06,2026-01-12 09:09,000720,현대건설,ORB,15,81500,82666.67,14654,1.199,0.81,"ORB5 고가 81,200 돌파 (범위 4.2%)","트레일링 (82,300)"
2026-01-12 09:06,2026-01-12 09:10,034020,두산에너빌리티,ORB,14,89700,88400,-21048,-1.676,-1.16,"ORB5 고가 89,600 돌파 (범위 3.0%)","손절 (88,400)"
2026-01-09 15:05,2026-01-12 09:22,011210,현대위아,종가베팅,7,92000,89300.00,-20339,-3.158,-1.08,"종가베팅: 등락 +10.2%, 고저범위 88% 위치, VWAP 87,838 위","손절 (89,300)"
2026-01-12 12:53,2026-01-12 13:26,042660,한화오션,VWAP눌림,13,144800,145200,860,0.046,0.06,"VWAP 143,966 재돌파, 직전봉 고가 144,300 돌파","본절 (145,200)"
2026-01-13 09:05,2026-01-13 09:05,101490,에스앤에스텍,ORB,18,69700,68500,-24438,-1.948,-1.36,"ORB5 고가 69,600 돌파 (범위 8.6%)","손절 (68,700)"
2026-01-13 09:05,2026-01-13 09:07,307950,현대오토에버,ORB,2,503000,518500,28621,2.845,2.04,"ORB5 고가 501,000 돌파 (범위 3.7%)",목표 익절 +4.0%
2026-01-12 15:00,2026-01-13 10:00,000720,현대건설,종가베팅,7,89900,88500,-11225,-1.784,-0.62,"종가베팅: 등락 +18.0%, 고저범위 81% 위치, VWAP 87,335 위",익일 청산 시각 10:00
2026-01-12 15:04,2026-01-13 10:00,373220,LG에너지솔루션,종가베팅,1,376500,392250,14852,3.945,1.35,"종가베팅: 등락 +3.6%, 고저범위 82% 위치, VWAP 375,118 위",익일 청산 시각 10:00
2026-01-13 11:41,2026-01-13 11:49,012330,현대모비스,VWAP눌림,4,447000,443500.00,-18082,-1.011,-1.29,"VWAP 444,714 재돌파, 직전봉 고가 445,000 돌파","손절 (443,500)"
2026-01-13 11:56,2026-01-13 12:16,012330,현대모비스,VWAP눌림,3,445500,443500,-9060,-0.678,-0.60,"VWAP 444,694 재돌파, 직전봉 고가 444,000 돌파",타임스탑 20분
2026-01-13 12:40,2026-01-13 12:42,012330,현대모비스,VWAP눌림,4,445000,442500,-14072,-0.791,-1.41,"VWAP 444,650 재돌파, 직전봉 고가 444,000 돌파","손절 (442,500)"
2026-01-13 15:00,2026-01-14 09:04,042660,한화오션,종가베팅,4,149400,145000,-18936,-3.169,-1.08,"종가베팅: 등락 +3.8%, 고저범위 93% 위치, VWAP 147,698 위","손절 (145,000)"
2026-01-14 09:05,2026-01-14 09:06,066570,LG전자,ORB,13,96700,95300.00,-21050,-1.674,-1.16,"ORB5 고가 96,500 돌파 (범위 5.5%)","손절 (95,300)"
2026-01-14 09:05,2026-01-14 09:06,000990,DB하이텍,ORB,15,81200,83706.67,34720,2.851,1.93,"ORB5 고가 81,000 돌파 (범위 5.2%)",목표 익절 +4.0%
2026-01-14 09:06,2026-01-14 09:07,042700,한미반도체,ORB,7,185500,182600,-23241,-1.790,-1.23,"ORB5 고가 185,300 돌파 (범위 4.7%)","손절 (182,800)"
2026-01-13 15:00,2026-01-14 09:09,030530,원익홀딩스,종가베팅,15,43000,41750,-20191,-3.130,-1.08,"종가베팅: 등락 +9.6%, 고저범위 95% 위치, VWAP 41,807 위","손절 (41,750)"
2026-01-14 15:00,2026-01-15 09:01,388210,씨엠티엑스,종가베팅,5,114800,111000,-20279,-3.533,-1.19,"종가베팅: 등락 +13.7%, 고저범위 85% 위치, VWAP 111,605 위","손절 (111,400)"
2026-01-15 09:06,2026-01-15 09:10,000880,한화,ORB,5,157900,154100,-20774,-2.631,-1.09,"ORB5 고가 157,746 돌파 (범위 2.3%)","손절 (154,100)"
2026-01-15 09:29,2026-01-15 09:31,000880,한화,ORB,4,158106,160396.5,7691,1.216,0.48,"ORB5 고가 157,746 돌파 (범위 2.3%)","트레일링 (159,500)"
2026-01-15 09:07,2026-01-15 10:17,007660,이수페타시스,ORB,10,121600,119800,-20757,-1.707,-1.15,"ORB5 고가 121,400 돌파 (범위 3.5%)","손절 (119,800)"
2026-01-15 15:00,2026-01-16 09:05,000720,현대건설,종가베팅,6,98900,100600.0,8816,1.486,0.51,"종가베팅: 등락 +5.1%, 고저범위 98% 위치, VWAP 96,504 위","트레일링 (100,500)"
2026-01-16 09:36,2026-01-16 09:42,022100,포스코DX,ORB,30,42450,41800.0,-22387,-1.758,-1.24,"ORB5 고가 42,350 돌파 (범위 3.8%)","손절 (41,850)"
2026-01-16 09:44,2026-01-16 09:47,200880,서연이화,ORB,78,16300,16600,20429,1.607,1.09,"ORB5 고가 16,290 돌파 (범위 4.5%)","트레일링 (16,570)"
2026-01-16 09:54,2026-01-16 09:58,022100,포스코DX,ORB,30,42400,41800,-20886,-1.642,-1.16,"ORB5 고가 42,350 돌파 (범위 3.8%)","손절 (41,800)"
2026-01-15 15:00,2026-01-16 10:00,005930,삼성전자,종가베팅,4,143800,146875,10953,1.904,0.64,"종가베팅: 등락 +3.1%, 고저범위 96% 위치, VWAP 141,223 위",익일 청산 시각 10:00
2026-01-16 11:30,2026-01-16 11:48,052690,한전기술,ORB,10,122600,126250,33605,2.741,1.87,"ORB5 고가 122,500 돌파 (범위 7.1%)",목표 익절 +4.0%
2026-01-16 13:47,2026-01-16 13:48,101330,모베이스,VWAP눌림,162,7960,7840,-22363,-1.734,-1.25,"VWAP 7,821 재돌파, 직전봉 고가 7,830 돌파","손절 (7,850)"
2026-01-16 14:02,2026-01-16 14:06,101330,모베이스,VWAP눌림,122,7910,7750,-21696,-2.248,-1.19,"VWAP 7,811 재돌파, 직전봉 고가 7,860 돌파","손절 (7,760)"
2026-01-16 15:00,2026-01-19 09:03,032820,우리기술,종가베팅,134,4745,5610,114200,17.961,6.09,"종가베팅: 등락 +17.6%, 고저범위 78% 위치, VWAP 4,592 위",목표 익절 +5%
2026-01-19 09:06,2026-01-19 09:07,454910,두산로보틱스,ORB,12,100600,100900,817,0.068,0.05,"ORB5 고가 100,300 돌파 (범위 7.2%)","트레일링 (101,100)"
2026-01-19 09:05,2026-01-19 09:08,005380,현대차,ORB,2,439500,441000,973,0.111,0.07,"ORB5 고가 439,000 돌파 (범위 4.6%)","본절 (441,000)"
2026-01-19 09:07,2026-01-19 09:09,456160,지투지바이오,ORB,15,86500,86900,3004,0.232,0.17,"ORB5 고가 86,300 돌파 (범위 4.6%)","트레일링 (86,900)"
2026-01-19 15:00,2026-01-20 09:01,005380,현대차,종가베팅,1,476000,490000,12876,2.705,0.92,"종가베팅: 등락 +14.4%, 고저범위 84% 위치, VWAP 460,332 위","트레일링 (491,000)"
2026-01-19 15:00,2026-01-20 09:03,454910,두산로보틱스,종가베팅,5,107100,123100,78597,14.677,4.91,"종가베팅: 등락 +18.5%, 고저범위 78% 위치, VWAP 106,237 위",목표 익절 +5%
2026-01-20 09:05,2026-01-20 09:06,022100,포스코DX,ORB,28,44900,44150.0,-23845,-1.897,-1.31,"ORB5 고가 44,850 돌파 (범위 2.9%)","손절 (44,250)"
2026-01-20 09:05,2026-01-20 09:06,457190,이수스페셜티케미컬,ORB,15,84200,84400,90,0.007,0.00,"ORB5 고가 84,000 돌파 (범위 6.3%)","본절 (84,400)"
2026-01-20 10:30,2026-01-20 10:53,052690,한전기술,VWAP눌림,14,139100,143250,53499,2.747,3.18,"VWAP 138,402 재돌파, 직전봉 고가 138,700 돌파",목표 익절 +4.0%
2026-01-20 11:00,2026-01-20 11:11,457190,이수스페셜티케미컬,ORB,15,84100,82900,-20862,-1.654,-1.16,"ORB5 고가 84,000 돌파 (범위 6.3%)","손절 (82,900)"
2026-01-21 09:11,2026-01-21 09:12,006910,보성파워텍,ORB,142,8870,8740,-21316,-1.692,-1.15,"ORB5 고가 8,850 돌파 (범위 6.6%)","손절 (8,740)"
2026-01-21 09:06,2026-01-21 09:13,257720,실리콘투,ORB,28,45500,46425,22917,1.799,1.26,"ORB5 고가 45,450 돌파 (범위 5.7%)","트레일링 (46,400)"
2026-01-20 15:00,2026-01-21 09:16,005490,POSCO홀딩스,종가베팅,1,357000,346500,-11297,-3.164,-1.08,"종가베팅: 등락 +3.3%, 고저범위 96% 위치, VWAP 352,361 위","손절 (346,500)"
2026-01-21 09:14,2026-01-21 09:17,032820,우리기술,ORB,132,9430,9290,-21301,-1.711,-1.15,"ORB5 고가 9,420 돌파 (범위 9.7%)","손절 (9,290)"
2026-01-21 09:18,2026-01-21 09:19,006910,보성파워텍,ORB,142,8880,8910,1352,0.107,0.07,"ORB5 고가 8,850 돌파 (범위 6.6%)","본절 (8,910)"
2026-01-21 09:50,2026-01-21 09:53,032820,우리기술,ORB,132,9430,9290,-21301,-1.711,-1.15,"ORB5 고가 9,420 돌파 (범위 9.7%)","손절 (9,290)"
2026-01-21 09:50,2026-01-21 09:54,006910,보성파워텍,ORB,142,8860,8720,-22729,-1.807,-1.23,"ORB5 고가 8,850 돌파 (범위 6.6%)","손절 (8,730)"
2026-01-20 15:04,2026-01-21 09:55,015760,한국전력,종가베팅,9,66700,67666.67,7302,1.216,0.41,"종가베팅: 등락 +18.7%, 고저범위 95% 위치, VWAP 62,808 위","트레일링 (67,400)"
2026-01-21 10:04,2026-01-21 10:24,257720,실리콘투,ORB,28,45500,44950,-18296,-1.436,-1.01,"ORB5 고가 45,450 돌파 (범위 5.7%)",타임스탑 20분
2026-01-21 11:06,2026-01-21 11:23,015760,한국전력,VWAP눌림,24,67900,68750,16611,1.019,0.99,"VWAP 67,385 재돌파, 직전봉 고가 67,700 돌파","트레일링 (68,400)"
2026-01-21 11:30,2026-01-21 11:35,015760,한국전력,VWAP눌림,29,67900,67400,-18997,-0.965,-1.31,"VWAP 67,476 재돌파, 직전봉 고가 67,800 돌파","손절 (67,400)"
2026-01-21 11:38,2026-01-21 11:39,056080,유진로봇,VWAP눌림,36,34950,35400,13273,1.055,0.74,"VWAP 34,643 재돌파, 직전봉 고가 34,600 돌파","트레일링 (35,250)"
2026-01-21 11:44,2026-01-21 12:04,015760,한국전력,VWAP눌림,19,68300,68500,808,0.062,0.05,"VWAP 67,486 재돌파, 직전봉 고가 67,900 돌파",타임스탑 20분
2026-01-21 12:07,2026-01-21 12:20,012330,현대모비스,VWAP눌림,4,470750,472000,659,0.035,0.06,"VWAP 468,901 재돌파, 직전봉 고가 470,000 돌파","본절 (472,000)"
2026-01-21 11:56,2026-01-21 12:31,257720,실리콘투,ORB,28,45500,46875,35490,2.786,1.95,"ORB5 고가 45,450 돌파 (범위 5.7%)",목표 익절 +4.0%
2026-01-21 11:51,2026-01-21 12:49,056080,유진로봇,VWAP눌림,23,35150,35693.48,10617,1.313,0.58,"VWAP 34,662 재돌파, 직전봉 고가 35,050 돌파","트레일링 (35,550)"
2026-01-21 13:01,2026-01-21 13:03,012330,현대모비스,VWAP눌림,4,472500,474000,1641,0.087,0.16,"VWAP 469,252 재돌파, 직전봉 고가 471,500 돌파","본절 (474,000)"
2026-01-21 14:07,2026-01-21 14:11,056080,유진로봇,VWAP눌림,36,35100,34600,-20866,-1.651,-1.16,"VWAP 34,809 재돌파, 직전봉 고가 34,950 돌파","손절 (34,600)"
2026-01-22 09:05,2026-01-22 09:06,215100,로보로보,ORB,90,14270,14555.00,22644,1.763,1.20,"ORB5 고가 14,250 돌파 (범위 5.6%)","트레일링 (14,470)"
2026-01-21 15:00,2026-01-22 09:09,005930,삼성전자,종가베팅,4,149200,155850,25173,4.218,1.43,"종가베팅: 등락 +4.6%, 고저범위 91% 위치, VWAP 147,477 위",목표 익절 +5%
2026-01-21 15:00,2026-01-22 09:25,066570,LG전자,종가베팅,6,109700,106500,-20671,-3.141,-1.08,"종가베팅: 등락 +7.8%, 고저범위 91% 위치, VWAP 105,507 위","손절 (106,500)"
2026-01-22 12:38,2026-01-22 12:45,114190,강원에너지,VWAP눌림,99,16000,15800,-23399,-1.477,-1.24,"VWAP 15,774 재돌파, 직전봉 고가 15,890 돌파","손절 (15,810)"
2026-01-22 12:52,2026-01-22 12:55,114190,강원에너지,VWAP눌림,126,15800,15830,-806,-0.040,-0.05,"VWAP 15,775 재돌파, 직전봉 고가 15,760 돌파","본절 (15,840)"
2026-01-22 13:02,2026-01-22 13:05,114190,강원에너지,VWAP눌림,99,15820,15610,-24345,-1.554,-1.29,"VWAP 15,775 재돌파, 직전봉 고가 15,730 돌파","손절 (15,630)"
2026-01-22 13:44,2026-01-22 13:48,298830,슈어소프트테크,VWAP눌림,165,9950,9840,-21886,-1.333,-1.21,"VWAP 9,867 재돌파, 직전봉 고가 9,920 돌파","손절 (9,840)"
2026-01-22 14:19,2026-01-22 14:23,215100,로보로보,ORB,90,14280,14070,-21813,-1.697,-1.15,"ORB5 고가 14,250 돌파 (범위 5.6%)","손절 (14,070)"
2026-01-23 09:05,2026-01-23 09:05,005490,POSCO홀딩스,ORB,3,389500,384000,-19151,-1.639,-1.16,"ORB5 고가 389,000 돌파 (범위 6.0%)","손절 (384,000)"
2026-01-23 09:05,2026-01-23 09:06,000250,삼천당제약,ORB,3,347000,347500.00,-897,-0.086,-0.06,"ORB5 고가 346,000 돌파 (범위 7.5%)","트레일링 (348,500)"
2026-01-22 15:00,2026-01-23 09:10,066970,엘앤에프,종가베팅,5,126600,122600,-21411,-3.382,-1.13,"종가베팅: 등락 +13.0%, 고저범위 97% 위치, VWAP 122,059 위","손절 (122,800)"
2026-01-23 09:07,2026-01-23 09:13,064260,다날,ORB,179,7310,7210,-20870,-1.595,-1.17,"ORB5 고가 7,300 돌파 (범위 5.6%)","손절 (7,210)"
2026-01-22 15:00,2026-01-23 09:58,007660,이수페타시스,종가베팅,5,113600,116340,12366,2.177,0.73,"종가베팅: 등락 +5.1%, 고저범위 91% 위치, VWAP 110,173 위","트레일링 (116,700)"
2026-01-23 10:52,2026-01-23 11:00,000250,삼천당제약,ORB,3,346500,347500,604,0.058,0.04,"ORB5 고가 346,000 돌파 (범위 7.5%)","본절 (347,500)"
2026-01-23 15:00,2026-01-26 09:01,006800,미래에셋증권,종가베팅,18,34850,33555,-24701,-3.938,-1.37,"종가베팅: 등락 +15.7%, 고저범위 88% 위치, VWAP 33,359 위","손절 (33,850)"
2026-01-23 15:00,2026-01-26 09:02,007660,이수페타시스,종가베팅,5,119900,116300,-19339,-3.226,-1.11,"종가베팅: 등락 +5.9%, 고저범위 90% 위치, VWAP 117,816 위","손절 (116,400)"
2026-01-26 09:05,2026-01-26 09:06,247540,에코프로비엠,ORB,7,180600,177500,-24560,-1.943,-1.30,"ORB5 고가 180,521 돌파 (범위 3.0%)","손절 (177,900)"
2026-01-26 09:05,2026-01-26 09:08,032820,우리기술,ORB,163,7760,7770,-1281,-0.101,-0.07,"ORB5 고가 7,730 돌파 (범위 7.8%)","트레일링 (7,790)"
2026-01-26 09:51,2026-01-26 09:55,032820,우리기술,ORB,163,7740,7760.00,353,0.028,0.02,"ORB5 고가 7,730 돌파 (범위 7.8%)","본절 (7,760)"
2026-01-26 10:12,2026-01-26 10:24,032820,우리기술,ORB,163,7750,7770,349,0.028,0.02,"ORB5 고가 7,730 돌파 (범위 7.8%)","본절 (7,770)"
2026-01-26 10:20,2026-01-26 10:27,064260,다날,VWAP눌림,140,9680,9730,3869,0.285,0.21,"VWAP 9,633 재돌파, 직전봉 고가 9,640 돌파","트레일링 (9,740)"
2026-01-26 10:40,2026-01-26 10:42,064260,다날,VWAP눌림,178,9680,9580,-21723,-1.261,-1.22,"VWAP 9,644 재돌파, 직전봉 고가 9,620 돌파","손절 (9,580)"
2026-01-26 10:58,2026-01-26 11:04,064260,다날,VWAP눌림,93,9690,10016.24,28205,3.130,1.52,"VWAP 9,637 재돌파, 직전봉 고가 9,580 돌파",목표 익절 +4.0%
2026-01-26 15:00,2026-01-27 09:06,058470,리노공업,종가베팅,8,75200,77800,19373,3.220,1.10,"종가베팅: 등락 +9.0%, 고저범위 83% 위치, VWAP 73,787 위",목표 익절 +5%
2026-01-26 15:00,2026-01-27 09:09,347850,디앤디파마텍,종가베팅,6,96900,98350,7347,1.264,0.42,"종가베팅: 등락 +12.9%, 고저범위 95% 위치, VWAP 94,119 위","트레일링 (98,400)"
2026-01-27 09:07,2026-01-27 09:10,388720,유일로보틱스,ORB,8,145100,146100,5314,0.458,0.32,"ORB5 고가 145,000 돌파 (범위 6.4%)","트레일링 (146,100)"
2026-01-27 13:00,2026-01-27 13:05,058470,리노공업,VWAP눌림,24,81200,80500,-21245,-1.090,-1.26,"VWAP 81,152 재돌파, 직전봉 고가 81,000 돌파","손절 (80,500)"
2026-01-27 13:26,2026-01-27 13:46,058470,리노공업,VWAP눌림,21,81500,80800,-18603,-1.087,-1.11,"VWAP 81,145 재돌파, 직전봉 고가 81,100 돌파",타임스탑 20분
2026-01-27 13:55,2026-01-27 13:56,058470,리노공업,VWAP눌림,24,81800,81200,-18883,-0.962,-1.31,"VWAP 81,149 재돌파, 직전봉 고가 81,600 돌파","손절 (81,200)"
2026-01-27 13:59,2026-01-27 14:19,010120,LS ELECTRIC,VWAP눌림,18,108500,108500,-4490,-0.230,-0.31,"VWAP 107,478 재돌파, 직전봉 고가 108,200 돌파",타임스탑 20분
2026-01-27 15:00,2026-01-28 09:05,042700,한미반도체,종가베팅,3,175700,180066.67,11862,2.250,0.76,"종가베팅: 등락 +3.4%, 고저범위 98% 위치, VWAP 171,123 위","트레일링 (179,300)"
2026-01-28 09:05,2026-01-28 09:11,403870,HPSP,ORB,20,39300,39875.00,9670,1.230,0.54,"ORB5 고가 39,200 돌파 (범위 2.0%)","트레일링 (39,650)"
2026-01-28 09:11,2026-01-28 09:14,007660,이수페타시스,ORB,10,126100,126300,-904,-0.072,-0.05,"ORB5 고가 126,000 돌파 (범위 3.1%)","본절 (126,400)"
2026-01-28 09:05,2026-01-28 09:15,373220,LG에너지솔루션,ORB,2,441000,443000,1964,0.223,0.15,"ORB5 고가 440,500 돌파 (범위 4.5%)","트레일링 (443,500)"
2026-01-27 15:00,2026-01-28 09:25,005930,삼성전자,종가베팅,4,158650,161400,9520,1.500,0.50,"종가베팅: 등락 +4.1%, 고저범위 97% 위치, VWAP 154,462 위","트레일링 (160,200)"
2026-01-28 15:02,2026-01-29 09:02,450080,에코프로머티,종가베팅,8,75000,77200,16183,2.697,0.92,"종가베팅: 등락 +15.9%, 고저범위 83% 위치, VWAP 72,455 위","트레일링 (77,200)"
2026-01-28 15:00,2026-01-29 09:05,005490,POSCO홀딩스,종가베팅,1,379500,368500,-11848,-3.122,-1.08,"종가베팅: 등락 +5.3%, 고저범위 83% 위치, VWAP 370,426 위","손절 (368,500)"
2026-01-29 10:18,2026-01-29 10:19,083650,비에이치아이,VWAP눌림,19,78000,77100,-20470,-1.381,-1.20,"VWAP 77,703 재돌파, 직전봉 고가 77,700 돌파","손절 (77,100)"
2026-01-29 10:14,2026-01-29 10:23,052690,한전기술,VWAP눌림,11,140300,138600,-22208,-1.439,-1.26,"VWAP 139,610 재돌파, 직전봉 고가 139,800 돌파","손절 (138,700)"
2026-01-29 10:35,2026-01-29 10:35,083650,비에이치아이,VWAP눌림,21,77700,76900,-20515,-1.257,-1.22,"VWAP 77,670 재돌파, 직전봉 고가 77,500 돌파","손절 (76,900)"
2026-01-29 11:29,2026-01-29 11:36,052690,한전기술,VWAP눌림,14,139500,138700,-15666,-0.802,-1.40,"VWAP 139,396 재돌파, 직전봉 고가 139,100 돌파","손절 (138,700)"
2026-01-29 12:49,2026-01-29 12:51,277810,레인보우로보틱스,VWAP눌림,2,741000,743000.00,584,0.039,0.10,"VWAP 737,162 재돌파, 직전봉 고가 740,000 돌파","본절 (743,000)"
2026-01-29 12:44,2026-01-29 12:52,052690,한전기술,VWAP눌림,14,139600,139900,-303,-0.016,-0.05,"VWAP 139,425 재돌파, 직전봉 고가 139,500 돌파","본절 (140,000)"
2026-01-29 13:15,2026-01-29 14:00,240810,원익IPS,VWAP눌림,11,109300,109600.00,529,0.044,0.03,"VWAP 107,744 재돌파, 직전봉 고가 108,400 돌파","본절 (109,600)"
2026-01-29 15:00,2026-01-30 09:01,307950,현대오토에버,종가베팅,1,487500,472000,-16587,-3.402,-1.14,"종가베팅: 등락 +9.6%, 고저범위 85% 위치, VWAP 475,804 위","손절 (473,000)"
2026-01-29 15:00,2026-01-30 09:04,000270,기아,종가베팅,4,155950,151300,-19993,-3.205,-1.07,"종가베팅: 등락 +3.4%, 고저범위 92% 위치, VWAP 152,791 위","손절 (151,300)"
2026-01-30 09:05,2026-01-30 09:06,027360,아주IB투자,ORB,258,4845,4760,-24757,-1.981,-1.37,"ORB5 고가 4,830 돌파 (범위 5.9%)","손절 (4,775)"
2026-01-30 09:05,2026-01-30 09:20,017670,SK텔레콤,ORB,16,74300,73200,-20295,-1.707,-1.15,"ORB5 고가 74,200 돌파 (범위 5.4%)","손절 (73,200)"
2026-01-30 09:07,2026-01-30 09:27,103140,풍산,ORB,9,139200,139000,-4676,-0.373,-0.26,"ORB5 고가 139,100 돌파 (범위 3.0%)",타임스탑 20분
2026-01-30 10:34,2026-01-30 10:35,027360,아주IB투자,ORB,258,4835,4755,-23464,-1.881,-1.30,"ORB5 고가 4,830 돌파 (범위 5.9%)","손절 (4,765)"
2026-01-30 11:19,2026-01-30 11:22,080220,제주반도체,VWAP눌림,32,42050,41500.0,-20656,-1.535,-1.17,"VWAP 41,485 재돌파, 직전봉 고가 41,900 돌파","손절 (41,500)"
2026-01-30 15:00,2026-02-02 09:01,036540,SFA반도체,종가베팅,80,7890,7630,-22205,-3.518,-1.21,"종가베팅: 등락 +15.0%, 고저범위 82% 위치, VWAP 7,676 위","손절 (7,660)"
2026-01-30 15:00,2026-02-02 09:01,080220,제주반도체,종가베팅,14,43400,42100,-19557,-3.219,-1.07,"종가베팅: 등락 +17.6%, 고저범위 86% 위치, VWAP 41,758 위","손절 (42,100)"
2026-02-02 09:05,2026-02-02 09:06,128820,대성산업,ORB,146,8100,8150.00,4566,0.386,0.26,"ORB5 고가 8,080 돌파 (범위 6.7%)","트레일링 (8,150)"
2026-02-02 09:06,2026-02-02 09:09,038500,삼표시멘트,ORB,127,9510,9724.96,24467,2.026,1.38,"ORB5 고가 9,430 돌파 (범위 9.7%)","트레일링 (9,720)"
2026-02-02 10:11,2026-02-02 10:12,128820,대성산업,ORB,146,8090,8150,6026,0.510,0.34,"ORB5 고가 8,080 돌파 (범위 6.7%)","트레일링 (8,150)"
2026-02-02 10:54,2026-02-02 11:03,012210,삼미금속,VWAP눌림,83,15770,16014.10,17210,1.315,0.94,"VWAP 15,731 재돌파, 직전봉 고가 15,700 돌파","트레일링 (15,960)"
2026-02-02 11:27,2026-02-02 11:31,012210,삼미금속,VWAP눌림,119,15780,16034.37,25889,1.379,1.45,"VWAP 15,730 재돌파, 직전봉 고가 15,690 돌파","트레일링 (15,970)"
2026-02-02 11:54,2026-02-02 11:56,012210,삼미금속,VWAP눌림,119,15920,15760,-23355,-1.233,-1.31,"VWAP 15,741 재돌파, 직전봉 고가 15,860 돌파","손절 (15,770)"
2026-02-02 13:31,2026-02-02 13:35,380550,뉴로핏,VWAP눌림,34,32950,33000,-880,-0.079,-0.05,"VWAP 32,923 재돌파, 직전봉 고가 32,950 돌파","본절 (33,050)"
2026-02-02 13:41,2026-02-02 13:41,380550,뉴로핏,VWAP눌림,38,33050,32600,-19950,-1.589,-1.17,"VWAP 32,925 재돌파, 직전봉 고가 32,950 돌파","손절 (32,600)"
2026-02-02 15:01,2026-02-03 09:01,006220,제주은행,종가베팅,37,16920,16300,-24329,-3.886,-1.32,"종가베팅: 등락 +19.3%, 고저범위 82% 위치, VWAP 16,529 위","손절 (16,420)"
2026-02-03 09:24,2026-02-03 09:26,027360,아주IB투자,ORB,254,4975,5045,14839,1.174,0.83,"ORB5 고가 4,970 돌파 (범위 3.4%)","트레일링 (5,030)"
2026-02-03 09:44,2026-02-03 09:52,064260,다날,ORB,127,9580,9870.71,34046,2.798,1.91,"ORB5 고가 9,570 돌파 (범위 4.2%)",목표 익절 +4.0%
2026-02-03 15:00,2026-02-04 09:01,000720,현대건설,종가베팅,5,107400,115200,37682,7.017,2.36,"종가베팅: 등락 +8.9%, 고저범위 84% 위치, VWAP 105,525 위",목표 익절 +5%
2026-02-04 09:08,2026-02-04 09:10,457190,이수스페셜티케미컬,ORB,10,114700,113000,-19601,-1.709,-1.15,"ORB5 고가 114,500 돌파 (범위 8.1%)","손절 (113,000)"
2026-02-04 09:05,2026-02-04 09:11,267260,HD현대일렉트릭,ORB,1,925000,912000,-15098,-1.632,-1.16,"ORB5 고가 924,000 돌파 (범위 4.4%)","손절 (912,000)"
2026-02-03 15:00,2026-02-04 10:00,005490,POSCO홀딩스,종가베팅,1,358000,360000,1173,0.328,0.11,"종가베팅: 등락 +4.1%, 고저범위 93% 위치, VWAP 351,867 위",익일 청산 시각 10:00
2026-02-05 09:06,2026-02-05 09:06,139480,이마트,ORB,11,105900,104100,-22435,-1.926,-1.36,"ORB5 고가 105,700 돌파 (범위 4.9%)","손절 (104,400)"
2026-02-04 15:00,2026-02-05 10:00,006400,삼성SDI,종가베팅,1,391500,392000,-400,-0.102,-0.03,"종가베팅: 등락 +4.0%, 고저범위 81% 위치, VWAP 390,059 위",익일 청산 시각 10:00
2026-02-05 10:04,2026-02-05 10:11,139480,이마트,ORB,11,105800,107245.45,13191,1.133,0.80,"ORB5 고가 105,700 돌파 (범위 4.9%)","트레일링 (106,700)"
2026-02-05 10:19,2026-02-05 10:24,079900,전진건설로봇,VWAP눌림,15,67000,65800,-20272,-2.017,-1.23,"VWAP 66,502 재돌파, 직전봉 고가 66,400 돌파","손절 (65,900)"
2026-02-05 12:02,2026-02-05 12:03,079900,전진건설로봇,VWAP눌림,19,66500,65600.0,-19967,-1.580,-1.17,"VWAP 66,357 재돌파, 직전봉 고가 64,800 돌파","손절 (65,600)"
2026-02-05 13:54,2026-02-05 14:02,376300,디어유,VWAP눌림,45,43800,43450.00,-20248,-1.027,-1.29,"VWAP 43,692 재돌파, 직전봉 고가 43,750 돌파","손절 (43,450)"
2026-02-05 14:26,2026-02-05 14:38,376300,디어유,VWAP눌림,42,43600,43200,-20974,-1.145,-1.25,"VWAP 43,669 재돌파, 직전봉 고가 43,550 돌파","손절 (43,200)"
2026-02-05 15:13,2026-02-06 09:01,171090,선익시스템,종가베팅,7,80000,76300,-27132,-4.845,-1.62,"종가베팅: 등락 +4.3%, 고저범위 75% 위치, VWAP 76,146 위","손절 (77,600)"
2026-02-06 09:05,2026-02-06 09:06,008830,대동기어,ORB,75,16260,16787.07,36643,3.005,2.04,"ORB5 고가 16,250 돌파 (범위 6.4%)",목표 익절 +4.0%
2026-02-05 15:14,2026-02-06 09:06,483650,달바글로벌,종가베팅,3,169000,164000,-16133,-3.182,-1.08,"종가베팅: 등락 +5.6%, 고저범위 93% 위치, VWAP 166,718 위","손절 (164,000)"
2026-02-06 09:17,2026-02-06 09:17,008830,대동기어,ORB,75,16290,16526.69,14907,1.220,0.83,"ORB5 고가 16,250 돌파 (범위 6.4%)","트레일링 (16,430)"
2026-02-06 09:30,2026-02-06 09:30,008830,대동기어,ORB,75,16312,16053,-22195,-1.814,-1.22,"ORB5 고가 16,250 돌파 (범위 6.4%)","손절 (16,070)"
2026-02-06 14:18,2026-02-06 14:26,024060,흥구석유,VWAP눌림,70,14770,14840,2513,0.243,0.14,"VWAP 14,567 재돌파, 직전봉 고가 14,750 돌파","트레일링 (14,840)"
2026-02-06 15:00,2026-02-09 09:01,489790,한화비전,종가베팅,9,66700,70000,28256,4.707,1.57,"종가베팅: 등락 +7.4%, 고저범위 76% 위치, VWAP 65,878 위",목표 익절 +5%
2026-02-09 09:20,2026-02-09 09:41,090430,아모레퍼시픽,ORB,7,155700,160728.57,32620,2.993,2.03,"ORB5 고가 155,600 돌파 (범위 8.1%)",목표 익절 +4.0%
2026-02-06 15:00,2026-02-09 10:00,017800,현대엘리베이터,종가베팅,6,101500,101900,996,0.164,0.06,"종가베팅: 등락 +4.9%, 고저범위 86% 위치, VWAP 99,010 위",익일 청산 시각 10:00
2026-02-09 10:47,2026-02-09 10:54,086390,유니테스트,VWAP눌림,65,19110,19777.85,40463,3.257,2.22,"VWAP 18,794 재돌파, 직전봉 고가 18,970 돌파",목표 익절 +4.0%
2026-02-10 09:05,2026-02-10 09:06,078600,대주전자재료,ORB,12,98100,96500,-21865,-1.857,-1.30,"ORB5 고가 98,000 돌파 (범위 4.0%)","손절 (96,700)"
2026-02-10 09:07,2026-02-10 09:10,267260,HD현대일렉트릭,ORB,1,970000,954000,-18196,-1.876,-1.30,"ORB5 고가 969,000 돌파 (범위 4.3%)","손절 (956,000)"
2026-02-10 09:20,2026-02-10 09:25,267260,HD현대일렉트릭,ORB,1,971000,957000.00,-16202,-1.669,-1.16,"ORB5 고가 969,000 돌파 (범위 4.3%)","손절 (957,000)"
2026-02-10 09:44,2026-02-10 09:53,267260,HD현대일렉트릭,ORB,1,970000,956000,-16200,-1.670,-1.16,"ORB5 고가 969,000 돌파 (범위 4.3%)","손절 (956,000)"
2026-02-09 15:00,2026-02-10 10:00,298380,에이비엘바이오,종가베팅,3,191000,189500,-5807,-1.013,-0.34,"종가베팅: 등락 +6.6%, 고저범위 91% 위치, VWAP 186,370 위",익일 청산 시각 10:00
2026-02-09 15:07,2026-02-10 10:00,352820,하이브,종가베팅,1,376500,383000,5621,1.493,0.51,"종가베팅: 등락 +5.0%, 고저범위 89% 위치, VWAP 372,498 위",익일 청산 시각 10:00
2026-02-10 10:33,2026-02-10 10:50,018880,한온시스템,VWAP눌림,153,4365,4385,1519,0.227,0.08,"VWAP 4,307 재돌파, 직전봉 고가 4,330 돌파","트레일링 (4,385)"
2026-02-10 10:52,2026-02-10 10:56,078600,대주전자재료,ORB,12,98100,96700,-19470,-1.654,-1.16,"ORB5 고가 98,000 돌파 (범위 4.0%)","손절 (96,700)"
2026-02-10 11:01,2026-02-10 11:02,018880,한온시스템,VWAP눌림,461,4330,4305,-16090,-0.806,-1.40,"VWAP 4,315 재돌파, 직전봉 고가 4,325 돌파","손절 (4,305)"
2026-02-10 11:08,2026-02-10 11:19,018880,한온시스템,VWAP눌림,459,4345,4310,-20616,-1.034,-1.28,"VWAP 4,315 재돌파, 직전봉 고가 4,340 돌파","손절 (4,310)"
2026-02-10 11:08,2026-02-10 11:26,267270,HD건설기계,VWAP눌림,15,129500,129800,23,0.001,0.00,"VWAP 128,490 재돌파, 직전봉 고가 129,000 돌파","본절 (129,800)"
2026-02-10 13:09,2026-02-10 13:17,056080,유진로봇,VWAP눌림,27,45050,45150,-102,-0.008,-0.01,"VWAP 44,783 재돌파, 직전봉 고가 44,600 돌파","본절 (45,200)"
2026-02-10 13:34,2026-02-10 13:54,267270,HD건설기계,VWAP눌림,11,130400,129700,-10982,-0.766,-0.67,"VWAP 129,585 재돌파, 직전봉 고가 129,900 돌파",타임스탑 20분
2026-02-10 13:41,2026-02-10 14:06,056080,유진로봇,VWAP눌림,29,44900,44300,-20356,-1.563,-1.17,"VWAP 44,796 재돌파, 직전봉 고가 44,450 돌파","손절 (44,300)"
2026-02-11 09:05,2026-02-11 09:05,241520,DSC인베스트먼트,ORB,94,13020,12820,-21573,-1.763,-1.21,"ORB5 고가 13,000 돌파 (범위 9.0%)","손절 (12,830)"
2026-02-11 09:05,2026-02-11 09:08,032820,우리기술,ORB,110,11200,11230,461,0.037,0.03,"ORB5 고가 11,190 돌파 (범위 9.9%)","본절 (11,230)"
2026-02-11 09:24,2026-02-11 09:25,389140,포바이포,ORB,117,10210,10060,-20259,-1.696,-1.15,"ORB5 고가 10,190 돌파 (범위 8.9%)","손절 (10,060)"
2026-02-11 10:00,2026-02-11 10:05,389140,포바이포,ORB,117,10200,10030,-22592,-1.893,-1.29,"ORB5 고가 10,190 돌파 (범위 8.9%)","손절 (10,050)"
2026-02-11 15:00,2026-02-12 09:01,316140,우리금융지주,종가베팅,16,37950,39775,27744,4.569,1.58,"종가베팅: 등락 +6.0%, 고저범위 80% 위치, VWAP 37,339 위",목표 익절 +5%
2026-02-12 09:05,2026-02-12 09:05,032820,우리기술,ORB,89,13620,13400.0,-22324,-1.842,-1.25,"ORB5 고가 13,600 돌파 (범위 8.4%)","손절 (13,420)"
2026-02-12 09:11,2026-02-12 09:12,397030,에이프릴바이오,ORB,16,73100,72000,-20251,-1.731,-1.27,"ORB5 고가 73,000 돌파 (범위 4.1%)","손절 (72,100)"
2026-02-12 09:49,2026-02-12 09:52,032820,우리기술,ORB,89,13610,13829.10,16676,1.377,0.94,"ORB5 고가 13,600 돌파 (범위 8.4%)","트레일링 (13,750)"
2026-02-11 15:00,2026-02-12 10:00,000270,기아,종가베팅,3,161800,162700,1579,0.325,0.11,"종가베팅: 등락 +4.1%, 고저범위 97% 위치, VWAP 159,553 위",익일 청산 시각 10:00
2026-02-12 10:01,2026-02-12 10:05,032820,우리기술,ORB,89,13630,13844.27,16241,1.339,0.91,"ORB5 고가 13,600 돌파 (범위 8.4%)","트레일링 (13,790)"
2026-02-12 14:14,2026-02-12 14:20,047050,포스코인터내셔널,VWAP눌림,18,68900,67900,-20813,-1.678,-1.28,"VWAP 68,240 재돌파, 직전봉 고가 68,600 돌파","손절 (68,000)"
2026-02-13 09:07,2026-02-13 09:09,352820,하이브,ORB,3,399000,400000,241,0.020,0.01,"ORB5 고가 398,000 돌파 (범위 5.6%)","트레일링 (400,500)"
2026-02-12 15:00,2026-02-13 09:26,005930,삼성전자,종가베팅,3,178100,181533.33,9051,1.694,0.57,"종가베팅: 등락 +6.8%, 고저범위 84% 위치, VWAP 175,751 위","트레일링 (181,600)"
2026-02-13 09:21,2026-02-13 09:41,352820,하이브,ORB,3,398500,395000,-13226,-1.106,-0.80,"ORB5 고가 398,000 돌파 (범위 5.6%)",타임스탑 20분
2026-02-12 15:00,2026-02-13 09:50,051910,LG화학,종가베팅,1,337000,327000,-10753,-3.191,-1.08,"종가베팅: 등락 +4.2%, 고저범위 78% 위치, VWAP 334,336 위","손절 (327,000)"
2026-02-13 10:15,2026-02-13 10:21,018880,한온시스템,VWAP눌림,339,4730,4745,1387,0.086,0.08,"VWAP 4,680 재돌파, 직전봉 고가 4,720 돌파","본절 (4,745)"
2026-02-13 10:29,2026-02-13 10:34,018880,한온시스템,VWAP눌림,425,4700,4715,1769,0.089,0.14,"VWAP 4,684 재돌파, 직전봉 고가 4,695 돌파","본절 (4,715)"
2026-02-13 11:01,2026-02-13 11:01,001270,부국증권,VWAP눌림,23,85100,84800,-11385,-0.582,-1.65,"VWAP 85,077 재돌파, 직전봉 고가 85,000 돌파","손절 (84,800)"
2026-02-13 11:16,2026-02-13 11:33,001270,부국증권,VWAP눌림,18,85900,86100,38,0.002,0.00,"VWAP 85,134 재돌파, 직전봉 고가 85,200 돌파","본절 (86,100)"
2026-02-13 12:49,2026-02-13 12:49,001270,부국증권,VWAP눌림,23,85800,85100,-20603,-1.044,-1.28,"VWAP 85,425 재돌파, 직전봉 고가 85,600 돌파","손절 (85,100)"
2026-02-13 14:23,2026-02-13 14:25,034020,두산에너빌리티,VWAP눌림,20,98500,97900.00,-16504,-0.838,-1.38,"VWAP 97,729 재돌파, 직전봉 고가 98,300 돌파","손절 (97,900)"
2026-02-13 15:09,2026-02-19 09:01,221800,지구홀딩스,종가베팅,46,13080,14660,71141,11.824,3.97,"종가베팅: 등락 +15.9%, 고저범위 80% 위치, VWAP 11,919 위",목표 익절 +5%
2026-02-19 09:07,2026-02-19 09:08,003530,한화투자증권,ORB,144,8170,8050.00,-19947,-1.695,-1.15,"ORB5 고가 8,160 돌파 (범위 3.3%)","손절 (8,050)"
2026-02-19 09:06,2026-02-19 09:12,009150,삼성전기,ORB,3,346000,349833.33,9091,0.876,0.61,"ORB5 고가 345,500 돌파 (범위 7.6%)","트레일링 (348,500)"
2026-02-19 10:18,2026-02-19 10:21,018880,한온시스템,VWAP눌림,422,4725,4740.0,1731,0.087,0.12,"VWAP 4,710 재돌파, 직전봉 고가 4,705 돌파","본절 (4,740)"
2026-02-20 09:05,2026-02-20 09:07,034220,LG디스플레이,ORB,89,13380,13786.63,33375,2.803,1.88,"ORB5 고가 13,350 돌파 (범위 5.5%)",목표 익절 +4.0%
2026-02-20 09:10,2026-02-20 09:11,024060,흥구석유,ORB,66,18000,17700,-22489,-1.893,-1.26,"ORB5 고가 17,970 돌파 (범위 6.9%)","손절 (17,730)"
2026-02-20 09:17,2026-02-20 09:29,024060,흥구석유,ORB,66,18040,17760,-21177,-1.779,-1.19,"ORB5 고가 17,970 돌파 (범위 6.9%)","손절 (17,770)"
2026-02-19 15:00,2026-02-20 10:00,298380,에이비엘바이오,종가베팅,3,194900,191600,-11222,-1.919,-0.64,"종가베팅: 등락 +6.0%, 고저범위 97% 위치, VWAP 191,833 위",익일 청산 시각 10:00
2026-02-19 15:00,2026-02-20 10:00,352820,하이브,종가베팅,1,404500,401000,-4422,-1.093,-0.37,"종가베팅: 등락 +3.6%, 고저범위 97% 위치, VWAP 400,859 위",익일 청산 시각 10:00
2026-02-20 10:44,2026-02-20 10:56,000880,한화,VWAP눌림,13,151143,150000,-19345,-0.985,-1.30,"VWAP 149,969 재돌파, 직전봉 고가 150,800 돌파","손절 (150,000)"
2026-02-20 14:11,2026-02-20 14:13,000880,한화,VWAP눌림,13,151503,150783,-13869,-0.704,-1.52,"VWAP 151,001 재돌파, 직전봉 고가 151,400 돌파","손절 (150,800)"
2026-02-20 15:00,2026-02-23 09:01,034730,SK,종가베팅,1,380000,387500,6610,1.739,0.60,"종가베팅: 등락 +6.9%, 고저범위 93% 위치, VWAP 375,448 위","트레일링 (388,500)"
2026-02-23 09:06,2026-02-23 09:08,006340,대원전선,ORB,247,4800,4882.45,17597,1.484,1.02,"ORB5 고가 4,775 돌파 (범위 9.9%)","트레일링 (4,885)"
2026-02-20 15:09,2026-02-23 10:00,009540,HD한국조선해양,종가베팅,1,451500,454500,1956,0.433,0.14,"종가베팅: 등락 +7.3%, 고저범위 97% 위치, VWAP 440,099 위",익일 청산 시각 10:00
2026-02-23 15:00,2026-02-24 09:02,456160,지투지바이오,종가베팅,6,99350,101450.00,11205,1.880,0.63,"종가베팅: 등락 +10.9%, 고저범위 80% 위치, VWAP 97,071 위","트레일링 (100,800)"
2026-02-24 09:05,2026-02-24 09:06,032820,우리기술,ORB,66,18570,18270,-22574,-1.842,-1.27,"ORB5 고가 18,540 돌파 (범위 7.5%)","손절 (18,300)"
2026-02-24 09:05,2026-02-24 09:06,006400,삼성SDI,ORB,2,418000,412000,-13896,-1.662,-1.16,"ORB5 고가 417,500 돌파 (범위 5.0%)","손절 (412,000)"
2026-02-24 09:05,2026-02-24 09:07,066970,엘앤에프,ORB,9,122600,120600,-20497,-1.858,-1.27,"ORB5 고가 122,300 돌파 (범위 5.9%)","손절 (120,800)"
2026-02-23 15:01,2026-02-24 09:10,007660,이수페타시스,종가베팅,5,106400,108140,7461,1.402,0.48,"종가베팅: 등락 +5.3%, 고저범위 91% 위치, VWAP 104,124 위","트레일링 (107,700)"
2026-02-24 09:24,2026-02-24 10:12,006400,삼성SDI,ORB,2,418000,423750,9555,1.143,0.80,"ORB5 고가 417,500 돌파 (범위 5.0%)","트레일링 (421,500)"
2026-02-24 09:38,2026-02-24 11:06,066970,엘앤에프,ORB,9,122500,126288.89,31494,2.857,1.94,"ORB5 고가 122,300 돌파 (범위 5.9%)",목표 익절 +4.0%
2026-02-24 13:28,2026-02-24 14:50,006400,삼성SDI,ORB,2,418000,420500,3067,0.367,0.26,"ORB5 고가 417,500 돌파 (범위 5.0%)",장마감 강제청산
2026-02-24 15:00,2026-02-25 09:02,047040,대우건설,종가베팅,74,8030,8265,15990,2.691,0.90,"종가베팅: 등락 +7.1%, 고저범위 82% 위치, VWAP 7,817 위","트레일링 (8,280)"
2026-02-25 09:08,2026-02-25 09:08,047040,대우건설,ORB,133,8980,8830,-22653,-1.897,-1.31,"ORB5 고가 8,950 돌파 (범위 9.1%)","손절 (8,850)"
2026-02-25 09:05,2026-02-25 09:10,000270,기아,ORB,6,184300,187350,15722,1.422,0.97,"ORB5 고가 184,100 돌파 (범위 5.3%)","트레일링 (186,800)"
2026-02-25 09:11,2026-02-25 09:13,103590,일진전기,ORB,12,97100,95500,-21837,-1.874,-1.30,"ORB5 고가 96,700 돌파 (범위 6.1%)","손절 (95,700)"
2026-02-24 15:03,2026-02-25 10:00,051910,LG화학,종가베팅,1,351000,363500,11667,3.324,1.11,"종가베팅: 등락 +5.2%, 고저범위 97% 위치, VWAP 345,204 위",익일 청산 시각 10:00
2026-02-25 11:25,2026-02-25 11:29,047040,대우건설,ORB,133,8970,8830,-21322,-1.787,-1.23,"ORB5 고가 8,950 돌파 (범위 9.1%)","손절 (8,840)"
2026-02-25 15:00,2026-02-26 09:01,226950,올릭스,종가베팅,3,165200,159600,-17902,-3.612,-1.22,"종가베팅: 등락 +13.7%, 고저범위 94% 위치, VWAP 158,714 위","손절 (160,300)"
2026-02-26 09:09,2026-02-26 09:42,066570,LG전자,ORB,8,146000,143800,-20247,-1.733,-1.21,"ORB5 고가 145,800 돌파 (범위 3.8%)","손절 (143,900)"
2026-02-25 15:12,2026-02-26 10:00,000270,기아,종가베팅,3,196700,199366.67,6627,1.123,0.37,"종가베팅: 등락 +12.7%, 고저범위 87% 위치, VWAP 194,593 위",익일 청산 시각 10:00
2026-02-26 09:54,2026-02-26 10:06,066570,LG전자,ORB,8,145900,143700,-20246,-1.735,-1.21,"ORB5 고가 145,800 돌파 (범위 3.8%)","손절 (143,800)"
2026-02-26 10:11,2026-02-26 10:21,080220,제주반도체,VWAP눌림,37,46250,46400,1604,0.094,0.10,"VWAP 46,104 재돌파, 직전봉 고가 46,100 돌파","본절 (46,400)"
2026-02-26 10:25,2026-02-26 10:25,003530,한화투자증권,VWAP눌림,103,9210,9040.00,-19653,-2.072,-1.12,"VWAP 9,077 재돌파, 직전봉 고가 9,140 돌파","손절 (9,040)"
2026-02-26 10:36,2026-02-26 10:56,080220,제주반도체,VWAP눌림,30,46250,46275,-2442,-0.176,-0.15,"VWAP 46,126 재돌파, 직전봉 고가 45,950 돌파",타임스탑 20분
2026-02-26 11:18,2026-02-26 11:33,080220,제주반도체,VWAP눌림,43,46400,46550.00,1848,0.093,0.17,"VWAP 46,158 재돌파, 직전봉 고가 46,300 돌파","본절 (46,550)"
2026-02-27 09:05,2026-02-27 09:06,052690,한전기술,ORB,6,190300,187500,-19389,-1.698,-1.15,"ORB5 고가 189,800 돌파 (범위 4.9%)","손절 (187,500)"
2026-02-27 09:09,2026-02-27 09:26,034020,두산에너빌리티,ORB,10,109400,107800,-18481,-1.689,-1.16,"ORB5 고가 109,300 돌파 (범위 3.6%)","손절 (107,800)"
2026-02-27 11:38,2026-02-27 11:40,051910,LG화학,VWAP눌림,4,415000,412000,-15792,-0.951,-1.32,"VWAP 411,801 재돌파, 직전봉 고가 414,000 돌파","손절 (412,000)"
2026-02-27 12:42,2026-02-27 13:03,051910,LG화학,VWAP눌림,4,415000,416000,174,0.010,0.02,"VWAP 412,049 재돌파, 직전봉 고가 413,500 돌파","본절 (416,000)"
2026-02-27 15:00,2026-03-03 09:01,051910,LG화학,종가베팅,1,418750,401500,-18175,-4.340,-1.43,"종가베팅: 등락 +7.4%, 고저범위 87% 위치, VWAP 413,174 위","손절 (406,000)"
2026-03-03 09:05,2026-03-03 09:06,322000,HD현대에너지솔루션,ORB,10,110300,108600,-19499,-1.768,-1.22,"ORB5 고가 110,000 돌파 (범위 4.7%)","손절 (108,700)"
2026-03-03 09:05,2026-03-03 09:07,010170,대한광통신,ORB,244,4760,4857.5,21070,1.814,1.23,"ORB5 고가 4,755 돌파 (범위 9.9%)","트레일링 (4,830)"
2026-03-03 09:45,2026-03-03 09:46,322000,HD현대에너지솔루션,ORB,10,110600,109000,-18508,-1.673,-1.16,"ORB5 고가 110,000 돌파 (범위 4.7%)","손절 (109,000)"
2026-03-03 11:05,2026-03-03 11:18,032820,우리기술,VWAP눌림,107,17450,17290,-21377,-1.145,-1.25,"VWAP 17,347 재돌파, 직전봉 고가 17,430 돌파","손절 (17,290)"
2026-03-03 11:25,2026-03-03 11:45,032820,우리기술,VWAP눌림,61,17480,17320,-12190,-1.143,-0.69,"VWAP 17,345 재돌파, 직전봉 고가 17,340 돌파",타임스탑 20분
2026-03-03 13:01,2026-03-03 13:21,032820,우리기술,VWAP눌림,70,17310,17230,-8373,-0.691,-0.48,"VWAP 17,303 재돌파, 직전봉 고가 17,300 돌파",타임스탑 20분
2026-03-04 09:05,2026-03-04 09:06,103140,풍산,ORB,7,158400,156100.0,-18614,-1.679,-1.16,"ORB5 고가 158,300 돌파 (범위 4.8%)","손절 (156,100)"
2026-03-04 09:05,2026-03-04 09:08,128820,대성산업,ORB,101,11610,11996.34,36242,3.091,2.11,"ORB5 고가 11,600 돌파 (범위 6.7%)",목표 익절 +4.0%
2026-03-04 10:28,2026-03-04 10:30,128820,대성산업,ORB,101,11650,11809.21,13341,1.134,0.78,"ORB5 고가 11,600 돌파 (범위 6.7%)","트레일링 (11,750)"
2026-03-04 10:40,2026-03-04 10:41,128820,대성산업,ORB,101,11620,12000.99,35700,3.042,2.08,"ORB5 고가 11,600 돌파 (범위 6.7%)",목표 익절 +4.0%
2026-03-04 12:19,2026-03-04 12:21,010950,S-Oil,VWAP눌림,5,158700,161080,10052,1.267,0.63,"VWAP 156,443 재돌파, 직전봉 고가 157,400 돌파","트레일링 (160,600)"
2026-03-05 09:05,2026-03-05 09:07,066570,LG전자,ORB,7,120300,117700,-20096,-2.386,-1.15,"ORB5 고가 120,200 돌파 (범위 2.0%)","손절 (117,800)"
2026-03-05 09:05,2026-03-05 09:25,005930,삼성전자,ORB,4,195500,197300,5387,0.689,0.31,"ORB5 고가 195,300 돌파 (범위 2.1%)",타임스탑 20분
2026-03-05 09:31,2026-03-05 09:51,066570,LG전자,ORB,7,120300,119600,-6825,-0.810,-0.39,"ORB5 고가 120,200 돌파 (범위 2.0%)",타임스탑 20분
2026-03-05 15:00,2026-03-05 15:10,086520,에코프로,종가베팅,3,167900,162800,-16424,-3.261,-1.09,"종가베팅: 등락 +16.4%, 고저범위 94% 위치, VWAP 159,745 위","손절 (162,900)"
2026-03-05 15:01,2026-03-06 09:01,010950,S-Oil,종가베팅,4,131500,141700,39504,7.510,2.53,"종가베팅: 등락 +11.0%, 고저범위 91% 위치, VWAP 126,372 위",목표 익절 +5%
2026-03-06 09:05,2026-03-06 09:08,322000,HD현대에너지솔루션,ORB,12,99800,101800,21198,1.770,1.26,"ORB5 고가 99,100 돌파 (범위 7.3%)","트레일링 (102,000)"
2026-03-06 09:24,2026-03-06 09:25,032820,우리기술,ORB,65,18010,17740,-20203,-1.726,-1.15,"ORB5 고가 17,980 돌파 (범위 5.6%)","손절 (17,740)"
2026-03-06 09:42,2026-03-06 09:49,032820,우리기술,ORB,65,18020,18582.46,33791,2.885,1.93,"ORB5 고가 17,980 돌파 (범위 5.6%)",목표 익절 +4.0%
2026-03-06 09:57,2026-03-06 09:59,032820,우리기술,ORB,67,17990,17700,-22158,-1.838,-1.27,"ORB5 고가 17,980 돌파 (범위 5.6%)","손절 (17,730)"
2026-03-06 10:13,2026-03-06 10:19,272210,한화시스템,ORB,7,167000,169657.14,15874,1.358,0.91,"ORB5 고가 166,800 돌파 (범위 9.0%)","트레일링 (169,500)"
2026-03-06 13:33,2026-03-06 13:41,001510,SK증권,VWAP눌림,365,3820,3899.99,25929,1.860,1.58,"VWAP 3,798 재돌파, 직전봉 고가 3,810 돌파","트레일링 (3,895)"
2026-03-06 14:01,2026-03-06 14:10,001510,SK증권,VWAP눌림,365,3841,3893.44,15877,1.132,0.95,"VWAP 3,803 재돌파, 직전봉 고가 3,830 돌파","트레일링 (3,870)"
2026-03-06 15:00,2026-03-09 09:01,000720,현대건설,종가베팅,3,154600,147400,-22619,-4.877,-1.64,"종가베팅: 등락 +5.9%, 고저범위 82% 위치, VWAP 147,409 위","손절 (150,000)"
2026-03-09 09:05,2026-03-09 09:06,047050,포스코인터내셔널,ORB,14,83000,81500,-23627,-2.033,-1.41,"ORB5 고가 82,800 돌파 (범위 5.7%)","손절 (81,800)"
2026-03-09 09:11,2026-03-09 09:12,322000,HD현대에너지솔루션,ORB,9,124200,122200,-20530,-1.837,-1.27,"ORB5 고가 124,000 돌파 (범위 8.7%)","손절 (122,400)"
2026-03-09 09:12,2026-03-09 09:13,024740,한일단조,ORB,264,4610,4682.5,16302,1.339,0.95,"ORB5 고가 4,600 돌파 (범위 9.4%)","트레일링 (4,660)"
2026-03-09 09:12,2026-03-09 09:14,047050,포스코인터내셔널,ORB,14,82900,84250,16192,1.395,0.96,"ORB5 고가 82,800 돌파 (범위 5.7%)","트레일링 (83,800)"
2026-03-06 15:00,2026-03-09 09:54,034020,두산에너빌리티,종가베팅,6,97700,97250,-4038,-0.689,-0.23,"종가베팅: 등락 +6.0%, 고저범위 97% 위치, VWAP 93,752 위","손절 (94,800)"
2026-03-09 15:00,2026-03-10 09:01,043260,성호전자,종가베팅,15,38850,40950,30093,5.164,1.74,"종가베팅: 등락 +3.3%, 고저범위 98% 위치, VWAP 36,762 위",목표 익절 +5%
2026-03-10 09:05,2026-03-10 09:06,032820,우리기술,ORB,65,18570,18300,-20288,-1.681,-1.16,"ORB5 고가 18,550 돌파 (범위 3.6%)","손절 (18,300)"
2026-03-10 09:16,2026-03-10 09:20,032820,우리기술,ORB,65,18590,19152.77,33724,2.791,1.92,"ORB5 고가 18,550 돌파 (범위 3.6%)",목표 익절 +4.0%
2026-03-10 09:18,2026-03-10 10:07,034020,두산에너빌리티,ORB,11,102800,103200,1791,0.158,0.11,"ORB5 고가 102,600 돌파 (범위 2.7%)","트레일링 (103,200)"
2026-03-10 12:03,2026-03-10 12:05,218410,RFHIC,VWAP눌림,23,76400,75700,-20106,-1.144,-1.25,"VWAP 76,330 재돌파, 직전봉 고가 76,100 돌파","손절 (75,700)"
2026-03-10 14:05,2026-03-10 14:25,034020,두산에너빌리티,ORB,6,102700,102000,-5607,-0.910,-0.32,"ORB5 고가 102,600 돌파 (범위 2.7%)",타임스탑 20분
2026-03-11 09:05,2026-03-11 09:05,089030,테크윙,ORB,16,72500,71400,-20229,-1.744,-1.26,"ORB5 고가 72,400 돌파 (범위 8.4%)","손절 (71,500)"
2026-03-11 09:05,2026-03-11 09:07,001510,SK증권,ORB,284,4085,4015,-22505,-1.940,-1.32,"ORB5 고가 4,074 돌파 (범위 7.8%)","손절 (4,025)"
2026-03-11 09:25,2026-03-11 09:43,009540,HD한국조선해양,ORB,2,432500,433500.00,7,0.001,0.00,"ORB5 고가 432,000 돌파 (범위 6.0%)","본절 (433,500)"
2026-03-11 13:19,2026-03-11 13:39,009540,HD한국조선해양,ORB,2,432500,429500,-7975,-0.922,-0.66,"ORB5 고가 432,000 돌파 (범위 6.0%)",타임스탑 20분
2026-03-12 10:10,2026-03-12 10:13,010060,OCI홀딩스,VWAP눌림,12,160800,161100,-844,-0.044,-0.07,"VWAP 160,613 재돌파, 직전봉 고가 160,900 돌파","본절 (161,200)"
2026-03-12 11:43,2026-03-12 11:50,0009K0,에임드바이오,VWAP눌림,26,68600,68000,-19668,-1.103,-1.26,"VWAP 68,024 재돌파, 직전봉 고가 68,300 돌파","손절 (68,000)"
2026-03-12 11:56,2026-03-12 12:13,010060,OCI홀딩스,VWAP눌림,12,161800,164750.00,30860,1.589,2.14,"VWAP 161,188 재돌파, 직전봉 고가 161,300 돌파","트레일링 (164,500)"
2026-03-12 14:12,2026-03-12 14:13,010060,OCI홀딩스,VWAP눌림,12,165500,164100,-21330,-1.074,-1.37,"VWAP 163,847 재돌파, 직전봉 고가 164,800 돌파","손절 (164,200)"
2026-03-12 14:23,2026-03-12 14:38,336260,두산퓨얼셀,VWAP눌림,36,46000,45550,-19972,-1.206,-1.23,"VWAP 45,758 재돌파, 직전봉 고가 45,800 돌파","손절 (45,550)"
2026-03-12 15:00,2026-03-13 09:01,456160,지투지바이오,종가베팅,5,114200,109400,-25261,-4.424,-1.49,"종가베팅: 등락 +9.1%, 고저범위 87% 위치, VWAP 110,683 위","손절 (110,800)"
2026-03-12 15:00,2026-03-13 09:01,0009K0,에임드바이오,종가베팅,8,71000,68200,-23657,-4.165,-1.41,"종가베팅: 등락 +8.2%, 고저범위 90% 위치, VWAP 69,186 위","손절 (68,900)"
2026-03-13 09:05,2026-03-13 09:05,046120,오르비텍,ORB,130,8810,8810,-2632,-0.230,-0.16,"ORB5 고가 8,800 돌파 (범위 8.5%)","본절 (8,840)"
2026-03-13 09:05,2026-03-13 09:05,025860,남해화학,ORB,114,10340,10675,35399,3.003,2.07,"ORB5 고가 10,300 돌파 (범위 6.2%)",목표 익절 +4.0%
2026-03-13 10:23,2026-03-13 10:24,0007C0,아크릴,VWAP눌림,36,45450,45000,-19928,-1.218,-1.23,"VWAP 45,316 재돌파, 직전봉 고가 45,300 돌파","손절 (45,000)"
2026-03-13 10:33,2026-03-13 10:34,0007C0,아크릴,VWAP눌림,43,45450,45050,-21657,-1.108,-1.44,"VWAP 45,313 재돌파, 직전봉 고가 45,350 돌파","손절 (45,100)"
2026-03-13 11:20,2026-03-13 11:24,006910,보성파워텍,VWAP눌림,107,11750,11580,-21041,-1.674,-1.23,"VWAP 11,704 재돌파, 직전봉 고가 11,720 돌파","손절 (11,590)"
2026-03-13 11:48,2026-03-13 12:08,006910,보성파워텍,VWAP눌림,170,11700,11610,-19841,-0.998,-1.30,"VWAP 11,703 재돌파, 직전봉 고가 11,690 돌파","손절 (11,610)"
2026-03-13 13:29,2026-03-13 13:35,008350,남선알미늄,VWAP눌림,554,1516,1552,17973,2.140,1.01,"VWAP 1,500 재돌파, 직전봉 고가 1,505 돌파","트레일링 (1,555)"
2026-03-13 14:06,2026-03-13 14:08,008350,남선알미늄,VWAP눌림,795,1519,1497,-20229,-1.675,-1.16,"VWAP 1,507 재돌파, 직전봉 고가 1,510 돌파","손절 (1,497)"
2026-03-13 15:00,2026-03-16 09:10,226950,올릭스,종가베팅,3,196700,190700,-19317,-3.274,-1.09,"종가베팅: 등락 +8.6%, 고저범위 83% 위치, VWAP 192,027 위","손절 (190,800)"
2026-03-16 09:34,2026-03-16 09:34,008350,남선알미늄,ORB,669,1756,1726.00,-22728,-1.935,-1.31,"ORB5 고가 1,754 돌파 (범위 10.0%)","손절 (1,730)"
2026-03-13 15:00,2026-03-16 10:00,050890,쏠리드,종가베팅,46,12930,12720,-11006,-1.850,-0.63,"종가베팅: 등락 +4.2%, 고저범위 92% 위치, VWAP 12,521 위",익일 청산 시각 10:00
2026-03-16 09:57,2026-03-16 10:01,008350,남선알미늄,ORB,669,1756,1765,3307,0.282,0.19,"ORB5 고가 1,754 돌파 (범위 10.0%)","트레일링 (1,765)"
2026-03-16 10:08,2026-03-16 10:13,008350,남선알미늄,ORB,669,1755,1728.0,-20724,-1.765,-1.19,"ORB5 고가 1,754 돌파 (범위 10.0%)","손절 (1,729)"
2026-03-16 10:34,2026-03-16 10:35,474610,RF시스템즈,VWAP눌림,120,10780,10640,-19738,-1.526,-1.17,"VWAP 10,722 재돌파, 직전봉 고가 10,710 돌파","손절 (10,640)"
2026-03-16 10:33,2026-03-16 10:40,079550,LIG디펜스앤에어로스페이스,VWAP눌림,2,740000,741500,-410,-0.028,-0.03,"VWAP 735,922 재돌파, 직전봉 고가 740,000 돌파","본절 (742,000)"
2026-03-16 10:51,2026-03-16 10:55,474610,RF시스템즈,VWAP눌림,106,10810,10650,-19557,-1.707,-1.15,"VWAP 10,713 재돌파, 직전봉 고가 10,560 돌파","손절 (10,650)"
2026-03-16 11:53,2026-03-16 12:07,079550,LIG디펜스앤에어로스페이스,VWAP눌림,2,753000,747000,-15437,-1.025,-1.29,"VWAP 746,722 재돌파, 직전봉 고가 750,000 돌파","손절 (747,000)"
2026-03-16 12:55,2026-03-16 12:59,474610,RF시스템즈,VWAP눌림,86,11650,11430,-21182,-2.114,-1.23,"VWAP 11,452 재돌파, 직전봉 고가 11,580 돌파","손절 (11,450)"
2026-03-17 09:05,2026-03-17 09:08,027360,아주IB투자,ORB,161,6920,7135.40,32045,2.876,1.99,"ORB5 고가 6,870 돌파 (범위 6.7%)",목표 익절 +4.0%
2026-03-17 09:05,2026-03-17 09:08,322000,HD현대에너지솔루션,ORB,8,131800,132600,3962,0.376,0.26,"ORB5 고가 131,600 돌파 (범위 9.8%)","트레일링 (132,600)"
2026-03-17 09:14,2026-03-17 09:16,322000,HD현대에너지솔루션,ORB,8,132200,134700,17526,1.657,1.15,"ORB5 고가 131,600 돌파 (범위 9.8%)","트레일링 (134,600)"
2026-03-17 11:00,2026-03-17 11:21,009830,한화솔루션,VWAP눌림,39,47679,48000,8217,0.442,0.49,"VWAP 47,332 재돌파, 직전봉 고가 47,650 돌파","트레일링 (48,000)"
2026-03-17 13:47,2026-03-17 13:53,009830,한화솔루션,VWAP눌림,42,47537,47160,-20391,-1.021,-1.44,"VWAP 47,484 재돌파, 직전봉 고가 47,450 돌파","손절 (47,200)"
2026-03-17 14:05,2026-03-17 14:11,009830,한화솔루션,VWAP눌림,42,47537,47250,-16619,-0.832,-1.38,"VWAP 47,478 재돌파, 직전봉 고가 47,450 돌파","손절 (47,250)"
2026-03-17 15:00,2026-03-18 09:01,009150,삼성전기,종가베팅,1,450500,456000,4453,0.988,0.33,"종가베팅: 등락 +8.3%, 고저범위 89% 위치, VWAP 437,256 위","트레일링 (457,000)"
2026-03-17 15:00,2026-03-18 09:02,475150,SK이터닉스,종가베팅,14,41250,42825.0,20677,3.580,1.23,"종가베팅: 등락 +7.2%, 고저범위 83% 위치, VWAP 40,296 위","트레일링 (42,600)"
2026-03-18 09:05,2026-03-18 09:10,403870,HPSP,ORB,23,46750,48271.74,32454,3.018,2.02,"ORB5 고가 46,650 돌파 (범위 3.7%)",목표 익절 +4.0%
2026-03-18 09:06,2026-03-18 09:11,445680,큐리옥스바이오시스템즈,ORB,9,126200,128477.78,17846,1.571,1.10,"ORB5 고가 125,700 돌파 (범위 4.5%)","트레일링 (128,400)"
2026-03-18 09:11,2026-03-18 09:17,047040,대우건설,ORB,89,12890,13180.22,23137,2.017,1.37,"ORB5 고가 12,870 돌파 (범위 4.5%)","트레일링 (13,200)"
2026-03-18 15:00,2026-03-19 09:01,055550,신한지주,종가베팅,6,95400,92600.0,-18079,-3.158,-1.08,"종가베팅: 등락 +4.3%, 고저범위 97% 위치, VWAP 94,122 위","손절 (92,600)"
2026-03-19 09:05,2026-03-19 09:08,140410,메지온,ORB,13,86200,88861.54,31950,2.851,2.05,"ORB5 고가 86,000 돌파 (범위 7.1%)",목표 익절 +4.0%
2026-03-19 09:10,2026-03-19 09:12,033160,엠케이전자,ORB,75,15750,15999.07,15926,1.348,0.92,"ORB5 고가 15,700 돌파 (범위 6.4%)","트레일링 (15,960)"
2026-03-18 15:00,2026-03-19 10:00,010120,LS ELECTRIC,종가베팅,3,166400,166900,350,0.070,0.02,"종가베팅: 등락 +7.9%, 고저범위 87% 위치, VWAP 163,536 위",익일 청산 시각 10:00
2026-03-19 15:00,2026-03-20 09:01,010170,대한광통신,종가베팅,82,7290,7770,37902,6.340,2.20,"종가베팅: 등락 +3.7%, 고저범위 78% 위치, VWAP 7,234 위",목표 익절 +5%
2026-03-19 15:00,2026-03-20 09:04,356860,티엘비,종가베팅,15,38049,36857,-19152,-3.356,-1.11,"종가베팅: 등락 +6.7%, 고저범위 90% 위치, VWAP 36,521 위","손절 (36,900)"
2026-03-20 09:05,2026-03-20 09:08,036930,주성엔지니어링,ORB,16,69800,69900.0,-970,-0.087,-0.06,"ORB5 고가 69,700 돌파 (범위 3.7%)","본절 (70,000)"
2026-03-20 09:08,2026-03-20 09:09,047040,대우건설,ORB,67,17510,17748.06,13220,1.127,0.76,"ORB5 고가 17,430 돌파 (범위 3.5%)","트레일링 (17,670)"
2026-03-20 09:18,2026-03-20 09:23,036930,주성엔지니어링,ORB,16,69900,71400,21380,1.912,1.34,"ORB5 고가 69,700 돌파 (범위 3.7%)","트레일링 (71,400)"
2026-03-20 10:03,2026-03-20 10:23,006910,보성파워텍,VWAP눌림,54,13100,12995,-7284,-1.030,-0.42,"VWAP 12,817 재돌파, 직전봉 고가 12,880 돌파",타임스탑 20분
2026-03-20 11:05,2026-03-20 11:06,006910,보성파워텍,VWAP눌림,139,13120,12990.00,-22224,-1.219,-1.33,"VWAP 13,013 재돌파, 직전봉 고가 13,080 돌파","손절 (13,000)"
2026-03-20 11:14,2026-03-20 11:29,006910,보성파워텍,VWAP눌림,153,13040,12940,-19854,-0.995,-1.30,"VWAP 13,012 재돌파, 직전봉 고가 12,990 돌파","손절 (12,940)"
2026-03-20 12:00,2026-03-20 12:04,050890,쏠리드,VWAP눌림,100,13740,13560,-21121,-1.537,-1.24,"VWAP 13,674 재돌파, 직전봉 고가 13,720 돌파","손절 (13,570)"
2026-03-20 15:09,2026-03-23 09:01,178320,서진시스템,종가베팅,12,48600,46500,-26486,-4.541,-1.52,"종가베팅: 등락 +7.0%, 고저범위 78% 위치, VWAP 47,708 위","손절 (47,150)"
2026-03-20 15:00,2026-03-23 09:01,047040,대우건설,종가베팅,31,18800,19730,27430,4.707,1.58,"종가베팅: 등락 +16.3%, 고저범위 76% 위치, VWAP 18,428 위",목표 익절 +5%
2026-03-23 09:21,2026-03-23 09:24,322000,HD현대에너지솔루션,ORB,8,141100,143600,17365,1.538,1.03,"ORB5 고가 140,500 돌파 (범위 4.5%)","트레일링 (143,600)"
2026-03-23 09:33,2026-03-23 09:35,322000,HD현대에너지솔루션,ORB,8,140600,142950.0,16175,1.438,0.96,"ORB5 고가 140,500 돌파 (범위 4.5%)","트레일링 (142,100)"
2026-03-23 10:19,2026-03-23 10:26,460930,현대힘스,VWAP눌림,45,20500,20150,-17837,-1.934,-1.13,"VWAP 20,405 재돌파, 직전봉 고가 20,400 돌파","손절 (20,150)"
2026-03-23 10:22,2026-03-23 10:28,322000,HD현대에너지솔루션,ORB,8,140900,138700,-20154,-1.788,-1.20,"ORB5 고가 140,500 돌파 (범위 4.5%)","손절 (138,800)"
2026-03-23 11:03,2026-03-23 11:09,261780,아리바이오랩,VWAP눌림,301,4450,4395,-19598,-1.463,-1.18,"VWAP 4,387 재돌파, 직전봉 고가 4,420 돌파","손절 (4,395)"
2026-03-23 11:21,2026-03-23 11:24,046120,오르비텍,VWAP눌림,58,14920,15365,23768,2.747,1.37,"VWAP 14,765 재돌파, 직전봉 고가 14,760 돌파",목표 익절 +4.0%
2026-03-23 11:46,2026-03-23 12:06,261780,아리바이오랩,VWAP눌림,180,4400,4360,-9004,-1.137,-0.53,"VWAP 4,384 재돌파, 직전봉 고가 4,340 돌파",타임스탑 20분
2026-03-23 11:43,2026-03-23 12:06,046120,오르비텍,VWAP눌림,66,14970,14700.0,-20053,-2.030,-1.17,"VWAP 14,804 재돌파, 직전봉 고가 14,980 돌파","손절 (14,710)"
2026-03-23 12:16,2026-03-23 12:21,046120,오르비텍,VWAP눌림,50,14820,14470,-19166,-2.587,-1.10,"VWAP 14,805 재돌파, 직전봉 고가 14,580 돌파","손절 (14,470)"
2026-03-23 12:27,2026-03-23 12:27,261780,아리바이오랩,VWAP눌림,455,4385,4400,2222,0.111,0.20,"VWAP 4,385 재돌파, 직전봉 고가 4,385 돌파","본절 (4,400)"
2026-03-23 12:08,2026-03-23 12:34,460930,현대힘스,VWAP눌림,60,20350,20100,-17775,-1.456,-1.18,"VWAP 20,321 재돌파, 직전봉 고가 20,250 돌파","손절 (20,100)"
2026-03-23 12:34,2026-03-23 12:43,092220,KEC,VWAP눌림,225,8480,8500,103,0.005,0.01,"VWAP 8,418 재돌파, 직전봉 고가 8,450 돌파","본절 (8,500)"
2026-03-23 12:54,2026-03-23 13:04,475580,에이럭스,VWAP눌림,106,14850,14670,-22659,-1.439,-1.34,"VWAP 14,667 재돌파, 직전봉 고가 14,780 돌파","손절 (14,690)"
2026-03-23 13:01,2026-03-23 13:11,092220,KEC,VWAP눌림,180,8440,8350.00,-19658,-1.294,-1.21,"VWAP 8,420 재돌파, 직전봉 고가 8,400 돌파","손절 (8,350)"
2026-03-23 13:20,2026-03-23 13:28,092220,KEC,VWAP눌림,180,8495,8525,1872,0.122,0.11,"VWAP 8,420 재돌파, 직전봉 고가 8,430 돌파","트레일링 (8,530)"
2026-03-24 09:05,2026-03-24 09:08,047040,대우건설,ORB,61,19100,18820,-19722,-1.693,-1.15,"ORB5 고가 19,060 돌파 (범위 5.0%)","손절 (18,820)"
2026-03-24 09:07,2026-03-24 09:08,036930,주성엔지니어링,ORB,14,77100,77300,313,0.029,0.02,"ORB5 고가 77,000 돌파 (범위 3.5%)","트레일링 (77,400)"
2026-03-24 10:21,2026-03-24 10:25,368770,파이버프로,VWAP눌림,52,18990,19310,14334,1.452,0.84,"VWAP 18,698 재돌파, 직전봉 고가 18,840 돌파","트레일링 (19,250)"
2026-03-24 10:57,2026-03-24 11:07,368770,파이버프로,VWAP눌림,51,19440,19727.84,12371,1.248,0.71,"VWAP 19,228 재돌파, 직전봉 고가 19,380 돌파","트레일링 (19,620)"
2026-03-24 12:02,2026-03-24 12:04,368770,파이버프로,VWAP눌림,66,19370,19420,354,0.028,0.02,"VWAP 19,235 재돌파, 직전봉 고가 19,210 돌파","본절 (19,420)"
2026-03-25 09:05,2026-03-25 09:09,263750,펄어비스,ORB,25,46500,47474,21627,1.860,1.33,"ORB5 고가 46,400 돌파 (범위 4.4%)","트레일링 (47,550)"
2026-03-25 09:14,2026-03-25 09:16,348370,엔켐,ORB,32,35000,35100.0,618,0.055,0.04,"ORB5 고가 34,950 돌파 (범위 6.4%)","본절 (35,100)"
2026-03-25 09:23,2026-03-25 09:29,489790,한화비전,ORB,12,93000,94200,11805,1.058,0.76,"ORB5 고가 92,900 돌파 (범위 6.3%)","트레일링 (93,800)"
2026-03-25 09:44,2026-03-25 09:45,348370,엔켐,ORB,32,35000,36075,31752,2.835,1.98,"ORB5 고가 34,950 돌파 (범위 6.4%)",목표 익절 +4.0%
2026-03-24 15:00,2026-03-25 09:54,272210,한화시스템,종가베팅,4,127500,129500,6811,1.335,0.45,"종가베팅: 등락 +6.3%, 고저범위 93% 위치, VWAP 125,034 위","트레일링 (129,000)"
2026-03-25 15:00,2026-03-26 09:04,218410,RFHIC,종가베팅,6,87700,85100,-16775,-3.188,-1.08,"종가베팅: 등락 +14.5%, 고저범위 80% 위치, VWAP 86,251 위","손절 (85,100)"
2026-03-26 09:05,2026-03-26 09:08,038110,에코플라스틱,ORB,300,3855,3975,33265,2.876,2.02,"ORB5 고가 3,850 돌파 (범위 7.2%)",목표 익절 +4.0%
2026-03-26 09:06,2026-03-26 09:10,322000,HD현대에너지솔루션,ORB,8,138300,136200,-19307,-1.745,-1.21,"ORB5 고가 137,800 돌파 (범위 8.1%)","손절 (136,300)"
2026-03-26 09:20,2026-03-26 09:24,322000,HD현대에너지솔루션,ORB,8,137900,135900.00,-18502,-1.677,-1.16,"ORB5 고가 137,800 돌파 (범위 8.1%)","손절 (135,900)"
2026-03-26 15:00,2026-03-27 09:01,348370,엔켐,종가베팅,12,45550,42200,-41368,-7.568,-2.55,"종가베팅: 등락 +17.1%, 고저범위 82% 위치, VWAP 44,188 위","손절 (44,200)"
2026-03-26 15:01,2026-03-27 09:01,078600,대주전자재료,종가베팅,4,133800,129400,-18792,-3.511,-1.17,"종가베팅: 등락 +4.7%, 고저범위 75% 위치, VWAP 131,991 위","손절 (129,800)"
2026-03-27 09:05,2026-03-27 09:06,014160,대영포장,ORB,748,1559,1570,5530,0.474,0.32,"ORB5 고가 1,550 돌파 (범위 5.2%)","트레일링 (1,570)"
2026-03-27 09:07,2026-03-27 09:08,038110,에코플라스틱,ORB,239,4710,4730.00,2183,0.194,0.13,"ORB5 고가 4,685 돌파 (범위 8.1%)","트레일링 (4,740)"
2026-03-27 09:35,2026-03-27 09:38,047040,대우건설,ORB,71,16450,16210,-19688,-1.686,-1.16,"ORB5 고가 16,430 돌파 (범위 6.1%)","손절 (16,210)"
2026-03-27 09:39,2026-03-27 09:40,014160,대영포장,ORB,748,1552,1526.0,-22075,-1.902,-1.28,"ORB5 고가 1,550 돌파 (범위 5.2%)","손절 (1,529)"
2026-03-27 09:57,2026-03-27 09:58,014160,대영포장,ORB,748,1551,1525,-22074,-1.903,-1.28,"ORB5 고가 1,550 돌파 (범위 5.2%)","손절 (1,528)"
2026-03-27 10:08,2026-03-27 10:09,047040,대우건설,ORB,71,16440,16170,-21813,-1.869,-1.28,"ORB5 고가 16,430 돌파 (범위 6.1%)","손절 (16,200)"
2026-03-30 09:07,2026-03-30 09:07,038110,에코플라스틱,ORB,252,4650,4565,-24067,-2.054,-1.47,"ORB5 고가 4,645 돌파 (범위 8.1%)","손절 (4,585)"
2026-03-30 09:06,2026-03-30 09:09,161000,애경케미칼,ORB,88,13220,13630,33329,2.865,1.99,"ORB5 고가 13,200 돌파 (범위 3.9%)",목표 익절 +4.0%
2026-03-30 09:18,2026-03-30 09:21,038110,에코플라스틱,ORB,252,4650,4575,-21552,-1.839,-1.32,"ORB5 고가 4,645 돌파 (범위 8.1%)","손절 (4,585)"
2026-03-30 09:28,2026-03-30 09:28,289080,SV인베스트먼트,ORB,236,4980,4900,-21541,-1.833,-1.30,"ORB5 고가 4,960 돌파 (범위 5.2%)","손절 (4,910)"
2026-03-30 15:03,2026-03-31 09:01,375500,DL이앤씨,종가베팅,8,69000,71750,20686,3.747,1.29,"종가베팅: 등락 +4.9%, 고저범위 86% 위치, VWAP 65,621 위","트레일링 (71,300)"
2026-03-31 09:17,2026-03-31 09:18,425040,티이엠씨,ORB,80,14050,13810,-21742,-1.934,-1.29,"ORB5 고가 14,040 돌파 (범위 6.4%)","손절 (13,840)"
2026-03-31 09:53,2026-03-31 09:53,425040,티이엠씨,ORB,80,14060,13850,-19350,-1.720,-1.15,"ORB5 고가 14,040 돌파 (범위 6.4%)","손절 (13,850)"
2026-03-31 11:13,2026-03-31 11:16,114190,강원에너지,VWAP눌림,67,14330,14070,-19590,-2.040,-1.17,"VWAP 14,253 재돌파, 직전봉 고가 14,200 돌파","손절 (14,080)"
2026-04-01 09:05,2026-04-01 09:08,047040,대우건설,ORB,65,17480,17854.92,21707,1.910,1.28,"ORB5 고가 17,440 돌파 (범위 3.6%)","트레일링 (17,870)"
2026-04-01 09:07,2026-04-01 09:10,046970,우리로,ORB,125,9090,9460,43538,3.832,2.68,"ORB5 고가 9,060 돌파 (범위 8.5%)",목표 익절 +4.0%
2026-04-01 09:16,2026-04-01 09:19,001510,SK증권,ORB,270,4075,4015,-18695,-1.699,-1.15,"ORB5 고가 4,065 돌파 (범위 4.1%)","손절 (4,015)"
2026-04-01 09:39,2026-04-01 09:43,001510,SK증권,ORB,270,4070,4132.5,14313,1.302,0.88,"ORB5 고가 4,065 돌파 (범위 4.1%)","트레일링 (4,115)"
2026-04-01 10:01,2026-04-01 10:03,001510,SK증권,ORB,270,4070,4010,-18691,-1.701,-1.15,"ORB5 고가 4,065 돌파 (범위 4.1%)","손절 (4,010)"
2026-04-01 10:30,2026-04-01 10:36,050890,쏠리드,VWAP눌림,135,14710,14750,823,0.041,0.06,"VWAP 14,679 재돌파, 직전봉 고가 14,690 돌파","본절 (14,750)"
2026-04-01 10:52,2026-04-01 10:55,050890,쏠리드,VWAP눌림,135,14760,14800,807,0.040,0.07,"VWAP 14,683 재돌파, 직전봉 고가 14,740 돌파","본절 (14,800)"
2026-04-01 11:06,2026-04-01 11:26,050890,쏠리드,VWAP눌림,76,14735,14695,-5607,-0.501,-0.33,"VWAP 14,684 재돌파, 직전봉 고가 14,730 돌파",타임스탑 20분
2026-04-01 12:27,2026-04-01 12:30,263750,펄어비스,VWAP눌림,19,72800,72000.00,-18348,-1.326,-1.21,"VWAP 72,275 재돌파, 직전봉 고가 72,500 돌파","손절 (72,000)"
2026-04-01 12:44,2026-04-01 12:54,263750,펄어비스,VWAP눌림,15,72400,72700.0,1994,0.184,0.13,"VWAP 72,275 재돌파, 직전봉 고가 72,000 돌파","트레일링 (72,700)"
2026-04-01 13:53,2026-04-01 14:12,263750,펄어비스,VWAP눌림,25,73000,72400,-19164,-1.050,-1.28,"VWAP 72,334 재돌파, 직전봉 고가 72,800 돌파","손절 (72,400)"
2026-04-02 09:05,2026-04-02 09:05,010170,대한광통신,ORB,109,10620,10440,-22238,-1.921,-1.36,"ORB5 고가 10,600 돌파 (범위 7.0%)","손절 (10,470)"
2026-04-02 09:05,2026-04-02 09:09,066970,엘앤에프,ORB,7,159600,161714.29,12202,1.092,0.76,"ORB5 고가 159,500 돌파 (범위 7.6%)","트레일링 (161,000)"
2026-04-02 09:25,2026-04-02 09:28,010170,대한광통신,ORB,109,10610,10794.77,17441,1.508,1.07,"ORB5 고가 10,600 돌파 (범위 7.0%)","트레일링 (10,770)"
2026-04-01 15:03,2026-04-02 09:40,373220,LG에너지솔루션,종가베팅,1,409000,415000.0,5047,1.234,0.42,"종가베팅: 등락 +3.4%, 고저범위 94% 위치, VWAP 401,579 위","트레일링 (415,000)"
2026-04-02 09:52,2026-04-02 10:03,010170,대한광통신,ORB,109,10610,10845.05,22909,1.981,1.40,"ORB5 고가 10,600 돌파 (범위 7.0%)","트레일링 (10,860)"
2026-04-02 10:21,2026-04-02 10:21,008350,남선알미늄,VWAP눌림,399,1745,1699,-19914,-2.860,-1.16,"VWAP 1,720 재돌파, 직전봉 고가 1,740 돌파","손절 (1,702)"
2026-04-02 10:43,2026-04-02 10:47,322000,HD현대에너지솔루션,VWAP눌림,7,146500,144100,-19121,-1.865,-1.19,"VWAP 144,634 재돌파, 직전봉 고가 145,600 돌파","손절 (144,200)"
2026-04-02 11:08,2026-04-02 11:11,322000,HD현대에너지솔루션,VWAP눌림,13,145900,144900,-17333,-0.914,-1.33,"VWAP 144,929 재돌파, 직전봉 고가 145,700 돌파","손절 (144,900)"
2026-04-02 11:35,2026-04-02 11:37,322000,HD현대에너지솔루션,VWAP눌림,13,145400,145500.0,-3049,-0.161,-0.21,"VWAP 144,990 재돌파, 직전봉 고가 144,900 돌파","본절 (145,800)"
2026-04-02 12:43,2026-04-02 12:49,008350,남선알미늄,VWAP눌림,702,1811,1836.5,14941,1.175,0.89,"VWAP 1,809 재돌파, 직전봉 고가 1,800 돌파","트레일링 (1,827)"
2026-04-02 13:05,2026-04-02 13:11,008350,남선알미늄,VWAP눌림,878,1823,1804.00,-20326,-1.270,-1.22,"VWAP 1,810 재돌파, 직전봉 고가 1,818 돌파","손절 (1,804)"
2026-04-02 14:05,2026-04-02 14:25,006400,삼성SDI,VWAP눌림,2,448500,444000,-11043,-1.231,-1.00,"VWAP 444,844 재돌파, 직전봉 고가 447,000 돌파",타임스탑 20분
2026-04-03 09:05,2026-04-03 09:06,050890,쏠리드,ORB,69,16420,16688.99,15917,1.405,0.96,"ORB5 고가 16,400 돌파 (범위 5.9%)","트레일링 (16,660)"
2026-04-03 09:05,2026-04-03 09:10,028050,삼성E&A,ORB,29,38075,38670.69,14702,1.331,0.88,"ORB5 고가 38,000 돌파 (범위 4.0%)","트레일링 (38,550)"
2026-04-02 15:04,2026-04-03 09:22,047050,포스코인터내셔널,종가베팅,7,79600,80871.43,7603,1.365,0.47,"종가베팅: 등락 +4.5%, 고저범위 78% 위치, VWAP 78,314 위","트레일링 (80,700)"
2026-04-03 09:10,2026-04-03 09:30,047040,대우건설,ORB,34,17720,17720,-1384,-0.230,-0.08,"ORB5 고가 17,710 돌파 (범위 2.8%)",타임스탑 20분
2026-04-06 09:05,2026-04-06 09:05,028050,삼성E&A,ORB,25,45400,44700,-20072,-1.768,-1.24,"ORB5 고가 45,350 돌파 (범위 6.6%)","손절 (44,750)"
2026-04-06 09:09,2026-04-06 09:10,010170,대한광통신,ORB,79,14060,13820,-21472,-1.933,-1.29,"ORB5 고가 14,000 돌파 (범위 9.4%)","손절 (13,850)"
2026-04-06 09:16,2026-04-06 09:17,028050,삼성E&A,ORB,25,45400,44700,-20072,-1.768,-1.24,"ORB5 고가 45,350 돌파 (범위 6.6%)","손절 (44,750)"
2026-04-06 09:22,2026-04-06 09:25,375500,DL이앤씨,ORB,14,79100,79200,-1149,-0.104,-0.07,"ORB5 고가 79,000 돌파 (범위 3.8%)","본절 (79,300)"
2026-04-03 15:00,2026-04-06 09:37,005930,삼성전자,종가베팅,3,186700,190666.67,10588,1.890,0.63,"종가베팅: 등락 +6.3%, 고저범위 89% 위치, VWAP 185,341 위","트레일링 (190,600)"
2026-04-03 15:00,2026-04-06 10:00,034020,두산에너빌리티,종가베팅,5,97300,97700,878,0.180,0.06,"종가베팅: 등락 +4.9%, 고저범위 90% 위치, VWAP 96,505 위",익일 청산 시각 10:00
2026-04-06 09:59,2026-04-06 10:03,375500,DL이앤씨,ORB,14,79100,79300,248,0.022,0.02,"ORB5 고가 79,000 돌파 (범위 3.8%)","본절 (79,300)"
2026-04-06 12:10,2026-04-06 12:11,018470,조일알미늄,VWAP눌림,175,8175,8075,-20751,-1.450,-1.25,"VWAP 8,095 재돌파, 직전봉 고가 8,140 돌파","손절 (8,080)"
2026-04-06 12:18,2026-04-06 12:23,018470,조일알미늄,VWAP눌림,175,8180,8312.37,19826,1.385,1.26,"VWAP 8,096 재돌파, 직전봉 고가 8,170 돌파","트레일링 (8,290)"
2026-04-06 13:14,2026-04-06 13:14,018470,조일알미늄,VWAP눌림,175,8240,8250,-1569,-0.109,-0.10,"VWAP 8,153 재돌파, 직전봉 고가 8,205 돌파","본절 (8,260)"
2026-04-06 13:21,2026-04-06 13:25,005810,풍산홀딩스,VWAP눌림,29,46650,46100,-19025,-1.406,-1.19,"VWAP 46,577 재돌파, 직전봉 고가 46,300 돌파","손절 (46,100)"
2026-04-06 13:52,2026-04-06 14:50,005810,풍산홀딩스,VWAP눌림,25,46550,47176,12942,1.112,0.80,"VWAP 46,423 재돌파, 직전봉 고가 46,250 돌파",장마감 강제청산
2026-04-06 15:00,2026-04-07 09:01,005810,풍산홀딩스,종가베팅,12,47250,54100,80720,14.236,4.80,"종가베팅: 등락 +11.7%, 고저범위 100% 위치, VWAP 46,464 위",목표 익절 +5%
2026-04-07 09:05,2026-04-07 09:08,079550,LIG디펜스앤에어로스페이스,ORB,1,838000,854000,14039,1.675,1.17,"ORB5 고가 837,000 돌파 (범위 5.5%)","트레일링 (854,000)"
2026-04-06 15:00,2026-04-07 09:20,096770,SK이노베이션,종가베팅,4,121900,126200,16044,3.290,1.11,"종가베팅: 등락 +3.3%, 고저범위 84% 위치, VWAP 120,767 위",목표 익절 +5%
2026-04-07 09:47,2026-04-07 09:51,047040,대우건설,ORB,62,18310,18030,-19932,-1.756,-1.19,"ORB5 고가 18,300 돌파 (범위 3.4%)","손절 (18,040)"
2026-04-07 15:04,2026-04-08 09:02,0007C0,아크릴,종가베팅,15,37900.0,39023.33,15509,2.728,0.94,"종가베팅: 등락 +20.0%, 고저범위 76% 위치, VWAP 37,686 위","트레일링 (39,050)"
2026-04-08 09:05,2026-04-08 09:06,047040,대우건설,ORB,58,19480,19140.00,-22275,-1.972,-1.32,"ORB5 고가 19,470 돌파 (범위 4.1%)","손절 (19,190)"
2026-04-08 09:13,2026-04-08 09:16,047040,대우건설,ORB,58,19510,20110,32126,2.839,1.91,"ORB5 고가 19,470 돌파 (범위 4.1%)",목표 익절 +4.0%
2026-04-08 15:00,2026-04-09 09:01,007660,이수페타시스,종가베팅,4,119900,116200,-15869,-3.309,-1.13,"종가베팅: 등락 +15.1%, 고저범위 100% 위치, VWAP 116,904 위","손절 (116,400)"
2026-04-09 09:06,2026-04-09 09:06,278470,에이피알,ORB,2,377000,370500,-14706,-1.950,-1.34,"ORB5 고가 376,500 돌파 (범위 6.7%)","손절 (371,500)"
2026-04-09 09:06,2026-04-09 09:06,065440,이루온,ORB,252,4635,4565,-20287,-1.737,-1.24,"ORB5 고가 4,610 돌파 (범위 8.6%)","손절 (4,570)"
2026-04-09 09:15,2026-04-09 09:16,065440,이루온,ORB,252,4625,4770,33784,2.899,2.06,"ORB5 고가 4,610 돌파 (범위 8.6%)",목표 익절 +4.0%
2026-04-08 15:00,2026-04-09 10:00,000270,기아,종가베팅,3,159700,161400,3991,0.833,0.28,"종가베팅: 등락 +6.3%, 고저범위 91% 위치, VWAP 157,939 위",익일 청산 시각 10:00
2026-04-09 13:17,2026-04-09 13:18,093370,후성,VWAP눌림,147,11020,10910.00,-19859,-1.226,-1.23,"VWAP 11,014 재돌파, 직전봉 고가 10,990 돌파","손절 (10,910)"
2026-04-09 13:33,2026-04-09 13:39,093370,후성,VWAP눌림,176,11030,11060,805,0.041,0.05,"VWAP 11,011 재돌파, 직전봉 고가 11,020 돌파","본절 (11,060)"
2026-04-09 13:47,2026-04-09 13:47,093370,후성,VWAP눌림,180,11070,10990,-18950,-0.951,-1.32,"VWAP 11,012 재돌파, 직전봉 고가 11,050 돌파","손절 (10,990)"
2026-04-09 13:51,2026-04-09 14:02,092790,넥스틸,VWAP눌림,93,16530,16350,-20239,-1.317,-1.21,"VWAP 16,356 재돌파, 직전봉 고가 16,510 돌파","손절 (16,350)"
2026-04-09 14:27,2026-04-09 14:40,092790,넥스틸,VWAP눌림,84,16390,16180,-20767,-1.508,-1.24,"VWAP 16,352 재돌파, 직전봉 고가 16,290 돌파","손절 (16,190)"
2026-04-10 09:06,2026-04-10 09:08,010820,퍼스텍,ORB,102,11120,11300.00,15715,1.386,0.96,"ORB5 고가 11,100 돌파 (범위 7.0%)","트레일링 (11,240)"
2026-04-10 09:07,2026-04-10 09:11,010170,대한광통신,ORB,72,15360,15685,20810,1.882,1.26,"ORB5 고가 15,300 돌파 (범위 5.6%)","트레일링 (15,720)"
2026-04-10 09:11,2026-04-10 09:13,038500,삼표시멘트,ORB,62,18380,18690.0,16560,1.453,0.99,"ORB5 고가 18,320 돌파 (범위 3.4%)","트레일링 (18,640)"
2026-04-10 09:13,2026-04-10 09:15,010820,퍼스텍,ORB,102,11120,11355,21313,1.879,1.31,"ORB5 고가 11,100 돌파 (범위 7.0%)","트레일링 (11,360)"
2026-04-09 15:00,2026-04-10 09:34,047810,한국항공우주,종가베팅,2,199400,202500,5272,1.322,0.45,"종가베팅: 등락 +4.6%, 고저범위 95% 위치, VWAP 193,657 위","트레일링 (202,000)"
2026-04-09 15:01,2026-04-10 09:35,010950,S-Oil,종가베팅,4,118800,120850,7092,1.492,0.51,"종가베팅: 등락 +5.7%, 고저범위 87% 위치, VWAP 117,348 위","트레일링 (120,400)"
2026-04-10 09:35,2026-04-10 09:38,010820,퍼스텍,ORB,102,11110,11270,13683,1.207,0.84,"ORB5 고가 11,100 돌파 (범위 7.0%)","트레일링 (11,210)"
2026-04-10 10:49,2026-04-10 11:00,046970,우리로,VWAP눌림,194,8230,8150,-19158,-1.200,-1.23,"VWAP 8,143 재돌파, 직전봉 고가 8,210 돌파","손절 (8,150)"
2026-04-10 11:29,2026-04-10 11:34,046970,우리로,VWAP눌림,116,8160,8200,2455,0.259,0.15,"VWAP 8,139 재돌파, 직전봉 고가 8,060 돌파","트레일링 (8,200)"
2026-04-10 12:33,2026-04-10 13:35,046970,우리로,VWAP눌림,102,8190,8030,-18205,-2.179,-1.12,"VWAP 8,138 재돌파, 직전봉 고가 8,130 돌파","손절 (8,030)"
2026-04-10 15:00,2026-04-13 09:01,062040,산일전기,종가베팅,3,155000,150400.0,-14838,-3.191,-1.08,"종가베팅: 등락 +7.9%, 고저범위 76% 위치, VWAP 153,360 위","손절 (150,400)"
2026-04-13 09:05,2026-04-13 09:05,010120,LS ELECTRIC,ORB,6,184500,190500,33378,3.015,2.06,"ORB5 고가 183,000 돌파 (범위 6.9%)",목표 익절 +4.0%
2026-04-10 15:00,2026-04-13 09:10,278470,에이피알,종가베팅,1,392750,398000,4337,1.104,0.37,"종가베팅: 등락 +8.5%, 고저범위 85% 위치, VWAP 387,967 위","트레일링 (398,000)"
2026-04-13 09:58,2026-04-13 09:59,010120,LS ELECTRIC,ORB,6,183100,180100,-20487,-1.865,-1.26,"ORB5 고가 183,000 돌파 (범위 6.9%)","손절 (180,400)"
2026-04-13 12:05,2026-04-13 12:06,025860,남해화학,VWAP눌림,176,8870,8780,-19395,-1.242,-1.22,"VWAP 8,840 재돌파, 직전봉 고가 8,870 돌파","손절 (8,780)"
2026-04-13 12:12,2026-04-13 12:15,025860,남해화학,VWAP눌림,97,8920,9180.93,23268,2.689,1.41,"VWAP 8,840 재돌파, 직전봉 고가 8,850 돌파",목표 익절 +4.0%
2026-04-13 15:00,2026-04-14 09:01,010820,퍼스텍,종가베팅,48,11850,11490,-18550,-3.261,-1.10,"종가베팅: 등락 +4.0%, 고저범위 93% 위치, VWAP 11,581 위","손절 (11,500)"
2026-04-13 15:01,2026-04-14 09:01,083450,GST,종가베팅,16,36150,38650,38586,6.671,2.30,"종가베팅: 등락 +13.7%, 고저범위 94% 위치, VWAP 35,249 위",목표 익절 +5%
2026-04-14 09:07,2026-04-14 09:11,336260,두산퓨얼셀,ORB,27,40800,40150,-20045,-1.820,-1.24,"ORB5 고가 40,750 돌파 (범위 5.8%)","손절 (40,200)"
2026-04-14 12:31,2026-04-14 12:32,375500,DL이앤씨,VWAP눌림,19,101100,101400.00,1271,0.066,0.17,"VWAP 100,586 재돌파, 직전봉 고가 101,000 돌파","본절 (101,400)"
2026-04-14 13:17,2026-04-14 13:18,375500,DL이앤씨,VWAP눌림,19,101100,100700,-12000,-0.625,-1.58,"VWAP 100,618 재돌파, 직전봉 고가 100,900 돌파","손절 (100,700)"
2026-04-14 13:47,2026-04-14 13:48,375500,DL이앤씨,VWAP눌림,19,101400,100600,-19596,-1.017,-1.47,"VWAP 100,628 재돌파, 직전봉 고가 101,000 돌파","손절 (100,700)"
2026-04-14 14:05,2026-04-14 14:05,115440,우리넷,ORB,50,20300,19970,-18798,-1.852,-1.25,"ORB5 고가 20,250 돌파 (범위 7.8%)","손절 (20,000)"
2026-04-15 09:06,2026-04-15 09:08,027360,아주IB투자,ORB,92,12210,12000,-21861,-1.946,-1.32,"ORB5 고가 12,200 돌파 (범위 6.7%)","손절 (12,030)"
2026-04-15 09:12,2026-04-15 09:14,050890,쏠리드,ORB,64,17940,18270,18436,1.606,1.11,"ORB5 고가 17,930 돌파 (범위 4.2%)","트레일링 (18,230)"
2026-04-15 09:15,2026-04-15 09:17,027360,아주IB투자,ORB,92,12210,12010.0,-20942,-1.864,-1.26,"ORB5 고가 12,200 돌파 (범위 6.7%)","손절 (12,030)"
2026-04-14 15:09,2026-04-15 09:29,336260,두산퓨얼셀,종가베팅,13,43300,44000,7790,1.384,0.46,"종가베팅: 등락 +17.0%, 고저범위 78% 위치, VWAP 42,834 위","트레일링 (43,700)"
2026-04-15 09:29,2026-04-15 09:40,018260,삼성에스디에스,ORB,6,172800,176450.00,19471,1.878,1.30,"ORB5 고가 172,600 돌파 (범위 6.2%)","트레일링 (176,500)"
2026-04-15 10:58,2026-04-15 10:58,100790,미래에셋벤처투자,VWAP눌림,49,40500,40300,-14342,-0.723,-1.46,"VWAP 40,232 재돌파, 직전봉 고가 40,400 돌파","손절 (40,300)"
2026-04-16 09:10,2026-04-16 09:13,158430,아톤,ORB,109,10410,10650.18,23516,2.072,1.44,"ORB5 고가 10,380 돌파 (범위 5.5%)","트레일링 (10,670)"
2026-04-16 09:11,2026-04-16 09:31,034020,두산에너빌리티,ORB,6,109100,109900,3286,0.502,0.20,"ORB5 고가 109,000 돌파 (범위 2.3%)",타임스탑 20분
2026-04-15 15:02,2026-04-16 10:00,078600,대주전자재료,종가베팅,4,134600,135400,1956,0.363,0.12,"종가베팅: 등락 +14.5%, 고저범위 87% 위치, VWAP 131,352 위",익일 청산 시각 10:00
2026-04-15 15:03,2026-04-16 10:00,278470,에이피알,종가베팅,1,412000,405500,-7432,-1.804,-0.62,"종가베팅: 등락 +6.0%, 고저범위 94% 위치, VWAP 403,325 위",익일 청산 시각 10:00
2026-04-16 13:49,2026-04-16 13:55,011790,SKC,VWAP눌림,17,116300,116600,543,0.027,0.05,"VWAP 115,989 재돌파, 직전봉 고가 116,000 돌파","본절 (116,600)"
2026-04-16 14:07,2026-04-16 14:27,011790,SKC,VWAP눌림,17,116900,116800,-6266,-0.315,-0.41,"VWAP 115,997 재돌파, 직전봉 고가 116,500 돌파",타임스탑 20분
2026-04-16 15:00,2026-04-17 09:01,011790,SKC,종가베팅,4,119700.0,116200,-15069,-3.147,-1.08,"종가베팅: 등락 +20.0%, 고저범위 89% 위치, VWAP 116,179 위","손절 (116,200)"
2026-04-16 15:00,2026-04-17 09:01,042660,한화오션,종가베팅,4,131600,127400,-17973,-3.414,-1.15,"종가베팅: 등락 +4.4%, 고저범위 90% 위치, VWAP 130,126 위","손절 (127,700)"
2026-04-17 09:05,2026-04-17 09:08,005490,POSCO홀딩스,ORB,2,384000,376000.00,-17731,-2.309,-1.11,"ORB5 고가 383,500 돌파 (범위 1.9%)","손절 (376,000)"
2026-04-17 09:26,2026-04-17 09:46,005490,POSCO홀딩스,ORB,2,384000,379250,-11245,-1.464,-0.70,"ORB5 고가 383,500 돌파 (범위 1.9%)",타임스탑 20분
2026-04-17 10:30,2026-04-17 10:33,100790,미래에셋벤처투자,VWAP눌림,23,45950,45250,-18495,-1.750,-1.15,"VWAP 45,209 재돌파, 직전봉 고가 45,500 돌파","손절 (45,250)"
2026-04-17 11:03,2026-04-17 11:23,005490,POSCO홀딩스,ORB,2,384000,384000,-1766,-0.230,-0.11,"ORB5 고가 383,500 돌파 (범위 1.9%)",타임스탑 20분
2026-04-17 12:39,2026-04-17 12:39,034220,LG디스플레이,VWAP눌림,138,14390,14350,-10074,-0.507,-1.82,"VWAP 14,345 재돌파, 직전봉 고가 14,370 돌파","손절 (14,350)"
2026-04-17 13:12,2026-04-17 13:28,019170,신풍제약,VWAP눌림,117,13740,13590,-21209,-1.319,-1.29,"VWAP 13,598 재돌파, 직전봉 고가 13,720 돌파","손절 (13,600)"
2026-04-17 13:18,2026-04-17 13:38,034220,LG디스플레이,VWAP눌림,79,14410,14440,-252,-0.022,-0.02,"VWAP 14,348 재돌파, 직전봉 고가 14,400 돌파",타임스탑 20분
2026-04-17 14:10,2026-04-17 14:30,034220,LG디스플레이,VWAP눌림,138,14410,14370,-10081,-0.507,-1.04,"VWAP 14,353 재돌파, 직전봉 고가 14,380 돌파",타임스탑 20분
2026-04-17 15:00,2026-04-20 09:02,066970,엘앤에프,종가베팅,3,185600,179300,-20138,-3.617,-1.22,"종가베팅: 등락 +9.4%, 고저범위 98% 위치, VWAP 180,901 위","손절 (180,100)"
2026-04-20 09:05,2026-04-20 09:09,001440,대한전선,ORB,26,40850,42075,29342,2.763,1.88,"ORB5 고가 40,800 돌파 (범위 3.9%)",목표 익절 +4.0%
2026-04-17 15:00,2026-04-20 10:00,005490,POSCO홀딩스,종가베팅,1,386000,389500,2606,0.675,0.23,"종가베팅: 등락 +4.2%, 고저범위 100% 위치, VWAP 382,418 위",익일 청산 시각 10:00
2026-04-20 10:50,2026-04-20 10:55,050890,쏠리드,VWAP눌림,113,17620,17510.0,-16981,-0.853,-1.37,"VWAP 17,516 재돌파, 직전봉 고가 17,550 돌파","손절 (17,510)"
2026-04-20 14:05,2026-04-20 14:10,356680,엑스게이트,VWAP눌림,36,17550,17090,-17976,-2.845,-1.09,"VWAP 17,354 재돌파, 직전봉 고가 17,380 돌파","손절 (17,090)"
2026-04-20 15:00,2026-04-21 09:02,000990,DB하이텍,종가베팅,4,125700,121700.00,-17121,-3.405,-1.16,"종가베팅: 등락 +17.7%, 고저범위 87% 위치, VWAP 121,973 위","손절 (122,000)"
2026-04-20 15:04,2026-04-21 09:04,007660,이수페타시스,종가베팅,4,133150,129000,-17788,-3.340,-1.13,"종가베팅: 등락 +10.0%, 고저범위 76% 위치, VWAP 132,200 위","손절 (129,200)"
2026-04-21 09:05,2026-04-21 09:06,036930,주성엔지니어링,ORB,10,102500,104150,14110,1.377,0.94,"ORB5 고가 102,400 돌파 (범위 9.6%)","트레일링 (103,700)"
2026-04-21 09:07,2026-04-21 09:12,006360,GS건설,ORB,26,40150,40850.00,15763,1.510,1.01,"ORB5 고가 40,100 돌파 (범위 2.8%)","트레일링 (40,750)"
2026-04-21 15:00,2026-04-22 09:01,373220,LG에너지솔루션,종가베팅,1,473500,485500,10886,2.299,0.78,"종가베팅: 등락 +9.6%, 고저범위 94% 위치, VWAP 465,149 위","트레일링 (485,500)"
2026-04-22 09:05,2026-04-22 09:06,222080,SFA넥셀,ORB,63,17870,17540,-23333,-2.073,-1.42,"ORB5 고가 17,840 돌파 (범위 5.9%)","손절 (17,610)"
2026-04-22 09:11,2026-04-22 09:18,007660,이수페타시스,ORB,8,139800,142400.00,18186,1.626,1.14,"ORB5 고가 139,700 돌파 (범위 3.7%)","트레일링 (142,100)"
2026-04-21 15:00,2026-04-22 10:00,086520,에코프로,종가베팅,3,163100,162866.67,-1821,-0.372,-0.13,"종가베팅: 등락 +4.2%, 고저범위 78% 위치, VWAP 161,206 위",익일 청산 시각 10:00
2026-04-22 10:51,2026-04-22 11:00,322000,HD현대에너지솔루션,VWAP눌림,9,184000,184500,682,0.041,0.04,"VWAP 183,709 재돌파, 직전봉 고가 183,500 돌파","본절 (184,500)"
2026-04-22 11:06,2026-04-22 12:03,322000,HD현대에너지솔루션,VWAP눌림,4,186000,186800,1483,0.199,0.11,"VWAP 183,766 재돌파, 직전봉 고가 183,600 돌파","트레일링 (186,800)"
2026-04-22 12:52,2026-04-22 12:55,322000,HD현대에너지솔루션,VWAP눌림,8,186100,186500,-230,-0.015,-0.01,"VWAP 184,207 재돌파, 직전봉 고가 185,800 돌파","본절 (186,600)"
2026-04-22 13:04,2026-04-22 13:14,027360,아주IB투자,VWAP눌림,123,14420,14290,-20034,-1.130,-1.25,"VWAP 14,320 재돌파, 직전봉 고가 14,370 돌파","손절 (14,290)"
2026-04-22 13:34,2026-04-22 13:39,027360,아주IB투자,VWAP눌림,138,14390,14300,-16959,-0.854,-1.54,"VWAP 14,321 재돌파, 직전봉 고가 14,340 돌파","손절 (14,310)"
2026-04-22 13:56,2026-04-22 14:03,027360,아주IB투자,VWAP눌림,138,14380,14420,946,0.048,0.07,"VWAP 14,320 재돌파, 직전봉 고가 14,320 돌파","본절 (14,420)"
2026-04-23 09:05,2026-04-23 09:05,006910,보성파워텍,ORB,101,11250,11080.0,-19745,-1.738,-1.22,"ORB5 고가 11,240 돌파 (범위 7.6%)","손절 (11,090)"
2026-04-23 09:09,2026-04-23 09:11,006340,대원전선,ORB,143,7440,7564.69,15347,1.442,0.98,"ORB5 고가 7,350 돌파 (범위 9.4%)","트레일링 (7,520)"
2026-04-23 09:07,2026-04-23 09:11,336370,솔루스첨단소재,ORB,71,15680,15390.00,-23104,-2.075,-1.41,"ORB5 고가 15,660 돌파 (범위 8.5%)","손절 (15,450)"
2026-04-23 09:18,2026-04-23 09:19,336370,솔루스첨단소재,ORB,71,15680,15430.00,-20271,-1.821,-1.24,"ORB5 고가 15,660 돌파 (범위 8.5%)","손절 (15,450)"
2026-04-22 15:00,2026-04-23 09:36,082740,한화엔진,종가베팅,8,67500,65500,-17207,-3.186,-1.08,"종가베팅: 등락 +13.1%, 고저범위 89% 위치, VWAP 64,310 위","손절 (65,500)"
2026-04-22 15:00,2026-04-23 10:00,066570,LG전자,종가베팅,4,132900,134050,3372,0.634,0.22,"종가베팅: 등락 +4.2%, 고저범위 87% 위치, VWAP 131,084 위",익일 청산 시각 10:00
2026-04-23 11:24,2026-04-23 11:32,010140,삼성중공업,VWAP눌림,49,34150,33850,-18516,-1.107,-1.26,"VWAP 33,886 재돌파, 직전봉 고가 34,100 돌파","손절 (33,850)"
2026-04-23 11:46,2026-04-23 11:57,010140,삼성중공업,VWAP눌림,58,33900,33700,-16096,-0.819,-1.39,"VWAP 33,890 재돌파, 직전봉 고가 33,850 돌파","손절 (33,700)"
2026-04-23 13:46,2026-04-23 13:57,010140,삼성중공업,VWAP눌림,58,33900,34000,1267,0.064,0.11,"VWAP 33,806 재돌파, 직전봉 고가 33,850 돌파","본절 (34,000)"
2026-04-23 14:04,2026-04-23 14:24,456040,OCI,VWAP눌림,9,135400,135500,-1903,-0.156,-0.12,"VWAP 134,019 재돌파, 직전봉 고가 134,600 돌파",타임스탑 20분
2026-04-24 09:05,2026-04-24 09:05,098460,고영,ORB,28,37100,36550.0,-17754,-1.709,-1.15,"ORB5 고가 37,000 돌파 (범위 7.4%)","손절 (36,550)"
2026-04-24 09:08,2026-04-24 09:08,010060,OCI홀딩스,ORB,3,349000,343000.00,-20369,-1.945,-1.36,"ORB5 고가 347,500 돌파 (범위 8.3%)","손절 (344,000)"
2026-04-24 09:14,2026-04-24 09:18,098460,고영,ORB,28,37100,37950,21364,2.057,1.39,"ORB5 고가 37,000 돌파 (범위 7.4%)","트레일링 (38,000)"
2026-04-24 09:22,2026-04-24 09:26,010060,OCI홀딩스,ORB,3,349000,354833.33,15056,1.438,1.00,"ORB5 고가 347,500 돌파 (범위 8.3%)","트레일링 (355,000)"
2026-04-24 09:42,2026-04-24 09:51,010060,OCI홀딩스,ORB,3,348000,352833.33,12069,1.156,0.80,"ORB5 고가 347,500 돌파 (범위 8.3%)","트레일링 (352,000)"
2026-04-23 15:11,2026-04-24 10:00,034020,두산에너빌리티,종가베팅,4,122500,125150,9454,1.929,0.66,"종가베팅: 등락 +5.8%, 고저범위 76% 위치, VWAP 121,546 위",익일 청산 시각 10:00
2026-04-24 12:21,2026-04-24 12:24,006340,대원전선,VWAP눌림,212,8910,8840,-19152,-1.014,-1.29,"VWAP 8,863 재돌파, 직전봉 고가 8,900 돌파","손절 (8,840)"
2026-04-24 12:31,2026-04-24 12:41,006340,대원전선,VWAP눌림,188,8890,8800,-20726,-1.240,-1.38,"VWAP 8,863 재돌파, 직전봉 고가 8,870 돌파","손절 (8,810)"
2026-04-24 13:03,2026-04-24 13:12,267260,HD현대일렉트릭,VWAP눌림,1,1244500,1248000.0,631,0.051,0.08,"VWAP 1,241,919 재돌파, 직전봉 고가 1,243,000 돌파","본절 (1,248,000)"
2026-04-24 13:14,2026-04-24 13:31,006340,대원전선,VWAP눌림,224,8880,9045,32308,1.624,2.40,"VWAP 8,862 재돌파, 직전봉 고가 8,850 돌파","트레일링 (9,050)"
2026-04-24 13:34,2026-04-24 13:38,267260,HD현대일렉트릭,VWAP눌림,1,1244000,1240000,-6852,-0.551,-1.71,"VWAP 1,242,058 재돌파, 직전봉 고가 1,244,000 돌파","손절 (1,240,000)"
2026-04-24 13:45,2026-04-24 14:04,267260,HD현대일렉트릭,VWAP눌림,1,1247000,1250000,126,0.010,0.03,"VWAP 1,242,096 재돌파, 직전봉 고가 1,245,000 돌파","본절 (1,250,000)"
2026-04-24 14:07,2026-04-24 14:27,322000,HD현대에너지솔루션,VWAP눌림,6,192400,192400,-2654,-0.230,-0.18,"VWAP 190,561 재돌파, 직전봉 고가 192,300 돌파",타임스탑 20분
2026-04-24 14:06,2026-04-24 14:32,036930,주성엔지니어링,VWAP눌림,8,127000,125000,-18302,-1.801,-1.20,"VWAP 126,454 재돌파, 직전봉 고가 126,600 돌파","손절 (125,100)"
2026-04-24 15:00,2026-04-27 09:01,000250,삼천당제약,종가베팅,1,410000,414500,3548,0.865,0.30,"종가베팅: 등락 +8.3%, 고저범위 81% 위치, VWAP 400,981 위","트레일링 (415,000)"
2026-04-27 09:06,2026-04-27 09:06,046890,서울반도체,ORB,80,13550,13835,20260,1.869,1.27,"ORB5 고가 13,480 돌파 (범위 3.2%)","트레일링 (13,820)"
2026-04-27 09:08,2026-04-27 09:09,098460,고영,ORB,24,44450,43600,-22808,-2.138,-1.46,"ORB5 고가 44,350 돌파 (범위 6.5%)","손절 (43,800)"
2026-04-24 15:00,2026-04-27 09:11,373220,LG에너지솔루션,종가베팅,1,482000,468000,-15078,-3.128,-1.08,"종가베팅: 등락 +3.7%, 고저범위 82% 위치, VWAP 475,001 위","손절 (468,000)"
2026-04-27 09:19,2026-04-27 09:20,098460,고영,ORB,24,44400,43750.00,-18016,-1.691,-1.15,"ORB5 고가 44,350 돌파 (범위 6.5%)","손절 (43,750)"
2026-04-27 10:28,2026-04-27 10:51,323280,태성,VWAP눌림,16,88600,87700,-17628,-1.244,-1.22,"VWAP 87,858 재돌파, 직전봉 고가 88,200 돌파","손절 (87,700)"
2026-04-27 11:37,2026-04-27 11:39,323280,태성,VWAP눌림,22,87800,88100.0,2145,0.111,0.24,"VWAP 87,811 재돌파, 직전봉 고가 87,800 돌파","본절 (88,100)"
2026-04-27 12:31,2026-04-27 12:50,323280,태성,VWAP눌림,21,87900,88200,2043,0.111,0.14,"VWAP 87,798 재돌파, 직전봉 고가 87,800 돌파","본절 (88,200)"
2026-04-27 15:00,2026-04-28 09:02,108490,로보티즈,종가베팅,1,347000,336000.00,-11774,-3.393,-1.18,"종가베팅: 등락 +19.2%, 고저범위 77% 위치, VWAP 339,120 위","손절 (337,000)"
2026-04-28 09:06,2026-04-28 09:08,066570,LG전자,ORB,7,147300,145000,-18436,-1.788,-1.20,"ORB5 고가 146,700 돌파 (범위 4.3%)","손절 (145,100)"
2026-04-28 09:06,2026-04-28 09:15,005490,POSCO홀딩스,ORB,2,467500,460500,-16120,-1.724,-1.15,"ORB5 고가 467,000 돌파 (범위 6.0%)","손절 (460,500)"
2026-04-28 09:15,2026-04-28 09:19,066570,LG전자,ORB,7,146800,144600,-17729,-1.725,-1.15,"ORB5 고가 146,700 돌파 (범위 4.3%)","손절 (144,600)"
2026-04-27 15:00,2026-04-28 10:00,460860,동국제강,종가베팅,37,14870,15051.89,5453,0.991,0.33,"종가베팅: 등락 +17.9%, 고저범위 89% 위치, VWAP 14,167 위",익일 청산 시각 10:00
2026-04-28 11:10,2026-04-28 11:13,047040,대우건설,VWAP눌림,52,38300,38400,610,0.031,0.05,"VWAP 37,996 재돌파, 직전봉 고가 38,200 돌파","본절 (38,400)"
2026-04-28 15:05,2026-04-29 09:03,027360,아주IB투자,종가베팅,30,18650,15030,-109651,-19.598,-6.65,"종가베팅: 등락 +3.8%, 고저범위 84% 위치, VWAP 18,053 위","손절 (18,100)"
2026-04-29 09:05,2026-04-29 09:07,460860,동국제강,ORB,62,17650,17350,-21076,-1.926,-1.31,"ORB5 고가 17,610 돌파 (범위 2.9%)","손절 (17,390)"
2026-04-29 09:05,2026-04-29 09:07,126340,비나텍,ORB,6,158100,155600.0,-17149,-1.808,-1.24,"ORB5 고가 158,000 돌파 (범위 5.0%)","손절 (155,800)"
2026-04-29 09:05,2026-04-29 09:11,096770,SK이노베이션,ORB,7,141800,139700.0,-16949,-1.708,-1.15,"ORB5 고가 141,700 돌파 (범위 5.2%)","손절 (139,700)"
2026-04-30 09:05,2026-04-30 09:15,066570,LG전자,ORB,7,146600,147500,3928,0.383,0.26,"ORB5 고가 146,500 돌파 (범위 4.9%)","트레일링 (147,600)"
2026-04-30 09:09,2026-04-30 09:18,007660,이수페타시스,ORB,6,155600,153300,-15916,-1.705,-1.15,"ORB5 고가 155,400 돌파 (범위 3.3%)","손절 (153,300)"
2026-04-30 14:10,2026-04-30 14:13,058470,리노공업,VWAP눌림,16,119200,119500,404,0.021,0.05,"VWAP 119,328 재돌파, 직전봉 고가 119,200 돌파","본절 (119,500)"
2026-04-30 15:07,2026-05-04 09:01,025860,남해화학,종가베팅,48,11240,11805,25823,4.786,1.63,"종가베팅: 등락 +19.1%, 고저범위 75% 위치, VWAP 10,943 위",목표 익절 +5%
2026-05-04 09:05,2026-05-04 09:06,199820,제일일렉트릭,ORB,54,19630,19330,-18602,-1.755,-1.19,"ORB5 고가 19,620 돌파 (범위 5.9%)","손절 (19,340)"
2026-05-04 09:05,2026-05-04 09:06,025860,남해화학,ORB,82,12720,12460.0,-23672,-2.270,-1.52,"ORB5 고가 12,680 돌파 (범위 7.8%)","손절 (12,530)"
2026-05-04 09:05,2026-05-04 09:08,050890,쏠리드,ORB,56,18700,18680,-3525,-0.337,-0.22,"ORB5 고가 18,660 돌파 (범위 6.3%)","본절 (18,750)"
2026-05-04 09:33,2026-05-04 09:36,050890,쏠리드,ORB,56,18670,19035,17994,1.721,1.15,"ORB5 고가 18,660 돌파 (범위 6.3%)","트레일링 (19,010)"
2026-05-04 10:24,2026-05-04 10:31,050890,쏠리드,ORB,56,18700,18410.00,-18612,-1.777,-1.19,"ORB5 고가 18,660 돌파 (범위 6.3%)","손절 (18,420)"
2026-05-04 15:00,2026-05-06 09:01,010170,대한광통신,종가베팅,30,17930,18685,21367,3.972,1.34,"종가베팅: 등락 +18.3%, 고저범위 90% 위치, VWAP 17,304 위",목표 익절 +5%
2026-05-04 15:04,2026-05-06 09:02,051910,LG화학,종가베팅,1,431000,418000,-13962,-3.239,-1.12,"종가베팅: 등락 +8.3%, 고저범위 85% 위치, VWAP 424,423 위","손절 (418,500)"
2026-05-06 09:06,2026-05-06 09:06,066570,LG전자,ORB,6,154400,151700,-18294,-1.975,-1.33,"ORB5 고가 154,300 돌파 (범위 5.2%)","손절 (152,100)"
2026-05-06 09:06,2026-05-06 09:07,028260,삼성물산,ORB,2,351500,345500,-13590,-1.933,-1.36,"ORB5 고가 350,500 돌파 (범위 4.8%)","손절 (346,500)"
2026-05-06 09:14,2026-05-06 09:17,066570,LG전자,ORB,6,154500,152200,-15901,-1.715,-1.15,"ORB5 고가 154,300 돌파 (범위 5.2%)","손절 (152,200)"
2026-05-06 09:13,2026-05-06 09:17,028260,삼성물산,ORB,2,351000,346000,-11592,-1.651,-1.16,"ORB5 고가 350,500 돌파 (범위 4.8%)","손절 (346,000)"
2026-05-06 09:54,2026-05-06 10:00,028260,삼성물산,ORB,2,351000,358500,13356,1.903,1.34,"ORB5 고가 350,500 돌파 (범위 4.8%)","트레일링 (358,000)"
2026-05-06 10:16,2026-05-06 10:18,006910,보성파워텍,VWAP눌림,65,15230,15458.46,12544,1.267,0.80,"VWAP 15,134 재돌파, 직전봉 고가 15,160 돌파","트레일링 (15,380)"
2026-05-06 10:25,2026-05-06 10:27,006910,보성파워텍,VWAP눌림,131,15150,15070.0,-15021,-0.757,-1.43,"VWAP 15,143 재돌파, 직전봉 고가 15,130 돌파","손절 (15,070)"
2026-05-06 10:33,2026-05-06 10:49,006910,보성파워텍,VWAP눌림,96,15220,15525,25859,1.770,1.68,"VWAP 15,142 재돌파, 직전봉 고가 15,110 돌파","트레일링 (15,490)"
2026-05-06 11:24,2026-05-06 11:41,066570,LG전자,ORB,6,154400,155100,2062,0.223,0.15,"ORB5 고가 154,300 돌파 (범위 5.2%)","트레일링 (155,100)"
2026-05-06 12:57,2026-05-06 13:35,039490,키움증권,VWAP눌림,2,474000,484750,19275,2.033,1.75,"VWAP 471,059 재돌파, 직전봉 고가 472,500 돌파","트레일링 (486,500)"
2026-05-06 13:49,2026-05-06 14:03,016360,삼성증권,VWAP눌림,13,150100,149100.00,-17458,-0.895,-1.49,"VWAP 149,725 재돌파, 직전봉 고가 149,900 돌파","손절 (149,200)"
2026-05-06 14:28,2026-05-06 14:43,016360,삼성증권,VWAP눌림,13,149700,150500,5903,0.303,0.50,"VWAP 149,678 재돌파, 직전봉 고가 149,600 돌파","트레일링 (150,500)"
2026-05-06 13:33,2026-05-06 14:50,010170,대한광통신,VWAP눌림,74,18270,18200,-8277,-0.612,-0.53,"VWAP 18,246 재돌파, 직전봉 고가 18,180 돌파",장마감 강제청산
2026-05-06 15:10,2026-05-07 09:02,006910,보성파워텍,종가베팅,34,15990,16595,19278,3.546,1.21,"종가베팅: 등락 +11.4%, 고저범위 85% 위치, VWAP 15,502 위",목표 익절 +5%
2026-05-07 09:05,2026-05-07 09:06,034020,두산에너빌리티,ORB,7,138900,136700,-17601,-1.810,-1.26,"ORB5 고가 138,600 돌파 (범위 6.4%)","손절 (136,900)"
2026-05-07 09:32,2026-05-07 09:34,203650,드림시큐리티,ORB,251,4095,4190,21433,2.085,1.42,"ORB5 고가 4,090 돌파 (범위 9.8%)","트레일링 (4,195)"
2026-05-07 09:58,2026-05-07 09:59,203650,드림시큐리티,ORB,251,4115,4125,131,0.013,0.01,"ORB5 고가 4,090 돌파 (범위 9.8%)","본절 (4,125)"
2026-05-06 15:00,2026-05-07 10:00,086520,에코프로,종가베팅,3,162000,161500,-2611,-0.537,-0.18,"종가베팅: 등락 +4.4%, 고저범위 100% 위치, VWAP 158,874 위",익일 청산 시각 10:00
2026-05-07 13:59,2026-05-07 14:00,078150,HB테크놀러지,VWAP눌림,233,4625,4555.00,-18752,-1.740,-1.24,"VWAP 4,584 재돌파, 직전봉 고가 4,545 돌파","손절 (4,560)"
2026-05-07 15:00,2026-05-08 09:02,028260,삼성물산,종가베팅,1,398500,402000.00,2577,0.647,0.22,"종가베팅: 등락 +3.6%, 고저범위 95% 위치, VWAP 382,886 위","트레일링 (402,500)"
2026-05-08 09:05,2026-05-08 09:06,459510,나우로보틱스,ORB,29,36400,36500.00,467,0.044,0.03,"ORB5 고가 36,300 돌파 (범위 4.6%)","트레일링 (36,550)"
2026-05-07 15:00,2026-05-08 09:06,010140,삼성중공업,종가베팅,15,33450,32450,-16121,-3.213,-1.07,"종가베팅: 등락 +3.4%, 고저범위 94% 위치, VWAP 32,792 위","손절 (32,450)"
2026-05-08 09:05,2026-05-08 09:09,125490,한라캐스트,ORB,34,17680,18225,17109,2.846,1.07,"ORB5 고가 17,670 돌파 (범위 2.6%)",목표 익절 +4.0%
2026-05-08 09:11,2026-05-08 09:16,001440,대한전선,ORB,14,69000,70400,17340,1.795,1.24,"ORB5 고가 68,900 돌파 (범위 9.9%)","트레일링 (70,400)"
2026-05-08 15:00,2026-05-11 09:01,028260,삼성물산,종가베팅,1,419000,481000,60904,14.536,4.87,"종가베팅: 등락 +5.0%, 고저범위 97% 위치, VWAP 408,443 위",목표 익절 +5%
2026-05-08 15:00,2026-05-11 09:02,336260,두산퓨얼셀,종가베팅,6,86400,89500,17372,3.351,1.16,"종가베팅: 등락 +15.1%, 고저범위 86% 위치, VWAP 82,436 위",목표 익절 +5%
2026-05-11 09:06,2026-05-11 09:08,042660,한화오션,ORB,7,135800,133800,-16155,-1.699,-1.15,"ORB5 고가 135,700 돌파 (범위 3.9%)","손절 (133,800)"
2026-05-11 09:07,2026-05-11 09:08,036930,주성엔지니어링,ORB,7,153000,158142.86,33463,3.124,2.17,"ORB5 고가 152,800 돌파 (범위 6.0%)",목표 익절 +4.0%
2026-05-11 12:54,2026-05-11 12:56,027360,아주IB투자,VWAP눌림,114,17520,17570,1096,0.055,0.11,"VWAP 17,509 재돌파, 직전봉 고가 17,500 돌파","본절 (17,570)"
2026-05-11 13:43,2026-05-11 14:28,027360,아주IB투자,VWAP눌림,77,17520,17610,3814,0.283,0.25,"VWAP 17,505 재돌파, 직전봉 고가 17,470 돌파","트레일링 (17,610)"
2026-05-12 09:09,2026-05-12 09:17,066570,LG전자,ORB,6,171200,174950.00,20092,1.956,1.34,"ORB5 고가 171,000 돌파 (범위 6.6%)","트레일링 (175,800)"
2026-05-12 09:24,2026-05-12 09:42,017670,SK텔레콤,ORB,10,105100,106600,12553,1.194,0.84,"ORB5 고가 105,000 돌파 (범위 4.6%)","트레일링 (106,200)"
2026-05-12 11:48,2026-05-12 11:54,007610,선도전기,VWAP눌림,63,14610,14360.0,-17832,-1.937,-1.13,"VWAP 14,400 재돌파, 직전봉 고가 14,470 돌파","손절 (14,360)"
2026-05-13 09:06,2026-05-13 09:07,034220,LG디스플레이,ORB,79,13780,13530,-22210,-2.040,-1.41,"ORB5 고가 13,750 돌파 (범위 6.7%)","손절 (13,580)"
2026-05-13 09:47,2026-05-13 09:58,034220,LG디스플레이,ORB,79,13770,13963.92,12788,1.176,0.81,"ORB5 고가 13,750 돌파 (범위 6.7%)","트레일링 (13,910)"
2026-05-13 10:50,2026-05-13 11:00,000990,DB하이텍,VWAP눌림,7,175800,173500,-18895,-1.535,-1.29,"VWAP 174,019 재돌파, 직전봉 고가 175,200 돌파","손절 (173,700)"
2026-05-13 11:30,2026-05-13 11:42,000990,DB하이텍,VWAP눌림,11,174500,173000,-20878,-1.088,-1.36,"VWAP 174,002 재돌파, 직전봉 고가 174,200 돌파","손절 (173,100)"
2026-05-13 11:49,2026-05-13 11:50,000990,DB하이텍,VWAP눌림,10,174400,172900,-18978,-1.088,-1.27,"VWAP 174,010 재돌파, 직전봉 고가 174,000 돌파","손절 (172,900)"
2026-05-13 14:03,2026-05-13 14:08,046890,서울반도체,VWAP눌림,114,17480,17530,1107,0.056,0.14,"VWAP 17,436 재돌파, 직전봉 고가 17,480 돌파","본절 (17,530)"
2026-05-13 14:18,2026-05-13 14:24,046890,서울반도체,VWAP눌림,114,17450,17350,-15949,-0.802,-1.55,"VWAP 17,436 재돌파, 직전봉 고가 17,420 돌파","손절 (17,360)"
2026-05-14 09:06,2026-05-14 09:07,064400,LG씨엔에스,ORB,13,77700,76600,-16591,-1.643,-1.16,"ORB5 고가 77,500 돌파 (범위 4.0%)","손절 (76,600)"
2026-05-14 09:07,2026-05-14 09:11,034220,LG디스플레이,ORB,71,14880,15093.66,12709,1.203,0.81,"ORB5 고가 14,850 돌파 (범위 4.9%)","트레일링 (15,010)"
2026-05-13 15:00,2026-05-14 10:00,000990,DB하이텍,종가베팅,3,183200,184866.67,3728,0.678,0.23,"종가베팅: 등락 +10.6%, 고저범위 99% 위치, VWAP 175,463 위",익일 청산 시각 10:00
2026-05-14 15:00,2026-05-15 09:01,034220,LG디스플레이,종가베팅,34,15350,16015,21363,4.093,1.37,"종가베팅: 등락 +8.3%, 고저범위 79% 위치, VWAP 15,131 위",목표 익절 +5%
2026-05-15 09:05,2026-05-15 09:05,064400,LG씨엔에스,ORB,10,99100,97600,-17246,-1.740,-1.23,"ORB5 고가 99,000 돌파 (범위 7.7%)","손절 (97,700)"
2026-05-15 09:05,2026-05-15 09:06,090360,로보스타,ORB,10,95300,93700,-18156,-1.905,-1.30,"ORB5 고가 95,200 돌파 (범위 9.2%)","손절 (93,900)"
2026-05-15 09:47,2026-05-15 09:49,090360,로보스타,ORB,10,95400,96750.00,11278,1.182,0.81,"ORB5 고가 95,200 돌파 (범위 9.2%)","트레일링 (96,300)"
2026-05-14 15:00,2026-05-15 10:00,047810,한국항공우주,종가베팅,3,170400,170066.67,-2172,-0.425,-0.14,"종가베팅: 등락 +4.1%, 고저범위 75% 위치, VWAP 166,212 위",익일 청산 시각 10:00
2026-05-15 10:15,2026-05-15 10:19,090360,로보스타,ORB,10,95300,93900,-16160,-1.696,-1.15,"ORB5 고가 95,200 돌파 (범위 9.2%)","손절 (93,900)"
2026-05-15 10:22,2026-05-15 10:23,090710,휴림로봇,VWAP눌림,109,14120,13980,-18765,-1.219,-1.23,"VWAP 14,041 재돌파, 직전봉 고가 14,100 돌파","손절 (13,980)"
2026-05-15 10:46,2026-05-15 10:49,090710,휴림로봇,VWAP눌림,74,14035,13820.00,-18263,-1.758,-1.15,"VWAP 14,023 재돌파, 직전봉 고가 13,970 돌파","손절 (13,820)"
2026-05-18 09:07,2026-05-18 09:08,036930,주성엔지니어링,ORB,6,162000,164550.0,13035,1.341,0.91,"ORB5 고가 161,400 돌파 (범위 7.5%)","트레일링 (163,900)"
2026-05-18 09:06,2026-05-18 09:10,001450,현대해상,ORB,29,36450,36700,4805,0.455,0.33,"ORB5 고가 36,400 돌파 (범위 6.9%)","트레일링 (36,700)"
2026-05-18 09:18,2026-05-18 09:20,036930,주성엔지니어링,ORB,6,161500,158900,-17794,-1.836,-1.24,"ORB5 고가 161,400 돌파 (범위 7.5%)","손절 (159,100)"
2026-05-18 09:23,2026-05-18 09:25,001740,SK네트웍스,ORB,108,9420,9380,-6649,-0.654,-0.44,"ORB5 고가 9,400 돌파 (범위 9.4%)","본절 (9,450)"
2026-05-18 09:31,2026-05-18 09:39,001450,현대해상,ORB,29,36450,37096.55,16280,1.540,1.12,"ORB5 고가 36,400 돌파 (범위 6.9%)","트레일링 (37,150)"
2026-05-18 09:39,2026-05-18 09:39,001740,SK네트웍스,ORB,108,9410,9240,-20656,-2.033,-1.37,"ORB5 고가 9,400 돌파 (범위 9.4%)","손절 (9,270)"
2026-05-18 15:00,2026-05-19 09:01,347700,스피어,종가베팅,11,47300,49004.55,17516,3.367,1.14,"종가베팅: 등락 +12.5%, 고저범위 93% 위치, VWAP 45,367 위","트레일링 (48,850)"
2026-05-19 09:05,2026-05-19 09:06,036930,주성엔지니어링,ORB,5,199300,196300,-17259,-1.732,-1.19,"ORB5 고가 198,700 돌파 (범위 7.3%)","손절 (196,400)"
2026-05-19 09:05,2026-05-19 09:07,440110,파두,ORB,10,104200,102700.00,-17364,-1.666,-1.16,"ORB5 고가 104,000 돌파 (범위 5.3%)","손절 (102,700)"
2026-05-18 15:00,2026-05-19 09:09,000990,DB하이텍,종가베팅,3,171900,166700,-16752,-3.248,-1.09,"종가베팅: 등락 +4.4%, 고저범위 84% 위치, VWAP 167,796 위","손절 (166,800)"
2026-05-19 09:32,2026-05-19 09:35,356680,엑스게이트,ORB,62,17310,17560,13000,1.211,0.84,"ORB5 고가 17,270 돌파 (범위 7.5%)","트레일링 (17,480)"
2026-05-19 12:00,2026-05-19 12:43,440110,파두,ORB,10,104200,106100,16564,1.590,1.10,"ORB5 고가 104,000 돌파 (범위 5.3%)","트레일링 (106,000)"
2026-05-19 15:00,2026-05-20 09:01,015760,한국전력,종가베팅,13,39400,38200,-16743,-3.269,-1.12,"종가베팅: 등락 +4.5%, 고저범위 87% 위치, VWAP 39,064 위","손절 (38,250)"
2026-05-20 09:18,2026-05-20 09:22,005950,이수화학,ORB,77,13590,13799.22,13671,1.306,0.89,"ORB5 고가 13,560 돌파 (범위 10.0%)","트레일링 (13,750)"
2026-05-20 09:23,2026-05-20 09:28,036930,주성엔지니어링,ORB,5,192000,198200,28729,2.993,2.05,"ORB5 고가 191,500 돌파 (범위 8.3%)",목표 익절 +4.0%
2026-05-20 10:17,2026-05-20 10:28,005950,이수화학,ORB,77,13570,13370.00,-17768,-1.700,-1.15,"ORB5 고가 13,560 돌파 (범위 10.0%)","손절 (13,370)"
2026-05-20 10:51,2026-05-20 10:54,005950,이수화학,ORB,77,13570,13370,-17768,-1.700,-1.15,"ORB5 고가 13,560 돌파 (범위 10.0%)","손절 (13,370)"
2026-05-20 10:52,2026-05-20 10:55,001820,삼화콘덴서,VWAP눌림,10,72600,74050,12801,1.763,0.85,"VWAP 71,587 재돌파, 직전봉 고가 72,200 돌파","트레일링 (74,100)"
2026-05-20 11:39,2026-05-20 11:39,001820,삼화콘덴서,VWAP눌림,12,74000,72800,-16411,-1.848,-1.14,"VWAP 73,378 재돌파, 직전봉 고가 73,900 돌파","손절 (72,800)"
2026-05-20 11:45,2026-05-20 11:58,001820,삼화콘덴서,VWAP눌림,13,73500,74469.23,10378,1.086,0.73,"VWAP 73,374 재돌파, 직전봉 고가 73,200 돌파","트레일링 (74,100)"
2026-05-20 15:00,2026-05-21 09:01,253840,수젠텍,종가베팅,67,7730,7360,-25926,-5.006,-1.68,"종가베팅: 등락 +16.4%, 고저범위 76% 위치, VWAP 7,695 위","손절 (7,500)"
2026-05-20 15:00,2026-05-21 09:02,082740,한화엔진,종가베팅,7,69800,73028.57,21432,4.386,1.53,"종가베팅: 등락 +7.1%, 고저범위 96% 위치, VWAP 66,968 위",목표 익절 +5%
2026-05-21 09:12,2026-05-21 09:13,017900,광전자,ORB,77,13970,14133.64,10101,0.939,0.66,"ORB5 고가 13,900 돌파 (범위 5.1%)","트레일링 (14,070)"
2026-05-21 09:06,2026-05-21 09:25,066570,LG전자,ORB,3,195900,196500,445,0.076,0.03,"ORB5 고가 195,800 돌파 (범위 2.5%)","트레일링 (196,500)"
2026-05-21 09:44,2026-05-21 09:45,017900,광전자,ORB,77,13960,14422.21,33043,3.074,2.15,"ORB5 고가 13,900 돌파 (범위 5.1%)",목표 익절 +4.0%
2026-05-21 15:00,2026-05-22 09:01,034020,두산에너빌리티,종가베팅,4,109000,117000,30929,7.094,2.42,"종가베팅: 등락 +5.1%, 고저범위 81% 위치, VWAP 108,339 위",목표 익절 +5%
2026-05-21 15:00,2026-05-22 09:01,222800,심텍,종가베팅,4,125500,121600.0,-16719,-3.330,-1.13,"종가베팅: 등락 +19.0%, 고저범위 80% 위치, VWAP 123,066 위","손절 (121,800)"
2026-05-22 09:05,2026-05-22 09:06,440110,파두,ORB,8,122400,120600,-16619,-1.697,-1.15,"ORB5 고가 122,300 돌파 (범위 5.1%)","손절 (120,600)"
2026-05-22 09:12,2026-05-22 09:32,068270,셀트리온,ORB,5,190600,190200,-4186,-0.439,-0.30,"ORB5 고가 190,545 돌파 (범위 3.5%)",타임스탑 20분
2026-05-22 09:46,2026-05-22 10:12,440110,파두,ORB,8,122600,120800,-16623,-1.695,-1.15,"ORB5 고가 122,300 돌파 (범위 5.1%)","손절 (120,800)"
2026-05-22 10:48,2026-05-22 11:01,440110,파두,ORB,8,122500,120500,-18219,-1.859,-1.27,"ORB5 고가 122,300 돌파 (범위 5.1%)","손절 (120,700)"
2026-05-22 11:53,2026-05-22 11:56,080220,제주반도체,VWAP눌림,10,127900,126500,-16910,-1.322,-1.21,"VWAP 127,125 재돌파, 직전봉 고가 127,100 돌파","손절 (126,500)"
2026-05-22 12:42,2026-05-22 12:43,080220,제주반도체,VWAP눌림,15,127300,127600,99,0.005,0.02,"VWAP 127,134 재돌파, 직전봉 고가 127,200 돌파","본절 (127,600)"
2026-05-22 13:00,2026-05-22 13:01,080220,제주반도체,VWAP눌림,15,127200,127500,103,0.005,0.02,"VWAP 127,131 재돌파, 직전봉 고가 127,100 돌파","본절 (127,500)"
2026-05-22 13:04,2026-05-22 13:13,079550,LIG디펜스앤에어로스페이스,VWAP눌림,2,921000,924000,1751,0.095,0.22,"VWAP 920,981 재돌파, 직전봉 고가 919,000 돌파","본절 (924,000)"
2026-05-22 13:05,2026-05-22 13:25,068270,셀트리온,ORB,5,190600,189200,-9175,-0.963,-0.66,"ORB5 고가 190,545 돌파 (범위 3.5%)",타임스탑 20분
2026-05-22 13:43,2026-05-22 14:04,079550,LIG디펜스앤에어로스페이스,VWAP눌림,2,925000,927000,-263,-0.014,-0.03,"VWAP 921,173 재돌파, 직전봉 고가 923,000 돌파","본절 (928,000)"
2026-05-22 15:00,2026-05-26 09:01,440110,파두,종가베팅,4,127400,123300,-17535,-3.441,-1.15,"종가베팅: 등락 +9.1%, 고저범위 84% 위치, VWAP 123,631 위","손절 (123,600)"
2026-05-26 09:06,2026-05-26 09:07,001740,SK네트웍스,ORB,108,9360,9370.00,-1245,-0.123,-0.08,"ORB5 고가 9,350 돌파 (범위 6.9%)","트레일링 (9,400)"
2026-05-26 09:05,2026-05-26 09:11,011790,SKC,ORB,6,154000,156800,14641,1.585,1.06,"ORB5 고가 153,700 돌파 (범위 3.3%)","트레일링 (156,600)"
2026-05-26 09:13,2026-05-26 09:14,001740,SK네트웍스,ORB,108,9400,9430,900,0.089,0.06,"ORB5 고가 9,350 돌파 (범위 6.9%)","본절 (9,430)"
2026-05-22 15:14,2026-05-26 09:15,078600,대주전자재료,종가베팅,3,156600,161133.33,12493,2.659,0.89,"종가베팅: 등락 +17.6%, 고저범위 78% 위치, VWAP 155,173 위","트레일링 (161,700)"
2026-05-26 09:26,2026-05-26 09:27,001740,SK네트웍스,ORB,108,9360,9495,12227,1.210,0.81,"ORB5 고가 9,350 돌파 (범위 6.9%)","트레일링 (9,440)"
2026-05-26 10:35,2026-05-26 10:35,007660,이수페타시스,VWAP눌림,14,141700,141000,-14341,-0.723,-1.46,"VWAP 140,751 재돌파, 직전봉 고가 141,500 돌파","손절 (141,000)"
2026-05-26 10:41,2026-05-26 10:41,007660,이수페타시스,VWAP눌림,10,141600,140100,-18224,-1.287,-1.21,"VWAP 140,751 재돌파, 직전봉 고가 140,700 돌파","손절 (140,100)"
2026-05-26 10:47,2026-05-26 10:49,007660,이수페타시스,VWAP눌림,14,140900,140200,-14314,-0.726,-1.46,"VWAP 140,750 재돌파, 직전봉 고가 140,600 돌파","손절 (140,200)"
2026-05-26 15:00,2026-05-27 09:01,353200,대덕전자,종가베팅,3,171500,180100,24562,4.774,1.61,"종가베팅: 등락 +13.3%, 고저범위 80% 위치, VWAP 167,351 위",목표 익절 +5%
2026-05-27 09:05,2026-05-27 09:06,440110,파두,ORB,8,125600,123800,-16678,-1.660,-1.16,"ORB5 고가 125,300 돌파 (범위 6.2%)","손절 (123,800)"
2026-05-27 09:12,2026-05-27 09:12,440110,파두,ORB,8,125600,125700,-1511,-0.150,-0.10,"ORB5 고가 125,300 돌파 (범위 6.2%)","본절 (125,900)"
2026-05-27 09:36,2026-05-27 09:44,440110,파두,ORB,8,125400,123600,-16675,-1.662,-1.16,"ORB5 고가 125,300 돌파 (범위 6.2%)","손절 (123,600)"
2026-05-27 10:17,2026-05-27 10:25,048410,현대바이오,VWAP눌림,52,15560,15870.00,14228,1.758,0.91,"VWAP 15,335 재돌파, 직전봉 고가 15,460 돌파","트레일링 (15,850)"
2026-05-27 10:40,2026-05-27 10:46,001820,삼화콘덴서,VWAP눌림,5,146900,143600,-18153,-2.471,-1.17,"VWAP 145,670 재돌파, 직전봉 고가 144,200 돌파","손절 (143,800)"
2026-05-27 10:56,2026-05-27 10:59,048410,현대바이오,VWAP눌림,101,15520,15370.00,-18721,-1.194,-1.24,"VWAP 15,412 재돌파, 직전봉 고가 15,500 돌파","손절 (15,370)"
2026-05-27 10:54,2026-05-27 10:59,001820,삼화콘덴서,VWAP눌림,6,145900,150400,24931,2.848,1.73,"VWAP 145,645 재돌파, 직전봉 고가 144,300 돌파",목표 익절 +4.0%
2026-05-27 11:33,2026-05-27 11:43,048410,현대바이오,VWAP눌림,37,15710,15290,-16842,-2.897,-1.08,"VWAP 15,399 재돌파, 직전봉 고가 15,380 돌파","손절 (15,290)"
2026-05-27 11:47,2026-05-27 11:52,001820,삼화콘덴서,VWAP눌림,8,147200,145400,-17076,-1.450,-1.26,"VWAP 146,814 재돌파, 직전봉 고가 146,300 돌파","손절 (145,500)"
2026-05-27 15:00,2026-05-27 15:06,064400,LG씨엔에스,종가베팅,5,94300,91400,-15552,-3.298,-1.11,"종가베팅: 등락 +13.6%, 고저범위 99% 위치, VWAP 85,944 위","손절 (91,500)"
2026-05-27 15:00,2026-05-28 09:01,009420,한올바이오파마,종가베팅,7,70900,67700,-23492,-4.733,-1.60,"종가베팅: 등락 +18.0%, 고저범위 84% 위치, VWAP 68,795 위","손절 (68,800)"
2026-05-28 09:05,2026-05-28 09:06,454910,두산로보틱스,ORB,9,108900,109200,441,0.045,0.03,"ORB5 고가 108,800 돌파 (범위 5.2%)","본절 (109,200)"
2026-05-28 09:06,2026-05-28 09:11,034220,LG디스플레이,ORB,66,15650,15880.00,12774,1.237,0.84,"ORB5 고가 15,630 돌파 (범위 9.9%)","트레일링 (15,800)"
2026-05-28 09:15,2026-05-28 09:16,006660,삼성공조,ORB,61,17170,17698.03,29735,2.839,1.95,"ORB5 고가 17,060 돌파 (범위 9.0%)",목표 익절 +4.0%
2026-05-28 09:21,2026-05-28 09:26,034220,LG디스플레이,ORB,66,15670,15870.0,10795,1.044,0.71,"ORB5 고가 15,630 돌파 (범위 9.9%)","트레일링 (15,790)"
2026-05-28 15:00,2026-05-29 09:02,373220,LG에너지솔루션,종가베팅,1,439000,445000.00,4979,1.134,0.38,"종가베팅: 등락 +13.3%, 고저범위 76% 위치, VWAP 431,015 위","트레일링 (445,000)"
2026-05-29 09:05,2026-05-29 09:06,064400,LG씨엔에스,ORB,10,100900,99400,-17288,-1.713,-1.15,"ORB5 고가 100,800 돌파 (범위 6.4%)","손절 (99,400)"
2026-05-29 09:10,2026-05-29 09:17,012330,현대모비스,ORB,1,726000,728000.00,327,0.045,0.03,"ORB5 고가 725,000 돌파 (범위 2.7%)","본절 (728,000)"
2026-05-29 09:14,2026-05-29 09:20,005380,현대차,ORB,1,721000,711000,-11636,-1.614,-1.16,"ORB5 고가 720,000 돌파 (범위 2.7%)","손절 (711,000)"
2026-05-29 09:31,2026-05-29 09:39,012330,현대모비스,ORB,1,726000,755000,27269,3.756,2.73,"ORB5 고가 725,000 돌파 (범위 2.7%)",목표 익절 +4.0%
2026-05-29 09:34,2026-05-29 09:41,005380,현대차,ORB,1,721000,723000,338,0.047,0.03,"ORB5 고가 720,000 돌파 (범위 2.7%)","본절 (723,000)"
2026-05-29 11:15,2026-05-29 11:28,005380,현대차,ORB,1,721000,711000.00,-11636,-1.614,-1.16,"ORB5 고가 720,000 돌파 (범위 2.7%)","손절 (711,000)"
2026-05-29 11:32,2026-05-29 11:44,003550,LG,VWAP눌림,13,128900,130753.85,20197,1.205,1.41,"VWAP 128,296 재돌파, 직전봉 고가 128,500 돌파","트레일링 (130,200)"
2026-05-29 11:55,2026-05-29 12:02,003550,LG,VWAP눌림,15,128900,128100,-16421,-0.849,-1.37,"VWAP 128,457 재돌파, 직전봉 고가 128,400 돌파","손절 (128,100)"
2026-05-29 12:15,2026-05-29 12:43,003550,LG,VWAP눌림,15,128800,132793.33,55331,2.864,9.22,"VWAP 128,463 재돌파, 직전봉 고가 128,600 돌파",목표 익절 +4.0%
2026-05-29 14:09,2026-05-29 14:11,034220,LG디스플레이,VWAP눌림,115,15900,15750,-21417,-1.171,-1.43,"VWAP 15,875 재돌파, 직전봉 고가 15,840 돌파","손절 (15,770)"
2026-05-29 15:00,2026-06-01 09:01,034220,LG디스플레이,종가베팅,32,16170,17260,33617,6.497,2.19,"종가베팅: 등락 +12.1%, 고저범위 77% 위치, VWAP 15,884 위",목표 익절 +5%
2026-06-01 09:05,2026-06-01 09:06,011790,SKC,ORB,6,160600,161400,2575,0.267,0.18,"ORB5 고가 160,300 돌파 (범위 7.2%)","트레일링 (161,700)"
2026-05-29 15:02,2026-06-01 09:52,051910,LG화학,종가베팅,1,364000,371000,6149,1.689,0.59,"종가베팅: 등락 +6.3%, 고저범위 75% 위치, VWAP 355,062 위","트레일링 (371,000)"
2026-06-01 10:20,2026-06-01 10:26,003550,LG,VWAP눌림,8,174400,172400.00,-19173,-1.374,-1.26,"VWAP 174,214 재돌파, 직전봉 고가 174,000 돌파","손절 (172,500)"
2026-06-01 10:57,2026-06-01 11:07,007660,이수페타시스,VWAP눌림,13,137200,136100.00,-18370,-1.030,-1.28,"VWAP 137,085 재돌파, 직전봉 고가 136,800 돌파","손절 (136,100)"
2026-06-01 11:02,2026-06-01 11:28,003550,LG,VWAP눌림,4,174000,179450,20154,2.896,1.53,"VWAP 173,785 재돌파, 직전봉 고가 172,400 돌파",목표 익절 +4.0%
2026-06-01 11:43,2026-06-01 11:45,007660,이수페타시스,VWAP눌림,14,137000,137400,1178,0.061,0.17,"VWAP 136,977 재돌파, 직전봉 고가 136,800 돌파","본절 (137,400)"
2026-06-01 12:41,2026-06-01 12:57,007660,이수페타시스,VWAP눌림,11,138700,137400,-17776,-1.165,-1.24,"VWAP 137,144 재돌파, 직전봉 고가 138,500 돌파","손절 (137,400)"
2026-06-01 13:56,2026-06-01 14:08,003550,LG,VWAP눌림,8,178000,176100,-18441,-1.295,-1.28,"VWAP 176,595 재돌파, 직전봉 고가 177,500 돌파","손절 (176,200)"
2026-06-01 14:22,2026-06-01 14:26,028260,삼성물산,VWAP눌림,4,468000,465000.0,-16279,-0.870,-1.36,"VWAP 466,996 재돌파, 직전봉 고가 467,500 돌파","손절 (465,000)"
2026-06-01 15:00,2026-06-02 09:02,005930,삼성전자,종가베팅,1,350000,361000.00,10172,2.906,0.97,"종가베팅: 등락 +9.9%, 고저범위 98% 위치, VWAP 340,080 위","트레일링 (361,000)"
2026-06-01 15:00,2026-06-02 09:02,278470,에이피알,종가베팅,1,426500,412500,-14949,-3.505,-1.20,"종가베팅: 등락 +8.1%, 고저범위 92% 위치, VWAP 417,777 위","손절 (414,000)"
2026-06-02 09:05,2026-06-02 09:05,034220,LG디스플레이,ORB,62,16980,16710,-19124,-1.817,-1.23,"ORB5 고가 16,970 돌파 (범위 6.1%)","손절 (16,730)"
2026-06-02 09:05,2026-06-02 09:06,373220,LG에너지솔루션,ORB,2,484500,492500,13739,1.418,0.98,"ORB5 고가 484,000 돌파 (범위 8.2%)","트레일링 (491,500)"
2026-06-02 09:13,2026-06-02 09:16,373220,LG에너지솔루션,ORB,2,484500,486500.00,1764,0.182,0.13,"ORB5 고가 484,000 돌파 (범위 8.2%)","트레일링 (486,500)"
2026-06-02 09:32,2026-06-02 09:41,373220,LG에너지솔루션,ORB,2,485000,478000,-16200,-1.670,-1.16,"ORB5 고가 484,000 돌파 (범위 8.2%)","손절 (478,000)"
2026-06-02 09:40,2026-06-02 09:43,034220,LG디스플레이,ORB,62,17010,17270,13663,1.296,0.88,"ORB5 고가 16,970 돌파 (범위 6.1%)","트레일링 (17,170)"
2026-06-02 10:03,2026-06-02 10:04,034220,LG디스플레이,ORB,62,17000,17230,11807,1.120,0.76,"ORB5 고가 16,970 돌파 (범위 6.1%)","트레일링 (17,140)"
2026-06-02 10:29,2026-06-02 10:37,043260,성호전자,ORB,23,43900,43200,-18387,-1.821,-1.23,"ORB5 고가 43,850 돌파 (범위 9.5%)","손절 (43,250)"
2026-06-02 11:41,2026-06-02 12:01,020150,롯데에너지머티리얼즈,VWAP눌림,11,70300,69600,-9460,-1.223,-0.66,"VWAP 69,801 재돌파, 직전봉 고가 69,700 돌파",타임스탑 20분
2026-06-02 12:25,2026-06-02 12:32,020150,롯데에너지머티리얼즈,VWAP눌림,14,69900,68900,-16219,-1.657,-1.16,"VWAP 69,795 재돌파, 직전봉 고가 69,500 돌파","손절 (68,900)"
2026-06-02 13:06,2026-06-02 13:07,020150,롯데에너지머티리얼즈,VWAP눌림,26,69800,70000,1015,0.056,0.08,"VWAP 69,780 재돌파, 직전봉 고가 69,600 돌파","본절 (70,000)"
2026-06-02 13:12,2026-06-02 13:16,017670,SK텔레콤,VWAP눌림,10,127700,126000,-19900,-1.558,-1.33,"VWAP 127,220 재돌파, 직전봉 고가 127,300 돌파","손절 (126,200)"
2026-06-02 15:00,2026-06-04 09:01,028260,삼성물산,종가베팅,1,478500,492500,12871,2.690,0.92,"종가베팅: 등락 +4.0%, 고저범위 81% 위치, VWAP 460,588 위","트레일링 (494,000)"
2026-06-02 15:00,2026-06-04 09:01,032830,삼성생명,종가베팅,1,447000,433500,-14499,-3.244,-1.12,"종가베팅: 등락 +8.8%, 고저범위 89% 위치, VWAP 430,428 위","손절 (434,000)"
2026-06-04 09:05,2026-06-04 09:07,011790,SKC,ORB,6,156400,158350,9519,1.014,0.69,"ORB5 고가 156,000 돌파 (범위 7.0%)","트레일링 (157,600)"
2026-06-04 09:07,2026-06-04 09:15,403870,HPSP,ORB,22,46200,45550,-16606,-1.634,-1.16,"ORB5 고가 46,150 돌파 (범위 5.5%)","손절 (45,550)"
2026-06-04 09:21,2026-06-04 09:32,403870,HPSP,ORB,22,46200,46400,2054,0.202,0.14,"ORB5 고가 46,150 돌파 (범위 5.5%)","트레일링 (46,400)"
2026-06-04 10:11,2026-06-04 10:16,011790,SKC,ORB,6,156300,154000.00,-15926,-1.698,-1.15,"ORB5 고가 156,000 돌파 (범위 7.0%)","손절 (154,000)"
2026-06-04 10:27,2026-06-04 10:28,000990,DB하이텍,VWAP눌림,11,179800,178800,-15524,-0.785,-1.41,"VWAP 178,468 재돌파, 직전봉 고가 179,400 돌파","손절 (178,800)"
2026-06-04 10:35,2026-06-04 10:44,000990,DB하이텍,VWAP눌림,10,179400,180300.00,4855,0.271,0.35,"VWAP 178,493 재돌파, 직전봉 고가 179,600 돌파","트레일링 (180,300)"
2026-06-04 11:01,2026-06-04 11:01,000990,DB하이텍,VWAP눌림,9,180100,178400.00,-18994,-1.172,-1.32,"VWAP 178,730 재돌파, 직전봉 고가 179,600 돌파","손절 (178,500)"
2026-06-04 11:51,2026-06-04 12:15,011790,SKC,ORB,6,156100,158850,14313,1.528,1.04,"ORB5 고가 156,000 돌파 (범위 7.0%)","트레일링 (157,900)"
2026-06-04 15:10,2026-06-05 09:01,489790,한화비전,종가베팅,6,79500,74400,-31629,-6.631,-2.29,"종가베팅: 등락 +18.7%, 고저범위 85% 위치, VWAP 77,097 위","손절 (77,200)"
2026-06-04 15:00,2026-06-05 09:02,347850,디앤디파마텍,종가베팅,5,92600,95080,11312,2.443,0.84,"종가베팅: 등락 +10.1%, 고저범위 79% 위치, VWAP 90,282 위","트레일링 (95,300)"
2026-06-05 09:10,2026-06-05 09:13,055550,신한지주,ORB,9,106700,108700,15754,1.641,1.09,"ORB5 고가 106,500 돌파 (범위 3.9%)","트레일링 (108,400)"
2026-06-05 09:09,2026-06-05 09:14,105560,KB금융,ORB,6,172400,173400,3609,0.349,0.24,"ORB5 고가 172,200 돌파 (범위 3.0%)","트레일링 (173,500)"
2026-06-05 09:22,2026-06-05 09:30,105560,KB금융,ORB,6,172300,169800,-17344,-1.678,-1.16,"ORB5 고가 172,200 돌파 (범위 3.0%)","손절 (169,800)"
2026-06-05 09:28,2026-06-05 09:31,055550,신한지주,ORB,9,106700,105100.00,-16576,-1.726,-1.15,"ORB5 고가 106,500 돌파 (범위 3.9%)","손절 (105,100)"
2026-06-05 09:36,2026-06-05 10:06,055550,신한지주,ORB,9,106600,105000,-16574,-1.728,-1.15,"ORB5 고가 106,500 돌파 (범위 3.9%)","손절 (105,000)"
2026-06-05 15:01,2026-06-08 09:01,178320,서진시스템,종가베팅,7,71400,64200,-51439,-10.292,-3.50,"종가베팅: 등락 +3.2%, 고저범위 87% 위치, VWAP 67,524 위","손절 (69,300)"
2026-06-08 10:52,2026-06-08 10:55,006220,제주은행,VWAP눌림,79,12020,11830,-17161,-1.807,-1.14,"VWAP 11,879 재돌파, 직전봉 고가 12,010 돌파","손절 (11,830)"
2026-06-08 11:00,2026-06-08 11:04,085620,미래에셋생명,VWAP눌림,56,19620,19330,-18730,-1.705,-1.24,"VWAP 19,465 재돌파, 직전봉 고가 19,410 돌파","손절 (19,350)"
2026-06-08 11:07,2026-06-08 11:11,010690,화신,VWAP눌림,92,10310,10150,-16869,-1.778,-1.15,"VWAP 10,226 재돌파, 직전봉 고가 10,230 돌파","손절 (10,150)"
2026-06-08 11:50,2026-06-08 12:00,010690,화신,VWAP눌림,87,10260,10090,-16809,-1.883,-1.14,"VWAP 10,218 재돌파, 직전봉 고가 10,110 돌파","손절 (10,090)"
2026-06-09 09:06,2026-06-09 09:10,036930,주성엔지니어링,ORB,5,197700,201800.0,18185,1.840,1.25,"ORB5 고가 197,600 돌파 (범위 3.1%)","트레일링 (202,500)"
2026-06-09 13:22,2026-06-09 13:23,319660,피에스케이,VWAP눌림,14,134900,134300.00,-12725,-0.674,-1.51,"VWAP 134,988 재돌파, 직전봉 고가 134,800 돌파","손절 (134,300)"
2026-06-09 15:00,2026-06-10 09:01,028260,삼성물산,종가베팅,1,432000,402500,-30429,-7.044,-2.43,"종가베팅: 등락 +5.9%, 고저범위 86% 위치, VWAP 415,114 위","손절 (419,500)"
2026-06-09 15:06,2026-06-10 09:01,000270,기아,종가베팅,3,165800,160500,-17009,-3.420,-1.16,"종가베팅: 등락 +9.2%, 고저범위 88% 위치, VWAP 162,900 위","손절 (160,900)"
2026-06-10 09:06,2026-06-10 09:08,093370,후성,ORB,67,15000,14750.00,-19024,-1.893,-1.29,"ORB5 고가 14,970 돌파 (범위 5.9%)","손절 (14,780)"
2026-06-10 09:06,2026-06-10 09:09,319660,피에스케이,ORB,6,147900,150100,11134,1.255,0.84,"ORB5 고가 147,700 돌파 (범위 8.0%)","트레일링 (149,600)"
2026-06-10 09:57,2026-06-10 10:00,093370,후성,ORB,67,15000,15208.51,11631,1.157,0.79,"ORB5 고가 14,970 돌파 (범위 5.9%)","트레일링 (15,140)"
2026-06-10 11:30,2026-06-10 11:31,095610,테스,VWAP눌림,11,179200,182118.18,27499,1.395,1.92,"VWAP 179,179 재돌파, 직전봉 고가 178,600 돌파","트레일링 (181,700)"
2026-06-10 11:38,2026-06-10 11:46,095610,테스,VWAP눌림,5,180100,182200.00,8408,0.934,0.67,"VWAP 179,186 재돌파, 직전봉 고가 178,400 돌파","트레일링 (181,500)"
2026-06-10 11:59,2026-06-10 12:01,095610,테스,VWAP눌림,11,179400,181981.82,23803,1.206,1.97,"VWAP 179,204 재돌파, 직전봉 고가 178,900 돌파","트레일링 (181,200)"
2026-06-10 13:35,2026-06-10 13:36,100090,SK오션플랜트,VWAP눌림,67,17060,16840,-17336,-1.517,-1.18,"VWAP 17,002 재돌파, 직전봉 고가 16,990 돌파","손절 (16,840)"
2026-06-10 13:51,2026-06-10 13:52,100090,SK오션플랜트,VWAP눌림,45,17070,16720,-17481,-2.276,-1.18,"VWAP 16,995 재돌파, 직전봉 고가 16,930 돌파","손절 (16,740)"
2026-06-10 14:26,2026-06-10 14:26,100090,SK오션플랜트,VWAP눌림,59,17100,16810,-19392,-1.922,-1.31,"VWAP 16,949 재돌파, 직전봉 고가 16,890 돌파","손절 (16,850)"
2026-06-10 15:01,2026-06-11 09:01,047810,한국항공우주,종가베팅,3,136400,139633.33,8741,2.136,0.73,"종가베팅: 등락 +6.4%, 고저범위 79% 위치, VWAP 135,133 위","트레일링 (139,300)"
2026-06-10 15:00,2026-06-11 09:01,093370,후성,종가베팅,31,16110,15580,-17541,-3.512,-1.18,"종가베팅: 등락 +19.1%, 고저범위 80% 위치, VWAP 15,676 위","손절 (15,630)"
2026-06-11 09:17,2026-06-11 09:22,240810,원익IPS,ORB,8,121800,124050.00,15722,1.614,1.09,"ORB5 고가 121,700 돌파 (범위 4.8%)","트레일링 (123,600)"
2026-06-11 15:00,2026-06-12 09:02,319400,현대무벡스,종가베팅,12,41150,41750.0,6050,1.225,0.42,"종가베팅: 등락 +16.1%, 고저범위 99% 위치, VWAP 38,195 위","트레일링 (41,600)"
2026-06-12 09:05,2026-06-12 09:05,001740,SK네트웍스,ORB,77,12850,12630,-19178,-1.938,-1.31,"ORB5 고가 12,830 돌파 (범위 8.6%)","손절 (12,660)"
2026-06-12 09:12,2026-06-12 09:16,001740,SK네트웍스,ORB,77,12840,13226.75,27444,2.776,1.88,"ORB5 고가 12,830 돌파 (범위 8.6%)",목표 익절 +4.0%
2026-06-12 10:00,2026-06-12 10:04,240810,원익IPS,ORB,6,163300,166300,15710,1.603,1.09,"ORB5 고가 163,100 돌파 (범위 5.2%)","트레일링 (166,300)"
2026-06-12 10:21,2026-06-12 10:28,240810,원익IPS,ORB,6,163200,166400.00,16910,1.727,1.17,"ORB5 고가 163,100 돌파 (범위 5.2%)","트레일링 (166,400)"
2026-06-12 14:12,2026-06-12 14:13,058470,리노공업,VWAP눌림,11,107100,105800,-16977,-1.441,-1.19,"VWAP 105,911 재돌파, 직전봉 고가 106,300 돌파","손절 (105,800)"
2026-06-15 09:05,2026-06-15 09:06,093370,후성,ORB,50,20100,20475,16401,1.632,1.26,"ORB5 고가 19,990 돌파 (범위 5.5%)","트레일링 (20,450)"
2026-06-15 09:06,2026-06-15 09:08,089030,테크윙,ORB,14,71000,71400,3303,0.332,0.24,"ORB5 고가 70,700 돌파 (범위 6.2%)","트레일링 (71,400)"
2026-06-15 09:12,2026-06-15 09:14,093370,후성,ORB,50,20050,20400,15158,1.512,1.17,"ORB5 고가 19,990 돌파 (범위 5.5%)","트레일링 (20,300)"
2026-06-15 09:41,2026-06-15 09:42,089030,테크윙,ORB,14,70800,71000,515,0.052,0.04,"ORB5 고가 70,700 돌파 (범위 6.2%)","본절 (71,000)"
2026-06-15 09:41,2026-06-15 09:48,093370,후성,ORB,50,20000,19700,-17267,-1.727,-1.33,"ORB5 고가 19,990 돌파 (범위 5.5%)","손절 (19,740)"
2026-06-15 11:18,2026-06-15 11:23,089030,테크윙,ORB,14,70800,69700,-17645,-1.780,-1.26,"ORB5 고가 70,700 돌파 (범위 6.2%)","손절 (69,800)"
2026-06-15 11:56,2026-06-15 12:34,402340,SK스퀘어,VWAP눌림,1,1398000,1402000,777,0.056,0.08,"VWAP 1,391,906 재돌파, 직전봉 고가 1,394,000 돌파","본절 (1,402,000)"
2026-06-15 13:08,2026-06-15 13:15,402340,SK스퀘어,VWAP눌림,1,1397000,1389000,-11195,-0.801,-1.40,"VWAP 1,393,921 재돌파, 직전봉 고가 1,395,000 돌파","손절 (1,389,000)"
2026-06-15 13:28,2026-06-15 13:35,402340,SK스퀘어,VWAP눌림,1,1401000,1395000,-9209,-0.657,-1.53,"VWAP 1,394,045 재돌파, 직전봉 고가 1,400,000 돌파","손절 (1,395,000)"
2026-06-15 15:00,2026-06-16 09:03,042660,한화오션,종가베팅,4,122500,124500.0,6859,1.400,0.48,"종가베팅: 등락 +8.2%, 고저범위 86% 위치, VWAP 120,179 위","트레일링 (124,000)"
2026-06-16 09:06,2026-06-16 09:09,079550,LIG디펜스앤에어로스페이스,ORB,1,988000,972000,-18237,-1.846,-1.30,"ORB5 고가 987,000 돌파 (범위 5.4%)","손절 (974,000)"
2026-06-16 09:07,2026-06-16 09:34,105560,KB금융,ORB,5,178100,180340,9130,1.025,0.70,"ORB5 고가 177,800 돌파 (범위 5.0%)","트레일링 (179,700)"
2026-06-16 12:02,2026-06-16 12:06,009540,HD한국조선해양,VWAP눌림,4,445000,442500,-14072,-0.791,-1.76,"VWAP 442,844 재돌파, 직전봉 고가 444,500 돌파","손절 (443,000)"
2026-06-16 12:12,2026-06-16 12:32,009540,HD한국조선해양,VWAP눌림,2,444000,445500,952,0.107,0.07,"VWAP 442,898 재돌파, 직전봉 고가 445,000 돌파",타임스탑 20분
2026-06-16 13:12,2026-06-16 13:27,009540,HD한국조선해양,VWAP눌림,4,444000,441500,-14062,-0.792,-1.41,"VWAP 443,133 재돌파, 직전봉 고가 443,000 돌파","손절 (441,500)"
2026-06-16 13:35,2026-06-16 13:42,204320,HL만도,VWAP눌림,15,74700,75100,3411,0.304,0.25,"VWAP 73,955 재돌파, 직전봉 고가 74,100 돌파","트레일링 (75,100)"
2026-06-16 15:00,2026-06-17 09:03,204320,HL만도,종가베팅,6,76200,77800,8530,1.866,0.65,"종가베팅: 등락 +7.9%, 고저범위 82% 위치, VWAP 74,211 위","트레일링 (77,900)"
2026-06-17 09:11,2026-06-17 09:12,403870,HPSP,ORB,14,69900,68700.00,-19013,-1.943,-1.36,"ORB5 고가 69,800 돌파 (범위 6.7%)","손절 (68,900)"
2026-06-17 09:05,2026-06-17 09:13,240810,원익IPS,ORB,5,169400,176620,34078,4.023,2.73,"ORB5 고가 169,000 돌파 (범위 6.2%)",목표 익절 +4.0%
2026-06-18 09:05,2026-06-18 09:08,006340,대원전선,ORB,74,13950,13730,-18618,-1.804,-1.26,"ORB5 고가 13,940 돌파 (범위 9.1%)","손절 (13,750)"
2026-06-18 12:16,2026-06-18 12:19,093370,후성,VWAP눌림,77,18415,18210.0,-19011,-1.341,-1.27,"VWAP 18,212 재돌파, 직전봉 고가 18,330 돌파","손절 (18,220)"
2026-06-18 12:49,2026-06-18 12:55,093370,후성,VWAP눌림,109,18290,18579.17,26870,1.348,3.52,"VWAP 18,217 재돌파, 직전봉 고가 18,260 돌파","트레일링 (18,510)"
2026-06-18 13:19,2026-06-18 13:30,093370,후성,VWAP눌림,108,18380,18270.0,-16418,-0.827,-1.38,"VWAP 18,242 재돌파, 직전봉 고가 18,330 돌파","손절 (18,270)"
2026-06-18 14:23,2026-06-18 14:25,080220,제주반도체,VWAP눌림,17,117300,116400,-19852,-0.996,-1.46,"VWAP 116,280 재돌파, 직전봉 고가 116,900 돌파","손절 (116,500)"
2026-06-18 15:00,2026-06-19 09:01,005930,삼성전자,종가베팅,1,358750,369500,9903,2.760,0.92,"종가베팅: 등락 +4.4%, 고저범위 95% 위치, VWAP 351,555 위","트레일링 (369,500)"
2026-06-18 15:00,2026-06-19 09:06,032830,삼성생명,종가베팅,1,470000,493000,21871,4.653,1.56,"종가베팅: 등락 +6.0%, 고저범위 98% 위치, VWAP 460,502 위",목표 익절 +5%
2026-06-19 10:23,2026-06-19 10:24,006340,대원전선,VWAP눌림,118,12070,11940,-18581,-1.305,-1.31,"VWAP 11,972 재돌파, 직전봉 고가 12,030 돌파","손절 (11,950)"
2026-06-19 10:31,2026-06-19 10:33,010690,화신,VWAP눌림,53,13550,13630,2581,0.359,0.17,"VWAP 13,467 재돌파, 직전봉 고가 13,370 돌파","트레일링 (13,640)"
2026-06-19 10:49,2026-06-19 10:50,010690,화신,VWAP눌림,140,13540,13830,36154,1.907,2.58,"VWAP 13,488 재돌파, 직전봉 고가 13,510 돌파","트레일링 (13,880)"
2026-06-19 11:01,2026-06-19 11:01,006340,대원전선,VWAP눌림,103,12030,11880,-18265,-1.474,-1.27,"VWAP 11,960 재돌파, 직전봉 고가 11,920 돌파","손절 (11,890)"
2026-06-19 11:11,2026-06-19 11:15,006340,대원전선,VWAP눌림,128,11980,11870,-17575,-1.146,-1.25,"VWAP 11,959 재돌파, 직전봉 고가 11,940 돌파","손절 (11,870)"
2026-06-19 12:31,2026-06-19 12:32,010690,화신,VWAP눌림,70,14080,13870,-16933,-1.718,-1.15,"VWAP 14,024 재돌파, 직전봉 고가 13,970 돌파","손절 (13,870)"
2026-06-19 12:32,2026-06-19 12:33,046970,우리로,VWAP눌림,73,8670,8470,-16022,-2.531,-1.10,"VWAP 8,516 재돌파, 직전봉 고가 8,610 돌파","손절 (8,470)"
2026-06-19 13:59,2026-06-19 13:59,046970,우리로,VWAP눌림,118,8530,8380,-19975,-1.985,-1.41,"VWAP 8,429 재돌파, 직전봉 고가 8,260 돌파","손절 (8,410)"
2026-06-22 09:06,2026-06-22 09:08,001820,삼화콘덴서,ORB,5,181400,178200,-18051,-1.990,-1.34,"ORB5 고가 181,300 돌파 (범위 6.9%)","손절 (178,700)"
2026-06-22 15:00,2026-06-23 09:01,080220,제주반도체,종가베팅,3,132400,128500,-12587,-3.169,-1.08,"종가베팅: 등락 +15.8%, 고저범위 79% 위치, VWAP 129,391 위","손절 (128,500)"
2026-06-22 15:00,2026-06-23 09:02,000990,DB하이텍,종가베팅,2,171400,166000,-11564,-3.373,-1.13,"종가베팅: 등락 +11.7%, 고저범위 98% 위치, VWAP 164,975 위","손절 (166,300)"
2026-06-23 09:07,2026-06-23 09:07,122640,예스티,ORB,23,40300,39700,-15901,-1.716,-1.15,"ORB5 고가 40,250 돌파 (범위 5.0%)","손절 (39,700)"
2026-06-23 09:14,2026-06-23 09:15,122640,예스티,ORB,23,40400,39800.00,-15906,-1.712,-1.15,"ORB5 고가 40,250 돌파 (범위 5.0%)","손절 (39,800)"
2026-06-23 13:23,2026-06-23 13:25,356680,엑스게이트,VWAP눌림,64,18590,18350,-18062,-1.518,-1.23,"VWAP 18,467 재돌파, 직전봉 고가 18,470 돌파","손절 (18,360)"
2026-06-24 09:06,2026-06-24 09:06,026940,부국철강,ORB,233,4225,4390.15,36136,3.671,2.58,"ORB5 고가 4,200 돌파 (범위 7.1%)",목표 익절 +4.0%
2026-06-24 09:14,2026-06-24 09:20,080220,제주반도체,ORB,7,120000,118200,-14504,-1.727,-1.15,"ORB5 고가 119,800 돌파 (범위 4.6%)","손절 (118,200)"
2026-06-24 10:02,2026-06-24 10:02,026940,부국철강,ORB,233,4210,4140,-18530,-1.889,-1.33,"ORB5 고가 4,200 돌파 (범위 7.1%)","손절 (4,150)"
2026-06-24 10:12,2026-06-24 10:15,026940,부국철강,ORB,233,4210,4289.98,16342,1.666,1.17,"ORB5 고가 4,200 돌파 (범위 7.1%)","트레일링 (4,290)"
2026-06-24 11:12,2026-06-24 11:19,005930,삼성전자,VWAP눌림,5,333000,331000,-13807,-0.829,-1.38,"VWAP 331,509 재돌파, 직전봉 고가 333,000 돌파","손절 (331,000)"
2026-06-24 14:26,2026-06-24 14:27,028260,삼성물산,VWAP눌림,4,497000,494500,-14550,-0.732,-1.46,"VWAP 495,040 재돌파, 직전봉 고가 496,500 돌파","손절 (494,500)"
2026-06-24 13:40,2026-06-24 14:43,005930,삼성전자,VWAP눌림,4,329500,335750,21918,1.663,1.83,"VWAP 328,785 재돌파, 직전봉 고가 328,500 돌파","트레일링 (335,500)"
2026-06-25 09:05,2026-06-25 09:09,034730,SK,ORB,1,841000,826000,-16901,-2.010,-1.41,"ORB5 고가 840,000 돌파 (범위 9.4%)","손절 (829,000)"
2026-06-24 15:00,2026-06-25 09:11,141080,리가켐바이오,종가베팅,3,153400,157433.33,11017,2.394,0.80,"종가베팅: 등락 +12.6%, 고저범위 92% 위치, VWAP 149,151 위","트레일링 (157,600)"
2026-06-25 09:36,2026-06-25 09:38,037710,광주신세계,ORB,20,48650,49225,9240,0.950,0.66,"ORB5 고가 48,500 돌파 (범위 6.8%)","트레일링 (49,050)"
2026-06-25 09:30,2026-06-25 09:43,034730,SK,ORB,1,841000,829000.00,-13908,-1.654,-1.16,"ORB5 고가 840,000 돌파 (범위 9.4%)","손절 (829,000)"
2026-06-25 10:01,2026-06-25 10:01,037710,광주신세계,ORB,20,48600,47800,-18200,-1.872,-1.3,"ORB5 고가 48,500 돌파 (범위 6.8%)","손절 (47,900)"
2026-06-25 10:29,2026-06-25 10:34,037710,광주신세계,ORB,20,48600,47900,-16204,-1.667,-1.16,"ORB5 고가 48,500 돌파 (범위 6.8%)","손절 (47,900)"
2026-06-25 10:38,2026-06-25 10:42,475150,SK이터닉스,VWAP눌림,33,44850,45000,1536,0.104,0.12,"VWAP 44,811 재돌파, 직전봉 고가 44,700 돌파","본절 (45,000)"
2026-06-25 11:08,2026-06-25 11:08,001740,SK네트웍스,VWAP눌림,190,10400,10320,-19711,-0.998,-1.48,"VWAP 10,331 재돌파, 직전봉 고가 10,370 돌파","손절 (10,330)"
2026-06-25 10:57,2026-06-25 11:09,034730,SK,ORB,1,841000,844000.00,1060,0.126,0.09,"ORB5 고가 840,000 돌파 (범위 9.4%)","트레일링 (844,000)"
2026-06-25 11:24,2026-06-25 11:27,001740,SK네트웍스,VWAP눌림,95,10540,10679.26,10902,1.089,0.77,"VWAP 10,330 재돌파, 직전봉 고가 10,230 돌파","트레일링 (10,630)"
2026-06-25 12:02,2026-06-25 12:05,001740,SK네트웍스,VWAP눌림,169,10360,10549.82,27986,1.598,2.07,"VWAP 10,353 재돌파, 직전봉 고가 10,330 돌파","트레일링 (10,520)"
2026-06-25 13:21,2026-06-25 13:29,000990,DB하이텍,VWAP눌림,12,158100,157000,-17534,-0.924,-1.33,"VWAP 157,942 재돌파, 직전봉 고가 157,800 돌파","손절 (157,000)"
2026-06-25 13:41,2026-06-25 14:02,000990,DB하이텍,VWAP눌림,12,158300,158700,423,0.022,0.04,"VWAP 157,934 재돌파, 직전봉 고가 158,000 돌파","본절 (158,700)"
2026-06-26 09:06,2026-06-26 09:07,037710,광주신세계,ORB,21,46400,45650,-17956,-1.843,-1.32,"ORB5 고가 46,350 돌파 (범위 5.8%)","손절 (45,750)"
2026-06-25 15:09,2026-06-26 09:20,005930,삼성전자,종가베팅,1,360000,349500.00,-11305,-3.140,-1.08,"종가베팅: 등락 +6.0%, 고저범위 76% 위치, VWAP 358,212 위","손절 (349,500)"
2026-06-26 09:33,2026-06-26 09:35,037710,광주신세계,ORB,21,46500,47366.67,15918,1.630,1.17,"ORB5 고가 46,350 돌파 (범위 5.8%)","트레일링 (47,200)"
2026-06-26 10:02,2026-06-26 10:05,037710,광주신세계,ORB,21,46400,47166.67,13826,1.419,1.01,"ORB5 고가 46,350 돌파 (범위 5.8%)","트레일링 (47,050)"
2026-06-26 10:05,2026-06-26 10:13,003200,일신방직,ORB,94,10230,10270.00,1542,0.160,0.11,"ORB5 고가 10,220 돌파 (범위 4.6%)","트레일링 (10,280)"
2026-06-26 10:32,2026-06-26 10:45,003200,일신방직,ORB,94,10240,10405.00,13265,1.378,0.94,"ORB5 고가 10,220 돌파 (범위 4.6%)","트레일링 (10,360)"
2026-06-26 11:44,2026-06-26 11:57,319660,피에스케이,VWAP눌림,4,189000,185200,-16905,-2.236,-1.17,"VWAP 186,255 재돌파, 직전봉 고가 187,600 돌파","손절 (185,400)"
2026-06-26 13:15,2026-06-26 13:17,319660,피에스케이,VWAP눌림,10,186600,187100,699,0.037,0.06,"VWAP 186,171 재돌파, 직전봉 고가 186,200 돌파","본절 (187,100)"
2026-06-26 13:32,2026-06-26 13:35,319660,피에스케이,VWAP눌림,10,186800,185400,-18266,-0.978,-1.30,"VWAP 186,192 재돌파, 직전봉 고가 186,400 돌파","손절 (185,400)"
2026-06-29 09:05,2026-06-29 09:05,475150,SK이터닉스,ORB,20,48300,47550,-17188,-1.779,-1.23,"ORB5 고가 48,200 돌파 (범위 8.1%)","손절 (47,600)"
2026-06-29 09:05,2026-06-29 09:09,141080,리가켐바이오,ORB,6,157900,162700,26562,2.804,1.92,"ORB5 고가 157,700 돌파 (범위 4.6%)",목표 익절 +4.0%
2026-06-29 09:51,2026-06-29 10:11,214450,파마리서치,ORB,2,353000,351000,-5614,-0.795,-0.56,"ORB5 고가 352,500 돌파 (범위 5.5%)",타임스탑 20분
2026-06-29 15:14,2026-06-30 09:01,373220,LG에너지솔루션,종가베팅,1,396500,385000,-12386,-3.124,-1.08,"종가베팅: 등락 +19.3%, 고저범위 98% 위치, VWAP 379,205 위","손절 (385,000)"
2026-06-30 09:07,2026-06-30 09:08,240810,원익IPS,ORB,5,174300,171700,-14975,-1.718,-1.15,"ORB5 고가 174,200 돌파 (범위 6.2%)","손절 (171,700)"
2026-06-30 10:33,2026-06-30 10:35,319660,피에스케이,VWAP눌림,10,194500,193500,-14451,-0.743,-1.61,"VWAP 193,343 재돌파, 직전봉 고가 194,300 돌파","손절 (193,600)"
2026-06-30 10:58,2026-06-30 10:59,319660,피에스케이,VWAP눌림,10,193400,193900.00,542,0.028,0.05,"VWAP 193,279 재돌파, 직전봉 고가 192,800 돌파","본절 (193,900)"
2026-06-30 11:05,2026-06-30 11:11,319660,피에스케이,VWAP눌림,10,194200,194700,523,0.027,0.04,"VWAP 193,306 재돌파, 직전봉 고가 193,400 돌파","본절 (194,700)"
2026-06-30 15:00,2026-07-01 09:06,214450,파마리서치,종가베팅,1,366500,355500,-11818,-3.225,-1.07,"종가베팅: 등락 +3.5%, 고저범위 91% 위치, VWAP 363,052 위","손절 (355,500)"
2026-07-01 09:06,2026-07-01 09:07,006340,대원전선,ORB,88,11080,11275,14884,1.527,1.06,"ORB5 고가 11,030 돌파 (범위 4.0%)","트레일링 (11,210)"
2026-07-01 10:20,2026-07-01 10:28,222800,심텍,VWAP눌림,8,157000,159250,15074,1.200,1.11,"VWAP 155,566 재돌파, 직전봉 고가 157,000 돌파","트레일링 (158,500)"
2026-07-01 12:10,2026-07-01 12:11,222800,심텍,VWAP눌림,12,155700,155000,-12679,-0.679,-1.51,"VWAP 155,636 재돌파, 직전봉 고가 155,400 돌파","손절 (155,000)"
2026-07-01 12:20,2026-07-01 12:25,222800,심텍,VWAP눌림,12,155700,155100,-11481,-0.614,-1.59,"VWAP 155,635 재돌파, 직전봉 고가 155,500 돌파","손절 (155,100)"
2026-07-01 12:35,2026-07-01 12:42,001820,삼화콘덴서,VWAP눌림,12,155100,155500.00,510,0.027,0.05,"VWAP 154,056 재돌파, 직전봉 고가 154,600 돌파","본절 (155,500)"
2026-07-01 13:06,2026-07-01 13:07,001820,삼화콘덴서,VWAP눌림,12,155000,154400,-11461,-0.616,-1.59,"VWAP 154,111 재돌파, 직전봉 고가 154,800 돌파","손절 (154,400)"
2026-07-01 13:15,2026-07-01 13:39,001820,삼화콘덴서,VWAP눌림,12,154800,157850,32251,1.736,2.99,"VWAP 154,112 재돌파, 직전봉 고가 154,300 돌파","트레일링 (157,800)"
2026-07-02 09:05,2026-07-02 09:06,037710,광주신세계,ORB,20,49950,50700,12673,1.269,0.91,"ORB5 고가 49,700 돌파 (범위 9.8%)","트레일링 (50,500)"
2026-07-02 10:21,2026-07-02 10:26,006340,대원전선,VWAP눌림,57,13770,13790,-666,-0.085,-0.05,"VWAP 13,633 재돌파, 직전봉 고가 13,740 돌파","트레일링 (13,810)"
2026-07-03 09:05,2026-07-03 09:06,403870,HPSP,ORB,21,46250,45600.0,-15853,-1.632,-1.16,"ORB5 고가 46,200 돌파 (범위 5.4%)","손절 (45,600)"
2026-07-03 09:12,2026-07-03 09:16,403870,HPSP,ORB,21,46300,45550,-17951,-1.846,-1.32,"ORB5 고가 46,200 돌파 (범위 5.4%)","손절 (45,650)"
2026-07-03 09:37,2026-07-03 09:43,403870,HPSP,ORB,21,46250,45550,-16901,-1.740,-1.24,"ORB5 고가 46,200 돌파 (범위 5.4%)","손절 (45,600)"
2026-07-03 10:08,2026-07-03 10:09,095500,미래나노텍,ORB,125,7940,7830.00,-16001,-1.612,-1.16,"ORB5 고가 7,900 돌파 (범위 3.7%)","손절 (7,830)"
2026-07-03 10:09,2026-07-03 10:39,068270,셀트리온,VWAP눌림,9,183100,181600,-17260,-1.047,-1.28,"VWAP 182,428 재돌파, 직전봉 고가 182,900 돌파","손절 (181,600)"
2026-07-03 11:23,2026-07-03 11:24,095500,미래나노텍,ORB,125,7940,8099.92,17667,1.780,1.28,"ORB5 고가 7,900 돌파 (범위 3.7%)","트레일링 (8,090)"
2026-07-03 12:00,2026-07-03 12:01,068270,셀트리온,VWAP눌림,10,182800,182300,-9193,-0.503,-1.84,"VWAP 182,410 재돌파, 직전봉 고가 182,700 돌파","손절 (182,300)"
2026-07-03 12:14,2026-07-03 12:15,068270,셀트리온,VWAP눌림,10,182700,183100,-210,-0.011,-0.04,"VWAP 182,409 재돌파, 직전봉 고가 182,500 돌파","본절 (183,200)"
2026-07-03 15:00,2026-07-06 09:13,016360,삼성증권,종가베팅,4,118900,123100,15673,3.295,1.12,"종가베팅: 등락 +9.3%, 고저범위 94% 위치, VWAP 114,957 위",목표 익절 +5%
2026-07-06 09:10,2026-07-06 09:17,042660,한화오션,ORB,8,117000,119650.00,19004,2.030,1.40,"ORB5 고가 116,800 돌파 (범위 4.3%)","트레일링 (119,900)"
2026-07-06 09:17,2026-07-06 09:18,006340,대원전선,ORB,71,13940,13730,-17153,-1.733,-1.21,"ORB5 고가 13,930 돌파 (범위 6.3%)","손절 (13,740)"
2026-07-03 15:00,2026-07-06 09:28,055550,신한지주,종가베팅,4,107500,109200,5799,1.349,0.45,"종가베팅: 등락 +4.1%, 고저범위 90% 위치, VWAP 106,305 위","트레일링 (108,800)"
2026-07-06 15:00,2026-07-07 09:01,037710,광주신세계,종가베팅,10,45700,47125,13170,2.882,0.98,"종가베팅: 등락 +17.9%, 고저범위 83% 위치, VWAP 43,639 위","트레일링 (47,100)"
2026-07-06 15:00,2026-07-07 09:04,000270,기아,종가베팅,3,160900,156000,-15778,-3.269,-1.10,"종가베팅: 등락 +6.1%, 고저범위 86% 위치, VWAP 158,806 위","손절 (156,100)"
2026-07-07 09:05,2026-07-07 09:09,036930,주성엔지니어링,ORB,5,194500,191200,-18700,-1.923,-1.29,"ORB5 고가 194,000 돌파 (범위 9.2%)","손절 (191,600)"
2026-07-07 09:17,2026-07-07 09:19,037070,파세코,ORB,100,9650,9480,-19182,-1.988,-1.37,"ORB5 고가 9,590 돌파 (범위 7.6%)","손절 (9,510)"
2026-07-07 09:16,2026-07-07 09:19,036930,주성엔지니어링,ORB,5,194500,191500,-17203,-1.769,-1.19,"ORB5 고가 194,000 돌파 (범위 9.2%)","손절 (191,600)"
2026-07-07 09:16,2026-07-07 09:36,010950,S-Oil,ORB,7,122100,121900,-3361,-0.393,-0.27,"ORB5 고가 121,900 돌파 (범위 3.3%)",타임스탑 20분
2026-07-07 15:00,2026-07-08 09:11,096770,SK이노베이션,종가베팅,4,103400,100300,-13324,-3.221,-1.07,"종가베팅: 등락 +6.9%, 고저범위 92% 위치, VWAP 100,398 위","손절 (100,300)"
2026-07-08 09:15,2026-07-08 09:23,066570,LG전자,ORB,4,194600,200300,20963,2.693,1.81,"ORB5 고가 194,200 돌파 (범위 4.2%)",목표 익절 +4.0%
2026-07-08 11:18,2026-07-08 11:21,058730,다스코,VWAP눌림,198,4195,4257.5,10441,1.257,0.75,"VWAP 4,177 재돌파, 직전봉 고가 4,175 돌파","트레일링 (4,235)"
2026-07-08 11:32,2026-07-08 11:33,024060,흥구석유,VWAP눌림,114,9760,9760.00,-2557,-0.230,-0.19,"VWAP 9,706 재돌파, 직전봉 고가 9,760 돌파","본절 (9,790)"
2026-07-08 11:58,2026-07-08 12:00,058730,다스코,VWAP눌림,185,4245,4170.00,-15649,-1.993,-1.13,"VWAP 4,212 재돌파, 직전봉 고가 4,220 돌파","손절 (4,170)"
2026-07-08 12:44,2026-07-08 12:44,058730,다스코,VWAP눌림,247,4215,4340.18,28462,2.734,2.10,"VWAP 4,208 재돌파, 직전봉 고가 4,205 돌파",목표 익절 +4.0%
2026-07-08 12:59,2026-07-08 12:59,024060,흥구석유,VWAP눌림,99,9820,10195.96,34906,3.590,2.52,"VWAP 9,677 재돌파, 직전봉 고가 9,470 돌파",목표 익절 +4.0%
2026-07-08 13:24,2026-07-08 13:28,037710,광주신세계,VWAP눌림,37,45250,45400.0,1689,0.101,0.13,"VWAP 45,063 재돌파, 직전봉 고가 45,050 돌파","본절 (45,400)"
2026-07-08 14:18,2026-07-08 14:19,024060,흥구석유,VWAP눌림,61,10580,10729.02,7589,1.176,0.54,"VWAP 10,448 재돌파, 직전봉 고가 10,550 돌파","트레일링 (10,670)"
2026-07-08 14:24,2026-07-08 14:33,037710,광주신세계,VWAP눌림,18,45250,44500.00,-15344,-1.884,-1.14,"VWAP 45,006 재돌파, 직전봉 고가 45,000 돌파","손절 (44,500)"
2026-07-08 15:09,2026-07-09 09:01,439090,마녀공장,종가베팅,28,17610,16540,-31028,-6.293,-2.13,"종가베팅: 등락 +5.6%, 고저범위 76% 위치, VWAP 16,902 위","손절 (17,090)"
2026-07-08 15:00,2026-07-09 09:01,010950,S-Oil,종가베팅,3,132700,128700.00,-12888,-3.237,-1.10,"종가베팅: 등락 +5.6%, 고저범위 81% 위치, VWAP 131,507 위","손절 (128,800)"
2026-07-09 09:07,2026-07-09 09:10,002990,금호건설,ORB,57,16770,16830,1216,0.127,0.09,"ORB5 고가 16,700 돌파 (범위 7.7%)","트레일링 (16,850)"
2026-07-09 09:16,2026-07-09 09:17,002990,금호건설,ORB,57,16720,16460.0,-16978,-1.781,-1.19,"ORB5 고가 16,700 돌파 (범위 7.7%)","손절 (16,470)"
2026-07-09 09:24,2026-07-09 09:26,036930,주성엔지니어링,ORB,5,167800,170140,9747,1.162,0.78,"ORB5 고가 167,600 돌파 (범위 3.4%)","트레일링 (169,800)"
2026-07-09 13:50,2026-07-09 13:53,002990,금호건설,ORB,57,16730,16440,-18687,-1.960,-1.31,"ORB5 고가 16,700 돌파 (범위 7.7%)","손절 (16,480)"
2026-07-09 15:00,2026-07-10 09:01,105560,KB금융,종가베팅,2,175000,178600,6383,1.824,0.61,"종가베팅: 등락 +3.1%, 고저범위 80% 위치, VWAP 172,996 위","트레일링 (177,300)"
2026-07-10 09:43,2026-07-10 09:49,240810,원익IPS,ORB,8,112000,114050,14306,1.597,1.12,"ORB5 고가 111,800 돌파 (범위 3.5%)","트레일링 (114,000)"
2026-07-10 12:02,2026-07-10 12:09,037710,광주신세계,VWAP눌림,42,45600,45735.71,1284,0.067,0.10,"VWAP 45,254 재돌파, 직전봉 고가 45,500 돌파","본절 (45,750)"
2026-07-10 12:36,2026-07-10 12:40,037710,광주신세계,VWAP눌림,26,45600,45100,-15697,-1.324,-1.21,"VWAP 45,269 재돌파, 직전봉 고가 45,500 돌파","손절 (45,100)"
2026-07-10 12:46,2026-07-10 12:48,037710,광주신세계,VWAP눌림,43,45600,45740.70,1528,0.078,0.14,"VWAP 45,270 재돌파, 직전봉 고가 45,550 돌파","본절 (45,750)"
2026-07-13 09:05,2026-07-13 09:06,087010,펩트론,ORB,8,118900,120400.0,9790,1.029,0.72,"ORB5 고가 118,700 돌파 (범위 8.9%)","트레일링 (120,000)"
2026-07-13 09:05,2026-07-13 09:08,066570,LG전자,ORB,4,196300,198850,8375,1.067,0.72,"ORB5 고가 196,200 돌파 (범위 6.4%)","트레일링 (198,000)"
2026-07-10 15:00,2026-07-13 09:11,006400,삼성SDI,종가베팅,1,441000,463500,21438,4.861,1.65,"종가베팅: 등락 +9.4%, 고저범위 96% 위치, VWAP 430,093 위",목표 익절 +5%
2026-07-13 09:10,2026-07-13 09:11,024060,흥구석유,ORB,82,11950,11760,-17798,-1.816,-1.28,"ORB5 고가 11,920 돌파 (범위 4.6%)","손절 (11,780)"
2026-07-13 09:18,2026-07-13 09:19,024060,흥구석유,ORB,82,11990,11820,-16170,-1.645,-1.16,"ORB5 고가 11,920 돌파 (범위 4.6%)","손절 (11,820)"
2026-07-10 15:00,2026-07-13 09:19,086520,에코프로,종가베팅,5,86400,87860,6294,1.457,0.50,"종가베팅: 등락 +9.0%, 고저범위 89% 위치, VWAP 84,551 위","트레일링 (87,800)"
2026-07-13 09:18,2026-07-13 09:25,087010,펩트론,ORB,8,118900,119200,208,0.022,0.02,"ORB5 고가 118,700 돌파 (범위 8.9%)","본절 (119,200)"
2026-07-13 15:00,2026-07-14 09:01,161890,한국콜마,종가베팅,4,116900,111800,-21431,-4.583,-1.53,"종가베팅: 등락 +9.6%, 고저범위 88% 위치, VWAP 114,676 위","손절 (113,400)"
2026-07-14 09:07,2026-07-14 09:12,024060,흥구석유,ORB,70,13620,13835,12828,1.346,0.92,"ORB5 고가 13,590 돌파 (범위 6.8%)","트레일링 (13,820)"
2026-07-14 09:24,2026-07-14 09:25,024060,흥구석유,ORB,70,13600,13360,-18952,-1.991,-1.35,"ORB5 고가 13,590 돌파 (범위 6.8%)","손절 (13,400)"
2026-07-14 09:51,2026-07-14 10:02,036930,주성엔지니어링,ORB,4,193300,194000,1017,0.132,0.09,"ORB5 고가 193,200 돌파 (범위 5.6%)","트레일링 (194,000)"
2026-07-14 10:09,2026-07-14 10:13,036930,주성엔지니어링,ORB,4,193300,190400,-13352,-1.727,-1.15,"ORB5 고가 193,200 돌파 (범위 5.6%)","손절 (190,400)"
2026-07-14 11:33,2026-07-14 11:40,003680,한성기업,VWAP눌림,87,11100,10940,-16109,-1.668,-1.16,"VWAP 11,074 재돌파, 직전봉 고가 10,930 돌파","손절 (10,940)"
2026-07-14 12:16,2026-07-14 12:17,003680,한성기업,VWAP눌림,61,11140,10900,-16169,-2.379,-1.15,"VWAP 11,067 재돌파, 직전봉 고가 11,040 돌파","손절 (10,910)"
2026-07-14 12:41,2026-07-14 12:41,003680,한성기업,VWAP눌림,180,11100,11030.0,-17166,-0.859,-1.36,"VWAP 11,074 재돌파, 직전봉 고가 11,080 돌파","손절 (11,030)"
2026-07-14 13:24,2026-07-14 13:28,006660,삼성공조,VWAP눌림,92,11660,11500,-17154,-1.599,-1.24,"VWAP 11,621 재돌파, 직전봉 고가 11,590 돌파","손절 (11,510)"
2026-07-14 15:00,2026-07-15 09:01,089970,브이엠,종가베팅,4,111600,117400,22125,4.956,1.68,"종가베팅: 등락 +13.1%, 고저범위 99% 위치, VWAP 103,351 위",목표 익절 +5%
2026-07-14 15:00,2026-07-15 09:02,376900,로킷헬스케어,종가베팅,11,44900,46945.45,21318,4.316,1.49,"종가베팅: 등락 +6.4%, 고저범위 75% 위치, VWAP 43,308 위",목표 익절 +5%
2026-07-15 09:15,2026-07-15 09:20,403870,HPSP,ORB,12,44450,44750,2366,0.444,0.17,"ORB5 고가 44,400 돌파 (범위 2.4%)","트레일링 (44,750)"
2026-07-15 09:23,2026-07-15 09:24,036930,주성엔지니어링,ORB,4,206500,203500,-13873,-1.680,-1.16,"ORB5 고가 205,500 돌파 (범위 3.4%)","손절 (203,500)"
2026-07-15 09:59,2026-07-15 10:04,036930,주성엔지니어링,ORB,4,206000,203000,-13868,-1.683,-1.16,"ORB5 고가 205,500 돌파 (범위 3.4%)","손절 (203,000)"
2026-07-15 10:24,2026-07-15 10:57,036930,주성엔지니어링,ORB,4,206500,210250,13070,1.582,1.09,"ORB5 고가 205,500 돌파 (범위 3.4%)","트레일링 (210,000)"
2026-07-15 13:57,2026-07-15 14:01,402340,SK스퀘어,VWAP눌림,1,1395000,1399000,784,0.056,0.11,"VWAP 1,391,528 재돌파, 직전봉 고가 1,393,000 돌파","본절 (1,399,000)"
2026-07-15 14:10,2026-07-15 14:11,240810,원익IPS,VWAP눌림,12,140100,138850,-18833,-1.120,-1.43,"VWAP 138,885 재돌파, 직전봉 고가 139,900 돌파","손절 (139,000)"
2026-07-15 15:00,2026-07-16 09:01,240810,원익IPS,종가베팅,3,142100,136500,-17743,-4.162,-1.41,"종가베팅: 등락 +11.8%, 고저범위 84% 위치, VWAP 138,920 위","손절 (137,900)"
2026-07-16 10:12,2026-07-16 10:13,047920,HLB제약,VWAP눌림,63,9197,9369.37,9506,1.641,0.66,"VWAP 9,010 재돌파, 직전봉 고가 9,095 돌파","트레일링 (9,350)"
2026-07-16 10:32,2026-07-16 10:33,047920,HLB제약,VWAP눌림,113,9078,8940,-17918,-1.747,-1.24,"VWAP 9,055 재돌파, 직전봉 고가 9,031 돌파","손절 (8,950)"
2026-07-16 10:45,2026-07-16 11:05,047920,HLB제약,VWAP눌림,66,9207,9048,-11868,-1.953,-0.83,"VWAP 9,054 재돌파, 직전봉 고가 9,104 돌파",타임스탑 20분
2026-07-16 13:37,2026-07-16 13:42,439090,마녀공장,VWAP눌림,97,17570,17430,-17469,-1.025,-1.29,"VWAP 17,410 재돌파, 직전봉 고가 17,490 돌파","손절 (17,430)"
2026-07-16 13:53,2026-07-16 14:14,439090,마녀공장,VWAP눌림,91,17440,17280,-18177,-1.145,-1.33,"VWAP 17,410 재돌파, 직전봉 고가 17,390 돌파","손절 (17,290)"
2026-07-16 15:00,2026-07-16 15:06,476060,온코닉테라퓨틱스,종가베팅,33,14560,14100,-16251,-3.382,-1.15,"종가베팅: 등락 +5.7%, 고저범위 81% 위치, VWAP 13,952 위","손절 (14,130)"
2026-07-20 10:31,2026-07-20 10:34,049080,기가레인,VWAP눌림,85,12660,12839.18,12725,1.183,0.94,"VWAP 12,644 재돌파, 직전봉 고가 12,610 돌파","트레일링 (12,780)"
2026-07-20 10:34,2026-07-20 10:37,024060,흥구석유,ORB,69,13750,13550,-15951,-1.681,-1.16,"ORB5 고가 13,740 돌파 (범위 4.2%)","손절 (13,550)"
2026-07-20 10:28,2026-07-20 10:39,440110,파두,VWAP눌림,8,74500,72700,-15739,-2.641,-1.16,"VWAP 73,851 재돌파, 직전봉 고가 73,900 돌파","손절 (72,800)"
2026-07-20 10:44,2026-07-20 10:46,024060,흥구석유,ORB,69,13770,13570,-15954,-1.679,-1.16,"ORB5 고가 13,740 돌파 (범위 4.2%)","손절 (13,570)"
2026-07-20 11:10,2026-07-20 11:22,440110,파두,VWAP눌림,12,74000,72900,-15213,-1.713,-1.15,"VWAP 73,651 재돌파, 직전봉 고가 73,700 돌파","손절 (72,900)"
2026-07-20 13:03,2026-07-20 13:12,049080,기가레인,VWAP눌림,69,13370,13140,-17956,-1.946,-1.30,"VWAP 13,132 재돌파, 직전봉 고가 13,150 돌파","손절 (13,170)"
2026-07-20 13:49,2026-07-20 13:56,440110,파두,VWAP눌림,24,73900,73400,-16053,-0.905,-1.34,"VWAP 73,497 재돌파, 직전봉 고가 73,800 돌파","손절 (73,400)"
2026-07-20 13:53,2026-07-20 14:03,049080,기가레인,VWAP눌림,40,13250,13300,778,0.147,0.06,"VWAP 13,139 재돌파, 직전봉 고가 13,000 돌파","트레일링 (13,320)"
2026-07-21 09:10,2026-07-21 09:15,440110,파두,ORB,11,73700,74818.18,10410,1.284,0.86,"ORB5 고가 73,600 돌파 (범위 4.2%)","트레일링 (74,500)"
2026-07-21 09:27,2026-07-21 09:27,440110,파두,ORB,11,73900,72700,-15039,-1.850,-1.24,"ORB5 고가 73,600 돌파 (범위 4.2%)","손절 (72,800)"
2026-07-21 09:37,2026-07-21 09:42,440110,파두,ORB,11,73700,73900,333,0.041,0.03,"ORB5 고가 73,600 돌파 (범위 4.2%)","본절 (73,900)"
2026-07-21 15:00,2026-07-22 09:01,440110,파두,종가베팅,5,78000,79620.00,7188,1.843,0.63,"종가베팅: 등락 +8.8%, 고저범위 96% 위치, VWAP 74,684 위","트레일링 (79,200)"
2026-07-21 15:00,2026-07-22 09:02,006340,대원전선,종가베팅,39,11880,12393.85,18935,4.087,1.39,"종가베팅: 등락 +8.6%, 고저범위 82% 위치, VWAP 11,749 위",목표 익절 +5%
2026-07-22 09:05,2026-07-22 09:10,240810,원익IPS,ORB,7,127900,130914.29,18999,2.122,1.43,"ORB5 고가 127,400 돌파 (범위 4.9%)","트레일링 (131,300)"
2026-07-22 09:44,2026-07-22 09:46,006340,대원전선,ORB,71,12890,12670,-17690,-1.933,-1.31,"ORB5 고가 12,880 돌파 (범위 6.0%)","손절 (12,700)"
2026-07-22 10:14,2026-07-22 10:31,006340,대원전선,ORB,71,12900,12700,-16275,-1.777,-1.21,"ORB5 고가 12,880 돌파 (범위 6.0%)","손절 (12,710)"
2026-07-22 10:57,2026-07-22 11:17,006340,대원전선,ORB,71,12890,12780,-9897,-1.081,-0.73,"ORB5 고가 12,880 돌파 (범위 6.0%)",타임스탑 20분
2026-07-23 09:05,2026-07-23 09:06,475150,SK이터닉스,ORB,13,68100,68300,560,0.063,0.04,"ORB5 고가 67,700 돌파 (범위 6.6%)","본절 (68,300)"
2026-07-23 09:43,2026-07-23 09:44,006340,대원전선,ORB,68,13350,13120.0,-17693,-1.949,-1.30,"ORB5 고가 13,330 돌파 (범위 6.2%)","손절 (13,150)"
2026-07-23 09:53,2026-07-23 09:54,006340,대원전선,ORB,68,13360,13160,-15659,-1.724,-1.15,"ORB5 고가 13,330 돌파 (범위 6.2%)","손절 (13,160)"
2026-07-23 10:04,2026-07-23 10:07,006340,대원전선,ORB,68,13370,13160,-16339,-1.797,-1.20,"ORB5 고가 13,330 돌파 (범위 6.2%)","손절 (13,170)"
2026-07-23 11:04,2026-07-23 11:23,322000,HD현대에너지솔루션,VWAP눌림,11,147600,149672.73,19020,1.171,1.44,"VWAP 146,938 재돌파, 직전봉 고가 147,200 돌파","트레일링 (149,000)"
2026-07-23 11:42,2026-07-23 12:00,322000,HD현대에너지솔루션,VWAP눌림,13,148400,148800,753,0.039,0.06,"VWAP 147,229 재돌파, 직전봉 고가 148,100 돌파","본절 (148,800)"
2026-07-23 12:07,2026-07-23 12:13,322000,HD현대에너지솔루션,VWAP눌림,13,148400,147600,-14813,-0.768,-1.42,"VWAP 147,291 재돌파, 직전봉 고가 148,000 돌파","손절 (147,600)"
2026-07-23 13:22,2026-07-23 13:37,096770,SK이노베이션,VWAP눌림,14,126900,127200.00,106,0.006,0.01,"VWAP 126,087 재돌파, 직전봉 고가 126,800 돌파","본절 (127,200)"
2026-07-23 15:00,2026-07-24 09:01,006340,대원전선,종가베팅,33,14070,13650.00,-14896,-3.208,-1.07,"종가베팅: 등락 +15.7%, 고저범위 96% 위치, VWAP 13,336 위","손절 (13,650)"
2026-07-23 15:04,2026-07-24 09:02,006400,삼성SDI,종가베팅,1,463000,449500,-14535,-3.139,-1.08,"종가베팅: 등락 +10.8%, 고저범위 99% 위치, VWAP 442,130 위","손절 (449,500)"
2026-07-24 09:05,2026-07-24 09:06,460930,현대힘스,ORB,62,14910,14680,-16354,-1.769,-1.20,"ORB5 고가 14,900 돌파 (범위 3.3%)","손절 (14,690)"
2026-07-24 09:39,2026-07-24 09:45,460930,현대힘스,ORB,62,14940,15405,26640,2.876,1.95,"ORB5 고가 14,900 돌파 (범위 3.3%)",목표 익절 +4.0%
2026-07-24 10:35,2026-07-24 10:37,119850,지엔씨에너지,VWAP눌림,28,49250,49350,-376,-0.027,-0.03,"VWAP 48,950 재돌파, 직전봉 고가 49,100 돌파","본절 (49,400)"
2026-07-24 10:48,2026-07-24 10:49,119850,지엔씨에너지,VWAP눌림,31,49000,48550,-17412,-1.146,-1.40,"VWAP 48,954 재돌파, 직전봉 고가 48,900 돌파","손절 (48,600)"
2026-07-24 11:01,2026-07-24 11:04,119850,지엔씨에너지,VWAP눌림,25,49000,48500,-15289,-1.248,-1.22,"VWAP 48,950 재돌파, 직전봉 고가 48,750 돌파","손절 (48,500)"
2026-07-24 15:00,2026-07-27 09:02,460930,현대힘스,종가베팅,29,16110,15610,-15542,-3.327,-1.12,"종가베팅: 등락 +16.7%, 고저범위 78% 위치, VWAP 15,763 위","손절 (15,630)"
2026-07-27 09:07,2026-07-27 09:08,108860,셀바스AI,ORB,108,8510,8390,-15044,-1.637,-1.16,"ORB5 고가 8,480 돌파 (범위 7.6%)","손절 (8,390)"
2026-07-27 09:17,2026-07-27 09:19,036930,주성엔지니어링,ORB,6,151300,149000.00,-15858,-1.747,-1.20,"ORB5 고가 150,800 돌파 (범위 4.0%)","손절 (149,100)"
2026-07-27 09:26,2026-07-27 09:37,036930,주성엔지니어링,ORB,6,150900,148600,-15851,-1.751,-1.20,"ORB5 고가 150,800 돌파 (범위 4.0%)","손절 (148,700)"
2026-07-24 15:00,2026-07-27 09:48,138040,메리츠금융지주,종가베팅,3,122700,125733.33,8237,2.238,0.76,"종가베팅: 등락 +5.1%, 고저범위 95% 위치, VWAP 121,306 위","트레일링 (126,000)"
2026-07-27 10:33,2026-07-27 10:36,240810,원익IPS,VWAP눌림,10,102700,101400,-15334,-1.493,-1.18,"VWAP 102,403 재돌파, 직전봉 고가 102,500 돌파","손절 (101,400)"
2026-07-27 11:00,2026-07-27 11:05,240810,원익IPS,VWAP눌림,9,102800,101400,-14699,-1.589,-1.17,"VWAP 102,415 재돌파, 직전봉 고가 101,800 돌파","손절 (101,400)"
2026-07-27 11:43,2026-07-27 11:49,240810,원익IPS,VWAP눌림,19,102500,102000.0,-13958,-0.717,-1.47,"VWAP 102,377 재돌파, 직전봉 고가 102,300 돌파","손절 (102,000)"
2026-07-27 15:00,2026-07-28 09:01,036930,주성엔지니어링,종가베팅,3,151100,137600,-41453,-9.145,-3.07,"종가베팅: 등락 +7.1%, 고저범위 80% 위치, VWAP 148,176 위","손절 (146,600)"
2026-07-27 15:00,2026-07-28 09:03,240810,원익IPS,종가베팅,4,105100,95200,-40481,-9.629,-3.26,"종가베팅: 등락 +4.5%, 고저범위 89% 위치, VWAP 102,802 위","손절 (102,000)"
2026-07-28 12:46,2026-07-28 12:49,333430,일승,VWAP눌림,199,4365,4380,982,0.113,0.08,"VWAP 4,299 재돌파, 직전봉 고가 4,195 돌파","본절 (4,380)"
2026-07-28 13:17,2026-07-28 13:19,199430,케이엔알시스템,VWAP눌림,53,17000,16720,-16879,-1.873,-1.27,"VWAP 17,039 재돌파, 직전봉 고가 16,940 돌파","손절 (16,750)"
2026-07-28 13:30,2026-07-28 13:35,333430,일승,VWAP눌림,116,4335,4220.00,-14467,-2.877,-1.08,"VWAP 4,311 재돌파, 직전봉 고가 4,245 돌파","손절 (4,220)"
2026-07-29 11:23,2026-07-29 11:37,003230,삼양식품,VWAP눌림,1,1276000,1266000,-12912,-1.012,-1.43,"VWAP 1,274,058 재돌파, 직전봉 고가 1,275,000 돌파","손절 (1,267,000)"
2026-07-29 15:00,2026-07-30 09:01,058610,에스피지,종가베팅,5,79400,85300,28525,7.185,2.48,"종가베팅: 등락 +18.7%, 고저범위 78% 위치, VWAP 76,788 위",목표 익절 +5%
2026-07-30 09:10,2026-07-30 09:15,475150,SK이터닉스,ORB,18,47000,48425,23651,2.796,1.88,"ORB5 고가 46,800 돌파 (범위 8.1%)",목표 익절 +4.0%
2026-07-30 09:21,2026-07-30 09:21,475150,SK이터닉스,ORB,18,46850,46050.00,-16307,-1.934,-1.29,"ORB5 고가 46,800 돌파 (범위 8.1%)","손절 (46,150)"
2026-07-30 13:46,2026-07-30 13:49,009540,HD한국조선해양,VWAP눌림,5,367500,368500.00,764,0.042,0.08,"VWAP 365,042 재돌파, 직전봉 고가 367,000 돌파","본절 (368,500)"
2026-07-30 14:05,2026-07-30 14:09,009540,HD한국조선해양,VWAP눌림,5,367500,368500.00,764,0.042,0.08,"VWAP 365,207 재돌파, 직전봉 고가 367,000 돌파","본절 (368,500)"
2026-07-31 09:06,2026-07-31 09:07,475150,SK이터닉스,ORB,18,48050,47350.0,-14560,-1.683,-1.16,"ORB5 고가 47,950 돌파 (범위 7.4%)","손절 (47,350)"
2026-07-31 09:12,2026-07-31 09:14,036930,주성엔지니어링,ORB,7,121600,122000,837,0.098,0.07,"ORB5 고가 121,400 돌파 (범위 6.1%)","트레일링 (122,000)"
2026-07-31 09:13,2026-07-31 09:14,475150,SK이터닉스,ORB,18,48000,48750,11487,1.330,0.91,"ORB5 고가 47,950 돌파 (범위 7.4%)","트레일링 (48,550)"
2026-07-31 09:21,2026-07-31 09:21,475150,SK이터닉스,ORB,18,48000,47100,-18151,-2.101,-1.44,"ORB5 고가 47,950 돌파 (범위 7.4%)","손절 (47,300)"
2026-07-31 09:39,2026-07-31 09:40,002990,금호건설,ORB,86,10430,10280,-14934,-1.665,-1.16,"ORB5 고가 10,390 돌파 (범위 8.2%)","손절 (10,280)"
2026-07-31 09:46,2026-07-31 09:47,002990,금호건설,ORB,86,10410,10230.00,-17504,-1.955,-1.36,"ORB5 고가 10,390 돌파 (범위 8.2%)","손절 (10,260)"
2026-07-31 09:54,2026-07-31 09:55,002990,금호건설,ORB,86,10400,10250,-14929,-1.669,-1.16,"ORB5 고가 10,390 돌파 (범위 8.2%)","손절 (10,250)"
2026-07-31 10:53,2026-07-31 11:04,267260,HD현대일렉트릭,VWAP눌림,1,676000,670000,-7541,-1.116,-1.26,"VWAP 673,884 재돌파, 직전봉 고가 674,000 돌파","손절 (670,000)"
2026-07-31 13:04,2026-07-31 13:24,036930,주성엔지니어링,ORB,7,121600,122100,1536,0.180,0.12,"ORB5 고가 121,400 돌파 (범위 6.1%)",타임스탑 20분
2026-07-31 13:26,2026-07-31 13:50,267260,HD현대일렉트릭,VWAP눌림,1,673000,675000,449,0.067,0.07,"VWAP 672,713 재돌파, 직전봉 고가 671,000 돌파","본절 (675,000)"
2026-07-31 14:17,2026-07-31 14:35,267260,HD현대일렉트릭,VWAP눌림,2,679000,674000.0,-13101,-0.965,-1.31,"VWAP 673,088 재돌파, 직전봉 고가 677,000 돌파","손절 (674,000)"
2026-07-31 14:26,2026-07-31 14:50,066570,LG전자,ORB,5,159000,159400,168,0.021,0.01,"ORB5 고가 158,900 돌파 (범위 3.1%)",장마감 강제청산
2026-07-31 15:00,2026-08-03 09:01,086520,에코프로,종가베팅,5,79900,77100,-14887,-3.726,-1.29,"종가베팅: 등락 +12.5%, 고저범위 88% 위치, VWAP 78,229 위","손절 (77,600)"
2026-07-31 15:00,2026-08-03 09:13,034020,두산에너빌리티,종가베팅,6,67300,65300,-12901,-3.195,-1.08,"종가베팅: 등락 +10.9%, 고저범위 95% 위치, VWAP 65,836 위","손절 (65,300)"
2026-08-03 09:45,2026-08-03 09:45,108860,셀바스AI,ORB,90,9400,9250.00,-15415,-1.822,-1.22,"ORB5 고가 9,350 돌파 (범위 7.1%)","손절 (9,260)"
2026-08-03 10:14,2026-08-03 10:16,108860,셀바스AI,ORB,90,9360,9220,-14509,-1.722,-1.15,"ORB5 고가 9,350 돌파 (범위 7.1%)","손절 (9,220)"
2026-08-03 10:14,2026-08-03 10:16,036930,주성엔지니어링,VWAP눌림,7,127600,125900,-13927,-1.559,-1.17,"VWAP 126,020 재돌파, 직전봉 고가 126,800 돌파","손절 (125,900)"
2026-08-03 10:47,2026-08-03 10:48,108860,셀바스AI,ORB,90,9370,9230,-14511,-1.721,-1.15,"ORB5 고가 9,350 돌파 (범위 7.1%)","손절 (9,230)"
2026-08-03 12:34,2026-08-03 12:55,058610,에스피지,VWAP눌림,11,108700,109000,544,0.045,0.04,"VWAP 107,396 재돌파, 직전봉 고가 107,900 돌파","본절 (109,000)"
2026-08-03 13:08,2026-08-03 13:11,058610,에스피지,VWAP눌림,12,108300,107200.00,-16158,-1.243,-1.35,"VWAP 107,441 재돌파, 직전봉 고가 107,700 돌파","손절 (107,300)"
2026-08-03 13:55,2026-08-03 13:58,058610,에스피지,VWAP눌림,10,107700,106500,-14450,-1.342,-1.20,"VWAP 107,377 재돌파, 직전봉 고가 106,900 돌파","손절 (106,500)"
2026-08-04 09:05,2026-08-04 09:07,006340,대원전선,ORB,58,14870,14620.0,-16451,-1.907,-1.29,"ORB5 고가 14,820 돌파 (범위 6.2%)","손절 (14,650)"
2026-08-04 13:09,2026-08-04 13:12,017670,SK텔레콤,VWAP눌림,16,90900,90200,-14520,-0.998,-1.30,"VWAP 90,440 재돌파, 직전봉 고가 90,600 돌파","손절 (90,200)"
2026-08-04 13:21,2026-08-04 13:21,017670,SK텔레콤,VWAP눌림,22,90800,90400,-13374,-0.670,-1.52,"VWAP 90,440 재돌파, 직전봉 고가 90,700 돌파","손절 (90,400)"
2026-08-04 13:28,2026-08-04 13:30,017670,SK텔레콤,VWAP눌림,22,90600,90900.0,2004,0.101,0.23,"VWAP 90,441 재돌파, 직전봉 고가 90,500 돌파","본절 (90,900)"
2026-08-05 09:05,2026-08-05 09:05,006340,대원전선,ORB,55,15390,15140,-15665,-1.851,-1.24,"ORB5 고가 15,380 돌파 (범위 7.3%)","손절 (15,160)"
2026-08-05 09:07,2026-08-05 09:08,304100,솔트룩스,ORB,44,19890,19580.00,-15623,-1.785,-1.22,"ORB5 고가 19,870 돌파 (범위 5.2%)","손절 (19,600)"
2026-08-05 09:13,2026-08-05 09:14,006340,대원전선,ORB,55,15430,15648.36,10036,1.183,0.79,"ORB5 고가 15,380 돌파 (범위 7.3%)","트레일링 (15,560)"
2026-08-05 15:00,2026-08-06 09:01,036930,주성엔지니어링,종가베팅,3,144000,139300.0,-15061,-3.486,-1.17,"종가베팅: 등락 +5.8%, 고저범위 80% 위치, VWAP 140,773 위","손절 (139,700)"
2026-08-05 15:00,2026-08-06 09:01,439960,코스모로보틱스,종가베팅,23,18890,19856.96,21196,4.879,1.65,"종가베팅: 등락 +5.1%, 고저범위 89% 위치, VWAP 18,311 위",목표 익절 +5%
2026-08-06 09:47,2026-08-06 09:48,476060,온코닉테라퓨틱스,ORB,63,13900,13700.0,-14586,-1.666,-1.16,"ORB5 고가 13,860 돌파 (범위 3.3%)","손절 (13,700)"
2026-08-06 09:55,2026-08-06 09:56,476060,온코닉테라퓨틱스,ORB,63,13900,14083.49,9524,1.088,0.76,"ORB5 고가 13,860 돌파 (범위 3.3%)","트레일링 (14,010)"
2026-08-06 11:00,2026-08-06 11:26,476060,온코닉테라퓨틱스,ORB,63,13880,14083.65,10794,1.234,0.86,"ORB5 고가 13,860 돌파 (범위 3.3%)","트레일링 (14,000)"
2026-08-06 11:38,2026-08-06 11:40,090360,로보스타,VWAP눌림,22,83200,82700,-15184,-0.830,-1.38,"VWAP 82,799 재돌파, 직전봉 고가 83,000 돌파","손절 (82,700)"
2026-08-06 11:47,2026-08-06 11:49,090360,로보스타,VWAP눌림,24,83100,82800,-11771,-0.590,-1.63,"VWAP 82,801 재돌파, 직전봉 고가 83,000 돌파","손절 (82,800)"
2026-08-06 12:03,2026-08-06 12:08,090360,로보스타,VWAP눌림,18,83000,82400.0,-14212,-0.951,-1.32,"VWAP 82,799 재돌파, 직전봉 고가 82,700 돌파","손절 (82,400)"
2026-08-06 12:37,2026-08-06 12:40,006360,GS건설,VWAP눌림,29,33200,32800,-13788,-1.432,-1.19,"VWAP 32,753 재돌파, 직전봉 고가 33,050 돌파","손절 (32,800)"
2026-08-06 13:57,2026-08-06 13:58,006360,GS건설,VWAP눌림,44,33150,32900,-14330,-0.982,-1.30,"VWAP 32,876 재돌파, 직전봉 고가 33,000 돌파","손절 (32,900)"
2026-08-06 15:00,2026-08-07 09:01,086520,에코프로,종가베팅,5,84900,88560,17286,4.072,1.38,"종가베팅: 등락 +3.7%, 고저범위 85% 위치, VWAP 83,245 위",목표 익절 +5%
2026-08-07 09:05,2026-08-07 09:05,322000,HD현대에너지솔루션,ORB,5,148000,145600,-13676,-1.848,-1.24,"ORB5 고가 147,800 돌파 (범위 6.4%)","손절 (145,800)"
2026-08-07 09:05,2026-08-07 09:07,073240,금호타이어,ORB,100,8300,8180.00,-13882,-1.673,-1.16,"ORB5 고가 8,280 돌파 (범위 7.3%)","손절 (8,180)"
2026-08-07 09:14,2026-08-07 09:14,322000,HD현대에너지솔루션,ORB,5,148200,150900,11769,1.588,1.07,"ORB5 고가 147,800 돌파 (범위 6.4%)","트레일링 (150,900)"
2026-08-07 09:18,2026-08-07 09:21,073240,금호타이어,ORB,100,8300,8435.0,11564,1.393,0.96,"ORB5 고가 8,280 돌파 (범위 7.3%)","트레일링 (8,400)"
2026-08-06 15:03,2026-08-07 09:29,214450,파마리서치,종가베팅,1,396500,400000,2581,0.651,0.22,"종가베팅: 등락 +4.2%, 고저범위 81% 위치, VWAP 392,392 위","트레일링 (400,000)"
2026-08-07 10:39,2026-08-07 10:44,463020,뉴엔AI,VWAP눌림,59,12950,13123.73,8473,1.109,0.68,"VWAP 12,727 재돌파, 직전봉 고가 12,930 돌파","트레일링 (13,050)"
2026-08-07 15:14,2026-08-10 09:01,096770,SK이노베이션,종가베팅,3,119900,116300,-11602,-3.225,-1.10,"종가베팅: 등락 +10.5%, 고저범위 97% 위치, VWAP 115,017 위","손절 (116,400)"
2026-08-10 09:09,2026-08-10 09:10,017900,광전자,ORB,94,8960,9020,3692,0.438,0.30,"ORB5 고가 8,900 돌파 (범위 9.9%)","트레일링 (9,020)"
2026-08-10 09:06,2026-08-10 09:11,036930,주성엔지니어링,ORB,6,136200,139000.0,14887,1.822,1.24,"ORB5 고가 136,000 돌파 (범위 6.4%)","트레일링 (139,000)"
2026-08-10 09:46,2026-08-10 09:49,062040,산일전기,ORB,4,180400,182950,8520,1.181,0.79,"ORB5 고가 180,000 돌파 (범위 6.4%)","트레일링 (182,000)"
2026-08-10 15:00,2026-08-11 09:01,036930,주성엔지니어링,종가베팅,2,144700,140200,-9645,-3.333,-1.12,"종가베팅: 등락 +13.1%, 고저범위 95% 위치, VWAP 141,013 위","손절 (140,400)"
2026-08-11 09:14,2026-08-11 09:14,241710,코스메카코리아,ORB,7,109500,107300,-17128,-2.235,-1.53,"ORB5 고가 109,400 돌파 (범위 6.8%)","손절 (107,900)"
2026-08-11 09:23,2026-08-11 09:26,241710,코스메카코리아,ORB,7,109500,110000.00,1731,0.226,0.15,"ORB5 고가 109,400 돌파 (범위 6.8%)","트레일링 (110,200)"
2026-08-11 09:37,2026-08-11 09:41,241710,코스메카코리아,ORB,7,109700,110100,1029,0.134,0.09,"ORB5 고가 109,400 돌파 (범위 6.8%)","트레일링 (110,100)"
2026-08-10 15:00,2026-08-11 10:00,042660,한화오션,종가베팅,4,93900,91800,-9245,-2.461,-0.83,"종가베팅: 등락 +4.4%, 고저범위 95% 위치, VWAP 92,369 위",익일 청산 시각 10:00
2026-08-11 11:04,2026-08-11 11:05,336260,두산퓨얼셀,VWAP눌림,26,36300,35850,-13844,-1.467,-1.18,"VWAP 35,961 재돌파, 직전봉 고가 36,100 돌파","손절 (35,850)"
2026-08-11 11:13,2026-08-11 11:15,090460,비에이치,VWAP눌림,48,17640,17360,-15357,-1.814,-1.23,"VWAP 17,421 재돌파, 직전봉 고가 17,560 돌파","손절 (17,380)"
2026-08-11 11:26,2026-08-11 11:29,336260,두산퓨얼셀,VWAP눌림,44,36050,35800,-14623,-0.922,-1.33,"VWAP 35,955 재돌파, 직전봉 고가 35,950 돌파","손절 (35,800)"
2026-08-11 11:29,2026-08-11 11:41,090460,비에이치,VWAP눌림,94,17520,17775,20135,1.223,1.65,"VWAP 17,423 재돌파, 직전봉 고가 17,470 돌파","트레일링 (17,680)"
2026-08-11 12:14,2026-08-11 12:34,090460,비에이치,VWAP눌림,37,17700,17580,-5935,-0.906,-0.47,"VWAP 17,440 재돌파, 직전봉 고가 17,440 돌파",타임스탑 20분
2026-08-11 12:19,2026-08-11 12:35,336260,두산퓨얼셀,VWAP눌림,33,36100,35750,-14263,-1.197,-1.23,"VWAP 35,951 재돌파, 직전봉 고가 35,950 돌파","손절 (35,750)"
2026-08-11 12:39,2026-08-11 12:41,439090,마녀공장,VWAP눌림,107,18590,18500,-14183,-0.713,-1.47,"VWAP 18,539 재돌파, 직전봉 고가 18,570 돌파","손절 (18,500)"
2026-08-11 12:42,2026-08-11 12:45,240810,원익IPS,VWAP눌림,18,102900,102300,-15035,-0.812,-1.39,"VWAP 102,470 재돌파, 직전봉 고가 102,600 돌파","손절 (102,300)"
2026-08-12 09:05,2026-08-12 09:08,006340,대원전선,ORB,54,15490,15250,-14855,-1.776,-1.20,"ORB5 고가 15,480 돌파 (범위 3.1%)","손절 (15,260)"
2026-08-12 09:14,2026-08-12 09:28,006340,대원전선,ORB,54,15500,15550,771,0.092,0.06,"ORB5 고가 15,480 돌파 (범위 3.1%)","트레일링 (15,550)"
2026-08-12 09:34,2026-08-12 09:42,006340,대원전선,ORB,54,15490,15260.00,-14316,-1.711,-1.15,"ORB5 고가 15,480 돌파 (범위 3.1%)","손절 (15,260)"
2026-08-12 10:43,2026-08-12 10:50,257720,실리콘투,VWAP눌림,12,45450,46800,14914,2.735,1.31,"VWAP 44,739 재돌파, 직전봉 고가 45,250 돌파",목표 익절 +4.0%
2026-08-12 11:17,2026-08-12 11:29,241710,코스메카코리아,VWAP눌림,6,125400,123400,-13703,-1.821,-1.14,"VWAP 125,059 재돌파, 직전봉 고가 125,000 돌파","손절 (123,400)"
2026-08-12 11:41,2026-08-12 11:51,257720,실리콘투,VWAP눌림,21,45700,45850,938,0.098,0.08,"VWAP 45,536 재돌파, 직전봉 고가 45,450 돌파","본절 (45,850)"
2026-08-12 12:36,2026-08-12 12:59,257720,실리콘투,VWAP눌림,43,45800,45950,1908,0.097,0.22,"VWAP 45,574 재돌파, 직전봉 고가 45,800 돌파","본절 (45,950)"
2026-08-12 15:00,2026-08-13 09:01,006340,대원전선,종가베팅,27,15980,15410,-16348,-3.789,-1.29,"종가베팅: 등락 +10.1%, 고저범위 91% 위치, VWAP 15,626 위","손절 (15,510)"
2026-08-12 15:00,2026-08-13 09:01,028260,삼성물산,종가베팅,1,359500,369000,8654,2.407,0.82,"종가베팅: 등락 +3.9%, 고저범위 86% 위치, VWAP 356,965 위","트레일링 (369,500)"
2026-08-13 09:05,2026-08-13 09:06,001820,삼화콘덴서,ORB,8,96300,97550,8210,1.066,0.73,"ORB5 고가 96,200 돌파 (범위 5.1%)","트레일링 (97,100)"
2026-08-13 09:05,2026-08-13 09:08,073240,금호타이어,ORB,107,7800,7830,1285,0.154,0.11,"ORB5 고가 7,790 돌파 (범위 5.6%)","트레일링 (7,830)"
2026-08-13 09:14,2026-08-13 09:16,001820,삼화콘덴서,ORB,8,96400,98500,14994,1.944,1.34,"ORB5 고가 96,200 돌파 (범위 5.1%)","트레일링 (98,300)"
2026-08-13 10:25,2026-08-13 10:48,036930,주성엔지니어링,VWAP눌림,10,178200,181450,28334,1.590,2.58,"VWAP 177,442 재돌파, 직전봉 고가 177,800 돌파","트레일링 (181,400)"
2026-08-13 13:46,2026-08-13 13:50,036930,주성엔지니어링,VWAP눌림,11,179300,178500,-13316,-0.675,-1.51,"VWAP 179,185 재돌파, 직전봉 고가 178,800 돌파","손절 (178,500)"
2026-08-13 14:03,2026-08-13 14:06,036930,주성엔지니어링,VWAP눌림,11,179400,178700,-12221,-0.619,-1.59,"VWAP 179,177 재돌파, 직전봉 고가 179,000 돌파","손절 (178,700)"
2026-08-14 09:07,2026-08-14 09:10,073240,금호타이어,ORB,92,8670,8530,-14685,-1.841,-1.23,"ORB5 고가 8,660 돌파 (범위 8.0%)","손절 (8,540)"
2026-08-14 09:07,2026-08-14 09:14,257720,실리콘투,ORB,19,43150,43789.47,10240,1.249,0.90,"ORB5 고가 43,100 돌파 (범위 3.7%)","트레일링 (43,600)"
2026-08-14 09:08,2026-08-14 09:17,036930,주성엔지니어링,ORB,4,186500,183800,-12491,-1.674,-1.16,"ORB5 고가 186,400 돌파 (범위 2.9%)","손절 (183,800)"
2026-08-13 15:00,2026-08-14 10:00,047810,한국항공우주,종가베팅,2,150500,147000,-7677,-2.550,-0.85,"종가베팅: 등락 +5.5%, 고저범위 95% 위치, VWAP 144,267 위",익일 청산 시각 10:00
2026-08-14 15:00,2026-08-18 09:04,017670,SK텔레콤,종가베팅,4,100600,102600,7060,1.754,0.59,"종가베팅: 등락 +10.1%, 고저범위 98% 위치, VWAP 98,589 위","트레일링 (102,700)"
2026-08-18 09:05,2026-08-18 09:07,403870,HPSP,ORB,19,42300,42834.21,8282,1.030,0.73,"ORB5 고가 42,200 돌파 (범위 3.6%)","트레일링 (42,650)"
2026-08-18 09:06,2026-08-18 09:08,067310,하나마이크론,ORB,19,43150,42450,-15155,-1.849,-1.33,"ORB5 고가 43,000 돌파 (범위 8.2%)","손절 (42,550)"
2026-08-18 09:12,2026-08-18 09:12,002990,금호건설,ORB,56,14980,15195.00,10088,1.203,0.82,"ORB5 고가 14,930 돌파 (범위 6.7%)","트레일링 (15,110)"
2026-08-18 09:18,2026-08-18 09:20,002990,금호건설,ORB,56,14980,15000,-811,-0.097,-0.07,"ORB5 고가 14,930 돌파 (범위 6.7%)","트레일링 (15,030)"
2026-08-14 15:00,2026-08-18 10:00,000270,기아,종가베팅,3,142400,141150,-4723,-1.106,-0.37,"종가베팅: 등락 +3.8%, 고저범위 100% 위치, VWAP 141,093 위",익일 청산 시각 10:00
2026-08-19 09:14,2026-08-19 09:15,006660,삼성공조,ORB,51,16070,16333.53,11529,1.407,0.94,"ORB5 고가 16,050 돌파 (범위 4.2%)","트레일링 (16,270)"
2026-08-19 09:25,2026-08-19 09:25,006660,삼성공조,ORB,51,16060,15770,-16640,-2.032,-1.36,"ORB5 고가 16,050 돌파 (범위 4.2%)","손절 (15,820)"
2026-08-21 09:08,2026-08-21 09:10,001210,금호전기,ORB,99,8440,8690.91,22867,2.737,1.92,"ORB5 고가 8,400 돌파 (범위 7.6%)",목표 익절 +4.0%
2026-08-20 15:00,2026-08-21 09:11,161890,한국콜마,종가베팅,3,137600,133500,-13222,-3.203,-1.07,"종가베팅: 등락 +8.6%, 고저범위 97% 위치, VWAP 133,724 위","손절 (133,500)"
2026-08-21 09:14,2026-08-21 09:15,002990,금호건설,ORB,51,16170,16433.53,11518,1.397,0.94,"ORB5 고가 16,140 돌파 (범위 9.0%)","트레일링 (16,390)"
2026-08-20 15:00,2026-08-21 09:34,214450,파마리서치,종가베팅,1,414000,402000,-12926,-3.122,-1.08,"종가베팅: 등락 +6.2%, 고저범위 87% 위치, VWAP 408,465 위","손절 (402,000)"
2026-08-21 10:31,2026-08-21 10:35,257720,실리콘투,VWAP눌림,36,47350,47500.00,1469,0.086,0.14,"VWAP 46,974 재돌파, 직전봉 고가 47,250 돌파","본절 (47,500)"
2026-08-21 10:45,2026-08-21 10:51,257720,실리콘투,VWAP눌림,25,47200,46700,-15187,-1.287,-1.35,"VWAP 47,026 재돌파, 직전봉 고가 47,000 돌파","손절 (46,750)"
2026-08-21 13:00,2026-08-21 13:01,257720,실리콘투,VWAP눌림,42,47050,46800,-15021,-0.760,-1.43,"VWAP 46,969 재돌파, 직전봉 고가 46,900 돌파","손절 (46,800)"
2026-08-24 09:05,2026-08-24 09:06,002990,금호건설,ORB,53,15600,15944.53,16322,1.974,1.34,"ORB5 고가 15,560 돌파 (범위 5.0%)","트레일링 (15,960)"
2026-08-24 09:21,2026-08-24 09:23,124500,아이티센글로벌,ORB,21,38500,37950.0,-13383,-1.655,-1.16,"ORB5 고가 38,400 돌파 (범위 9.1%)","손절 (37,950)"
2026-08-24 09:29,2026-08-24 09:30,124500,아이티센글로벌,ORB,21,38500,38550,-811,-0.100,-0.07,"ORB5 고가 38,400 돌파 (범위 9.1%)","본절 (38,600)"
2026-08-24 09:36,2026-08-24 09:38,124500,아이티센글로벌,ORB,21,38500,39119.05,11115,1.375,0.96,"ORB5 고가 38,400 돌파 (범위 9.1%)","트레일링 (39,000)"
2026-08-21 15:00,2026-08-24 10:00,055550,신한지주,종가베팅,4,104200,102500,-7743,-1.858,-0.62,"종가베팅: 등락 +3.5%, 고저범위 88% 위치, VWAP 103,336 위",익일 청산 시각 10:00
2026-08-21 15:00,2026-08-24 10:00,086790,하나금융지주,종가베팅,3,129100,126800,-7775,-2.007,-0.68,"종가베팅: 등락 +4.2%, 고저범위 90% 위치, VWAP 127,632 위",익일 청산 시각 10:00
2026-08-24 11:21,2026-08-24 11:41,257720,실리콘투,VWAP눌림,23,49700,49450,-8365,-0.732,-0.73,"VWAP 49,382 재돌파, 직전봉 고가 49,550 돌파",타임스탑 20분
2026-08-24 12:15,2026-08-24 12:19,257720,실리콘투,VWAP눌림,36,49450,49150,-14870,-0.835,-1.38,"VWAP 49,388 재돌파, 직전봉 고가 49,300 돌파","손절 (49,150)"
2026-08-24 13:22,2026-08-24 13:33,257720,실리콘투,VWAP눌림,32,49550,49200,-14821,-0.935,-1.32,"VWAP 49,351 재돌파, 직전봉 고가 49,450 돌파","손절 (49,200)"
2026-08-24 15:00,2026-08-25 09:01,237690,에스티팜,종가베팅,3,112000,105900,-19032,-5.664,-1.92,"종가베팅: 등락 +11.8%, 고저범위 100% 위치, VWAP 106,242 위","손절 (108,700)"
2026-08-25 09:09,2026-08-25 09:10,124500,아이티센글로벌,ORB,21,39750,40288.10,9358,1.121,0.81,"ORB5 고가 39,600 돌파 (범위 3.4%)","트레일링 (40,100)"
2026-08-24 15:00,2026-08-25 09:11,010170,대한광통신,종가베팅,32,13020,12620.00,-13729,-3.295,-1.10,"종가베팅: 등락 +7.4%, 고저범위 84% 위치, VWAP 12,811 위","손절 (12,630)"
2026-08-25 11:07,2026-08-25 11:27,124500,아이티센글로벌,ORB,21,39700,39500,-6108,-0.733,-0.53,"ORB5 고가 39,600 돌파 (범위 3.4%)",타임스탑 20분
2026-08-25 13:12,2026-08-25 13:15,041190,우리기술투자,VWAP눌림,213,6760,6710,-13937,-0.968,-1.31,"VWAP 6,732 재돌파, 직전봉 고가 6,740 돌파","손절 (6,710)"
2026-08-25 13:42,2026-08-25 13:43,041190,우리기술투자,VWAP눌림,256,6770,6730,-14202,-0.819,-1.39,"VWAP 6,734 재돌파, 직전봉 고가 6,760 돌파","손절 (6,730)"
2026-08-25 15:00,2026-08-26 09:01,034020,두산에너빌리티,종가베팅,5,81200,82300,4558,1.123,0.38,"종가베팅: 등락 +7.3%, 고저범위 98% 위치, VWAP 77,296 위","트레일링 (82,100)"
2026-08-25 15:00,2026-08-26 09:04,078930,GS,종가베팅,3,121900,118300.0,-11616,-3.176,-1.08,"종가베팅: 등락 +6.2%, 고저범위 84% 위치, VWAP 119,721 위","손절 (118,300)"
2026-08-26 09:12,2026-08-26 09:12,037440,희림,ORB,181,4495,4515,1742,0.214,0.15,"ORB5 고가 4,490 돌파 (범위 8.8%)","트레일링 (4,515)"
2026-08-26 09:28,2026-08-26 09:33,037440,희림,ORB,181,4495,4520,2645,0.325,0.22,"ORB5 고가 4,490 돌파 (범위 8.8%)","트레일링 (4,525)"
2026-08-26 09:44,2026-08-26 09:45,037440,희림,ORB,181,4495,4425,-14513,-1.784,-1.23,"ORB5 고가 4,490 돌파 (범위 8.8%)","손절 (4,430)"
2026-08-26 10:34,2026-08-26 10:54,006360,GS건설,VWAP눌림,28,37450,37550,384,0.037,0.03,"VWAP 37,005 재돌파, 직전봉 고가 37,300 돌파",타임스탑 20분
2026-08-26 11:36,2026-08-26 11:40,006360,GS건설,VWAP눌림,42,37350,37100.00,-14084,-0.898,-1.34,"VWAP 37,094 재돌파, 직전봉 고가 37,300 돌파","손절 (37,100)"
2026-08-26 11:51,2026-08-26 11:53,006360,GS건설,VWAP눌림,53,37100,37200,768,0.039,0.10,"VWAP 37,097 재돌파, 직전봉 고가 37,100 돌파","본절 (37,200)"
2026-08-27 09:07,2026-08-27 09:11,062040,산일전기,ORB,4,191700,188800,-13338,-1.739,-1.19,"ORB5 고가 191,200 돌파 (범위 2.9%)","손절 (188,900)"
2026-08-27 09:12,2026-08-27 09:14,010170,대한광통신,ORB,54,14700,14800.00,3564,0.449,0.30,"ORB5 고가 14,670 돌파 (범위 4.8%)","트레일링 (14,810)"
2026-08-27 09:17,2026-08-27 09:19,267260,HD현대일렉트릭,ORB,1,799000,788000,-12813,-1.604,-1.16,"ORB5 고가 798,000 돌파 (범위 3.6%)","손절 (788,000)"
2026-08-26 15:00,2026-08-27 09:32,028050,삼성E&A,종가베팅,8,48400,50125,12882,3.327,1.11,"종가베팅: 등락 +5.6%, 고저범위 92% 위치, VWAP 47,568 위",목표 익절 +5%
2026-08-27 09:37,2026-08-27 09:47,010170,대한광통신,ORB,54,14680,14895,9764,1.232,0.82,"ORB5 고가 14,670 돌파 (범위 4.8%)","트레일링 (14,820)"
2026-08-27 09:25,2026-08-27 09:58,267260,HD현대일렉트릭,ORB,1,799000,788000,-12813,-1.604,-1.16,"ORB5 고가 798,000 돌파 (범위 3.6%)","손절 (788,000)"
2026-08-26 15:00,2026-08-27 10:00,034020,두산에너빌리티,종가베팅,4,85800,85000,-3982,-1.160,-0.40,"종가베팅: 등락 +6.5%, 고저범위 84% 위치, VWAP 84,603 위",익일 청산 시각 10:00
2026-08-27 11:50,2026-08-27 12:10,267260,HD현대일렉트릭,ORB,1,799000,797000,-3832,-0.480,-0.35,"ORB5 고가 798,000 돌파 (범위 3.6%)",타임스탑 20분
2026-08-27 10:06,2026-08-27 14:16,010170,대한광통신,ORB,54,14680,14895.00,9764,1.232,0.82,"ORB5 고가 14,670 돌파 (범위 4.8%)","트레일링 (14,820)"
2026-08-28 09:07,2026-08-28 09:08,032820,우리기술,ORB,63,13300,13060,-17013,-2.030,-1.42,"ORB5 고가 13,280 돌파 (범위 9.9%)","손절 (13,110)"
2026-08-28 09:07,2026-08-28 09:08,019170,신풍제약,ORB,78,10500,10835,24194,2.954,2.07,"ORB5 고가 10,450 돌파 (범위 8.9%)",목표 익절 +4.0%
2026-08-28 09:06,2026-08-28 09:26,064400,LG씨엔에스,ORB,6,77200,75600,-10644,-2.298,-0.93,"ORB5 고가 77,100 돌파 (범위 2.3%)",타임스탑 20분
2026-08-27 15:00,2026-08-28 09:28,086520,에코프로,종가베팅,4,92000,89300,-11622,-3.158,-1.08,"종가베팅: 등락 +6.7%, 고저범위 94% 위치, VWAP 90,156 위","손절 (89,300)"
2026-08-28 15:00,2026-08-31 09:02,161890,한국콜마,종가베팅,2,160100,163350,5752,1.796,0.60,"종가베팅: 등락 +9.6%, 고저범위 91% 위치, VWAP 156,169 위","트레일링 (163,400)"
2026-08-31 09:05,2026-08-31 09:07,019170,신풍제약,ORB,69,11880,11850.0,-3949,-0.482,-0.34,"ORB5 고가 11,840 돌파 (범위 8.4%)","본절 (11,910)"
2026-08-31 09:06,2026-08-31 09:07,161000,애경케미칼,ORB,69,11460,11280,-14210,-1.797,-1.21,"ORB5 고가 11,450 돌파 (범위 6.7%)","손절 (11,290)"
2026-08-31 09:16,2026-08-31 09:17,161000,애경케미칼,ORB,69,11480,11310.00,-13525,-1.707,-1.15,"ORB5 고가 11,450 돌파 (범위 6.7%)","손절 (11,310)"
2026-08-31 09:52,2026-08-31 09:57,002990,금호건설,ORB,46,17740,17470.0,-14269,-1.749,-1.19,"ORB5 고가 17,720 돌파 (범위 6.7%)","손절 (17,480)"
2026-08-31 13:33,2026-08-31 13:35,002990,금호건설,ORB,46,17750,17480,-14270,-1.748,-1.19,"ORB5 고가 17,720 돌파 (범위 6.7%)","손절 (17,490)"
2026-08-31 15:00,2026-09-01 09:01,066970,엘앤에프,종가베팅,2,145800,141300,-9650,-3.309,-1.12,"종가베팅: 등락 +7.6%, 고저범위 84% 위치, VWAP 143,661 위","손절 (141,500)"
2026-08-31 15:00,2026-09-01 09:02,096770,SK이노베이션,종가베팅,3,125600,129100,9614,2.551,0.87,"종가베팅: 등락 +8.4%, 고저범위 82% 위치, VWAP 123,766 위","트레일링 (129,500)"
2026-09-01 09:07,2026-09-01 09:07,001210,금호전기,ORB,59,13930,13700.00,-15430,-1.877,-1.31,"ORB5 고가 13,900 돌파 (범위 8.6%)","손절 (13,730)"
2026-09-01 09:14,2026-09-01 09:14,198440,강동씨앤엘,ORB,356,2095,2172.5,25819,3.462,2.42,"ORB5 고가 2,070 돌파 (범위 5.7%)",목표 익절 +4.0%
2026-09-01 09:05,2026-09-01 09:17,096770,SK이노베이션,ORB,6,133000,137050,22415,2.809,1.97,"ORB5 고가 132,800 돌파 (범위 5.6%)",목표 익절 +4.0%
2026-09-01 09:23,2026-09-01 09:32,001210,금호전기,ORB,59,13920,13700,-14840,-1.807,-1.26,"ORB5 고가 13,900 돌파 (범위 8.6%)","손절 (13,720)"
2026-09-01 10:59,2026-09-01 11:04,001210,금호전기,ORB,59,13940,13730,-14254,-1.733,-1.21,"ORB5 고가 13,900 돌파 (범위 8.6%)","손절 (13,740)"
2026-09-01 11:08,2026-09-01 11:11,064550,바이오니아,VWAP눌림,69,9880,9700,-13960,-2.048,-1.19,"VWAP 9,759 재돌파, 직전봉 고가 9,840 돌파","손절 (9,710)"
2026-09-01 11:21,2026-09-01 11:33,064550,바이오니아,VWAP눌림,103,9770,9909.51,12028,1.195,1.06,"VWAP 9,758 재돌파, 직전봉 고가 9,700 돌파","트레일링 (9,860)"
2026-09-01 15:00,2026-09-02 09:01,028260,삼성물산,종가베팅,1,391000,379500,-12373,-3.164,-1.08,"종가베팅: 등락 +3.7%, 고저범위 95% 위치, VWAP 383,864 위","손절 (379,500)"
2026-09-02 09:05,2026-09-02 09:06,067290,JW신약,ORB,226,3450,3395.0,-14195,-1.821,-1.26,"ORB5 고가 3,445 돌파 (범위 3.5%)","손절 (3,400)"
2026-09-02 09:06,2026-09-02 09:07,024060,흥구석유,ORB,69,11830,11860,190,0.023,0.02,"ORB5 고가 11,820 돌파 (범위 7.6%)","본절 (11,860)"
2026-09-01 15:13,2026-09-02 09:15,096770,SK이노베이션,종가베팅,3,135600,131500,-13209,-3.247,-1.10,"종가베팅: 등락 +7.7%, 고저범위 76% 위치, VWAP 134,872 위","손절 (131,600)"
2026-09-02 12:12,2026-09-02 12:21,002990,금호건설,VWAP눌림,35,17870,17520.00,-13660,-2.184,-1.15,"VWAP 17,705 재돌파, 직전봉 고가 17,660 돌파","손절 (17,530)"
2026-09-02 13:16,2026-09-02 13:22,002990,금호건설,VWAP눌림,38,17720,17400,-13682,-2.032,-1.16,"VWAP 17,677 재돌파, 직전봉 고가 17,650 돌파","손절 (17,410)"
2026-09-03 09:06,2026-09-03 09:07,004310,현대약품,ORB,94,8270,8130.0,-14918,-1.919,-1.32,"ORB5 고가 8,240 돌파 (범위 6.5%)","손절 (8,150)"
2026-09-03 09:13,2026-09-03 09:14,441270,파인엠텍,ORB,88,8870,8730,-14088,-1.805,-1.23,"ORB5 고가 8,840 돌파 (범위 7.3%)","손절 (8,740)"
2026-09-03 09:24,2026-09-03 09:25,079650,서산,ORB,102,7370,7390,308,0.041,0.03,"ORB5 고가 7,350 돌파 (범위 8.2%)","트레일링 (7,410)"
2026-09-03 09:27,2026-09-03 09:37,441270,파인엠텍,ORB,88,8860,9000.00,10503,1.347,0.92,"ORB5 고가 8,840 돌파 (범위 7.3%)","트레일링 (8,970)"
2026-09-04 09:07,2026-09-04 09:13,010950,S-Oil,ORB,5,158900,161460,10948,1.378,0.95,"ORB5 고가 158,600 돌파 (범위 4.0%)","트레일링 (160,900)"
2026-09-04 09:09,2026-09-04 09:15,096770,SK이노베이션,ORB,5,136500,136900.00,427,0.063,0.04,"ORB5 고가 136,450 돌파 (범위 4.4%)","본절 (136,900)"
2026-09-04 09:23,2026-09-04 09:43,096770,SK이노베이션,ORB,5,136600,137100,925,0.135,0.09,"ORB5 고가 136,450 돌파 (범위 4.4%)",타임스탑 20분
2026-09-03 15:00,2026-09-04 10:00,005490,POSCO홀딩스,종가베팅,1,343500,338000,-6277,-1.827,-0.63,"종가베팅: 등락 +5.7%, 고저범위 82% 위치, VWAP 340,143 위",익일 청산 시각 10:00
2026-09-04 09:52,2026-09-04 10:34,096770,SK이노베이션,ORB,5,136500,138420,8013,1.174,0.80,"ORB5 고가 136,450 돌파 (범위 4.4%)","트레일링 (137,900)"
2026-09-04 10:37,2026-09-04 10:37,036930,주성엔지니어링,VWAP눌림,11,174800,173700,-16495,-0.858,-1.50,"VWAP 174,015 재돌파, 직전봉 고가 174,400 돌파","손절 (173,800)"
2026-09-04 10:45,2026-09-04 10:48,036930,주성엔지니어링,VWAP눌림,11,174100,173600,-9892,-0.517,-1.80,"VWAP 174,012 재돌파, 직전봉 고가 173,900 돌파","손절 (173,600)"
2026-09-04 11:04,2026-09-04 14:01,036930,주성엔지니어링,VWAP눌림,4,174050,177600,12570,1.806,1.19,"VWAP 173,989 재돌파, 직전봉 고가 173,900 돌파","트레일링 (177,700)"
2026-09-04 15:02,2026-09-07 09:01,336260,두산퓨얼셀,종가베팅,9,44050.00,46127.78,17751,4.477,1.52,"종가베팅: 등락 +13.1%, 고저범위 84% 위치, VWAP 42,278 위",목표 익절 +5%
2026-09-04 15:08,2026-09-07 09:01,240810,원익IPS,종가베팅,3,114800,118433.33,10087,2.929,0.99,"종가베팅: 등락 +9.3%, 고저범위 81% 위치, VWAP 112,661 위","트레일링 (117,900)"
2026-09-07 09:07,2026-09-07 09:11,336260,두산퓨얼셀,ORB,16,49500,48700,-14592,-1.842,-1.30,"ORB5 고가 49,400 돌파 (범위 8.2%)","손절 (48,800)"
2026-09-07 09:47,2026-09-07 09:55,036930,주성엔지니어링,ORB,4,189400,186600,-12916,-1.705,-1.15,"ORB5 고가 189,300 돌파 (범위 3.2%)","손절 (186,600)"
2026-09-07 15:09,2026-09-08 09:01,047040,대우건설,종가베팅,21,18370,18669.05,5381,1.395,0.47,"종가베팅: 등락 +9.0%, 고저범위 90% 위치, VWAP 17,695 위","트레일링 (18,600)"
2026-09-07 15:00,2026-09-08 09:04,000720,현대건설,종가베팅,3,126800,129833.33,8206,2.157,0.72,"종가베팅: 등락 +5.4%, 고저범위 90% 위치, VWAP 123,805 위","트레일링 (130,000)"
2026-09-08 09:05,2026-09-08 09:10,052690,한전기술,ORB,6,132600,136800,23320,2.931,2.05,"ORB5 고가 132,500 돌파 (범위 3.4%)",목표 익절 +4.0%
2026-09-08 09:06,2026-09-08 09:11,036930,주성엔지니어링,ORB,4,196500,197400,1786,0.227,0.15,"ORB5 고가 196,400 돌파 (범위 4.0%)","트레일링 (197,400)"
2026-09-08 09:12,2026-09-08 09:15,096770,SK이노베이션,ORB,5,143500,141200,-13124,-1.829,-1.25,"ORB5 고가 143,400 돌파 (범위 2.9%)","손절 (141,400)"
2026-09-09 09:06,2026-09-09 09:07,010170,대한광통신,ORB,53,15090,14860.00,-14002,-1.751,-1.20,"ORB5 고가 15,080 돌파 (범위 6.1%)","손절 (14,870)"
2026-09-09 09:14,2026-09-09 09:15,327260,RF머트리얼즈,ORB,20,39450,39500,-816,-0.103,-0.07,"ORB5 고가 39,300 돌파 (범위 7.7%)","본절 (39,550)"
2026-09-09 11:30,2026-09-09 11:43,010170,대한광통신,ORB,53,15090,14870,-13473,-1.685,-1.16,"ORB5 고가 15,080 돌파 (범위 6.1%)","손절 (14,870)"
2026-09-09 15:04,2026-09-10 09:01,032820,우리기술,종가베팅,29,13970,13530.0,-13662,-3.372,-1.15,"종가베팅: 등락 +18.3%, 고저범위 78% 위치, VWAP 13,766 위","손절 (13,560)"
2026-09-10 09:05,2026-09-10 09:06,024060,흥구석유,ORB,58,13410,13640.00,11526,1.482,0.99,"ORB5 고가 13,340 돌파 (범위 4.9%)","트레일링 (13,570)"
2026-09-10 09:22,2026-09-10 09:24,032940,원익,ORB,72,11190,11345,9286,1.153,0.81,"ORB5 고가 11,160 돌파 (범위 9.4%)","트레일링 (11,290)"
2026-09-10 09:16,2026-09-10 09:26,096770,SK이노베이션,ORB,4,160900,163350,8301,1.290,0.86,"ORB5 고가 160,800 돌파 (범위 4.1%)","트레일링 (162,700)"
2026-09-10 09:42,2026-09-10 09:43,032940,원익,ORB,72,11180,10990.00,-15500,-1.926,-1.35,"ORB5 고가 11,160 돌파 (범위 9.4%)","손절 (11,020)"
2026-09-09 15:00,2026-09-10 10:00,373220,LG에너지솔루션,종가베팅,1,370000,367500,-3345,-0.904,-0.30,"종가베팅: 등락 +5.4%, 고저범위 94% 위치, VWAP 360,776 위",익일 청산 시각 10:00
2026-09-10 10:45,2026-09-10 10:45,032940,원익,ORB,72,11170,10990,-14780,-1.838,-1.28,"ORB5 고가 11,160 돌파 (범위 9.4%)","손절 (11,010)"
2026-09-10 11:41,2026-09-10 11:44,092790,넥스틸,VWAP눌림,44,15175,14900,-13609,-2.038,-1.12,"VWAP 15,047 재돌파, 직전봉 고가 15,100 돌파","손절 (14,900)"
2026-09-10 15:00,2026-09-11 09:01,440110,파두,종가베팅,5,79500,76000,-18376,-4.623,-1.60,"종가베팅: 등락 +6.9%, 고저범위 95% 위치, VWAP 74,802 위","손절 (77,200)"
2026-09-10 15:00,2026-09-11 09:01,000990,DB하이텍,종가베팅,3,118000,111800,-19373,-5.473,-1.85,"종가베팅: 등락 +6.4%, 고저범위 81% 위치, VWAP 115,345 위","손절 (114,500)"
2026-09-11 09:08,2026-09-11 09:09,064550,바이오니아,ORB,71,10710,10550.00,-13084,-1.721,-1.15,"ORB5 고가 10,700 돌파 (범위 6.9%)","손절 (10,550)"
2026-09-11 09:48,2026-09-11 09:49,356680,엑스게이트,ORB,58,13960,13720,-15751,-1.945,-1.36,"ORB5 고가 13,900 돌파 (범위 9.5%)","손절 (13,760)"
2026-09-11 13:57,2026-09-11 13:58,001820,삼화콘덴서,VWAP눌림,14,137700,137100,-12814,-0.665,-1.53,"VWAP 136,992 재돌파, 직전봉 고가 137,400 돌파","손절 (137,100)"
2026-09-11 15:00,2026-09-14 09:01,488280,에스투더블유,종가베팅,27,14990,16870,49722,12.285,4.19,"종가베팅: 등락 +14.9%, 고저범위 87% 위치, VWAP 14,192 위",목표 익절 +5%
2026-09-11 15:00,2026-09-14 09:01,052690,한전기술,종가베팅,2,152400,147500.0,-10479,-3.438,-1.16,"종가베팅: 등락 +4.6%, 고저범위 82% 위치, VWAP 149,520 위","손절 (147,900)"
2026-09-14 09:05,2026-09-14 09:05,356680,엑스게이트,ORB,44,17800,17500.0,-14972,-1.912,-1.31,"ORB5 고가 17,760 돌파 (범위 9.4%)","손절 (17,540)"
2026-09-14 09:11,2026-09-14 09:12,356680,엑스게이트,ORB,44,17800,18125,12471,1.592,1.09,"ORB5 고가 17,760 돌파 (범위 9.4%)","트레일링 (18,080)"
2026-09-14 09:39,2026-09-14 09:47,052710,아모텍,ORB,50,15930,16020,2659,0.334,0.23,"ORB5 고가 15,900 돌파 (범위 6.6%)","트레일링 (16,030)"
2026-09-14 14:07,2026-09-14 14:08,014950,삼익제약,VWAP눌림,54,9100,9390,14500,2.951,1.28,"VWAP 9,047 재돌파, 직전봉 고가 9,090 돌파",목표 익절 +4.0%
2026-09-14 15:00,2026-09-15 09:02,093370,후성,종가베팅,28,14140,13710,-12923,-3.264,-1.10,"종가베팅: 등락 +6.2%, 고저범위 94% 위치, VWAP 13,829 위","손절 (13,720)"
2026-09-15 09:05,2026-09-15 09:06,001820,삼화콘덴서,ORB,5,146800,144500,-13163,-1.793,-1.20,"ORB5 고가 146,700 돌파 (범위 6.8%)","손절 (144,600)"
2026-09-15 09:06,2026-09-15 09:07,017900,광전자,ORB,67,11380,11548.96,9545,1.252,0.84,"ORB5 고가 11,350 돌파 (범위 6.0%)","트레일링 (11,490)"
2026-09-15 09:11,2026-09-15 09:15,014950,삼익제약,ORB,71,10790,11121.41,21721,2.835,1.91,"ORB5 고가 10,700 돌파 (범위 9.2%)",목표 익절 +4.0%
2026-09-15 09:25,2026-09-15 09:29,001820,삼화콘덴서,ORB,5,147000,144800.00,-12666,-1.723,-1.15,"ORB5 고가 146,700 돌파 (범위 6.8%)","손절 (144,800)"
2026-09-14 15:00,2026-09-15 10:00,316140,우리금융지주,종가베팅,10,36700,36050,-7330,-1.997,-0.67,"종가베팅: 등락 +5.0%, 고저범위 89% 위치, VWAP 36,170 위",익일 청산 시각 10:00
2026-09-16 09:06,2026-09-16 09:07,062970,한국첨단소재,ORB,202,3745,3675,-15848,-2.095,-1.43,"ORB5 고가 3,705 돌파 (범위 7.1%)","손절 (3,690)"
2026-09-16 09:05,2026-09-16 09:07,069540,빛과전자,ORB,173,4510,4445,-13014,-1.668,-1.16,"ORB5 고가 4,500 돌파 (범위 9.8%)","손절 (4,445)"
2026-09-16 09:10,2026-09-16 09:11,072950,빛샘전자,ORB,71,11250,11581.55,21655,2.711,1.91,"ORB5 고가 11,190 돌파 (범위 4.2%)",목표 익절 +4.0%
2026-09-15 15:00,2026-09-16 10:00,373220,LG에너지솔루션,종가베팅,1,368500,374000,4641,1.259,0.42,"종가베팅: 등락 +5.0%, 고저범위 88% 위치, VWAP 362,056 위",익일 청산 시각 10:00
2026-09-15 15:00,2026-09-16 10:00,086520,에코프로,종가베팅,4,84600,83150,-6564,-1.940,-0.66,"종가베팅: 등락 +5.4%, 고저범위 87% 위치, VWAP 83,212 위",익일 청산 시각 10:00
2026-09-16 15:00,2026-09-17 09:01,000990,DB하이텍,종가베팅,3,124300,130900,18902,5.069,1.70,"종가베팅: 등락 +3.8%, 고저범위 98% 위치, VWAP 120,618 위",목표 익절 +5%
2026-09-17 09:05,2026-09-17 09:10,067310,하나마이크론,ORB,20,38400,37850,-12742,-1.659,-1.16,"ORB5 고가 38,300 돌파 (범위 7.7%)","손절 (37,850)"
2026-09-17 09:17,2026-09-17 09:24,067310,하나마이크론,ORB,20,38350,38450,232,0.030,0.02,"ORB5 고가 38,300 돌파 (범위 7.7%)","본절 (38,450)"
2026-09-17 09:54,2026-09-17 10:12,327260,RF머트리얼즈,ORB,16,48850,48150,-12972,-1.660,-1.16,"ORB5 고가 48,800 돌파 (범위 6.3%)","손절 (48,150)"
2026-09-17 11:35,2026-09-17 11:39,027360,아주IB투자,VWAP눌림,303,3840,3805,-13256,-1.139,-1.25,"VWAP 3,836 재돌파, 직전봉 고가 3,845 돌파","손절 (3,805)"
2026-09-17 11:47,2026-09-17 11:49,027360,아주IB투자,VWAP눌림,485,3845,3855,552,0.030,0.06,"VWAP 3,836 재돌파, 직전봉 고가 3,840 돌파","본절 (3,855)"
2026-09-17 12:18,2026-09-17 12:21,027360,아주IB투자,VWAP눌림,303,3875,3840,-13282,-1.131,-1.25,"VWAP 3,842 재돌파, 직전봉 고가 3,860 돌파","손절 (3,840)"
2026-09-17 13:34,2026-09-17 13:38,457370,한켐,VWAP눌림,46,10470,10655.00,7387,1.534,0.64,"VWAP 10,386 재돌파, 직전봉 고가 10,400 돌파","트레일링 (10,620)"
2026-09-18 09:05,2026-09-18 09:05,005690,파미셀,ORB,60,12810,12620.0,-13142,-1.710,-1.15,"ORB5 고가 12,800 돌파 (범위 5.8%)","손절 (12,620)"
2026-09-18 10:18,2026-09-18 10:20,006340,대원전선,VWAP눌림,93,13980,13860.00,-14125,-1.086,-1.27,"VWAP 13,907 재돌파, 직전봉 고가 13,930 돌파","손절 (13,860)"
2026-09-18 10:33,2026-09-18 10:34,006340,대원전선,VWAP눌림,134,13930,13850,-14988,-0.803,-1.40,"VWAP 13,907 재돌파, 직전봉 고가 13,900 돌파","손절 (13,850)"
2026-09-18 10:50,2026-09-18 11:16,006340,대원전선,VWAP눌림,143,13910,13950,1134,0.057,0.11,"VWAP 13,907 재돌파, 직전봉 고가 13,890 돌파","본절 (13,950)"
2026-09-18 12:13,2026-09-18 12:15,072950,빛샘전자,VWAP눌림,109,13790,13690,-14332,-0.953,-1.31,"VWAP 13,767 재돌파, 직전봉 고가 13,710 돌파","손절 (13,690)"
2026-09-18 12:26,2026-09-18 12:28,072950,빛샘전자,VWAP눌림,120,13780,14015.0,24338,1.472,2.25,"VWAP 13,766 재돌파, 직전봉 고가 13,730 돌파","트레일링 (13,960)"
2026-09-21 09:05,2026-09-21 09:05,032820,우리기술,ORB,52,14790,14550,-14221,-1.849,-1.24,"ORB5 고가 14,780 돌파 (범위 6.6%)","손절 (14,570)"
2026-09-21 09:06,2026-09-21 09:08,001820,삼화콘덴서,ORB,5,154600,152300.0,-13252,-1.714,-1.15,"ORB5 고가 154,500 돌파 (범위 5.2%)","손절 (152,300)"
2026-09-21 15:00,2026-09-22 09:03,028260,삼성물산,종가베팅,1,368500,379500,10130,2.749,0.92,"종가베팅: 등락 +4.2%, 고저범위 94% 위치, VWAP 364,776 위","트레일링 (379,500)"
2026-09-22 09:05,2026-09-22 09:06,001820,삼화콘덴서,ORB,4,157100,154700,-11023,-1.754,-1.20,"ORB5 고가 156,800 돌파 (범위 4.5%)","손절 (154,800)"
2026-09-22 09:05,2026-09-22 09:12,222800,심텍,ORB,5,147300,150480,14174,1.925,1.29,"ORB5 고가 147,200 돌파 (범위 6.4%)","트레일링 (150,600)"
2026-09-22 09:06,2026-09-22 09:13,353200,대덕전자,ORB,6,116800,117300,1383,0.197,0.14,"ORB5 고가 116,500 돌파 (범위 6.1%)","트레일링 (117,300)"
2026-09-22 09:29,2026-09-22 09:45,353200,대덕전자,ORB,6,116600,119100,13362,1.910,1.31,"ORB5 고가 116,500 돌파 (범위 6.1%)","트레일링 (119,200)"
2026-09-21 15:00,2026-09-22 10:00,000990,DB하이텍,종가베팅,3,131800,132900,2386,0.603,0.20,"종가베팅: 등락 +4.6%, 고저범위 93% 위치, VWAP 127,882 위",익일 청산 시각 10:00
2026-09-22 10:48,2026-09-22 11:13,353200,대덕전자,ORB,6,116600,114900,-11785,-1.685,-1.16,"ORB5 고가 116,500 돌파 (범위 6.1%)","손절 (114,900)"
2026-09-22 11:23,2026-09-22 11:26,232140,와이씨,VWAP눌림,119,14910,14820.00,-14767,-0.832,-1.38,"VWAP 14,841 재돌파, 직전봉 고가 14,860 돌파","손절 (14,820)"
2026-09-22 11:39,2026-09-22 12:03,232140,와이씨,VWAP눌림,133,14840,14880,770,0.039,0.07,"VWAP 14,840 재돌파, 직전봉 고가 14,820 돌파","본절 (14,880)"
2026-09-22 15:00,2026-09-23 09:04,058470,리노공업,종가베팅,5,76300,75620,-4267,-1.118,-0.39,"종가베팅: 등락 +8.2%, 고저범위 89% 위치, VWAP 74,216 위","손절 (74,100)"
2026-09-23 09:05,2026-09-23 09:08,093370,후성,ORB,52,14740,14945,8877,1.158,0.78,"ORB5 고가 14,730 돌파 (범위 7.1%)","트레일링 (14,860)"
2026-09-23 09:05,2026-09-23 09:09,356680,엑스게이트,ORB,41,18900,19172.68,9377,1.210,0.82,"ORB5 고가 18,830 돌파 (범위 7.6%)","트레일링 (19,090)"
