거래ID,종목코드,종목명,전략,운용,주문,데이터,신호시각,진입시각,청산시각,보유분,수량,매수평균,매도평균,초기손절,손절거리%,순손익,순수익률%,R,MFE%,MAE%,진입슬리피지%,청산슬리피지%,청산분류,진입근거,청산사유,진입등락률%,VWAP이격%,범위위치,체결강도,ATR%,거래량배수,스프레드틱,장시작후분,손절설정%,익절설정%,트레일링발동%,트레일링거리%,익일보유
123690#1-20260102102300,123690,한국화장품,VWAP눌림,FullAuto,Paper,Backtest,2026-01-02 10:23:00,2026-01-02 10:23:00,2026-01-02 10:25:25,2.4,181,11010,11219.89,10920,0.817,33328,1.672,2.05,2.997,0,0,-0.044,Trailing,"VWAP 11,001 재돌파, 직전봉 고가 10,990 돌파","1차 분할 익절 +2.0% / 트레일링 (11,200)",9.66,0.08,0.415,160.0,0.727,1.39,1,83,1.5,4.0,1.5,1.2,False
352820#3-20260102102300,352820,하이브,VWAP눌림,FullAuto,Paper,Backtest,2026-01-02 10:23:00,2026-01-02 10:23:00,2026-01-02 10:38:25,15.4,4,347000,343000,343000,1.153,-19157,-1.380,-1.20,0.576,-1.153,0,0,StopLoss,"VWAP 343,099 재돌파, 직전봉 고가 346,000 돌파","손절 (343,000)",2.97,0.99,0.8,266.8,0.691,0.90,1,83,1.5,4.0,1.5,1.2,False
123690#1-20260102105100,123690,한국화장품,VWAP눌림,FullAuto,Paper,Backtest,2026-01-02 10:51:00,2026-01-02 10:51:00,2026-01-02 11:18:15,27.2,86,11080,11320,10860,1.986,18406,1.932,0.97,3.430,-0.722,0,-0.044,Trailing,"VWAP 11,028 재돌파, 직전봉 고가 10,950 돌파","1차 분할 익절 +2.0% / 트레일링 (11,320)",10.26,0.38,0.508,176.0,0.536,2.45,1,111,1.5,4.0,1.5,1.2,False
123690#1-20260102113300,123690,한국화장품,VWAP눌림,FullAuto,Paper,Backtest,2026-01-02 11:33:00,2026-01-02 11:33:00,2026-01-02 11:33:45,0.8,179,11150,11176.98,11110,0.359,230,0.012,0.03,0.359,0,0,-0.027,BreakEven,"VWAP 11,120 재돌파, 직전봉 고가 11,140 돌파","본절 (11,180)",11.06,0.27,0.526,170.4,0.641,0.48,1,153,1.5,4.0,1.5,1.2,False
352820#3-20260102114600,352820,하이브,VWAP눌림,FullAuto,Paper,Backtest,2026-01-02 11:46:00,2026-01-02 11:46:00,2026-01-02 12:05:30,19.5,5,345000,343000,343000,0.580,-13945,-0.808,-1.39,0.435,-0.580,0,0,StopLoss,"VWAP 343,285 재돌파, 직전봉 고가 344,000 돌파","손절 (343,000)",2.38,0.35,0.64,318.6,0.228,1.28,1,166,1.5,4.0,1.5,1.2,False
274090#4-20260102120300,274090,켄코아에어로스페이스,VWAP눌림,FullAuto,Paper,Backtest,2026-01-02 12:03:00,2026-01-02 12:03:00,2026-01-02 12:24:30,21.5,90,19450,19220,19240,1.080,-24680,-1.410,-1.31,0.617,-1.183,0,-0.104,StopLoss,"VWAP 19,308 재돌파, 직전봉 고가 19,410 돌파","손절 (19,240)",9.34,0.68,0.690,147.0,0.500,0.47,1,183,1.5,4.0,1.5,1.2,False
352820#3-20260102121100,352820,하이브,VWAP눌림,FullAuto,Paper,Backtest,2026-01-02 12:11:00,2026-01-02 12:11:00,2026-01-02 12:25:30,14.5,5,344250,342500,342500,0.508,-12689,-0.737,-1.45,0.218,-0.508,0,0,StopLoss,"VWAP 343,375 재돌파, 직전봉 고가 344,000 돌파","손절 (342,500)",2.30,0.25,0.62,327.8,0.259,1.50,2,191,1.5,4.0,1.5,1.2,False
274090#4-20260102133700,274090,켄코아에어로스페이스,VWAP눌림,FullAuto,Paper,Backtest,2026-01-02 13:37:00,2026-01-02 13:37:00,2026-01-02 13:41:30,4.5,76,19310,19060,19060,1.295,-22334,-1.522,-1.18,0.104,-1.295,0,0,StopLoss,"VWAP 19,271 재돌파, 직전봉 고가 19,200 돌파","손절 (19,060)",8.55,0.15,0.643,173.3,0.381,4.11,1,277,1.5,4.0,1.5,1.2,False
005930#7-20260102150000,005930,삼성전자,종가베팅,FullAuto,Paper,Backtest,2026-01-02 15:00:00,2026-01-02 15:00:00,2026-01-05 09:01:00,3961,5,128150,134600,124300,3.004,30708,4.793,1.60,5.033,-0.195,0,0,TakeProfit,"종가베팅: 등락 +6.4%, 고저범위 99% 위치, VWAP 124,518 위",목표 익절 +5%,6.44,2.92,0.994,837.0,0.156,4.04,2,360,3,5,2.5,1.5,True
042700#9-20260105090525,042700,한미반도체,ORB,FullAuto,Paper,Backtest,2026-01-05 09:05:25,2026-01-05 09:05:25,2026-01-05 09:10:30,5.1,8,158500,156100,156200,1.451,-22074,-1.741,-1.20,0.820,-1.514,0,-0.064,StopLoss,"ORB5 고가 158,400 돌파 (범위 3.4%)","손절 (156,200)",8.64,1.55,1,304.6,1.178,1.66,1,5,1.5,4.0,1.5,1.2,False
034020#11-20260105090527,034020,두산에너빌리티,ORB,FullAuto,Paper,Backtest,2026-01-05 09:05:27,2026-01-05 09:05:27,2026-01-05 09:18:30,13,15,80100,80500,78900,1.498,3224,0.268,0.18,1.748,-0.749,0,0,Trailing,"ORB5 고가 80,000 돌파 (범위 5.1%)","트레일링 (80,500)",5.81,1.52,1,485.1,1.103,1.78,1,5,1.5,4.0,1.5,1.2,False
042700#9-20260105091922,042700,한미반도체,ORB,FullAuto,Paper,Backtest,2026-01-05 09:19:22,2026-01-05 09:19:22,2026-01-05 09:25:30,6.1,8,158500,161050,156200,1.451,17442,1.376,0.95,2.587,0,0,-0.062,Trailing,"ORB5 고가 158,400 돌파 (범위 3.4%)","1차 분할 익절 +2.0% / 트레일링 (160,600)",8.64,1.12,0.803,222.3,0.834,4.01,1,19,1.5,4.0,1.5,1.2,False
042700#9-20260105093527,042700,한미반도체,ORB,FullAuto,Paper,Backtest,2026-01-05 09:35:27,2026-01-05 09:35:27,2026-01-05 09:39:30,4,8,158600,156300,156300,1.450,-21277,-1.677,-1.16,0.504,-1.450,0,0,StopLoss,"ORB5 고가 158,400 돌파 (범위 3.4%)","손절 (156,300)",8.70,0.10,0.574,217.2,0.680,2.12,1,35,1.5,4.0,1.5,1.2,False
190510#14-20260105103400,190510,나무가,VWAP눌림,FullAuto,Paper,Backtest,2026-01-05 10:34:00,2026-01-05 10:34:00,2026-01-05 10:34:30,0.5,103,19330,19220,19220,0.569,-15883,-0.798,-1.40,0,-0.569,0,0,StopLoss,"VWAP 19,309 재돌파, 직전봉 고가 19,310 돌파","손절 (19,220)",12.72,0.06,0.671,114.5,1.213,0.15,1,94,1.5,4.0,1.5,1.2,False
190510#14-20260105104600,190510,나무가,VWAP눌림,FullAuto,Paper,Backtest,2026-01-05 10:46:00,2026-01-05 10:46:00,2026-01-05 10:48:30,2.5,103,19330,19951.94,19240,0.466,59346,2.981,6.40,4.501,0,0,-0.150,TakeProfit,"VWAP 19,309 재돌파, 직전봉 고가 19,310 돌파",1차 분할 익절 +2.0% / 목표 익절 +4.0%,12.78,0.11,0.674,123.1,0.765,1.22,1,106,1.5,4.0,1.5,1.2,False
190510#14-20260105113400,190510,나무가,VWAP눌림,FullAuto,Paper,Backtest,2026-01-05 11:34:00,2026-01-05 11:34:00,2026-01-05 11:40:27,6.5,94,19590,19390.00,19390,1.021,-22994,-1.249,-1.22,0.510,-1.021,0,0.000,StopLoss,"VWAP 19,503 재돌파, 직전봉 고가 19,520 돌파","손절 (19,390)",14.29,0.45,0.722,151.9,0.507,0.74,1,154,1.5,4.0,1.5,1.2,False
464080#16-20260105115200,464080,에스오에스랩,VWAP눌림,FullAuto,Paper,Backtest,2026-01-05 11:52:00,2026-01-05 11:52:00,2026-01-05 12:00:20,8.3,73,16350,16857.40,16090,1.590,34218,2.867,1.80,4.220,-0.489,0,-0.059,TakeProfit,"VWAP 16,133 재돌파, 직전봉 고가 16,140 돌파",1차 분할 익절 +2.0% / 목표 익절 +4.0%,4.74,1.28,0.669,217.4,0.343,1.75,1,172,1.5,4.0,1.5,1.2,False
010120#18-20260105150000,010120,LS ELECTRIC,종가베팅,FullAuto,Paper,Backtest,2026-01-05 15:00:00,2026-01-05 15:00:00,2026-01-06 09:03:20,1083.3,6,101500,98300,98500,2.956,-20558,-3.376,-1.14,0.099,-3.153,0,-0.203,StopLoss,"종가베팅: 등락 +3.2%, 고저범위 88% 위치, VWAP 100,357 위","손절 (98,500)",3.15,1.04,0.875,534.7,0.247,1.20,1,360,3,5,2.5,1.5,True
042700#19-20260105150000,042700,한미반도체,종가베팅,FullAuto,Paper,Backtest,2026-01-05 15:00:00,2026-01-05 15:00:00,2026-01-06 09:04:30,1084.5,3,166000,172733.33,161100,2.952,19015,3.818,1.29,5.120,-0.241,0,-0.058,TakeProfit,"종가베팅: 등락 +13.8%, 고저범위 98% 위치, VWAP 159,782 위",1차 분할 익절 +2% / 목표 익절 +5%,13.78,3.89,0.985,280.6,0.430,2.41,1,360,3,5,2.5,1.5,True
307950#20-20260106090622,307950,현대오토에버,ORB,FullAuto,Paper,Backtest,2026-01-06 09:06:22,2026-01-06 09:06:22,2026-01-06 09:08:27,2.1,3,350500,357333.33,345500,1.427,18039,1.716,1.20,3.281,0,0,-0.140,Trailing,"ORB5 고가 350,000 돌파 (범위 7.2%)","1차 분할 익절 +2.0% / 트레일링 (357,500)",12.34,2.29,1,184.5,2.354,1.97,1,6,1.5,4.0,1.5,1.2,False
012330#21-20260106091607,012330,현대모비스,ORB,FullAuto,Paper,Backtest,2026-01-06 09:16:07,2026-01-06 09:16:07,2026-01-06 09:18:30,2.4,2,385500,378000,378500,1.816,-16740,-2.171,-1.20,0.130,-1.946,0,-0.132,StopLoss,"ORB5 고가 385,000 돌파 (범위 1.6%)","손절 (378,500)",3.35,0.22,0.591,265.1,0.862,0.80,1,16,1.5,4.0,1.5,1.2,False
307950#20-20260106092022,307950,현대오토에버,ORB,FullAuto,Paper,Backtest,2026-01-06 09:20:22,2026-01-06 09:20:22,2026-01-06 09:23:15,2.9,3,351500,346500,346500,1.422,-17392,-1.649,-1.16,0.996,-1.422,0,0,StopLoss,"ORB5 고가 350,000 돌파 (범위 7.2%)","손절 (346,500)",12.66,0.07,0.658,182.9,1.839,1.27,1,20,1.5,4.0,1.5,1.2,False
047810#24-20260106124300,047810,한국항공우주,VWAP눌림,FullAuto,Paper,Backtest,2026-01-06 12:43:00,2026-01-06 12:43:00,2026-01-06 13:30:30,47.5,14,135100,135800,134300,0.592,5430,0.287,0.48,1.776,-0.222,0,0,Trailing,"VWAP 134,266 재돌파, 직전봉 고가 134,900 돌파","트레일링 (135,800)",8.69,0.62,0.688,227.0,0.375,0.75,1,223,1.5,4.0,1.5,1.2,False
047810#24-20260106140900,047810,한국항공우주,VWAP눌림,FullAuto,Paper,Backtest,2026-01-06 14:09:00,2026-01-06 14:09:00,2026-01-06 14:50:00,41,14,135500,135500,134700,0.590,-4362,-0.230,-0.39,0.517,-0.295,0,-0.074,ForceClose,"VWAP 134,481 재돌파, 직전봉 고가 135,400 돌파",장마감 강제청산,9.01,0.76,0.709,237.0,0.264,0.51,1,309,1.5,4.0,1.5,1.2,False
042700#27-20260106150000,042700,한미반도체,종가베팅,FullAuto,Paper,Backtest,2026-01-06 15:00:00,2026-01-06 15:00:00,2026-01-07 09:01:00,1081,3,180600,194200,175200,2.990,39467,7.284,2.44,7.586,-0.498,0,-0.051,TakeProfit,"종가베팅: 등락 +3.8%, 고저범위 96% 위치, VWAP 175,492 위",목표 익절 +5%,3.80,2.85,0.964,495.4,0.281,4.47,1,360,3,5,2.5,1.5,True
403870#25-20260106150000,403870,HPSP,종가베팅,FullAuto,Paper,Backtest,2026-01-06 15:00:00,2026-01-06 15:00:00,2026-01-07 09:01:00,1081,16,38350,36250,37200,2.999,-34939,-5.694,-1.90,1.695,-5.476,0,-2.554,StopLoss,"종가베팅: 등락 +9.4%, 고저범위 88% 위치, VWAP 37,003 위","손절 (37,200)",9.43,3.51,0.878,446.2,0.774,0.60,1,360,3,5,2.5,1.5,True
006140#29-20260107090525,006140,피제이전자,ORB,FullAuto,Paper,Backtest,2026-01-07 09:05:25,2026-01-07 09:05:25,2026-01-07 09:07:30,2.1,154,8340,8625,8220,1.439,40845,3.180,2.21,4.436,0,0,-0.116,TakeProfit,"ORB5 고가 8,310 돌파 (범위 7.9%)",1차 분할 익절 +2.0% / 목표 익절 +4.0%,14.56,3.83,1,192.6,3.557,1.24,1,5,1.5,4.0,1.5,1.2,False
454910#32-20260107102300,454910,두산로보틱스,VWAP눌림,FullAuto,Paper,Backtest,2026-01-07 10:23:00,2026-01-07 10:23:00,2026-01-07 10:40:15,17.2,23,86500,86700,85800,0.809,15,0.001,0.00,1.040,-0.347,0,0,BreakEven,"VWAP 86,410 재돌파, 직전봉 고가 86,500 돌파","본절 (86,700)",6.53,0.10,0.602,264.0,0.330,1.07,1,83,1.5,4.0,1.5,1.2,False
454910#32-20260107104900,454910,두산로보틱스,VWAP눌림,FullAuto,Paper,Backtest,2026-01-07 10:49:00,2026-01-07 10:49:00,2026-01-07 11:24:27,35.5,22,86900,87200,86100,0.921,2191,0.115,0.12,0.921,-0.806,0,0,BreakEven,"VWAP 86,451 재돌파, 직전봉 고가 86,500 돌파","본절 (87,200)",7.02,0.52,0.648,276.6,0.427,1.14,1,109,1.5,4.0,1.5,1.2,False
006140#29-20260107130820,006140,피제이전자,ORB,FullAuto,Paper,Backtest,2026-01-07 13:08:20,2026-01-07 13:08:20,2026-01-07 13:09:22,1,154,8350,8380.0,8230,1.437,1654,0.129,0.09,1.796,0,0,-0.119,Trailing,"ORB5 고가 8,310 돌파 (범위 7.9%)","트레일링 (8,390)",14.70,0.25,0.494,177.6,1.317,10.68,1,248,1.5,4.0,1.5,1.2,False
006140#29-20260107133612,006140,피제이전자,ORB,FullAuto,Paper,Backtest,2026-01-07 13:36:12,2026-01-07 13:36:12,2026-01-07 13:36:22,0.2,154,8330,8160.0,8210,1.441,-29073,-2.266,-1.57,0.240,-2.041,0,-0.609,StopLoss,"ORB5 고가 8,310 돌파 (범위 7.9%)","손절 (8,210)",14.42,0.36,0.483,170.7,1.758,3.55,1,276,1.5,4.0,1.5,1.2,False
123690#36-20260107133700,123690,한국화장품,VWAP눌림,FullAuto,Paper,Backtest,2026-01-07 13:37:00,2026-01-07 13:37:00,2026-01-07 13:41:22,4.4,58,11930,11990,11600,2.766,1883,0.272,0.10,1.844,-1.509,0,-0.083,Trailing,"VWAP 11,807 재돌파, 직전봉 고가 11,840 돌파","트레일링 (12,000)",14.40,0.95,0.719,144.4,2.067,0.68,1,277,1.5,4.0,1.5,1.2,False
123690#36-20260107135500,123690,한국화장품,VWAP눌림,FullAuto,Paper,Backtest,2026-01-07 13:55:00,2026-01-07 13:55:00,2026-01-07 13:55:30,0.5,111,11810,11640,11640,1.439,-21843,-1.666,-1.16,0,-1.439,0,0,StopLoss,"VWAP 11,783 재돌파, 직전봉 고가 11,570 돌파","손절 (11,640)",13.24,0.15,0.674,139.2,1.598,1.43,1,295,1.5,4.0,1.5,1.2,False
012450#40-20260108090622,012450,한화에어로스페이스,ORB,FullAuto,Paper,Backtest,2026-01-08 09:06:22,2026-01-08 09:06:22,2026-01-08 09:09:30,3.1,1,1070000,1073000,1054000,1.495,534,0.050,0.03,1.495,-0.374,0,0,BreakEven,"ORB5 고가 1,068,000 돌파 (범위 4.2%)","본절 (1,073,000)",6.47,1.34,1,310.9,0.958,2.12,1,6,1.5,4.0,1.5,1.2,False
249420#37-20260107150000,249420,일동제약,종가베팅,FullAuto,Paper,Backtest,2026-01-07 15:00:00,2026-01-07 15:00:00,2026-01-08 09:14:30,1094.5,15,42950,42680,41700,2.910,-5521,-0.857,-0.29,2.328,-2.910,0,-0.053,StopLoss,"종가베팅: 등락 +10.4%, 고저범위 97% 위치, VWAP 41,389 위","1차 분할 익절 +2% / 손절 (41,700)",10.41,3.77,0.971,315.8,0.491,1.56,1,360,3,5,2.5,1.5,True
226950#39-20260107150000,226950,올릭스,종가베팅,FullAuto,Paper,Backtest,2026-01-07 15:00:00,2026-01-07 15:00:00,2026-01-08 10:00:00,1140,4,158200,157500,153500,2.971,-4248,-0.671,-0.23,1.770,-0.506,0,-0.063,NextDayDeadline,"종가베팅: 등락 +7.1%, 고저범위 92% 위치, VWAP 155,492 위",익일 청산 시각 10:00,7.11,1.74,0.917,266.9,0.275,0.85,1,360,3,5,2.5,1.5,True
042700#45-20260108101600,042700,한미반도체,VWAP눌림,FullAuto,Paper,Backtest,2026-01-08 10:16:00,2026-01-08 10:16:00,2026-01-08 10:22:25,6.4,10,196200,196700.00,195000,0.612,477,0.024,0.04,0.612,-0.510,0,0.000,BreakEven,"VWAP 194,670 재돌파, 직전봉 고가 195,900 돌파","본절 (196,700)",6.46,0.73,0.719,152.8,0.583,0.86,1,76,1.5,4.0,1.5,1.2,False
036930#48-20260108150030,036930,주성엔지니어링,종가베팅,FullAuto,Paper,Backtest,2026-01-08 15:00:30,2026-01-08 15:00:30,2026-01-09 09:01:00,1080.5,18,35050,33850,34000,2.996,-23003,-3.646,-1.22,0.143,-3.424,0,-0.441,StopLoss,"종가베팅: 등락 +13.1%, 고저범위 84% 위치, VWAP 34,635 위","손절 (34,000)",13.06,1.20,0.837,353.8,0.255,1.48,1,360,3,5,2.5,1.5,True
234030#49-20260109090527,234030,싸이닉솔루션,ORB,FullAuto,Paper,Backtest,2026-01-09 09:05:27,2026-01-09 09:05:27,2026-01-09 09:10:15,4.8,117,10980,11179.66,10820,1.457,20358,1.585,1.09,2.732,-0.273,0,-0.044,Trailing,"ORB5 고가 10,970 돌파 (범위 8.6%)","1차 분할 익절 +2.0% / 트레일링 (11,140)",11.36,3.30,1,311.7,2.763,3.14,1,5,1.5,4.0,1.5,1.2,False
103140#51-20260109090627,103140,풍산,ORB,FullAuto,Paper,Backtest,2026-01-09 09:06:27,2026-01-09 09:06:27,2026-01-09 09:13:25,7,5,122700,119200.00,119200,2.852,-18873,-3.076,-1.08,0.244,-2.852,0,0.000,StopLoss,"ORB5 고가 122,500 돌파 (범위 2.7%)","손절 (119,200)",5.96,1.23,1,316.2,1.202,3.50,1,6,1.5,4.0,1.5,1.2,False
347850#47-20260108150000,347850,디앤디파마텍,종가베팅,FullAuto,Paper,Backtest,2026-01-08 15:00:00,2026-01-08 15:00:00,2026-01-09 09:51:27,1131.5,6,108200,104900,105000,2.957,-21249,-3.273,-1.11,1.664,-3.050,0,-0.095,StopLoss,"종가베팅: 등락 +9.3%, 고저범위 91% 위치, VWAP 104,011 위","손절 (105,000)",9.30,3.93,0.91,248.7,0.535,1.21,1,360,3,5,2.5,1.5,True
000880#54-20260109141200,000880,한화,VWAP눌림,FullAuto,Paper,Backtest,2026-01-09 14:12:00,2026-01-09 14:12:00,2026-01-09 14:18:25,6.4,18,109846,109300,109300,0.497,-14353,-0.726,-1.46,0.109,-0.497,0,0,StopLoss,"VWAP 109,625 재돌파, 직전봉 고가 109,800 돌파","손절 (109,300)",4.33,0.20,0.636,232.1,0.360,0.67,2,312,1.5,4.0,1.5,1.2,False
000880#54-20260109142700,000880,한화,VWAP눌림,FullAuto,Paper,Backtest,2026-01-09 14:27:00,2026-01-09 14:27:00,2026-01-09 14:35:30,8.5,18,109706,109005,109100,0.552,-17132,-0.868,-1.57,0.128,-0.639,0,-0.087,StopLoss,"VWAP 109,621 재돌파, 직전봉 고가 109,400 돌파","손절 (109,100)",4.11,-0.01,0.606,231.7,0.289,2.44,2,327,1.5,4.0,1.5,1.2,False
000270#55-20260109150532,000270,기아,종가베팅,FullAuto,Paper,Backtest,2026-01-09 15:05:32,2026-01-09 15:05:32,2026-01-12 09:04:30,3959,4,133300,135550,129300,3.001,7759,1.455,0.48,3.151,-0.750,0,-0.111,Trailing,"종가베팅: 등락 +7.0%, 고저범위 96% 위치, VWAP 129,397 위","1차 분할 익절 +2% / 트레일링 (135,400)",6.98,3.02,0.964,530.5,0.281,0.91,1,366,3,5,2.5,1.5,True
000720#59-20260112090625,000720,현대건설,ORB,FullAuto,Paper,Backtest,2026-01-12 09:06:25,2026-01-12 09:06:25,2026-01-12 09:09:30,3.1,15,81500,82666.67,80300,1.472,14654,1.199,0.81,2.209,-0.491,0,-0.121,Trailing,"ORB5 고가 81,200 돌파 (범위 4.2%)","1차 분할 익절 +2.0% / 트레일링 (82,300)",6.96,1.46,1,236.8,0.982,2.01,1,6,1.5,4.0,1.5,1.2,False
034020#58-20260112090620,034020,두산에너빌리티,ORB,FullAuto,Paper,Backtest,2026-01-12 09:06:20,2026-01-12 09:06:20,2026-01-12 09:10:27,4.1,14,89700,88400,88400,1.449,-21048,-1.676,-1.16,0.780,-1.449,0,0,StopLoss,"ORB5 고가 89,600 돌파 (범위 3.0%)","손절 (88,400)",5.78,1.12,1,481.2,0.780,2.78,1,6,1.5,4.0,1.5,1.2,False
011210#56-20260109150532,011210,현대위아,종가베팅,FullAuto,Paper,Backtest,2026-01-09 15:05:32,2026-01-09 15:05:32,2026-01-12 09:22:27,3976.9,7,92000,89300.00,89300,2.935,-20339,-3.158,-1.08,1.304,-2.935,0,0.000,StopLoss,"종가베팅: 등락 +10.2%, 고저범위 88% 위치, VWAP 87,838 위","손절 (89,300)",10.18,4.74,0.876,229.9,1.110,1.65,1,366,3,5,2.5,1.5,True
042660#61-20260112125300,042660,한화오션,VWAP눌림,FullAuto,Paper,Backtest,2026-01-12 12:53:00,2026-01-12 12:53:00,2026-01-12 13:26:15,33.2,13,144800,145200,143700,0.760,860,0.046,0.06,1.174,-0.414,0,0,BreakEven,"VWAP 143,966 재돌파, 직전봉 고가 144,300 돌파","본절 (145,200)",7.26,0.51,0.743,291.0,0.331,1.59,1,233,1.5,4.0,1.5,1.2,False
101490#64-20260113090510,101490,에스앤에스텍,ORB,FullAuto,Paper,Backtest,2026-01-13 09:05:10,2026-01-13 09:05:10,2026-01-13 09:05:30,0.3,18,69700,68500,68700,1.435,-24438,-1.948,-1.36,0.430,-1.722,0,-0.291,StopLoss,"ORB5 고가 69,600 돌파 (범위 8.6%)","손절 (68,700)",12.97,3.63,1,173.0,2.296,1.03,1,5,1.5,4.0,1.5,1.2,False
307950#65-20260113090522,307950,현대오토에버,ORB,FullAuto,Paper,Backtest,2026-01-13 09:05:22,2026-01-13 09:05:22,2026-01-13 09:07:10,1.8,2,503000,518500,496000,1.392,28621,2.845,2.04,4.175,0,0,-0.193,TakeProfit,"ORB5 고가 501,000 돌파 (범위 3.7%)",1차 분할 익절 +2.0% / 목표 익절 +4.0%,9.35,1.78,1,269.6,1.557,2.50,1,5,1.5,4.0,1.5,1.2,False
000720#62-20260112150000,000720,현대건설,종가베팅,FullAuto,Paper,Backtest,2026-01-12 15:00:00,2026-01-12 15:00:00,2026-01-13 10:00:00,1140,7,89900,88500,87300,2.892,-11225,-1.784,-0.62,1.669,-2.781,0,0,NextDayDeadline,"종가베팅: 등락 +18.0%, 고저범위 81% 위치, VWAP 87,335 위",익일 청산 시각 10:00,17.98,2.94,0.811,256.7,0.540,1.14,1,360,3,5,2.5,1.5,True
373220#63-20260112150422,373220,LG에너지솔루션,종가베팅,FullAuto,Paper,Backtest,2026-01-12 15:04:22,2026-01-12 15:04:22,2026-01-13 10:00:00,1135.6,1,376500,392250,365500,2.922,14852,3.945,1.35,4.515,-0.133,0,0,NextDayDeadline,"종가베팅: 등락 +3.6%, 고저범위 82% 위치, VWAP 375,118 위",익일 청산 시각 10:00,3.58,0.37,0.818,715.6,0.275,1.62,1,364,3,5,2.5,1.5,True
012330#67-20260113114100,012330,현대모비스,VWAP눌림,FullAuto,Paper,Backtest,2026-01-13 11:41:00,2026-01-13 11:41:00,2026-01-13 11:49:25,8.4,4,447000,443500.00,443500,0.783,-18082,-1.011,-1.29,0.224,-0.783,0,0.000,StopLoss,"VWAP 444,714 재돌파, 직전봉 고가 445,000 돌파","손절 (443,500)",12.88,0.51,0.677,255.5,0.439,0.71,1,161,1.5,4.0,1.5,1.2,False
012330#67-20260113115600,012330,현대모비스,VWAP눌림,FullAuto,Paper,Backtest,2026-01-13 11:56:00,2026-01-13 11:56:00,2026-01-13 12:16:00,20,3,445500,443500,440500,1.122,-9060,-0.678,-0.60,0.449,-0.673,0,0,TimeStop,"VWAP 444,694 재돌파, 직전봉 고가 444,000 돌파",타임스탑 20분,12.37,0.07,0.647,254.8,0.401,0.41,1,176,1.5,4.0,1.5,1.2,False
012330#67-20260113124000,012330,현대모비스,VWAP눌림,FullAuto,Paper,Backtest,2026-01-13 12:40:00,2026-01-13 12:40:00,2026-01-13 12:42:27,2.5,4,445000,442500,442500,0.562,-14072,-0.791,-1.41,0.225,-0.562,0,0,StopLoss,"VWAP 444,650 재돌파, 직전봉 고가 444,000 돌파","손절 (442,500)",12.37,0.08,0.647,259.6,0.249,1.35,1,220,1.5,4.0,1.5,1.2,False
042660#70-20260113150000,042660,한화오션,종가베팅,FullAuto,Paper,Backtest,2026-01-13 15:00:00,2026-01-13 15:00:00,2026-01-14 09:04:30,1084.5,4,149400,145000,145000,2.945,-18936,-3.169,-1.08,0.335,-2.945,0,0,StopLoss,"종가베팅: 등락 +3.8%, 고저범위 93% 위치, VWAP 147,698 위","손절 (145,000)",3.82,1.15,0.932,744.5,0.175,0.47,1,360,3,5,2.5,1.5,True
066570#72-20260114090522,066570,LG전자,ORB,FullAuto,Paper,Backtest,2026-01-14 09:05:22,2026-01-14 09:05:22,2026-01-14 09:06:27,1.1,13,96700,95300.00,95300,1.448,-21050,-1.674,-1.16,0.517,-1.448,0,0.000,StopLoss,"ORB5 고가 96,500 돌파 (범위 5.5%)","손절 (95,300)",6.50,1.53,1,401.1,1.379,1.80,1,5,1.5,4.0,1.5,1.2,False
000990#73-20260114090525,000990,DB하이텍,ORB,FullAuto,Paper,Backtest,2026-01-14 09:05:25,2026-01-14 09:05:25,2026-01-14 09:06:30,1.1,15,81200,83706.67,80000,1.478,34720,2.851,1.93,4.187,0,0,-0.119,TakeProfit,"ORB5 고가 81,000 돌파 (범위 5.2%)",1차 분할 익절 +2.0% / 목표 익절 +4.0%,6.28,1.92,1,610.2,1.396,2.23,1,5,1.5,4.0,1.5,1.2,False
042700#71-20260114090627,042700,한미반도체,ORB,FullAuto,Paper,Backtest,2026-01-14 09:06:27,2026-01-14 09:06:27,2026-01-14 09:07:25,1,7,185500,182600,182800,1.456,-23241,-1.790,-1.23,0.216,-1.563,0,-0.109,StopLoss,"ORB5 고가 185,300 돌파 (범위 4.7%)","손절 (182,800)",7.04,1.67,1,199.8,1.550,2.30,1,6,1.5,4.0,1.5,1.2,False
030530#69-20260113150000,030530,원익홀딩스,종가베팅,FullAuto,Paper,Backtest,2026-01-13 15:00:00,2026-01-13 15:00:00,2026-01-14 09:09:25,1089.4,15,43000,41750,41750,2.907,-20191,-3.130,-1.08,1.395,-2.907,0,0,StopLoss,"종가베팅: 등락 +9.6%, 고저범위 95% 위치, VWAP 41,807 위","손절 (41,750)",9.55,2.85,0.947,550.5,0.332,0.75,1,360,3,5,2.5,1.5,True
388210#74-20260114150000,388210,씨엠티엑스,종가베팅,FullAuto,Paper,Backtest,2026-01-14 15:00:00,2026-01-14 15:00:00,2026-01-15 09:01:00,1081,5,114800,111000,111400,2.962,-20279,-3.533,-1.19,0.087,-3.310,0,-0.359,StopLoss,"종가베팅: 등락 +13.7%, 고저범위 85% 위치, VWAP 111,605 위","손절 (111,400)",13.68,2.77,0.85,228.1,0.374,0.72,1,360,3,5,2.5,1.5,True
000880#76-20260115090625,000880,한화,ORB,FullAuto,Paper,Backtest,2026-01-15 09:06:25,2026-01-15 09:06:25,2026-01-15 09:10:12,3.8,5,157900,154100,154100,2.407,-20774,-2.631,-1.09,0.760,-2.407,0,0,StopLoss,"ORB5 고가 157,746 돌파 (범위 2.3%)","손절 (154,100)",4.97,1.08,1,170.8,1.238,3.76,1,6,1.5,4.0,1.5,1.2,False
000880#76-20260115092930,000880,한화,ORB,FullAuto,Paper,Backtest,2026-01-15 09:29:30,2026-01-15 09:29:30,2026-01-15 09:31:30,2,4,158106,160396.5,154100,2.534,7691,1.216,0.48,2.126,-0.194,0,-0.054,Trailing,"ORB5 고가 157,746 돌파 (범위 2.3%)","1차 분할 익절 +2.0% / 트레일링 (159,500)",5.11,1.45,0.839,129.3,0.586,3.37,2,30,1.5,4.0,1.5,1.2,False
007660#78-20260115090730,007660,이수페타시스,ORB,FullAuto,Paper,Backtest,2026-01-15 09:07:30,2026-01-15 09:07:30,2026-01-15 10:17:27,70,10,121600,119800,119800,1.480,-20757,-1.707,-1.15,1.151,-1.480,0,0,StopLoss,"ORB5 고가 121,400 돌파 (범위 3.5%)","손절 (119,800)",4.56,1.28,1,572.7,1.053,1.98,1,8,1.5,4.0,1.5,1.2,False
000720#81-20260115150000,000720,현대건설,종가베팅,FullAuto,Paper,Backtest,2026-01-15 15:00:00,2026-01-15 15:00:00,2026-01-16 09:05:22,1085.4,6,98900,100600.0,96000,2.932,8816,1.486,0.51,3.236,-0.101,0,-0.149,Trailing,"종가베팅: 등락 +5.1%, 고저범위 98% 위치, VWAP 96,504 위","1차 분할 익절 +2% / 트레일링 (100,500)",5.10,2.48,0.984,449.9,0.238,0.43,1,360,3,5,2.5,1.5,True
022100#86-20260116093627,022100,포스코DX,ORB,FullAuto,Paper,Backtest,2026-01-16 09:36:27,2026-01-16 09:36:27,2026-01-16 09:42:22,5.9,30,42450,41800.0,41850,1.413,-22387,-1.758,-1.24,0.353,-1.531,0,-0.119,StopLoss,"ORB5 고가 42,350 돌파 (범위 3.8%)","손절 (41,850)",9.83,1.88,0.95,221.6,0.984,2.92,1,36,1.5,4.0,1.5,1.2,False
200880#85-20260116094420,200880,서연이화,ORB,FullAuto,Paper,Backtest,2026-01-16 09:44:20,2026-01-16 09:44:20,2026-01-16 09:47:27,3.1,78,16300,16600,16060,1.472,20429,1.607,1.09,2.945,0,0,-0.090,Trailing,"ORB5 고가 16,290 돌파 (범위 4.5%)","1차 분할 익절 +2.0% / 트레일링 (16,570)",15.60,2.27,1,157.7,0.841,17.87,1,44,1.5,4.0,1.5,1.2,False
022100#86-20260116095430,022100,포스코DX,ORB,FullAuto,Paper,Backtest,2026-01-16 09:54:30,2026-01-16 09:54:30,2026-01-16 09:58:30,4,30,42400,41800,41800,1.415,-20886,-1.642,-1.16,0,-1.415,0,0,StopLoss,"ORB5 고가 42,350 돌파 (범위 3.8%)","손절 (41,800)",9.70,1.60,0.902,222.1,0.691,2.42,1,54,1.5,4.0,1.5,1.2,False
005930#82-20260115150000,005930,삼성전자,종가베팅,FullAuto,Paper,Backtest,2026-01-15 15:00:00,2026-01-15 15:00:00,2026-01-16 10:00:00,1140,4,143800,146875,139500,2.990,10953,1.904,0.64,2.573,-0.348,0,-0.068,NextDayDeadline,"종가베팅: 등락 +3.1%, 고저범위 96% 위치, VWAP 141,223 위",1차 분할 익절 +2% / 익일 청산 시각 10:00,3.08,1.82,0.965,600.5,0.154,1.80,1,360,3,5,2.5,1.5,True
052690#87-20260116113022,052690,한전기술,ORB,FullAuto,Paper,Backtest,2026-01-16 11:30:22,2026-01-16 11:30:22,2026-01-16 11:48:30,18.1,10,122600,126250,120800,1.468,33605,2.741,1.87,4.078,-0.082,0,-0.079,TakeProfit,"ORB5 고가 122,500 돌파 (범위 7.1%)",1차 분할 익절 +2.0% / 목표 익절 +4.0%,7.54,0.01,0.562,184.0,0.507,5.16,1,150,1.5,4.0,1.5,1.2,False
101330#89-20260116134700,101330,모베이스,VWAP눌림,FullAuto,Paper,Backtest,2026-01-16 13:47:00,2026-01-16 13:47:00,2026-01-16 13:48:27,1.5,162,7960,7840,7850,1.382,-22363,-1.734,-1.25,1.131,-1.508,0,-0.127,StopLoss,"VWAP 7,821 재돌파, 직전봉 고가 7,830 돌파","손절 (7,850)",6.42,1.78,0.605,169.9,1.427,1.08,1,287,1.5,4.0,1.5,1.2,False
101330#89-20260116140200,101330,모베이스,VWAP눌림,FullAuto,Paper,Backtest,2026-01-16 14:02:00,2026-01-16 14:02:00,2026-01-16 14:06:25,4.4,122,7910,7750,7760,1.896,-21696,-2.248,-1.19,1.264,-2.023,0,-0.129,StopLoss,"VWAP 7,811 재돌파, 직전봉 고가 7,860 돌파","손절 (7,760)",5.75,1.27,0.589,166.4,2.908,0.40,1,302,1.5,4.0,1.5,1.2,False
032820#94-20260116150000,032820,우리기술,종가베팅,FullAuto,Paper,Backtest,2026-01-16 15:00:00,2026-01-16 15:00:00,2026-01-19 09:03:00,3963,134,4745,5610,4605,2.950,114200,17.961,6.09,18.230,-1.159,0,0,TakeProfit,"종가베팅: 등락 +17.6%, 고저범위 78% 위치, VWAP 4,592 위",목표 익절 +5%,17.60,3.32,0.777,232.4,0.941,0.75,1,360,3,5,2.5,1.5,True
454910#95-20260119090620,454910,두산로보틱스,ORB,FullAuto,Paper,Backtest,2026-01-19 09:06:20,2026-01-19 09:06:20,2026-01-19 09:07:25,1.1,12,100600,100900,99100,1.491,817,0.068,0.05,1.789,0,0,-0.198,Trailing,"ORB5 고가 100,300 돌파 (범위 7.2%)","트레일링 (101,100)",11.28,3.11,1,378.3,2.212,2.46,1,6,1.5,4.0,1.5,1.2,False
005380#96-20260119090520,005380,현대차,ORB,FullAuto,Paper,Backtest,2026-01-19 09:05:20,2026-01-19 09:05:20,2026-01-19 09:08:30,3.2,2,439500,441000,433000,1.479,973,0.111,0.07,1.479,-0.341,0,0,BreakEven,"ORB5 고가 439,000 돌파 (범위 4.6%)","본절 (441,000)",5.65,1.92,1,957.5,1.100,1.77,1,5,1.5,4.0,1.5,1.2,False
456160#97-20260119090720,456160,지투지바이오,ORB,FullAuto,Paper,Backtest,2026-01-19 09:07:20,2026-01-19 09:07:20,2026-01-19 09:09:30,2.2,15,86500,86900,85300,1.387,3004,0.232,0.17,1.734,0,0,0,Trailing,"ORB5 고가 86,300 돌파 (범위 4.6%)","트레일링 (86,900)",4.22,1.76,1,192.7,2.266,5.03,1,7,1.5,4.0,1.5,1.2,False
005380#99-20260119150000,005380,현대차,종가베팅,FullAuto,Paper,Backtest,2026-01-19 15:00:00,2026-01-19 15:00:00,2026-01-20 09:01:30,1081.5,1,476000,490000,462000,2.941,12876,2.705,0.92,4.727,-0.105,0,-0.204,Trailing,"종가베팅: 등락 +14.4%, 고저범위 84% 위치, VWAP 460,332 위","트레일링 (491,000)",14.42,3.40,0.837,353.3,0.270,0.95,1,360,3,5,2.5,1.5,True
454910#98-20260119150000,454910,두산로보틱스,종가베팅,FullAuto,Paper,Backtest,2026-01-19 15:00:00,2026-01-19 15:00:00,2026-01-20 09:03:00,1083,5,107100,123100,103900,2.988,78597,14.677,4.91,14.939,-0.093,0,0,TakeProfit,"종가베팅: 등락 +18.5%, 고저범위 78% 위치, VWAP 106,237 위",목표 익절 +5%,18.47,0.81,0.780,243.4,0.347,0.97,1,360,3,5,2.5,1.5,True
022100#101-20260120090530,022100,포스코DX,ORB,FullAuto,Paper,Backtest,2026-01-20 09:05:30,2026-01-20 09:05:30,2026-01-20 09:06:22,0.9,28,44900,44150.0,44250,1.448,-23845,-1.897,-1.31,0,-1.670,0,-0.226,StopLoss,"ORB5 고가 44,850 돌파 (범위 2.9%)","손절 (44,250)",3.94,1.28,1,255.2,1.819,1.33,1,6,1.5,4.0,1.5,1.2,False
457190#100-20260120090527,457190,이수스페셜티케미컬,ORB,FullAuto,Paper,Backtest,2026-01-20 09:05:27,2026-01-20 09:05:27,2026-01-20 09:06:42,1.2,15,84200,84400,83000,1.425,90,0.007,0.00,1.544,-0.950,0,0,BreakEven,"ORB5 고가 84,000 돌파 (범위 6.3%)","본절 (84,400)",7.67,2.70,1,160.4,3.009,1.82,1,5,1.5,4.0,1.5,1.2,False
052690#103-20260120103000,052690,한전기술,VWAP눌림,FullAuto,Paper,Backtest,2026-01-20 10:30:00,2026-01-20 10:30:00,2026-01-20 10:53:30,23.5,14,139100,143250,137900,0.863,53499,2.747,3.18,4.098,-0.144,0,-0.070,TakeProfit,"VWAP 138,402 재돌파, 직전봉 고가 138,700 돌파",1차 분할 익절 +2.0% / 목표 익절 +4.0%,4.74,0.50,0.613,376.3,0.508,1.23,1,90,1.5,4.0,1.5,1.2,False
457190#100-20260120110027,457190,이수스페셜티케미컬,ORB,FullAuto,Paper,Backtest,2026-01-20 11:00:27,2026-01-20 11:00:27,2026-01-20 11:11:25,11,15,84100,82900,82900,1.427,-20862,-1.654,-1.16,0.713,-1.427,0,0,StopLoss,"ORB5 고가 84,000 돌파 (범위 6.3%)","손절 (82,900)",7.54,0.03,0.5,166.4,0.365,4.33,1,120,1.5,4.0,1.5,1.2,False
006910#107-20260121091120,006910,보성파워텍,ORB,FullAuto,Paper,Backtest,2026-01-21 09:11:20,2026-01-21 09:11:20,2026-01-21 09:12:27,1.1,142,8870,8740,8740,1.466,-21316,-1.692,-1.15,1.353,-1.466,0,0,StopLoss,"ORB5 고가 8,850 돌파 (범위 6.6%)","손절 (8,740)",13.72,2.51,0.934,151.7,2.405,1.41,1,11,1.5,4.0,1.5,1.2,False
257720#108-20260121090630,257720,실리콘투,ORB,FullAuto,Paper,Backtest,2026-01-21 09:06:30,2026-01-21 09:06:30,2026-01-21 09:13:42,7.2,28,45500,46425,44850,1.429,22917,1.799,1.26,3.297,-0.989,0,-0.054,Trailing,"ORB5 고가 45,450 돌파 (범위 5.7%)","1차 분할 익절 +2.0% / 트레일링 (46,400)",5.45,1.45,1,272.1,1.676,1.63,1,6,1.5,4.0,1.5,1.2,False
005490#104-20260120150017,005490,POSCO홀딩스,종가베팅,FullAuto,Paper,Backtest,2026-01-20 15:00:17,2026-01-20 15:00:17,2026-01-21 09:16:27,1096.2,1,357000,346500,346500,2.941,-11297,-3.164,-1.08,0.980,-2.941,0,0,StopLoss,"종가베팅: 등락 +3.3%, 고저범위 96% 위치, VWAP 352,361 위","손절 (346,500)",3.33,1.32,0.958,300,0.230,2.09,1,360,3,5,2.5,1.5,True
032820#106-20260121091425,032820,우리기술,ORB,FullAuto,Paper,Backtest,2026-01-21 09:14:25,2026-01-21 09:14:25,2026-01-21 09:17:15,2.8,132,9430,9290,9290,1.485,-21301,-1.711,-1.15,0.318,-1.485,0,0,StopLoss,"ORB5 고가 9,420 돌파 (범위 9.7%)","손절 (9,290)",18.17,3.17,0.955,211.9,2.563,1.23,1,14,1.5,4.0,1.5,1.2,False
006910#107-20260121091822,006910,보성파워텍,ORB,FullAuto,Paper,Backtest,2026-01-21 09:18:22,2026-01-21 09:18:22,2026-01-21 09:19:15,0.9,142,8880,8910,8750,1.464,1352,0.107,0.07,1.464,0,0,0,BreakEven,"ORB5 고가 8,850 돌파 (범위 6.6%)","본절 (8,910)",13.85,1.98,0.829,164.0,2.011,1.78,1,18,1.5,4.0,1.5,1.2,False
032820#106-20260121095025,032820,우리기술,ORB,FullAuto,Paper,Backtest,2026-01-21 09:50:25,2026-01-21 09:50:25,2026-01-21 09:53:20,2.9,132,9430,9290,9290,1.485,-21301,-1.711,-1.15,0.742,-1.485,0,0,StopLoss,"ORB5 고가 9,420 돌파 (범위 9.7%)","손절 (9,290)",18.17,0.32,0.604,204.6,0.750,2.78,1,50,1.5,4.0,1.5,1.2,False
006910#107-20260121095040,006910,보성파워텍,ORB,FullAuto,Paper,Backtest,2026-01-21 09:50:40,2026-01-21 09:50:40,2026-01-21 09:54:20,3.7,142,8860,8720,8730,1.467,-22729,-1.807,-1.23,0.451,-1.580,0,-0.115,StopLoss,"ORB5 고가 8,850 돌파 (범위 6.6%)","손절 (8,730)",13.59,0.12,0.566,169.2,0.903,2.19,1,51,1.5,4.0,1.5,1.2,False
015760#105-20260120150417,015760,한국전력,종가베팅,FullAuto,Paper,Backtest,2026-01-20 15:04:17,2026-01-20 15:04:17,2026-01-21 09:55:27,1131.2,9,66700,67666.67,64700,2.999,7302,1.216,0.41,2.699,-2.699,0,-0.065,Trailing,"종가베팅: 등락 +18.7%, 고저범위 95% 위치, VWAP 62,808 위","1차 분할 익절 +2% / 트레일링 (67,400)",18.68,6.20,0.948,300,0.471,1.27,1,364,3,5,2.5,1.5,True
257720#108-20260121100415,257720,실리콘투,ORB,FullAuto,Paper,Backtest,2026-01-21 10:04:15,2026-01-21 10:04:15,2026-01-21 10:24:15,20,28,45500,44950,44850,1.429,-18296,-1.436,-1.01,0,-1.099,0,-0.111,TimeStop,"ORB5 고가 45,450 돌파 (범위 5.7%)",타임스탑 20분,5.45,0.06,0.625,224.7,0.463,1.65,1,64,1.5,4.0,1.5,1.2,False
015760#111-20260121110600,015760,한국전력,VWAP눌림,FullAuto,Paper,Backtest,2026-01-21 11:06:00,2026-01-21 11:06:00,2026-01-21 11:23:30,17.5,24,67900,68750,67200,1.031,16611,1.019,0.99,2.062,-0.295,0,-0.145,Trailing,"VWAP 67,385 재돌파, 직전봉 고가 67,700 돌파","1차 분할 익절 +2.0% / 트레일링 (68,400)",3.04,0.62,0.630,286.8,0.485,0.96,1,126,1.5,4.0,1.5,1.2,False
015760#111-20260121113000,015760,한국전력,VWAP눌림,FullAuto,Paper,Backtest,2026-01-21 11:30:00,2026-01-21 11:30:00,2026-01-21 11:35:27,5.5,29,67900,67400,67400,0.736,-18997,-0.965,-1.31,0.295,-0.736,0,0,StopLoss,"VWAP 67,476 재돌파, 직전봉 고가 67,800 돌파","손절 (67,400)",3.19,0.63,0.652,293.1,0.626,0.87,1,150,1.5,4.0,1.5,1.2,False
056080#113-20260121113800,056080,유진로봇,VWAP눌림,FullAuto,Paper,Backtest,2026-01-21 11:38:00,2026-01-21 11:38:00,2026-01-21 11:39:25,1.4,36,34950,35400,34450,1.431,13273,1.055,0.74,2.146,-0.143,0,-0.141,Trailing,"VWAP 34,643 재돌파, 직전봉 고가 34,600 돌파","1차 분할 익절 +2.0% / 트레일링 (35,250)",11.31,0.89,0.703,189.4,1.543,1.64,1,158,1.5,4.0,1.5,1.2,False
015760#111-20260121114400,015760,한국전력,VWAP눌림,FullAuto,Paper,Backtest,2026-01-21 11:44:00,2026-01-21 11:44:00,2026-01-21 12:04:00,20,19,68300,68500,67400,1.318,808,0.062,0.05,0.293,-0.732,0,0,TimeStop,"VWAP 67,486 재돌파, 직전봉 고가 67,900 돌파",타임스탑 20분,3.65,1.06,0.717,295.7,0.471,1.89,1,164,1.5,4.0,1.5,1.2,False
012330#114-20260121120700,012330,현대모비스,VWAP눌림,FullAuto,Paper,Backtest,2026-01-21 12:07:00,2026-01-21 12:07:00,2026-01-21 12:20:30,13.5,4,470750,472000,468000,0.584,659,0.035,0.06,0.584,-0.372,0,0,BreakEven,"VWAP 468,901 재돌파, 직전봉 고가 470,000 돌파","본절 (472,000)",6.75,0.29,0.633,268.2,0.334,0.38,2,187,1.5,4.0,1.5,1.2,False
257720#108-20260121115630,257720,실리콘투,ORB,FullAuto,Paper,Backtest,2026-01-21 11:56:30,2026-01-21 11:56:30,2026-01-21 12:31:30,35,28,45500,46875,44850,1.429,35490,2.786,1.95,4.176,-0.330,0,-0.107,TakeProfit,"ORB5 고가 45,450 돌파 (범위 5.7%)",1차 분할 익절 +2.0% / 목표 익절 +4.0%,5.45,0.26,0.625,255.6,0.369,2.04,1,176,1.5,4.0,1.5,1.2,False
056080#113-20260121115100,056080,유진로봇,VWAP눌림,FullAuto,Paper,Backtest,2026-01-21 11:51:00,2026-01-21 11:51:00,2026-01-21 12:49:15,58.2,23,35150,35693.48,34350,2.276,10617,1.313,0.58,2.418,-0.284,0,-0.067,Trailing,"VWAP 34,662 재돌파, 직전봉 고가 35,050 돌파","1차 분할 익절 +2.0% / 트레일링 (35,550)",11.94,1.41,0.721,196.8,1.382,1.51,1,171,1.5,4.0,1.5,1.2,False
012330#114-20260121130100,012330,현대모비스,VWAP눌림,FullAuto,Paper,Backtest,2026-01-21 13:01:00,2026-01-21 13:01:00,2026-01-21 13:03:27,2.5,4,472500,474000,470000,0.529,1641,0.087,0.16,0.847,-0.212,0,0,BreakEven,"VWAP 469,252 재돌파, 직전봉 고가 471,500 돌파","본절 (474,000)",7.26,0.69,0.673,278.6,0.314,1.39,1,241,1.5,4.0,1.5,1.2,False
056080#113-20260121140700,056080,유진로봇,VWAP눌림,FullAuto,Paper,Backtest,2026-01-21 14:07:00,2026-01-21 14:07:00,2026-01-21 14:11:30,4.5,36,35100,34600,34600,1.425,-20866,-1.651,-1.16,0.285,-1.425,0,0,StopLoss,"VWAP 34,809 재돌파, 직전봉 고가 34,950 돌파","손절 (34,600)",11.78,0.84,0.716,248.2,0.651,1.18,1,307,1.5,4.0,1.5,1.2,False
215100#121-20260122090520,215100,로보로보,ORB,FullAuto,Paper,Backtest,2026-01-22 09:05:20,2026-01-22 09:05:20,2026-01-22 09:06:05,0.8,90,14270,14555.00,14060,1.472,22644,1.763,1.20,2.663,0,0,-0.034,Trailing,"ORB5 고가 14,250 돌파 (범위 5.6%)","1차 분할 익절 +2.0% / 트레일링 (14,470)",21.24,2.51,1,180.4,3.434,1.36,1,5,1.5,4.0,1.5,1.2,False
005930#120-20260121150000,005930,삼성전자,종가베팅,FullAuto,Paper,Backtest,2026-01-21 15:00:00,2026-01-21 15:00:00,2026-01-22 09:09:30,1089.5,4,149200,155850,144800,2.949,25173,4.218,1.43,5.094,-0.134,0,-0.032,TakeProfit,"종가베팅: 등락 +4.6%, 고저범위 91% 위치, VWAP 147,477 위",1차 분할 익절 +2% / 목표 익절 +5%,4.63,1.10,0.912,603.7,0.129,0.80,1,360,3,5,2.5,1.5,True
066570#119-20260121150000,066570,LG전자,종가베팅,FullAuto,Paper,Backtest,2026-01-21 15:00:00,2026-01-21 15:00:00,2026-01-22 09:25:27,1105.5,6,109700,106500,106500,2.917,-20671,-3.141,-1.08,1.732,-2.917,0,0,StopLoss,"종가베팅: 등락 +7.8%, 고저범위 91% 위치, VWAP 105,507 위","손절 (106,500)",7.76,3.97,0.913,393.4,0.589,0.83,1,360,3,5,2.5,1.5,True
114190#126-20260122123800,114190,강원에너지,VWAP눌림,FullAuto,Paper,Backtest,2026-01-22 12:38:00,2026-01-22 12:38:00,2026-01-22 12:45:30,7.5,99,16000,15800,15810,1.188,-23399,-1.477,-1.24,0.312,-1.250,0,-0.063,StopLoss,"VWAP 15,774 재돌파, 직전봉 고가 15,890 돌파","손절 (15,810)",15.86,1.44,0.723,163.3,0.536,1.13,1,218,1.5,4.0,1.5,1.2,False
114190#126-20260122125200,114190,강원에너지,VWAP눌림,FullAuto,Paper,Backtest,2026-01-22 12:52:00,2026-01-22 12:52:00,2026-01-22 12:55:27,3.5,126,15800,15830,15670,0.823,-806,-0.040,-0.05,1.266,-0.063,0,-0.063,BreakEven,"VWAP 15,775 재돌파, 직전봉 고가 15,760 돌파","본절 (15,840)",14.41,0.16,0.659,159.1,0.511,0.52,1,232,1.5,4.0,1.5,1.2,False
114190#126-20260122130200,114190,강원에너지,VWAP눌림,FullAuto,Paper,Backtest,2026-01-22 13:02:00,2026-01-22 13:02:00,2026-01-22 13:05:30,3.5,99,15820,15610,15630,1.201,-24345,-1.554,-1.29,0.063,-1.327,0,-0.128,StopLoss,"VWAP 15,775 재돌파, 직전봉 고가 15,730 돌파","손절 (15,630)",14.48,0.22,0.662,162.0,0.642,0.60,1,242,1.5,4.0,1.5,1.2,False
298830#127-20260122134400,298830,슈어소프트테크,VWAP눌림,FullAuto,Paper,Backtest,2026-01-22 13:44:00,2026-01-22 13:44:00,2026-01-22 13:48:15,4.2,165,9950,9840,9840,1.106,-21886,-1.333,-1.21,0,-1.106,0,0,StopLoss,"VWAP 9,867 재돌파, 직전봉 고가 9,920 돌파","손절 (9,840)",16.80,0.74,0.569,178.0,0.733,1.39,1,284,1.5,4.0,1.5,1.2,False
215100#121-20260122141925,215100,로보로보,ORB,FullAuto,Paper,Backtest,2026-01-22 14:19:25,2026-01-22 14:19:25,2026-01-22 14:23:25,4,90,14280,14070,14070,1.471,-21813,-1.697,-1.15,0.420,-1.471,0,0,StopLoss,"ORB5 고가 14,250 돌파 (범위 5.6%)","손절 (14,070)",21.33,1.04,0.617,153.1,1.761,1.24,1,319,1.5,4.0,1.5,1.2,False
005490#130-20260123090510,005490,POSCO홀딩스,ORB,FullAuto,Paper,Backtest,2026-01-23 09:05:10,2026-01-23 09:05:10,2026-01-23 09:05:30,0.3,3,389500,384000,384000,1.412,-19151,-1.639,-1.16,0.128,-1.412,0,0,StopLoss,"ORB5 고가 389,000 돌파 (범위 6.0%)","손절 (384,000)",7.75,2.49,1,236.5,2.225,1.33,1,5,1.5,4.0,1.5,1.2,False
000250#131-20260123090527,000250,삼천당제약,ORB,FullAuto,Paper,Backtest,2026-01-23 09:05:27,2026-01-23 09:05:27,2026-01-23 09:06:20,0.9,3,347000,347500.00,342000,1.441,-897,-0.086,-0.06,1.729,-0.144,0,-0.287,Trailing,"ORB5 고가 346,000 돌파 (범위 7.5%)","트레일링 (348,500)",12.30,2.92,1,207.3,2.402,2.16,1,5,1.5,4.0,1.5,1.2,False
066970#129-20260122150000,066970,엘앤에프,종가베팅,FullAuto,Paper,Backtest,2026-01-22 15:00:00,2026-01-22 15:00:00,2026-01-23 09:10:30,1090.5,5,126600,122600,122800,3.002,-21411,-3.382,-1.13,1.422,-3.160,0,-0.163,StopLoss,"종가베팅: 등락 +13.0%, 고저범위 97% 위치, VWAP 122,059 위","손절 (122,800)",13.05,3.64,0.966,325.6,0.401,0.78,1,360,3,5,2.5,1.5,True
064260#132-20260123090727,064260,다날,ORB,FullAuto,Paper,Backtest,2026-01-23 09:07:27,2026-01-23 09:07:27,2026-01-23 09:13:25,6,179,7310,7210,7210,1.368,-20870,-1.595,-1.17,0.958,-1.368,0,0,StopLoss,"ORB5 고가 7,300 돌파 (범위 5.6%)","손절 (7,210)",6.72,1.96,1,288.3,1.724,1.92,1,7,1.5,4.0,1.5,1.2,False
007660#128-20260122150000,007660,이수페타시스,종가베팅,FullAuto,Paper,Backtest,2026-01-22 15:00:00,2026-01-22 15:00:00,2026-01-23 09:58:20,1138.3,5,113600,116340,110200,2.993,12366,2.177,0.73,4.313,-1.408,0,-0.035,Trailing,"종가베팅: 등락 +5.1%, 고저범위 91% 위치, VWAP 110,173 위","1차 분할 익절 +2% / 트레일링 (116,700)",5.09,3.02,0.905,273.8,0.456,0.47,1,360,3,5,2.5,1.5,True
000250#131-20260123105225,000250,삼천당제약,ORB,FullAuto,Paper,Backtest,2026-01-23 10:52:25,2026-01-23 10:52:25,2026-01-23 11:00:15,7.8,3,346500,347500,341500,1.443,604,0.058,0.04,1.587,-0.866,0,0,BreakEven,"ORB5 고가 346,000 돌파 (범위 7.5%)","본절 (347,500)",12.14,3.74,0.829,204.6,0.732,4.16,1,112,1.5,4.0,1.5,1.2,False
006800#133-20260123150000,006800,미래에셋증권,종가베팅,FullAuto,Paper,Backtest,2026-01-23 15:00:00,2026-01-23 15:00:00,2026-01-26 09:01:00,3961,18,34850,33555,33850,2.869,-24701,-3.938,-1.37,0.999,-3.716,0,-0.871,StopLoss,"종가베팅: 등락 +15.7%, 고저범위 88% 위치, VWAP 33,359 위","손절 (33,850)",15.73,4.32,0.876,208.3,0.617,1.54,1,360,3,5,2.5,1.5,True
007660#134-20260123150000,007660,이수페타시스,종가베팅,FullAuto,Paper,Backtest,2026-01-23 15:00:00,2026-01-23 15:00:00,2026-01-26 09:02:12,3962.2,5,119900,116300,116400,2.919,-19339,-3.226,-1.11,0.083,-3.003,0,-0.086,StopLoss,"종가베팅: 등락 +5.9%, 고저범위 90% 위치, VWAP 117,816 위","손절 (116,400)",5.92,1.77,0.898,380.2,0.197,0.76,1,360,3,5,2.5,1.5,True
247540#137-20260126090507,247540,에코프로비엠,ORB,FullAuto,Paper,Backtest,2026-01-26 09:05:07,2026-01-26 09:05:07,2026-01-26 09:06:27,1.3,7,180600,177500,177900,1.495,-24560,-1.943,-1.30,0.120,-1.717,0,-0.225,StopLoss,"ORB5 고가 180,521 돌파 (범위 3.0%)","손절 (177,900)",5.94,1.44,1,206.6,1.235,1.24,1,5,1.5,4.0,1.5,1.2,False
032820#135-20260126090522,032820,우리기술,ORB,FullAuto,Paper,Backtest,2026-01-26 09:05:22,2026-01-26 09:05:22,2026-01-26 09:08:20,3,163,7760,7770,7650,1.418,-1281,-0.101,-0.07,1.675,0,0,-0.257,Trailing,"ORB5 고가 7,730 돌파 (범위 7.8%)","트레일링 (7,790)",9.45,2.55,1,221.9,1.246,1.22,1,5,1.5,4.0,1.5,1.2,False
032820#135-20260126095142,032820,우리기술,ORB,FullAuto,Paper,Backtest,2026-01-26 09:51:42,2026-01-26 09:51:42,2026-01-26 09:55:25,3.7,163,7740,7760.00,7630,1.421,353,0.028,0.02,1.421,0,0,0.000,BreakEven,"ORB5 고가 7,730 돌파 (범위 7.8%)","본절 (7,760)",9.17,0.22,0.626,230.3,1.172,1.64,1,52,1.5,4.0,1.5,1.2,False
032820#135-20260126101225,032820,우리기술,ORB,FullAuto,Paper,Backtest,2026-01-26 10:12:25,2026-01-26 10:12:25,2026-01-26 10:24:30,12.1,163,7750,7770,7640,1.419,349,0.028,0.02,1.419,-0.258,0,0,BreakEven,"ORB5 고가 7,730 돌파 (범위 7.8%)","본절 (7,770)",9.31,0.38,0.637,231.1,0.498,4.43,1,72,1.5,4.0,1.5,1.2,False
064260#139-20260126102000,064260,다날,VWAP눌림,FullAuto,Paper,Backtest,2026-01-26 10:20:00,2026-01-26 10:20:00,2026-01-26 10:27:27,7.5,140,9680,9730,9550,1.343,3869,0.285,0.21,1.860,-0.103,0,-0.103,Trailing,"VWAP 9,633 재돌파, 직전봉 고가 9,640 돌파","트레일링 (9,740)",8.76,0.48,0.519,226.9,1.092,0.97,1,80,1.5,4.0,1.5,1.2,False
064260#139-20260126104000,064260,다날,VWAP눌림,FullAuto,Paper,Backtest,2026-01-26 10:40:00,2026-01-26 10:40:00,2026-01-26 10:42:30,2.5,178,9680,9580,9580,1.033,-21723,-1.261,-1.22,0.310,-1.033,0,0,StopLoss,"VWAP 9,644 재돌파, 직전봉 고가 9,620 돌파","손절 (9,580)",8.65,0.27,0.510,216.6,1.005,1.53,1,100,1.5,4.0,1.5,1.2,False
064260#139-20260126105800,064260,다날,VWAP눌림,FullAuto,Paper,Backtest,2026-01-26 10:58:00,2026-01-26 10:58:00,2026-01-26 11:04:00,6,93,9690,10016.24,9490,2.064,28205,3.130,1.52,4.644,-0.722,0,-0.100,TakeProfit,"VWAP 9,637 재돌파, 직전봉 고가 9,580 돌파",1차 분할 익절 +2.0% / 목표 익절 +4.0%,8.76,0.45,0.519,208.2,0.790,1.66,1,118,1.5,4.0,1.5,1.2,False
058470#147-20260126150000,058470,리노공업,종가베팅,FullAuto,Paper,Backtest,2026-01-26 15:00:00,2026-01-26 15:00:00,2026-01-27 09:06:20,1086.3,8,75200,77800,73000,2.926,19373,3.220,1.10,5.053,-0.399,0,-0.128,TakeProfit,"종가베팅: 등락 +9.0%, 고저범위 83% 위치, VWAP 73,787 위",1차 분할 익절 +2% / 목표 익절 +5%,8.99,1.92,0.833,357.0,0.361,0.85,1,360,3,5,2.5,1.5,True
347850#148-20260126150000,347850,디앤디파마텍,종가베팅,FullAuto,Paper,Backtest,2026-01-26 15:00:00,2026-01-26 15:00:00,2026-01-27 09:09:20,1089.3,6,96900,98350,94000,2.993,7347,1.264,0.42,3.096,-2.167,0,-0.305,Trailing,"종가베팅: 등락 +12.9%, 고저범위 95% 위치, VWAP 94,119 위","1차 분할 익절 +2% / 트레일링 (98,400)",12.94,2.95,0.945,1378.9,0.229,2.06,1,360,3,5,2.5,1.5,True
388720#149-20260127090727,388720,유일로보틱스,ORB,FullAuto,Paper,Backtest,2026-01-27 09:07:27,2026-01-27 09:07:27,2026-01-27 09:10:22,2.9,8,145100,146100,143000,1.447,5314,0.458,0.32,1.930,-1.378,0,0,Trailing,"ORB5 고가 145,000 돌파 (범위 6.4%)","트레일링 (146,100)",7.48,2.13,1,194.1,2.619,1.63,1,7,1.5,4.0,1.5,1.2,False
058470#155-20260127130000,058470,리노공업,VWAP눌림,FullAuto,Paper,Backtest,2026-01-27 13:00:00,2026-01-27 13:00:00,2026-01-27 13:05:30,5.5,24,81200,80500,80500,0.862,-21245,-1.090,-1.26,0.123,-0.862,0,0,StopLoss,"VWAP 81,152 재돌파, 직전봉 고가 81,000 돌파","손절 (80,500)",6.28,0.06,0.536,297.8,0.396,1.10,1,240,1.5,4.0,1.5,1.2,False
058470#155-20260127132600,058470,리노공업,VWAP눌림,FullAuto,Paper,Backtest,2026-01-27 13:26:00,2026-01-27 13:26:00,2026-01-27 13:46:00,20,21,81500,80800,80700,0.982,-18603,-1.087,-1.11,0.368,-0.859,0,-0.124,TimeStop,"VWAP 81,145 재돌파, 직전봉 고가 81,100 돌파",타임스탑 20분,6.68,0.44,0.562,302.5,0.429,0.95,1,266,1.5,4.0,1.5,1.2,False
058470#155-20260127135500,058470,리노공업,VWAP눌림,FullAuto,Paper,Backtest,2026-01-27 13:55:00,2026-01-27 13:55:00,2026-01-27 13:56:15,1.2,24,81800,81200,81200,0.733,-18883,-0.962,-1.31,0,-0.733,0,0,StopLoss,"VWAP 81,149 재돌파, 직전봉 고가 81,600 돌파","손절 (81,200)",6.94,0.68,0.579,299.5,0.367,1.03,1,295,1.5,4.0,1.5,1.2,False
010120#156-20260127135900,010120,LS ELECTRIC,VWAP눌림,FullAuto,Paper,Backtest,2026-01-27 13:59:00,2026-01-27 13:59:00,2026-01-27 14:19:00,20,18,108500,108500,107700,0.737,-4490,-0.230,-0.31,0.092,-0.645,0,-0.092,TimeStop,"VWAP 107,478 재돌파, 직전봉 고가 108,200 돌파",타임스탑 20분,8.40,0.86,0.790,221.0,0.356,0.77,1,299,1.5,4.0,1.5,1.2,False
042700#158-20260127150000,042700,한미반도체,종가베팅,FullAuto,Paper,Backtest,2026-01-27 15:00:00,2026-01-27 15:00:00,2026-01-28 09:05:30,1085.5,3,175700,180066.67,170500,2.960,11862,2.250,0.76,3.643,-0.740,0,-0.074,Trailing,"종가베팅: 등락 +3.4%, 고저범위 98% 위치, VWAP 171,123 위","1차 분할 익절 +2% / 트레일링 (179,300)",3.42,2.62,0.982,344.7,0.252,1.19,1,360,3,5,2.5,1.5,True
403870#161-20260128090530,403870,HPSP,ORB,FullAuto,Paper,Backtest,2026-01-28 09:05:30,2026-01-28 09:05:30,2026-01-28 09:11:27,6,20,39300,39875.00,38400,2.290,9670,1.230,0.54,2.163,-0.254,0,-0.062,Trailing,"ORB5 고가 39,200 돌파 (범위 2.0%)","1차 분할 익절 +2.0% / 트레일링 (39,650)",4.66,1.08,1,278.0,1.018,1.41,1,6,1.5,4.0,1.5,1.2,False
007660#160-20260128091127,007660,이수페타시스,ORB,FullAuto,Paper,Backtest,2026-01-28 09:11:27,2026-01-28 09:11:27,2026-01-28 09:14:12,2.8,10,126100,126300,124300,1.427,-904,-0.072,-0.05,1.427,-0.634,0,-0.079,BreakEven,"ORB5 고가 126,000 돌파 (범위 3.1%)","본절 (126,400)",5.79,1.00,1,194.1,1.049,2.80,1,11,1.5,4.0,1.5,1.2,False
373220#159-20260128090520,373220,LG에너지솔루션,ORB,FullAuto,Paper,Backtest,2026-01-28 09:05:20,2026-01-28 09:05:20,2026-01-28 09:15:30,10.2,2,441000,443000,434500,1.474,1964,0.223,0.15,1.814,-1.361,0,-0.113,Trailing,"ORB5 고가 440,500 돌파 (범위 4.5%)","트레일링 (443,500)",6.01,2.03,1,654.6,1.398,2.63,1,5,1.5,4.0,1.5,1.2,False
005930#157-20260127150000,005930,삼성전자,종가베팅,FullAuto,Paper,Backtest,2026-01-27 15:00:00,2026-01-27 15:00:00,2026-01-28 09:25:30,1105.5,4,158650,161400,153900,2.994,9520,1.500,0.50,2.553,-0.032,0,0,Trailing,"종가베팅: 등락 +4.1%, 고저범위 97% 위치, VWAP 154,462 위","1차 분할 익절 +2% / 트레일링 (160,200)",4.10,2.71,0.974,697.9,0.171,0.78,2,360,3,5,2.5,1.5,True
450080#164-20260128150200,450080,에코프로머티,종가베팅,FullAuto,Paper,Backtest,2026-01-28 15:02:00,2026-01-28 15:02:00,2026-01-29 09:02:30,1080.5,8,75000,77200,72800,2.933,16183,2.697,0.92,4.533,-0.533,0,-0.194,Trailing,"종가베팅: 등락 +15.9%, 고저범위 83% 위치, VWAP 72,455 위","1차 분할 익절 +2% / 트레일링 (77,200)",15.92,3.51,0.828,240.8,0.438,1.16,1,362,3,5,2.5,1.5,True
005490#162-20260128150000,005490,POSCO홀딩스,종가베팅,FullAuto,Paper,Backtest,2026-01-28 15:00:00,2026-01-28 15:00:00,2026-01-29 09:05:15,1085.2,1,379500,368500,368500,2.899,-11848,-3.122,-1.08,0.395,-2.899,0,0,StopLoss,"종가베팅: 등락 +5.3%, 고저범위 83% 위치, VWAP 370,426 위","손절 (368,500)",5.27,2.45,0.833,647.0,0.395,0.87,1,360,3,5,2.5,1.5,True
083650#172-20260129101800,083650,비에이치아이,VWAP눌림,FullAuto,Paper,Backtest,2026-01-29 10:18:00,2026-01-29 10:18:00,2026-01-29 10:19:27,1.5,19,78000,77100,77100,1.154,-20470,-1.381,-1.20,0,-1.154,0,0,StopLoss,"VWAP 77,703 재돌파, 직전봉 고가 77,700 돌파","손절 (77,100)",5.99,0.25,0.580,244.3,0.871,0.74,1,78,1.5,4.0,1.5,1.2,False
052690#171-20260129101400,052690,한전기술,VWAP눌림,FullAuto,Paper,Backtest,2026-01-29 10:14:00,2026-01-29 10:14:00,2026-01-29 10:23:30,9.5,11,140300,138600,138700,1.140,-22208,-1.439,-1.26,0.071,-1.212,0,-0.072,StopLoss,"VWAP 139,610 재돌파, 직전봉 고가 139,800 돌파","손절 (138,700)",4.39,0.42,0.622,187.9,0.685,0.77,1,74,1.5,4.0,1.5,1.2,False
083650#172-20260129103500,083650,비에이치아이,VWAP눌림,FullAuto,Paper,Backtest,2026-01-29 10:35:00,2026-01-29 10:35:00,2026-01-29 10:35:27,0.5,21,77700,76900,76900,1.030,-20515,-1.257,-1.22,0,-1.030,0,0,StopLoss,"VWAP 77,670 재돌파, 직전봉 고가 77,500 돌파","손절 (76,900)",5.58,-0.09,0.536,243.5,0.515,0.48,1,95,1.5,4.0,1.5,1.2,False
052690#171-20260129112900,052690,한전기술,VWAP눌림,FullAuto,Paper,Backtest,2026-01-29 11:29:00,2026-01-29 11:29:00,2026-01-29 11:36:15,7.2,14,139500,138700,138700,0.573,-15666,-0.802,-1.40,0.143,-0.573,0,0,StopLoss,"VWAP 139,396 재돌파, 직전봉 고가 139,100 돌파","손절 (138,700)",3.87,0.07,0.551,202.6,0.236,2.46,1,149,1.5,4.0,1.5,1.2,False
277810#175-20260129124900,277810,레인보우로보틱스,VWAP눌림,FullAuto,Paper,Backtest,2026-01-29 12:49:00,2026-01-29 12:49:00,2026-01-29 12:51:20,2.3,2,741000,743000.00,738000,0.405,584,0.039,0.10,0.405,0,0,0.000,BreakEven,"VWAP 737,162 재돌파, 직전봉 고가 740,000 돌파","본절 (743,000)",7.39,0.52,0.602,220.6,0.496,0.29,1,229,1.5,4.0,1.5,1.2,False
052690#171-20260129124400,052690,한전기술,VWAP눌림,FullAuto,Paper,Backtest,2026-01-29 12:44:00,2026-01-29 12:44:00,2026-01-29 12:52:27,8.5,14,139600,139900,139200,0.287,-303,-0.016,-0.05,0.287,-0.215,0,-0.071,BreakEven,"VWAP 139,425 재돌파, 직전봉 고가 139,500 돌파","본절 (140,000)",3.95,0.13,0.561,223.6,0.148,0.47,1,224,1.5,4.0,1.5,1.2,False
240810#174-20260129131500,240810,원익IPS,VWAP눌림,FullAuto,Paper,Backtest,2026-01-29 13:15:00,2026-01-29 13:15:00,2026-01-29 14:00:20,45.3,11,109300,109600.00,107700,1.464,529,0.044,0.03,1.464,-0.915,0,0.000,BreakEven,"VWAP 107,744 재돌파, 직전봉 고가 108,400 돌파","본절 (109,600)",4.60,1.35,0.587,314.9,0.733,1.36,1,255,1.5,4.0,1.5,1.2,False
307950#180-20260129150000,307950,현대오토에버,종가베팅,FullAuto,Paper,Backtest,2026-01-29 15:00:00,2026-01-29 15:00:00,2026-01-30 09:01:00,1081,1,487500,472000,473000,2.974,-16587,-3.402,-1.14,0.513,-3.179,0,-0.211,StopLoss,"종가베팅: 등락 +9.6%, 고저범위 85% 위치, VWAP 475,804 위","손절 (473,000)",9.55,2.46,0.853,326.0,0.601,0.99,1,360,3,5,2.5,1.5,True
000270#178-20260129150000,000270,기아,종가베팅,FullAuto,Paper,Backtest,2026-01-29 15:00:00,2026-01-29 15:00:00,2026-01-30 09:04:30,1084.5,4,155950,151300,151300,2.982,-19993,-3.205,-1.07,0.160,-2.982,0,0,StopLoss,"종가베팅: 등락 +3.4%, 고저범위 92% 위치, VWAP 152,791 위","손절 (151,300)",3.42,2.07,0.919,293.8,0.213,0.74,2,360,3,5,2.5,1.5,True
027360#181-20260130090522,027360,아주IB투자,ORB,FullAuto,Paper,Backtest,2026-01-30 09:05:22,2026-01-30 09:05:22,2026-01-30 09:06:07,0.8,258,4845,4760,4775,1.445,-24757,-1.981,-1.37,1.135,-1.754,0,-0.314,StopLoss,"ORB5 고가 4,830 돌파 (범위 5.9%)","손절 (4,775)",7.43,3.22,1,215.0,3.750,2.05,1,5,1.5,4.0,1.5,1.2,False
017670#183-20260130090527,017670,SK텔레콤,ORB,FullAuto,Paper,Backtest,2026-01-30 09:05:27,2026-01-30 09:05:27,2026-01-30 09:20:30,15,16,74300,73200,73200,1.480,-20295,-1.707,-1.15,1.077,-1.480,0,0,StopLoss,"ORB5 고가 74,200 돌파 (범위 5.4%)","손절 (73,200)",6.75,2.05,1,188.3,1.593,2.39,1,5,1.5,4.0,1.5,1.2,False
103140#182-20260130090730,103140,풍산,ORB,FullAuto,Paper,Backtest,2026-01-30 09:07:30,2026-01-30 09:07:30,2026-01-30 09:27:30,20,9,139200,139000,137200,1.437,-4676,-0.373,-0.26,0.575,-1.365,0,0,TimeStop,"ORB5 고가 139,100 돌파 (범위 3.0%)",타임스탑 20분,6.42,1.84,1,191.5,1.078,2.54,1,8,1.5,4.0,1.5,1.2,False
027360#181-20260130103430,027360,아주IB투자,ORB,FullAuto,Paper,Backtest,2026-01-30 10:34:30,2026-01-30 10:34:30,2026-01-30 10:35:27,1,258,4835,4755,4765,1.448,-23464,-1.881,-1.30,0.103,-1.655,0,-0.210,StopLoss,"ORB5 고가 4,830 돌파 (범위 5.9%)","손절 (4,765)",7.21,3.30,0.859,160.6,0.776,25.23,1,94,1.5,4.0,1.5,1.2,False
080220#184-20260130111900,080220,제주반도체,VWAP눌림,FullAuto,Paper,Backtest,2026-01-30 11:19:00,2026-01-30 11:19:00,2026-01-30 11:22:22,3.4,32,42050,41500.0,41500,1.308,-20656,-1.535,-1.17,0.476,-1.308,0,0.0,StopLoss,"VWAP 41,485 재돌파, 직전봉 고가 41,900 돌파","손절 (41,500)",14.11,1.36,0.704,195.1,0.671,0.85,1,139,1.5,4.0,1.5,1.2,False
036540#185-20260130150000,036540,SFA반도체,종가베팅,FullAuto,Paper,Backtest,2026-01-30 15:00:00,2026-01-30 15:00:00,2026-02-02 09:01:20,3961.3,80,7890,7630,7660,2.915,-22205,-3.518,-1.21,0.887,-3.295,0,-0.392,StopLoss,"종가베팅: 등락 +15.0%, 고저범위 82% 위치, VWAP 7,676 위","손절 (7,660)",15.01,2.79,0.818,287.8,0.416,1.06,1,360,3,5,2.5,1.5,True
080220#187-20260130150000,080220,제주반도체,종가베팅,FullAuto,Paper,Backtest,2026-01-30 15:00:00,2026-01-30 15:00:00,2026-02-02 09:01:30,3961.5,14,43400,42100,42100,2.995,-19557,-3.219,-1.07,0.806,-2.995,0,0,StopLoss,"종가베팅: 등락 +17.6%, 고저범위 86% 위치, VWAP 41,758 위","손절 (42,100)",17.64,3.81,0.858,256.3,0.486,0.45,1,360,3,5,2.5,1.5,True
128820#189-20260202090520,128820,대성산업,ORB,FullAuto,Paper,Backtest,2026-02-02 09:05:20,2026-02-02 09:05:20,2026-02-02 09:06:20,1,146,8100,8150.00,7980,1.481,4566,0.386,0.26,1.852,0,0,0.000,Trailing,"ORB5 고가 8,080 돌파 (범위 6.7%)","트레일링 (8,150)",10.20,2.82,1,190.0,3.004,2.70,1,5,1.5,4.0,1.5,1.2,False
038500#188-20260202090620,038500,삼표시멘트,ORB,FullAuto,Paper,Backtest,2026-02-02 09:06:20,2026-02-02 09:06:20,2026-02-02 09:09:12,2.9,127,9510,9724.96,9370,1.472,24467,2.026,1.38,3.470,0,0,-0.051,Trailing,"ORB5 고가 9,430 돌파 (범위 9.7%)","1차 분할 익절 +2.0% / 트레일링 (9,720)",13.21,4.18,1,138.7,3.023,1.64,1,6,1.5,4.0,1.5,1.2,False
128820#189-20260202101122,128820,대성산업,ORB,FullAuto,Paper,Backtest,2026-02-02 10:11:22,2026-02-02 10:11:22,2026-02-02 10:12:12,0.8,146,8090,8150,7970,1.483,6026,0.510,0.34,1.978,0,0,0,Trailing,"ORB5 고가 8,080 돌파 (범위 6.7%)","트레일링 (8,150)",10.07,1.17,0.612,170.6,0.534,30.51,1,71,1.5,4.0,1.5,1.2,False
012210#192-20260202105400,012210,삼미금속,VWAP눌림,FullAuto,Paper,Backtest,2026-02-02 10:54:00,2026-02-02 10:54:00,2026-02-02 11:03:30,9.5,83,15770,16014.10,15550,1.395,17210,1.315,0.94,2.473,-0.698,0,-0.094,Trailing,"VWAP 15,731 재돌파, 직전봉 고가 15,700 돌파","1차 분할 익절 +2.0% / 트레일링 (15,960)",13.79,0.19,0.633,157.8,0.882,0.63,1,114,1.5,4.0,1.5,1.2,False
012210#192-20260202112700,012210,삼미금속,VWAP눌림,FullAuto,Paper,Backtest,2026-02-02 11:27:00,2026-02-02 11:27:00,2026-02-02 11:31:22,4.4,119,15780,16034.37,15630,0.951,25889,1.379,1.45,2.471,0,0,-0.062,Trailing,"VWAP 15,730 재돌파, 직전봉 고가 15,690 돌파","1차 분할 익절 +2.0% / 트레일링 (15,970)",13.94,0.32,0.639,158.0,0.765,1.58,1,147,1.5,4.0,1.5,1.2,False
012210#192-20260202115400,012210,삼미금속,VWAP눌림,FullAuto,Paper,Backtest,2026-02-02 11:54:00,2026-02-02 11:54:00,2026-02-02 11:56:30,2.5,119,15920,15760,15770,0.942,-23355,-1.233,-1.31,0.628,-1.005,0,-0.063,StopLoss,"VWAP 15,741 재돌파, 직전봉 고가 15,860 돌파","손절 (15,770)",14.87,1.07,0.676,164.2,0.572,0.34,1,174,1.5,4.0,1.5,1.2,False
380550#195-20260202133100,380550,뉴로핏,VWAP눌림,FullAuto,Paper,Backtest,2026-02-02 13:31:00,2026-02-02 13:31:00,2026-02-02 13:35:30,4.5,34,32950,33000,32450,1.517,-880,-0.079,-0.05,1.517,-0.303,0,-0.151,BreakEven,"VWAP 32,923 재돌파, 직전봉 고가 32,950 돌파","본절 (33,050)",16.64,0.08,0.570,220.9,1.062,1.01,1,271,1.5,4.0,1.5,1.2,False
380550#195-20260202134100,380550,뉴로핏,VWAP눌림,FullAuto,Paper,Backtest,2026-02-02 13:41:00,2026-02-02 13:41:00,2026-02-02 13:41:27,0.5,38,33050,32600,32600,1.362,-19950,-1.589,-1.17,0,-1.362,0,0,StopLoss,"VWAP 32,925 재돌파, 직전봉 고가 32,950 돌파","손절 (32,600)",16.81,0.23,0.578,228.9,0.920,1.23,1,281,1.5,4.0,1.5,1.2,False
006220#196-20260202150117,006220,제주은행,종가베팅,FullAuto,Paper,Backtest,2026-02-02 15:01:17,2026-02-02 15:01:17,2026-02-03 09:01:00,1079.7,37,16920,16300,16420,2.955,-24329,-3.886,-1.32,3.369,-3.605,0,-0.731,StopLoss,"종가베팅: 등락 +19.3%, 고저범위 82% 위치, VWAP 16,529 위","손절 (16,420)",19.34,2.31,0.824,600.2,1.174,0.92,1,361,3,5,2.5,1.5,True
027360#198-20260203092422,027360,아주IB투자,ORB,FullAuto,Paper,Backtest,2026-02-03 09:24:22,2026-02-03 09:24:22,2026-02-03 09:26:15,1.9,254,4975,5045,4905,1.407,14839,1.174,0.83,2.513,0,0,-0.198,Trailing,"ORB5 고가 4,970 돌파 (범위 3.4%)","1차 분할 익절 +2.0% / 트레일링 (5,030)",11.17,2.42,1,189.9,0.780,15.75,1,24,1.5,4.0,1.5,1.2,False
064260#197-20260203094425,064260,다날,ORB,FullAuto,Paper,Backtest,2026-02-03 09:44:25,2026-02-03 09:44:25,2026-02-03 09:52:30,8.1,127,9580,9870.71,9440,1.461,34046,2.798,1.91,4.071,-0.939,0,-0.101,TakeProfit,"ORB5 고가 9,570 돌파 (범위 4.2%)",1차 분할 익절 +2.0% / 목표 익절 +4.0%,5.62,1.67,1,224.3,0.455,9.20,1,44,1.5,4.0,1.5,1.2,False
000720#201-20260203150000,000720,현대건설,종가베팅,FullAuto,Paper,Backtest,2026-02-03 15:00:00,2026-02-03 15:00:00,2026-02-04 09:01:00,1081,5,107400,115200,104200,2.980,37682,7.017,2.36,7.263,-0.186,0,0,TakeProfit,"종가베팅: 등락 +8.9%, 고저범위 84% 위치, VWAP 105,525 위",목표 익절 +5%,8.92,1.78,0.838,377.5,0.469,0.90,1,360,3,5,2.5,1.5,True
457190#205-20260204090827,457190,이수스페셜티케미컬,ORB,FullAuto,Paper,Backtest,2026-02-04 09:08:27,2026-02-04 09:08:27,2026-02-04 09:10:15,1.8,10,114700,113000,113000,1.482,-19601,-1.709,-1.15,0.262,-1.482,0,0,StopLoss,"ORB5 고가 114,500 돌파 (범위 8.1%)","손절 (113,000)",7.20,2.27,1,208.4,2.209,2.31,1,8,1.5,4.0,1.5,1.2,False
267260#204-20260204090525,267260,HD현대일렉트릭,ORB,FullAuto,Paper,Backtest,2026-02-04 09:05:25,2026-02-04 09:05:25,2026-02-04 09:11:27,6,1,925000,912000,912000,1.405,-15098,-1.632,-1.16,0.432,-1.405,0,0,StopLoss,"ORB5 고가 924,000 돌파 (범위 4.4%)","손절 (912,000)",3.82,1.67,1,708.0,1.766,3.02,1,5,1.5,4.0,1.5,1.2,False
005490#202-20260203150000,005490,POSCO홀딩스,종가베팅,FullAuto,Paper,Backtest,2026-02-03 15:00:00,2026-02-03 15:00:00,2026-02-04 10:00:00,1140,1,358000,360000,347500,2.933,1173,0.328,0.11,1.676,-0.838,0,0,NextDayDeadline,"종가베팅: 등락 +4.1%, 고저범위 93% 위치, VWAP 351,867 위",익일 청산 시각 10:00,4.07,1.74,0.926,857.7,0.289,0.51,1,360,3,5,2.5,1.5,True
139480#210-20260205090615,139480,이마트,ORB,FullAuto,Paper,Backtest,2026-02-05 09:06:15,2026-02-05 09:06:15,2026-02-05 09:06:27,0.2,11,105900,104100,104400,1.416,-22435,-1.926,-1.36,0,-1.700,0,-0.287,StopLoss,"ORB5 고가 105,700 돌파 (범위 4.9%)","손절 (104,400)",11.24,2.15,1,222.6,2.361,1.24,1,6,1.5,4.0,1.5,1.2,False
006400#208-20260204150000,006400,삼성SDI,종가베팅,FullAuto,Paper,Backtest,2026-02-04 15:00:00,2026-02-04 15:00:00,2026-02-05 10:00:00,1140,1,391500,392000,380000,2.937,-400,-0.102,-0.03,1.022,-1.660,0,-0.127,NextDayDeadline,"종가베팅: 등락 +4.0%, 고저범위 81% 위치, VWAP 390,059 위",익일 청산 시각 10:00,3.98,0.37,0.809,903.3,0.255,0.56,1,360,3,5,2.5,1.5,True
139480#210-20260205100430,139480,이마트,ORB,FullAuto,Paper,Backtest,2026-02-05 10:04:30,2026-02-05 10:04:30,2026-02-05 10:11:27,7,11,105800,107245.45,104300,1.418,13191,1.133,0.80,2.079,-0.189,0,-0.042,Trailing,"ORB5 고가 105,700 돌파 (범위 4.9%)","1차 분할 익절 +2.0% / 트레일링 (106,700)",11.13,3.00,0.985,218.7,0.780,1.68,1,64,1.5,4.0,1.5,1.2,False
079900#214-20260205101900,079900,전진건설로봇,VWAP눌림,FullAuto,Paper,Backtest,2026-02-05 10:19:00,2026-02-05 10:19:00,2026-02-05 10:24:30,5.5,15,67000,65800,65900,1.642,-20272,-2.017,-1.23,0.746,-1.791,0,-0.152,StopLoss,"VWAP 66,502 재돌파, 직전봉 고가 66,400 돌파","손절 (65,900)",2.76,0.60,0.606,152.7,1.388,0.45,1,79,1.5,4.0,1.5,1.2,False
079900#214-20260205120200,079900,전진건설로봇,VWAP눌림,FullAuto,Paper,Backtest,2026-02-05 12:02:00,2026-02-05 12:02:00,2026-02-05 12:03:22,1.4,19,66500,65600.0,65600,1.353,-19967,-1.580,-1.17,0,-1.353,0,0.0,StopLoss,"VWAP 66,357 재돌파, 직전봉 고가 64,800 돌파","손절 (65,600)",2.00,0.06,0.560,186.0,0.592,5.04,1,182,1.5,4.0,1.5,1.2,False
376300#216-20260205135400,376300,디어유,VWAP눌림,FullAuto,Paper,Backtest,2026-02-05 13:54:00,2026-02-05 13:54:00,2026-02-05 14:02:25,8.4,45,43800,43450.00,43450,0.799,-20248,-1.027,-1.29,0.457,-0.799,0,0.000,StopLoss,"VWAP 43,692 재돌파, 직전봉 고가 43,750 돌파","손절 (43,450)",15.26,0.25,0.749,225.1,0.791,0.54,1,294,1.5,4.0,1.5,1.2,False
376300#216-20260205142600,376300,디어유,VWAP눌림,FullAuto,Paper,Backtest,2026-02-05 14:26:00,2026-02-05 14:26:00,2026-02-05 14:38:27,12.5,42,43600,43200,43200,0.917,-20974,-1.145,-1.25,0.344,-0.917,0,0,StopLoss,"VWAP 43,669 재돌파, 직전봉 고가 43,550 돌파","손절 (43,200)",14.74,-0.16,0.725,229.0,0.524,1.97,1,326,1.5,4.0,1.5,1.2,False
171090#217-20260205151317,171090,선익시스템,종가베팅,FullAuto,Paper,Backtest,2026-02-05 15:13:17,2026-02-05 15:13:17,2026-02-06 09:01:00,1067.7,7,80000,76300,77600,3.00,-27132,-4.845,-1.62,1.00,-4.500,0,-1.675,StopLoss,"종가베팅: 등락 +4.3%, 고저범위 75% 위치, VWAP 76,146 위","손절 (77,600)",4.30,5.06,0.754,471.8,0.821,2.10,1,373,3,5,2.5,1.5,True
008830#219-20260206090525,008830,대동기어,ORB,FullAuto,Paper,Backtest,2026-02-06 09:05:25,2026-02-06 09:05:25,2026-02-06 09:06:27,1,75,16260,16787.07,16020,1.476,36643,3.005,2.04,4.244,0,0,-0.060,TakeProfit,"ORB5 고가 16,250 돌파 (범위 6.4%)",1차 분할 익절 +2.0% / 목표 익절 +4.0%,9.93,2.87,1,166.9,3.854,2.61,1,5,1.5,4.0,1.5,1.2,False
483650#218-20260205151417,483650,달바글로벌,종가베팅,FullAuto,Paper,Backtest,2026-02-05 15:14:17,2026-02-05 15:14:17,2026-02-06 09:06:30,1072.2,3,169000,164000,164000,2.959,-16133,-3.182,-1.08,0.710,-2.959,0,0,StopLoss,"종가베팅: 등락 +5.6%, 고저범위 93% 위치, VWAP 166,718 위","손절 (164,000)",5.56,1.37,0.928,387.2,0.161,2.02,1,374,3,5,2.5,1.5,True
008830#219-20260206091722,008830,대동기어,ORB,FullAuto,Paper,Backtest,2026-02-06 09:17:22,2026-02-06 09:17:22,2026-02-06 09:17:42,0.3,75,16290,16526.69,16050,1.473,14907,1.220,0.83,2.124,0,0,-0.030,Trailing,"ORB5 고가 16,250 돌파 (범위 6.4%)","1차 분할 익절 +2.0% / 트레일링 (16,430)",10.13,0.87,0.540,163.7,3.349,1.46,1,17,1.5,4.0,1.5,1.2,False
008830#219-20260206093030,008830,대동기어,ORB,FullAuto,Paper,Backtest,2026-02-06 09:30:30,2026-02-06 09:30:30,2026-02-06 09:30:45,0.2,75,16312,16053,16070,1.484,-22195,-1.814,-1.22,0,-1.588,0,-0.106,StopLoss,"ORB5 고가 16,250 돌파 (범위 6.4%)","손절 (16,070)",10.28,0.55,0.552,151.4,2.447,1.28,2,30,1.5,4.0,1.5,1.2,False
024060#231-20260206141800,024060,흥구석유,VWAP눌림,FullAuto,Paper,Backtest,2026-02-06 14:18:00,2026-02-06 14:18:00,2026-02-06 14:26:45,8.8,70,14770,14840,14510,1.760,2513,0.243,0.14,1.760,-1.354,0,0,Trailing,"VWAP 14,567 재돌파, 직전봉 고가 14,750 돌파","트레일링 (14,840)",7.74,1.32,0.693,141.0,1.452,0.66,1,318,1.5,4.0,1.5,1.2,False
489790#235-20260206150022,489790,한화비전,종가베팅,FullAuto,Paper,Backtest,2026-02-06 15:00:22,2026-02-06 15:00:22,2026-02-09 09:01:07,3960.8,9,66700,70000,64700,2.999,28256,4.707,1.57,5.097,-1.199,0,-0.079,TakeProfit,"종가베팅: 등락 +7.4%, 고저범위 76% 위치, VWAP 65,878 위",1차 분할 익절 +2% / 목표 익절 +5%,7.41,1.25,0.757,490.2,0.386,2.03,1,360,3,5,2.5,1.5,True
090430#236-20260209092027,090430,아모레퍼시픽,ORB,FullAuto,Paper,Backtest,2026-02-09 09:20:27,2026-02-09 09:20:27,2026-02-09 09:41:30,21,7,155700,160728.57,153400,1.477,32620,2.993,2.03,4.175,-1.156,0,-0.062,TakeProfit,"ORB5 고가 155,600 돌파 (범위 8.1%)",1차 분할 익절 +2.0% / 목표 익절 +4.0%,11.06,2.13,1,167.3,0.890,5.70,1,20,1.5,4.0,1.5,1.2,False
017800#233-20260206150000,017800,현대엘리베이터,종가베팅,FullAuto,Paper,Backtest,2026-02-06 15:00:00,2026-02-06 15:00:00,2026-02-09 10:00:00,4020,6,101500,101900,98500,2.956,996,0.164,0.06,1.872,-1.970,0,0,NextDayDeadline,"종가베팅: 등락 +4.9%, 고저범위 86% 위치, VWAP 99,010 위",익일 청산 시각 10:00,4.86,2.52,0.857,219.2,0.514,1.16,1,360,3,5,2.5,1.5,True
086390#241-20260209104700,086390,유니테스트,VWAP눌림,FullAuto,Paper,Backtest,2026-02-09 10:47:00,2026-02-09 10:47:00,2026-02-09 10:54:27,7.5,65,19110,19777.85,18830,1.465,40463,3.257,2.22,4.500,-0.209,0,-0.051,TakeProfit,"VWAP 18,794 재돌파, 직전봉 고가 18,970 돌파",1차 분할 익절 +2.0% / 목표 익절 +4.0%,11.70,1.63,0.712,179.6,0.621,1.05,1,107,1.5,4.0,1.5,1.2,False
078600#246-20260210090530,078600,대주전자재료,ORB,FullAuto,Paper,Backtest,2026-02-10 09:05:30,2026-02-10 09:05:30,2026-02-10 09:06:30,1,12,98100,96500,96700,1.427,-21865,-1.857,-1.30,1.325,-1.631,0,-0.207,StopLoss,"ORB5 고가 98,000 돌파 (범위 4.0%)","손절 (96,700)",10.47,1.88,1,148.3,2.379,1.43,1,6,1.5,4.0,1.5,1.2,False
267260#245-20260210090702,267260,HD현대일렉트릭,ORB,FullAuto,Paper,Backtest,2026-02-10 09:07:02,2026-02-10 09:07:02,2026-02-10 09:10:30,3.5,1,970000,954000,956000,1.443,-18196,-1.876,-1.30,1.031,-1.649,0,-0.209,StopLoss,"ORB5 고가 969,000 돌파 (범위 4.3%)","손절 (956,000)",5.90,1.23,0.891,157.8,1.175,0.44,1,7,1.5,4.0,1.5,1.2,False
267260#245-20260210092025,267260,HD현대일렉트릭,ORB,FullAuto,Paper,Backtest,2026-02-10 09:20:25,2026-02-10 09:20:25,2026-02-10 09:25:10,4.8,1,971000,957000.00,957000,1.442,-16202,-1.669,-1.16,0.309,-1.442,0,0.000,StopLoss,"ORB5 고가 969,000 돌파 (범위 4.3%)","손절 (957,000)",6.00,1.09,0.824,199.8,0.758,3.89,1,20,1.5,4.0,1.5,1.2,False
267260#245-20260210094422,267260,HD현대일렉트릭,ORB,FullAuto,Paper,Backtest,2026-02-10 09:44:22,2026-02-10 09:44:22,2026-02-10 09:53:15,8.9,1,970000,956000,956000,1.443,-16200,-1.670,-1.16,0.309,-1.443,0,0,StopLoss,"ORB5 고가 969,000 돌파 (범위 4.3%)","손절 (956,000)",5.90,0.87,0.804,240.9,0.287,15.83,1,44,1.5,4.0,1.5,1.2,False
298380#242-20260209150000,298380,에이비엘바이오,종가베팅,FullAuto,Paper,Backtest,2026-02-09 15:00:00,2026-02-09 15:00:00,2026-02-10 10:00:00,1140,3,191000,189500,185300,2.984,-5807,-1.013,-0.34,1.047,-2.094,0,-0.053,NextDayDeadline,"종가베팅: 등락 +6.6%, 고저범위 91% 위치, VWAP 186,370 위",익일 청산 시각 10:00,6.59,2.43,0.907,328.2,0.666,0.86,1,360,3,5,2.5,1.5,True
352820#244-20260209150700,352820,하이브,종가베팅,FullAuto,Paper,Backtest,2026-02-09 15:07:00,2026-02-09 15:07:00,2026-02-10 10:00:00,1133,1,376500,383000,365500,2.922,5621,1.493,0.51,1.992,-1.195,0,0,NextDayDeadline,"종가베팅: 등락 +5.0%, 고저범위 89% 위치, VWAP 372,498 위",익일 청산 시각 10:00,5.02,1.07,0.889,1179.7,0.218,0.43,1,367,3,5,2.5,1.5,True
018880#249-20260210103300,018880,한온시스템,VWAP눌림,FullAuto,Paper,Backtest,2026-02-10 10:33:00,2026-02-10 10:33:00,2026-02-10 10:50:30,17.5,153,4365,4385,4245,2.749,1519,0.227,0.08,1.718,-2.520,0,0,Trailing,"VWAP 4,307 재돌파, 직전봉 고가 4,330 돌파","트레일링 (4,385)",12.52,1.23,0.752,209.3,0.999,1.27,1,93,1.5,4.0,1.5,1.2,False
078600#246-20260210105207,078600,대주전자재료,ORB,FullAuto,Paper,Backtest,2026-02-10 10:52:07,2026-02-10 10:52:07,2026-02-10 10:56:15,4.1,12,98100,96700,96700,1.427,-19470,-1.654,-1.16,0.306,-1.427,0,0,StopLoss,"ORB5 고가 98,000 돌파 (범위 4.0%)","손절 (96,700)",10.47,2.05,0.794,183.4,0.524,1.04,1,112,1.5,4.0,1.5,1.2,False
018880#249-20260210110100,018880,한온시스템,VWAP눌림,FullAuto,Paper,Backtest,2026-02-10 11:01:00,2026-02-10 11:01:00,2026-02-10 11:02:22,1.4,461,4330,4305,4305,0.577,-16090,-0.806,-1.40,0.115,-0.577,0,0,StopLoss,"VWAP 4,315 재돌파, 직전봉 고가 4,325 돌파","손절 (4,305)",11.74,0.34,0.693,214.2,0.746,0.49,1,121,1.5,4.0,1.5,1.2,False
018880#249-20260210110800,018880,한온시스템,VWAP눌림,FullAuto,Paper,Backtest,2026-02-10 11:08:00,2026-02-10 11:08:00,2026-02-10 11:19:25,11.4,459,4345,4310,4310,0.806,-20616,-1.034,-1.28,0.690,-0.806,0,0,StopLoss,"VWAP 4,315 재돌파, 직전봉 고가 4,340 돌파","손절 (4,310)",12.13,0.69,0.723,212.5,0.666,0.68,1,128,1.5,4.0,1.5,1.2,False
267270#250-20260210110800,267270,HD건설기계,VWAP눌림,FullAuto,Paper,Backtest,2026-02-10 11:08:00,2026-02-10 11:08:00,2026-02-10 11:26:27,18.5,15,129500,129800,128700,0.618,23,0.001,0.00,1.004,-0.154,0,0,BreakEven,"VWAP 128,490 재돌파, 직전봉 고가 129,000 돌파","본절 (129,800)",5.89,0.79,0.732,272.8,0.292,2.44,1,128,1.5,4.0,1.5,1.2,False
056080#253-20260210130900,056080,유진로봇,VWAP눌림,FullAuto,Paper,Backtest,2026-02-10 13:09:00,2026-02-10 13:09:00,2026-02-10 13:17:30,8.5,27,45050,45150,44400,1.443,-102,-0.008,-0.01,1.443,-0.666,0,-0.111,BreakEven,"VWAP 44,783 재돌파, 직전봉 고가 44,600 돌파","본절 (45,200)",19.84,0.49,0.629,271.4,0.444,3.66,1,249,1.5,4.0,1.5,1.2,False
267270#250-20260210133400,267270,HD건설기계,VWAP눌림,FullAuto,Paper,Backtest,2026-02-10 13:34:00,2026-02-10 13:34:00,2026-02-10 13:54:00,20,11,130400,129700,128900,1.150,-10982,-0.766,-0.67,0.307,-0.844,0,-0.077,TimeStop,"VWAP 129,585 재돌파, 직전봉 고가 129,900 돌파",타임스탑 20분,6.54,0.55,0.731,314.7,0.326,1.19,1,274,1.5,4.0,1.5,1.2,False
056080#253-20260210134100,056080,유진로봇,VWAP눌림,FullAuto,Paper,Backtest,2026-02-10 13:41:00,2026-02-10 13:41:00,2026-02-10 14:06:22,25.4,29,44900,44300,44300,1.336,-20356,-1.563,-1.17,0.891,-1.336,0,0,StopLoss,"VWAP 44,796 재돌파, 직전봉 고가 44,450 돌파","손절 (44,300)",19.44,0.12,0.6,266.5,0.470,1.62,1,281,1.5,4.0,1.5,1.2,False
241520#256-20260211090512,241520,DSC인베스트먼트,ORB,FullAuto,Paper,Backtest,2026-02-11 09:05:12,2026-02-11 09:05:12,2026-02-11 09:05:20,0.1,94,13020,12820,12830,1.459,-21573,-1.763,-1.21,0.307,-1.536,0,-0.078,StopLoss,"ORB5 고가 13,000 돌파 (범위 9.0%)","손절 (12,830)",13.22,3.10,1,74.4,6.068,1.04,1,5,1.5,4.0,1.5,1.2,False
032820#255-20260211090520,032820,우리기술,ORB,FullAuto,Paper,Backtest,2026-02-11 09:05:20,2026-02-11 09:05:20,2026-02-11 09:08:22,3,110,11200,11230,11040,1.429,461,0.037,0.03,1.518,0,0,0,BreakEven,"ORB5 고가 11,190 돌파 (범위 9.9%)","본절 (11,230)",17.89,3.53,1,130.4,3.363,1.72,1,5,1.5,4.0,1.5,1.2,False
389140#254-20260211092427,389140,포바이포,ORB,FullAuto,Paper,Backtest,2026-02-11 09:24:27,2026-02-11 09:24:27,2026-02-11 09:25:25,1,117,10210,10060,10060,1.469,-20259,-1.696,-1.15,0.881,-1.469,0,0,StopLoss,"ORB5 고가 10,190 돌파 (범위 8.9%)","손절 (10,060)",9.43,4.67,1,177.3,1.805,7.13,1,24,1.5,4.0,1.5,1.2,False
389140#254-20260211100030,389140,포바이포,ORB,FullAuto,Paper,Backtest,2026-02-11 10:00:30,2026-02-11 10:00:30,2026-02-11 10:05:20,4.8,117,10200,10030,10050,1.471,-22592,-1.893,-1.29,0.980,-1.667,0,-0.199,StopLoss,"ORB5 고가 10,190 돌파 (범위 8.9%)","손절 (10,050)",9.32,0.92,0.568,158.0,1.268,1.20,1,60,1.5,4.0,1.5,1.2,False
316140#264-20260211150030,316140,우리금융지주,종가베팅,FullAuto,Paper,Backtest,2026-02-11 15:00:30,2026-02-11 15:00:30,2026-02-12 09:01:15,1080.8,16,37950,39775,36850,2.899,27744,4.569,1.58,5.007,-0.527,0,-0.063,TakeProfit,"종가베팅: 등락 +6.0%, 고저범위 80% 위치, VWAP 37,339 위",1차 분할 익절 +2% / 목표 익절 +5%,6.01,1.64,0.8,494.2,0.273,0.88,1,360,3,5,2.5,1.5,True
032820#265-20260212090510,032820,우리기술,ORB,FullAuto,Paper,Backtest,2026-02-12 09:05:10,2026-02-12 09:05:10,2026-02-12 09:05:22,0.2,89,13620,13400.0,13420,1.468,-22324,-1.842,-1.25,0.587,-1.615,0,-0.149,StopLoss,"ORB5 고가 13,600 돌파 (범위 8.4%)","손절 (13,420)",10.28,3.14,1,139.2,3.524,0.94,1,5,1.5,4.0,1.5,1.2,False
397030#266-20260212091125,397030,에이프릴바이오,ORB,FullAuto,Paper,Backtest,2026-02-12 09:11:25,2026-02-12 09:11:25,2026-02-12 09:12:27,1,16,73100,72000,72100,1.368,-20251,-1.731,-1.27,0.547,-1.505,0,-0.139,StopLoss,"ORB5 고가 73,000 돌파 (범위 4.1%)","손절 (72,100)",5.64,1.83,1,202.5,1.870,2.71,1,11,1.5,4.0,1.5,1.2,False
032820#265-20260212094927,032820,우리기술,ORB,FullAuto,Paper,Backtest,2026-02-12 09:49:27,2026-02-12 09:49:27,2026-02-12 09:52:45,3.3,89,13610,13829.10,13410,1.470,16676,1.377,0.94,2.278,-0.367,0,-0.036,Trailing,"ORB5 고가 13,600 돌파 (범위 8.4%)","1차 분할 익절 +2.0% / 트레일링 (13,750)",10.20,1.25,0.702,155.6,0.819,3.48,1,49,1.5,4.0,1.5,1.2,False
000270#261-20260211150000,000270,기아,종가베팅,FullAuto,Paper,Backtest,2026-02-11 15:00:00,2026-02-11 15:00:00,2026-02-12 10:00:00,1140,3,161800,162700,157000,2.967,1579,0.325,0.11,0.865,-0.680,0,-0.061,NextDayDeadline,"종가베팅: 등락 +4.1%, 고저범위 97% 위치, VWAP 159,553 위",익일 청산 시각 10:00,4.12,1.41,0.973,606.7,0.190,0.35,1,360,3,5,2.5,1.5,True
032820#265-20260212100122,032820,우리기술,ORB,FullAuto,Paper,Backtest,2026-02-12 10:01:22,2026-02-12 10:01:22,2026-02-12 10:05:30,4.1,89,13630,13844.27,13430,1.467,16241,1.339,0.91,2.421,0,0,-0.072,Trailing,"ORB5 고가 13,600 돌파 (범위 8.4%)","1차 분할 익절 +2.0% / 트레일링 (13,790)",10.36,1.19,0.715,159.5,1.022,1.63,1,61,1.5,4.0,1.5,1.2,False
047050#276-20260212141400,047050,포스코인터내셔널,VWAP눌림,FullAuto,Paper,Backtest,2026-02-12 14:14:00,2026-02-12 14:14:00,2026-02-12 14:20:27,6.5,18,68900,67900,68000,1.306,-20813,-1.678,-1.28,0.581,-1.451,0,-0.147,StopLoss,"VWAP 68,240 재돌파, 직전봉 고가 68,600 돌파","손절 (68,000)",6.49,0.97,0.681,154.4,1.275,0.21,1,314,1.5,4.0,1.5,1.2,False
352820#281-20260213090717,352820,하이브,ORB,FullAuto,Paper,Backtest,2026-02-13 09:07:17,2026-02-13 09:07:17,2026-02-13 09:09:30,2.2,3,399000,400000,393500,1.378,241,0.020,0.01,1.629,0,0,-0.125,Trailing,"ORB5 고가 398,000 돌파 (범위 5.6%)","트레일링 (400,500)",5.42,1.49,1,284.3,1.429,3.89,1,7,1.5,4.0,1.5,1.2,False
005930#279-20260212150000,005930,삼성전자,종가베팅,FullAuto,Paper,Backtest,2026-02-12 15:00:00,2026-02-12 15:00:00,2026-02-13 09:26:25,1106.4,3,178100,181533.33,172800,2.976,9051,1.694,0.57,3.537,-0.056,0,-0.055,Trailing,"종가베팅: 등락 +6.8%, 고저범위 84% 위치, VWAP 175,751 위","1차 분할 익절 +2% / 트레일링 (181,600)",6.77,1.34,0.842,448.1,0.160,0.99,1,360,3,5,2.5,1.5,True
352820#281-20260213092130,352820,하이브,ORB,FullAuto,Paper,Backtest,2026-02-13 09:21:30,2026-02-13 09:21:30,2026-02-13 09:41:30,20,3,398500,395000,393000,1.380,-13226,-1.106,-0.80,0.376,-1.255,0,0,TimeStop,"ORB5 고가 398,000 돌파 (범위 5.6%)",타임스탑 20분,5.28,0.76,0.754,228.1,0.896,1.50,1,22,1.5,4.0,1.5,1.2,False
051910#280-20260212150000,051910,LG화학,종가베팅,FullAuto,Paper,Backtest,2026-02-12 15:00:00,2026-02-12 15:00:00,2026-02-13 09:50:30,1130.5,1,337000,327000,327000,2.967,-10753,-3.191,-1.08,0,-2.967,0,0,StopLoss,"종가베팅: 등락 +4.2%, 고저범위 78% 위치, VWAP 334,336 위","손절 (327,000)",4.18,0.65,0.781,708.7,0.202,0.62,1,360,3,5,2.5,1.5,True
018880#286-20260213101500,018880,한온시스템,VWAP눌림,FullAuto,Paper,Backtest,2026-02-13 10:15:00,2026-02-13 10:15:00,2026-02-13 10:21:30,6.5,339,4730,4745,4680,1.057,1387,0.086,0.08,1.163,0,0,0,BreakEven,"VWAP 4,680 재돌파, 직전봉 고가 4,720 돌파","본절 (4,745)",7.74,1.06,0.824,229.6,0.748,1.15,1,75,1.5,4.0,1.5,1.2,False
018880#286-20260213102900,018880,한온시스템,VWAP눌림,FullAuto,Paper,Backtest,2026-02-13 10:29:00,2026-02-13 10:29:00,2026-02-13 10:34:30,5.5,425,4700,4715,4670,0.638,1769,0.089,0.14,0.851,-0.532,0,0,BreakEven,"VWAP 4,684 재돌파, 직전봉 고가 4,695 돌파","본절 (4,715)",6.95,0.24,0.755,230.8,0.517,0.90,1,89,1.5,4.0,1.5,1.2,False
001270#287-20260213110100,001270,부국증권,VWAP눌림,FullAuto,Paper,Backtest,2026-02-13 11:01:00,2026-02-13 11:01:00,2026-02-13 11:01:30,0.5,23,85100,84800,84800,0.353,-11385,-0.582,-1.65,0,-0.353,0,0,StopLoss,"VWAP 85,077 재돌파, 직전봉 고가 85,000 돌파","손절 (84,800)",2.91,-0.09,0.467,301.8,0.483,1.23,1,121,1.5,4.0,1.5,1.2,False
001270#287-20260213111600,001270,부국증권,VWAP눌림,FullAuto,Paper,Backtest,2026-02-13 11:16:00,2026-02-13 11:16:00,2026-02-13 11:33:30,17.5,18,85900,86100,85000,1.048,38,0.002,0.00,1.281,-0.698,0,0,BreakEven,"VWAP 85,134 재돌파, 직전봉 고가 85,200 돌파","본절 (86,100)",4.00,0.90,0.617,357.1,0.565,1.84,1,136,1.5,4.0,1.5,1.2,False
001270#287-20260213124900,001270,부국증권,VWAP눌림,FullAuto,Paper,Backtest,2026-02-13 12:49:00,2026-02-13 12:49:00,2026-02-13 12:49:30,0.5,23,85800,85100,85100,0.816,-20603,-1.044,-1.28,0,-0.816,0,0,StopLoss,"VWAP 85,425 재돌파, 직전봉 고가 85,600 돌파","손절 (85,100)",3.75,0.32,0.583,336.8,0.375,0.31,1,229,1.5,4.0,1.5,1.2,False
034020#288-20260213142300,034020,두산에너빌리티,VWAP눌림,FullAuto,Paper,Backtest,2026-02-13 14:23:00,2026-02-13 14:23:00,2026-02-13 14:25:25,2.4,20,98500,97900.00,97900,0.609,-16504,-0.838,-1.38,0,-0.609,0,0.000,StopLoss,"VWAP 97,729 재돌파, 직전봉 고가 98,300 돌파","손절 (97,900)",3.58,0.69,0.758,462.2,0.232,0.56,1,323,1.5,4.0,1.5,1.2,False
221800#290-20260213150917,221800,지구홀딩스,종가베팅,FullAuto,Paper,Backtest,2026-02-13 15:09:17,2026-02-13 15:09:17,2026-02-19 09:01:00,8271.7,46,13080,14660,12690,2.982,71141,11.824,3.97,12.156,0,0,-0.068,TakeProfit,"종가베팅: 등락 +15.9%, 고저범위 80% 위치, VWAP 11,919 위",목표 익절 +5%,15.85,9.74,0.797,170.7,1.398,19.51,1,369,3,5,2.5,1.5,True
003530#291-20260219090727,003530,한화투자증권,ORB,FullAuto,Paper,Backtest,2026-02-19 09:07:27,2026-02-19 09:07:27,2026-02-19 09:08:25,1,144,8170,8050.00,8050,1.469,-19947,-1.695,-1.15,0.245,-1.469,0,0.000,StopLoss,"ORB5 고가 8,160 돌파 (범위 3.3%)","손절 (8,050)",11.01,1.17,1,231.0,1.812,1.35,1,7,1.5,4.0,1.5,1.2,False
009150#292-20260219090625,009150,삼성전기,ORB,FullAuto,Paper,Backtest,2026-02-19 09:06:25,2026-02-19 09:06:25,2026-02-19 09:12:27,6,3,346000,349833.33,341000,1.445,9091,0.876,0.61,2.023,-0.145,0,-0.047,Trailing,"ORB5 고가 345,500 돌파 (범위 7.6%)","1차 분할 익절 +2.0% / 트레일링 (348,500)",10.72,2.27,1,268.1,1.626,1.43,1,6,1.5,4.0,1.5,1.2,False
018880#295-20260219101800,018880,한온시스템,VWAP눌림,FullAuto,Paper,Backtest,2026-02-19 10:18:00,2026-02-19 10:18:00,2026-02-19 10:21:22,3.4,422,4725,4740.0,4690,0.741,1731,0.087,0.12,0.952,-0.106,0,0.0,BreakEven,"VWAP 4,710 재돌파, 직전봉 고가 4,705 돌파","본절 (4,740)",5.94,0.33,0.690,256.7,0.378,0.88,1,78,1.5,4.0,1.5,1.2,False
034220#301-20260220090520,034220,LG디스플레이,ORB,FullAuto,Paper,Backtest,2026-02-20 09:05:20,2026-02-20 09:05:20,2026-02-20 09:07:25,2.1,89,13380,13786.63,13180,1.495,33375,2.803,1.88,4.185,0,0,-0.072,TakeProfit,"ORB5 고가 13,350 돌파 (범위 5.5%)",1차 분할 익절 +2.0% / 목표 익절 +4.0%,8.96,2.22,1,219.3,1.470,1.82,1,5,1.5,4.0,1.5,1.2,False
024060#300-20260220091000,024060,흥구석유,ORB,FullAuto,Paper,Backtest,2026-02-20 09:10:00,2026-02-20 09:10:00,2026-02-20 09:11:27,1.5,66,18000,17700,17730,1.500,-22489,-1.893,-1.26,0.389,-1.667,0,-0.169,StopLoss,"ORB5 고가 17,970 돌파 (범위 6.9%)","손절 (17,730)",17.50,2.25,0.861,129.2,2.654,0.72,1,10,1.5,4.0,1.5,1.2,False
024060#300-20260220091727,024060,흥구석유,ORB,FullAuto,Paper,Backtest,2026-02-20 09:17:27,2026-02-20 09:17:27,2026-02-20 09:29:25,12,66,18040,17760,17770,1.497,-21177,-1.779,-1.19,1.386,-1.552,0,-0.056,StopLoss,"ORB5 고가 17,970 돌파 (범위 6.9%)","손절 (17,770)",17.83,2.41,0.898,137.0,1.794,2.63,1,17,1.5,4.0,1.5,1.2,False
298380#298-20260219150000,298380,에이비엘바이오,종가베팅,FullAuto,Paper,Backtest,2026-02-19 15:00:00,2026-02-19 15:00:00,2026-02-20 10:00:00,1140,3,194900,191600,189100,2.976,-11222,-1.919,-0.64,0.051,-2.258,0,0,NextDayDeadline,"종가베팅: 등락 +6.0%, 고저범위 97% 위치, VWAP 191,833 위",익일 청산 시각 10:00,5.98,1.55,0.967,292.5,0.136,0.89,1,360,3,5,2.5,1.5,True
352820#299-20260219150000,352820,하이브,종가베팅,FullAuto,Paper,Backtest,2026-02-19 15:00:00,2026-02-19 15:00:00,2026-02-20 10:00:00,1140,1,404500,401000,392500,2.967,-4422,-1.093,-0.37,0.124,-1.483,0,-0.125,NextDayDeadline,"종가베팅: 등락 +3.6%, 고저범위 97% 위치, VWAP 400,859 위",익일 청산 시각 10:00,3.59,0.91,0.966,1176.6,0.141,0.61,1,360,3,5,2.5,1.5,True
000880#306-20260220104400,000880,한화,VWAP눌림,FullAuto,Paper,Backtest,2026-02-20 10:44:00,2026-02-20 10:44:00,2026-02-20 10:56:32,12.5,13,151143,150000,150000,0.756,-19345,-0.985,-1.30,0.104,-0.756,0,0,StopLoss,"VWAP 149,969 재돌파, 직전봉 고가 150,800 돌파","손절 (150,000)",5.09,0.78,0.722,232.6,0.299,1.41,2,104,1.5,4.0,1.5,1.2,False
000880#306-20260220141100,000880,한화,VWAP눌림,FullAuto,Paper,Backtest,2026-02-20 14:11:00,2026-02-20 14:11:00,2026-02-20 14:13:30,2.5,13,151503,150783,150800,0.464,-13869,-0.704,-1.52,0.262,-0.475,0,-0.011,StopLoss,"VWAP 151,001 재돌파, 직전봉 고가 151,400 돌파","손절 (150,800)",5.34,0.33,0.600,227.9,0.294,1.03,2,311,1.5,4.0,1.5,1.2,False
034730#310-20260220150000,034730,SK,종가베팅,FullAuto,Paper,Backtest,2026-02-20 15:00:00,2026-02-20 15:00:00,2026-02-23 09:01:30,3961.5,1,380000,387500,369000,2.895,6610,1.739,0.60,3.816,-0.132,0,-0.257,Trailing,"종가베팅: 등락 +6.9%, 고저범위 93% 위치, VWAP 375,448 위","트레일링 (388,500)",6.89,1.21,0.927,506.0,0.226,0.62,1,360,3,5,2.5,1.5,True
006340#314-20260223090622,006340,대원전선,ORB,FullAuto,Paper,Backtest,2026-02-23 09:06:22,2026-02-23 09:06:22,2026-02-23 09:08:22,2,247,4800,4882.45,4730,1.458,17597,1.484,1.02,3.021,0,0,-0.205,Trailing,"ORB5 고가 4,775 돌파 (범위 9.9%)","1차 분할 익절 +2.0% / 트레일링 (4,885)",14.70,4.89,1,177.7,3.472,2.47,1,6,1.5,4.0,1.5,1.2,False
009540#311-20260220150900,009540,HD한국조선해양,종가베팅,FullAuto,Paper,Backtest,2026-02-20 15:09:00,2026-02-20 15:09:00,2026-02-23 10:00:00,4011,1,451500,454500,438000,2.990,1956,0.433,0.14,1.661,-0.886,0,-0.110,NextDayDeadline,"종가베팅: 등락 +7.3%, 고저범위 97% 위치, VWAP 440,099 위",익일 청산 시각 10:00,7.25,2.48,0.972,564.3,0.245,0.47,1,369,3,5,2.5,1.5,True
456160#317-20260223150000,456160,지투지바이오,종가베팅,FullAuto,Paper,Backtest,2026-02-23 15:00:00,2026-02-23 15:00:00,2026-02-24 09:02:25,1082.4,6,99350,101450.00,96400,2.969,11205,1.880,0.63,3.070,-2.365,0,-0.050,Trailing,"종가베팅: 등락 +10.9%, 고저범위 80% 위치, VWAP 97,071 위","1차 분할 익절 +2% / 트레일링 (100,800)",10.88,2.35,0.799,249.0,0.367,0.28,2,360,3,5,2.5,1.5,True
032820#319-20260224090525,032820,우리기술,ORB,FullAuto,Paper,Backtest,2026-02-24 09:05:25,2026-02-24 09:05:25,2026-02-24 09:06:22,1,66,18570,18270,18300,1.454,-22574,-1.842,-1.27,0.431,-1.616,0,-0.164,StopLoss,"ORB5 고가 18,540 돌파 (범위 7.5%)","손절 (18,300)",9.69,3.44,1,205.3,2.621,1.73,1,5,1.5,4.0,1.5,1.2,False
006400#320-20260224090515,006400,삼성SDI,ORB,FullAuto,Paper,Backtest,2026-02-24 09:05:15,2026-02-24 09:05:15,2026-02-24 09:06:30,1.2,2,418000,412000,412000,1.435,-13896,-1.662,-1.16,0,-1.435,0,0,StopLoss,"ORB5 고가 417,500 돌파 (범위 5.0%)","손절 (412,000)",6.23,2.07,1,289.2,1.356,1.66,1,5,1.5,4.0,1.5,1.2,False
066970#321-20260224090522,066970,엘앤에프,ORB,FullAuto,Paper,Backtest,2026-02-24 09:05:22,2026-02-24 09:05:22,2026-02-24 09:07:27,2.1,9,122600,120600,120800,1.468,-20497,-1.858,-1.27,1.142,-1.631,0,-0.166,StopLoss,"ORB5 고가 122,300 돌파 (범위 5.9%)","손절 (120,800)",6.42,1.72,1,339.8,1.903,1.96,1,5,1.5,4.0,1.5,1.2,False
007660#318-20260223150100,007660,이수페타시스,종가베팅,FullAuto,Paper,Backtest,2026-02-23 15:01:00,2026-02-23 15:01:00,2026-02-24 09:10:25,1089.4,5,106400,108140,103300,2.914,7461,1.402,0.48,2.820,-0.094,0,-0.037,Trailing,"종가베팅: 등락 +5.3%, 고저범위 91% 위치, VWAP 104,124 위","1차 분할 익절 +2% / 트레일링 (107,700)",5.35,2.19,0.913,513.6,0.302,0.83,1,361,3,5,2.5,1.5,True
006400#320-20260224092427,006400,삼성SDI,ORB,FullAuto,Paper,Backtest,2026-02-24 09:24:27,2026-02-24 09:24:27,2026-02-24 10:12:27,48,2,418000,423750,412000,1.435,9555,1.143,0.80,2.153,-1.196,0,-0.059,Trailing,"ORB5 고가 417,500 돌파 (범위 5.0%)","1차 분할 익절 +2.0% / 트레일링 (421,500)",6.23,1.62,1,248.4,0.739,9.20,1,24,1.5,4.0,1.5,1.2,False
066970#321-20260224093825,066970,엘앤에프,ORB,FullAuto,Paper,Backtest,2026-02-24 09:38:25,2026-02-24 09:38:25,2026-02-24 11:06:30,88.1,9,122500,126288.89,120700,1.469,31494,2.857,1.94,4.082,-0.735,0,-0.079,TakeProfit,"ORB5 고가 122,300 돌파 (범위 5.9%)",1차 분할 익절 +2.0% / 목표 익절 +4.0%,6.34,1.41,0.824,214.2,0.554,4.44,1,38,1.5,4.0,1.5,1.2,False
006400#320-20260224132822,006400,삼성SDI,ORB,FullAuto,Paper,Backtest,2026-02-24 13:28:22,2026-02-24 13:28:22,2026-02-24 14:50:00,81.6,2,418000,420500,412000,1.435,3067,0.367,0.26,0.837,-0.239,0,-0.119,ForceClose,"ORB5 고가 417,500 돌파 (범위 5.0%)",장마감 강제청산,6.23,0.08,0.695,325.7,0.308,4.42,1,268,1.5,4.0,1.5,1.2,False
047040#322-20260224150000,047040,대우건설,종가베팅,FullAuto,Paper,Backtest,2026-02-24 15:00:00,2026-02-24 15:00:00,2026-02-25 09:02:10,1082.2,74,8030,8265,7790,2.989,15990,2.691,0.90,5.230,-0.872,0,-0.121,Trailing,"종가베팅: 등락 +7.1%, 고저범위 82% 위치, VWAP 7,817 위","1차 분할 익절 +2% / 트레일링 (8,280)",7.07,2.73,0.817,339.9,1.023,0.34,1,360,3,5,2.5,1.5,True
047040#325-20260225090807,047040,대우건설,ORB,FullAuto,Paper,Backtest,2026-02-25 09:08:07,2026-02-25 09:08:07,2026-02-25 09:08:27,0.3,133,8980,8830,8850,1.448,-22653,-1.897,-1.31,0.891,-1.670,0,-0.226,StopLoss,"ORB5 고가 8,950 돌파 (범위 9.1%)","손절 (8,850)",10.73,2.45,0.848,185.6,2.940,2.25,1,8,1.5,4.0,1.5,1.2,False
000270#326-20260225090525,000270,기아,ORB,FullAuto,Paper,Backtest,2026-02-25 09:05:25,2026-02-25 09:05:25,2026-02-25 09:10:27,5,6,184300,187350,181600,1.465,15722,1.422,0.97,2.604,-0.326,0,-0.080,Trailing,"ORB5 고가 184,100 돌파 (범위 5.3%)","1차 분할 익절 +2.0% / 트레일링 (186,800)",5.62,2.49,1,206.5,1.528,1.61,1,5,1.5,4.0,1.5,1.2,False
103590#327-20260225091127,103590,일진전기,ORB,FullAuto,Paper,Backtest,2026-02-25 09:11:27,2026-02-25 09:11:27,2026-02-25 09:13:30,2,12,97100,95500,95700,1.442,-21837,-1.874,-1.30,0.927,-1.648,0,-0.209,StopLoss,"ORB5 고가 96,700 돌파 (범위 6.1%)","손절 (95,700)",17.41,3.71,1,192.4,2.254,4.38,1,11,1.5,4.0,1.5,1.2,False
051910#324-20260224150300,051910,LG화학,종가베팅,FullAuto,Paper,Backtest,2026-02-24 15:03:00,2026-02-24 15:03:00,2026-02-25 10:00:00,1137,1,351000,363500,340500,2.991,11667,3.324,1.11,4.131,-0.997,0,-0.137,NextDayDeadline,"종가베팅: 등락 +5.2%, 고저범위 97% 위치, VWAP 345,204 위",익일 청산 시각 10:00,5.25,1.68,0.972,810.0,0.204,1.36,1,363,3,5,2.5,1.5,True
047040#325-20260225112527,047040,대우건설,ORB,FullAuto,Paper,Backtest,2026-02-25 11:25:27,2026-02-25 11:25:27,2026-02-25 11:29:27,4,133,8970,8830,8840,1.449,-21322,-1.787,-1.23,0.892,-1.561,0,-0.113,StopLoss,"ORB5 고가 8,950 돌파 (범위 9.1%)","손절 (8,840)",10.60,2.89,0.837,211.3,0.581,3.92,1,145,1.5,4.0,1.5,1.2,False
226950#330-20260225150000,226950,올릭스,종가베팅,FullAuto,Paper,Backtest,2026-02-25 15:00:00,2026-02-25 15:00:00,2026-02-26 09:01:00,1081,3,165200,159600,160300,2.966,-17902,-3.612,-1.22,0.847,-3.329,0,-0.437,StopLoss,"종가베팅: 등락 +13.7%, 고저범위 94% 위치, VWAP 158,714 위","손절 (160,300)",13.70,4.09,0.938,354.7,0.463,0.42,1,360,3,5,2.5,1.5,True
066570#333-20260226090920,066570,LG전자,ORB,FullAuto,Paper,Backtest,2026-02-26 09:09:20,2026-02-26 09:09:20,2026-02-26 09:42:22,33,8,146000,143800,143900,1.438,-20247,-1.733,-1.21,0.890,-1.507,0,-0.069,StopLoss,"ORB5 고가 145,800 돌파 (범위 3.8%)","손절 (143,900)",9.53,1.64,1,172.2,1.282,2.89,1,9,1.5,4.0,1.5,1.2,False
000270#332-20260225151217,000270,기아,종가베팅,FullAuto,Paper,Backtest,2026-02-25 15:12:17,2026-02-25 15:12:17,2026-02-26 10:00:00,1127.7,3,196700,199366.67,190800,2.999,6627,1.123,0.37,2.186,-1.322,0,-0.116,NextDayDeadline,"종가베팅: 등락 +12.7%, 고저범위 87% 위치, VWAP 194,593 위",1차 분할 익절 +2% / 익일 청산 시각 10:00,12.72,1.08,0.872,228.8,0.143,1.15,1,372,3,5,2.5,1.5,True
066570#333-20260226095415,066570,LG전자,ORB,FullAuto,Paper,Backtest,2026-02-26 09:54:15,2026-02-26 09:54:15,2026-02-26 10:06:30,12.2,8,145900,143700,143800,1.439,-20246,-1.735,-1.21,0.069,-1.508,0,-0.070,StopLoss,"ORB5 고가 145,800 돌파 (범위 3.8%)","손절 (143,800)",9.45,0.77,0.794,167.1,0.661,1.36,1,54,1.5,4.0,1.5,1.2,False
080220#338-20260226101100,080220,제주반도체,VWAP눌림,FullAuto,Paper,Backtest,2026-02-26 10:11:00,2026-02-26 10:11:00,2026-02-26 10:21:27,10.5,37,46250,46400,45800,0.973,1604,0.094,0.10,1.405,-0.757,0,0,BreakEven,"VWAP 46,104 재돌파, 직전봉 고가 46,100 돌파","본절 (46,400)",6.21,0.21,0.647,220.3,0.758,0.58,1,71,1.5,4.0,1.5,1.2,False
003530#337-20260226102500,003530,한화투자증권,VWAP눌림,FullAuto,Paper,Backtest,2026-02-26 10:25:00,2026-02-26 10:25:00,2026-02-26 10:25:25,0.4,103,9210,9040.00,9040,1.846,-19653,-2.072,-1.12,0.326,-1.846,0,0.000,StopLoss,"VWAP 9,077 재돌파, 직전봉 고가 9,140 돌파","손절 (9,040)",12.20,1.35,0.698,164.3,1.211,1.05,1,85,1.5,4.0,1.5,1.2,False
080220#338-20260226103600,080220,제주반도체,VWAP눌림,FullAuto,Paper,Backtest,2026-02-26 10:36:00,2026-02-26 10:36:00,2026-02-26 10:56:00,20,30,46250,46275,45700,1.189,-2442,-0.176,-0.15,0.541,-0.541,0,-0.108,TimeStop,"VWAP 46,126 재돌파, 직전봉 고가 45,950 돌파",타임스탑 20분,6.32,0.27,0.662,227.8,0.486,0.76,1,96,1.5,4.0,1.5,1.2,False
080220#338-20260226111800,080220,제주반도체,VWAP눌림,FullAuto,Paper,Backtest,2026-02-26 11:18:00,2026-02-26 11:18:00,2026-02-26 11:33:25,15.4,43,46400,46550.00,46150,0.539,1848,0.093,0.17,0.539,-0.431,0,0.000,BreakEven,"VWAP 46,158 재돌파, 직전봉 고가 46,300 돌파","본절 (46,550)",6.67,0.53,0.706,239.9,0.316,0.84,1,138,1.5,4.0,1.5,1.2,False
052690#346-20260227090522,052690,한전기술,ORB,FullAuto,Paper,Backtest,2026-02-27 09:05:22,2026-02-27 09:05:22,2026-02-27 09:06:27,1.1,6,190300,187500,187500,1.471,-19389,-1.698,-1.15,0.893,-1.471,0,0,StopLoss,"ORB5 고가 189,800 돌파 (범위 4.9%)","손절 (187,500)",11.03,2.46,1,143.0,2.137,3.16,1,5,1.5,4.0,1.5,1.2,False
034020#344-20260227090925,034020,두산에너빌리티,ORB,FullAuto,Paper,Backtest,2026-02-27 09:09:25,2026-02-27 09:09:25,2026-02-27 09:26:22,17,10,109400,107800,107800,1.463,-18481,-1.689,-1.16,0.731,-1.463,0,0,StopLoss,"ORB5 고가 109,300 돌파 (범위 3.6%)","손절 (107,800)",5.19,1.14,1,239.9,1.032,2.09,1,9,1.5,4.0,1.5,1.2,False
051910#348-20260227113800,051910,LG화학,VWAP눌림,FullAuto,Paper,Backtest,2026-02-27 11:38:00,2026-02-27 11:38:00,2026-02-27 11:40:15,2.2,4,415000,412000,412000,0.723,-15792,-0.951,-1.32,0,-0.723,0,0,StopLoss,"VWAP 411,801 재돌파, 직전봉 고가 414,000 돌파","손절 (412,000)",6.42,0.66,0.779,306.9,0.422,1.17,1,158,1.5,4.0,1.5,1.2,False
051910#348-20260227124200,051910,LG화학,VWAP눌림,FullAuto,Paper,Backtest,2026-02-27 12:42:00,2026-02-27 12:42:00,2026-02-27 13:03:30,21.5,4,415000,416000,412500,0.602,174,0.010,0.02,0.723,-0.241,0,0,BreakEven,"VWAP 412,049 재돌파, 직전봉 고가 413,500 돌파","본절 (416,000)",6.42,0.59,0.779,316.9,0.267,1.64,1,222,1.5,4.0,1.5,1.2,False
051910#349-20260227150000,051910,LG화학,종가베팅,FullAuto,Paper,Backtest,2026-02-27 15:00:00,2026-02-27 15:00:00,2026-03-03 09:01:00,5401,1,418750,401500,406000,3.045,-18175,-4.340,-1.43,0,-4.00,0,-1.108,StopLoss,"종가베팅: 등락 +7.4%, 고저범위 87% 위치, VWAP 413,174 위","손절 (406,000)",7.38,1.23,0.866,347.7,0.213,1.23,2,360,3,5,2.5,1.5,True
322000#351-20260303090525,322000,HD현대에너지솔루션,ORB,FullAuto,Paper,Backtest,2026-03-03 09:05:25,2026-03-03 09:05:25,2026-03-03 09:06:25,1,10,110300,108600,108700,1.451,-19499,-1.768,-1.22,1.269,-1.541,0,-0.092,StopLoss,"ORB5 고가 110,000 돌파 (범위 4.7%)","손절 (108,700)",6.06,2.38,1,259.6,2.690,1.33,1,5,1.5,4.0,1.5,1.2,False
010170#353-20260303090505,010170,대한광통신,ORB,FullAuto,Paper,Backtest,2026-03-03 09:05:05,2026-03-03 09:05:05,2026-03-03 09:07:30,2.4,244,4760,4857.5,4690,1.471,21070,1.814,1.23,2.731,-1.261,0,-0.051,Trailing,"ORB5 고가 4,755 돌파 (범위 9.9%)","1차 분할 익절 +2.0% / 트레일링 (4,830)",10.83,3.12,1,151.8,2.784,0.86,1,5,1.5,4.0,1.5,1.2,False
322000#351-20260303094530,322000,HD현대에너지솔루션,ORB,FullAuto,Paper,Backtest,2026-03-03 09:45:30,2026-03-03 09:45:30,2026-03-03 09:46:30,1,10,110600,109000,109000,1.447,-18508,-1.673,-1.16,0.181,-1.447,0,0,StopLoss,"ORB5 고가 110,000 돌파 (범위 4.7%)","손절 (109,000)",6.35,4.62,0.911,165.4,0.801,13.87,1,46,1.5,4.0,1.5,1.2,False
032820#356-20260303110500,032820,우리기술,VWAP눌림,FullAuto,Paper,Backtest,2026-03-03 11:05:00,2026-03-03 11:05:00,2026-03-03 11:18:17,13.3,107,17450,17290,17290,0.917,-21377,-1.145,-1.25,0.344,-0.917,0,0,StopLoss,"VWAP 17,347 재돌파, 직전봉 고가 17,430 돌파","손절 (17,290)",1.93,0.54,0.746,205.9,0.381,1.22,1,125,1.5,4.0,1.5,1.2,False
032820#356-20260303112500,032820,우리기술,VWAP눌림,FullAuto,Paper,Backtest,2026-03-03 11:25:00,2026-03-03 11:25:00,2026-03-03 11:45:00,20,61,17480,17320,17190,1.659,-12190,-1.143,-0.69,0,-1.030,0,0,TimeStop,"VWAP 17,345 재돌파, 직전봉 고가 17,340 돌파",타임스탑 20분,2.10,0.72,0.758,203.6,0.482,0.68,1,145,1.5,4.0,1.5,1.2,False
032820#356-20260303130100,032820,우리기술,VWAP눌림,FullAuto,Paper,Backtest,2026-03-03 13:01:00,2026-03-03 13:01:00,2026-03-03 13:21:00,20,70,17310,17230,17060,1.444,-8373,-0.691,-0.48,0.578,-0.751,0,-0.058,TimeStop,"VWAP 17,303 재돌파, 직전봉 고가 17,300 돌파",타임스탑 20분,1.17,0.04,0.696,231.3,0.196,1.12,1,241,1.5,4.0,1.5,1.2,False
103140#358-20260304090527,103140,풍산,ORB,FullAuto,Paper,Backtest,2026-03-04 09:05:27,2026-03-04 09:05:27,2026-03-04 09:06:22,0.9,7,158400,156100.0,156100,1.452,-18614,-1.679,-1.16,0.505,-1.452,0,0.0,StopLoss,"ORB5 고가 158,300 돌파 (범위 4.8%)","손절 (156,100)",11.94,1.73,1,148.2,2.462,2.52,1,5,1.5,4.0,1.5,1.2,False
128820#360-20260304090520,128820,대성산업,ORB,FullAuto,Paper,Backtest,2026-03-04 09:05:20,2026-03-04 09:05:20,2026-03-04 09:08:20,3,101,11610,11996.34,11440,1.464,36242,3.091,2.11,4.565,0,0,-0.083,TakeProfit,"ORB5 고가 11,600 돌파 (범위 6.7%)",1차 분할 익절 +2.0% / 목표 익절 +4.0%,6.81,2.68,1,174.0,3.302,1.72,1,5,1.5,4.0,1.5,1.2,False
128820#360-20260304102825,128820,대성산업,ORB,FullAuto,Paper,Backtest,2026-03-04 10:28:25,2026-03-04 10:28:25,2026-03-04 10:30:20,1.9,101,11650,11809.21,11480,1.459,13341,1.134,0.78,2.146,0,0,-0.128,Trailing,"ORB5 고가 11,600 돌파 (범위 6.7%)","1차 분할 익절 +2.0% / 트레일링 (11,750)",7.18,3.90,0.615,160.3,2.060,4.99,1,88,1.5,4.0,1.5,1.2,False
128820#360-20260304104025,128820,대성산업,ORB,FullAuto,Paper,Backtest,2026-03-04 10:40:25,2026-03-04 10:40:25,2026-03-04 10:41:30,1.1,101,11620,12000.99,11450,1.463,35700,3.042,2.08,4.217,-0.861,0,-0.083,TakeProfit,"ORB5 고가 11,600 돌파 (범위 6.7%)",1차 분할 익절 +2.0% / 목표 익절 +4.0%,6.90,3.08,0.607,157.5,2.115,1.43,1,100,1.5,4.0,1.5,1.2,False
010950#362-20260304121900,010950,S-Oil,VWAP눌림,FullAuto,Paper,Backtest,2026-03-04 12:19:00,2026-03-04 12:19:00,2026-03-04 12:21:20,2.3,5,158700,161080,155500,2.016,10052,1.267,0.63,2.457,-0.315,0,-0.025,Trailing,"VWAP 156,443 재돌파, 직전봉 고가 157,400 돌파","1차 분할 익절 +2.0% / 트레일링 (160,600)",10.98,1.44,0.670,165.3,2.327,0.48,1,199,1.5,4.0,1.5,1.2,False
066570#364-20260305090525,066570,LG전자,ORB,FullAuto,Paper,Backtest,2026-03-05 09:05:25,2026-03-05 09:05:25,2026-03-05 09:07:30,2.1,7,120300,117700,117800,2.078,-20096,-2.386,-1.15,0.249,-2.161,0,-0.085,StopLoss,"ORB5 고가 120,200 돌파 (범위 2.0%)","손절 (117,800)",4.43,0.75,1,639.7,0.776,1.33,1,5,1.5,4.0,1.5,1.2,False
005930#365-20260305090522,005930,삼성전자,ORB,FullAuto,Paper,Backtest,2026-03-05 09:05:22,2026-03-05 09:05:22,2026-03-05 09:25:22,20,4,195500,197300,191200,2.199,5387,0.689,0.31,0.972,-1.637,0,-0.051,TimeStop,"ORB5 고가 195,300 돌파 (범위 2.1%)",타임스탑 20분,7.65,0.58,1,712.1,0.784,1.24,1,5,1.5,4.0,1.5,1.2,False
066570#364-20260305093127,066570,LG전자,ORB,FullAuto,Paper,Backtest,2026-03-05 09:31:27,2026-03-05 09:31:27,2026-03-05 09:51:27,20,7,120300,119600,117800,2.078,-6825,-0.810,-0.39,0.333,-1.829,0,-0.084,TimeStop,"ORB5 고가 120,200 돌파 (범위 2.0%)",타임스탑 20분,4.43,0.94,0.897,264.4,0.321,3.62,1,31,1.5,4.0,1.5,1.2,False
086520#373-20260305150000,086520,에코프로,종가베팅,FullAuto,Paper,Backtest,2026-03-05 15:00:00,2026-03-05 15:00:00,2026-03-05 15:10:25,10.4,3,167900,162800,162900,2.978,-16424,-3.261,-1.09,0.119,-3.038,0,-0.061,StopLoss,"종가베팅: 등락 +16.4%, 고저범위 94% 위치, VWAP 159,745 위","손절 (162,900)",16.45,5.04,0.943,196.3,0.430,1.00,1,360,3,5,2.5,1.5,True
010950#375-20260305150100,010950,S-Oil,종가베팅,FullAuto,Paper,Backtest,2026-03-05 15:01:00,2026-03-05 15:01:00,2026-03-06 09:01:00,1080,4,131500,141700,127600,2.966,39504,7.510,2.53,7.757,-0.989,0,0,TakeProfit,"종가베팅: 등락 +11.0%, 고저범위 91% 위치, VWAP 126,372 위",목표 익절 +5%,10.98,3.98,0.911,227.2,0.484,1.90,1,361,3,5,2.5,1.5,True
322000#378-20260306090522,322000,HD현대에너지솔루션,ORB,FullAuto,Paper,Backtest,2026-03-06 09:05:22,2026-03-06 09:05:22,2026-03-06 09:08:25,3,12,99800,101800,98400,1.403,21198,1.770,1.26,3.507,0,0,-0.147,Trailing,"ORB5 고가 99,100 돌파 (범위 7.3%)","1차 분할 익절 +2.0% / 트레일링 (102,000)",10.77,3.37,1,195.6,3.440,1.73,1,5,1.5,4.0,1.5,1.2,False
032820#377-20260306092425,032820,우리기술,ORB,FullAuto,Paper,Backtest,2026-03-06 09:24:25,2026-03-06 09:24:25,2026-03-06 09:25:30,1.1,65,18010,17740,17740,1.499,-20203,-1.726,-1.15,0.777,-1.499,0,0,StopLoss,"ORB5 고가 17,980 돌파 (범위 5.6%)","손절 (17,740)",8.62,2.98,1,139.2,1.249,8.20,1,24,1.5,4.0,1.5,1.2,False
032820#377-20260306094217,032820,우리기술,ORB,FullAuto,Paper,Backtest,2026-03-06 09:42:17,2026-03-06 09:42:17,2026-03-06 09:49:30,7.2,65,18020,18582.46,17750,1.498,33791,2.885,1.93,4.051,-0.166,0,-0.054,TakeProfit,"ORB5 고가 17,980 돌파 (범위 5.6%)",1차 분할 익절 +2.0% / 목표 익절 +4.0%,8.69,1.65,0.720,132.7,1.435,2.93,1,42,1.5,4.0,1.5,1.2,False
032820#377-20260306095707,032820,우리기술,ORB,FullAuto,Paper,Backtest,2026-03-06 09:57:07,2026-03-06 09:57:07,2026-03-06 09:59:30,2.4,67,17990,17700,17730,1.445,-22158,-1.838,-1.27,0.056,-1.612,0,-0.169,StopLoss,"ORB5 고가 17,980 돌파 (범위 5.6%)","손절 (17,730)",8.50,0.60,0.591,131.9,1.330,0.49,1,57,1.5,4.0,1.5,1.2,False
272210#381-20260306101327,272210,한화시스템,ORB,FullAuto,Paper,Backtest,2026-03-06 10:13:27,2026-03-06 10:13:27,2026-03-06 10:19:22,5.9,7,167000,169657.14,164500,1.497,15874,1.358,0.91,2.754,-0.479,0,-0.160,Trailing,"ORB5 고가 166,800 돌파 (범위 9.0%)","1차 분할 익절 +2.0% / 트레일링 (169,500)",10.74,4.23,1,187.3,0.569,5.16,1,73,1.5,4.0,1.5,1.2,False
001510#382-20260306133300,001510,SK증권,VWAP눌림,FullAuto,Paper,Backtest,2026-03-06 13:33:00,2026-03-06 13:33:00,2026-03-06 13:41:42,8.7,365,3820,3899.99,3775,1.178,25929,1.860,1.58,3.246,-0.157,0,-0.064,Trailing,"VWAP 3,798 재돌파, 직전봉 고가 3,810 돌파","1차 분할 익절 +2.0% / 트레일링 (3,895)",9.46,0.58,0.687,211.5,1.030,0.44,1,273,1.5,4.0,1.5,1.2,False
001510#382-20260306140100,001510,SK증권,VWAP눌림,FullAuto,Paper,Backtest,2026-03-06 14:01:00,2026-03-06 14:01:00,2026-03-06 14:10:27,9.5,365,3841,3893.44,3795,1.198,15877,1.132,0.95,2.109,-0.677,0,-0.064,Trailing,"VWAP 3,803 재돌파, 직전봉 고가 3,830 돌파","1차 분할 익절 +2.0% / 트레일링 (3,870)",9.91,0.86,0.708,204.6,0.711,0.48,2,301,1.5,4.0,1.5,1.2,False
000720#383-20260306150000,000720,현대건설,종가베팅,FullAuto,Paper,Backtest,2026-03-06 15:00:00,2026-03-06 15:00:00,2026-03-09 09:01:00,3961,3,154600,147400,150000,2.975,-22619,-4.877,-1.64,1.876,-4.657,0,-1.733,StopLoss,"종가베팅: 등락 +5.9%, 고저범위 82% 위치, VWAP 147,409 위","손절 (150,000)",5.89,4.81,0.821,227.4,0.851,2.93,1,360,3,5,2.5,1.5,True
047050#385-20260309090527,047050,포스코인터내셔널,ORB,FullAuto,Paper,Backtest,2026-03-09 09:05:27,2026-03-09 09:05:27,2026-03-09 09:06:25,1,14,83000,81500,81800,1.446,-23627,-2.033,-1.41,1.084,-1.807,0,-0.367,StopLoss,"ORB5 고가 82,800 돌파 (범위 5.7%)","손절 (81,800)",15.12,2.46,1,149.0,2.169,1.31,1,5,1.5,4.0,1.5,1.2,False
322000#387-20260309091127,322000,HD현대에너지솔루션,ORB,FullAuto,Paper,Backtest,2026-03-09 09:11:27,2026-03-09 09:11:27,2026-03-09 09:12:20,0.9,9,124200,122200,122400,1.449,-20530,-1.837,-1.27,0.483,-1.610,0,-0.163,StopLoss,"ORB5 고가 124,000 돌파 (범위 8.7%)","손절 (122,400)",6.06,4.04,1,178.7,2.791,1.22,1,11,1.5,4.0,1.5,1.2,False
024740#386-20260309091222,024740,한일단조,ORB,FullAuto,Paper,Backtest,2026-03-09 09:12:22,2026-03-09 09:12:22,2026-03-09 09:13:10,0.8,264,4610,4682.5,4545,1.410,16302,1.339,0.95,2.386,0,0,-0.160,Trailing,"ORB5 고가 4,600 돌파 (범위 9.4%)","1차 분할 익절 +2.0% / 트레일링 (4,660)",23.92,3.36,0.931,164.8,3.982,1.21,1,12,1.5,4.0,1.5,1.2,False
047050#385-20260309091237,047050,포스코인터내셔널,ORB,FullAuto,Paper,Backtest,2026-03-09 09:12:37,2026-03-09 09:12:37,2026-03-09 09:14:12,1.6,14,82900,84250,81700,1.448,16192,1.395,0.96,2.413,-0.362,0,-0.119,Trailing,"ORB5 고가 82,800 돌파 (범위 5.7%)","1차 분할 익절 +2.0% / 트레일링 (83,800)",14.98,0.98,0.687,173.6,2.376,1.24,1,13,1.5,4.0,1.5,1.2,False
034020#384-20260306150000,034020,두산에너빌리티,종가베팅,FullAuto,Paper,Backtest,2026-03-06 15:00:00,2026-03-06 15:00:00,2026-03-09 09:54:30,4014.5,6,97700,97250,94800,2.968,-4038,-0.689,-0.23,2.149,-2.968,0,-0.050,StopLoss,"종가베팅: 등락 +6.0%, 고저범위 97% 위치, VWAP 93,752 위","1차 분할 익절 +2% / 손절 (94,800)",5.97,4.21,0.968,355.7,0.417,1.29,1,360,3,5,2.5,1.5,True
043260#390-20260309150022,043260,성호전자,종가베팅,FullAuto,Paper,Backtest,2026-03-09 15:00:22,2026-03-09 15:00:22,2026-03-10 09:01:00,1080.6,15,38850,40950,37700,2.960,30093,5.164,1.74,5.534,-2.317,0,-0.122,TakeProfit,"종가베팅: 등락 +3.3%, 고저범위 98% 위치, VWAP 36,762 위",목표 익절 +5%,3.32,5.68,0.976,125.0,0.533,3.51,1,360,3,5,2.5,1.5,True
032820#392-20260310090527,032820,우리기술,ORB,FullAuto,Paper,Backtest,2026-03-10 09:05:27,2026-03-10 09:05:27,2026-03-10 09:06:12,0.8,65,18570,18300,18300,1.454,-20288,-1.681,-1.16,0.431,-1.454,0,0,StopLoss,"ORB5 고가 18,550 돌파 (범위 3.6%)","손절 (18,300)",7.34,1.86,1,148.1,2.064,2.76,1,5,1.5,4.0,1.5,1.2,False
032820#392-20260310091625,032820,우리기술,ORB,FullAuto,Paper,Backtest,2026-03-10 09:16:25,2026-03-10 09:16:25,2026-03-10 09:20:30,4.1,65,18590,19152.77,18320,1.452,33724,2.791,1.92,4.034,0,0,-0.052,TakeProfit,"ORB5 고가 18,550 돌파 (범위 3.6%)",1차 분할 익절 +2.0% / 목표 익절 +4.0%,7.46,1.20,0.767,141.6,1.610,3.67,1,16,1.5,4.0,1.5,1.2,False
034020#391-20260310091830,034020,두산에너빌리티,ORB,FullAuto,Paper,Backtest,2026-03-10 09:18:30,2026-03-10 09:18:30,2026-03-10 10:07:30,49,11,102800,103200,101300,1.459,1791,0.158,0.11,1.654,-0.292,0,0,Trailing,"ORB5 고가 102,600 돌파 (범위 2.7%)","트레일링 (103,200)",9.95,1.42,1,298.0,0.757,6.27,1,18,1.5,4.0,1.5,1.2,False
218410#396-20260310120300,218410,RFHIC,VWAP눌림,FullAuto,Paper,Backtest,2026-03-10 12:03:00,2026-03-10 12:03:00,2026-03-10 12:05:30,2.5,23,76400,75700,75700,0.916,-20106,-1.144,-1.25,0,-0.916,0,0,StopLoss,"VWAP 76,330 재돌파, 직전봉 고가 76,100 돌파","손절 (75,700)",19.03,-0.04,0.58,275.3,0.496,0.83,1,183,1.5,4.0,1.5,1.2,False
034020#391-20260310140530,034020,두산에너빌리티,ORB,FullAuto,Paper,Backtest,2026-03-10 14:05:30,2026-03-10 14:05:30,2026-03-10 14:25:30,20,6,102700,102000,99800,2.824,-5607,-0.910,-0.32,0,-0.682,0,0,TimeStop,"ORB5 고가 102,600 돌파 (범위 2.7%)",타임스탑 20분,9.84,0.02,0.569,355.4,0.250,4.50,1,306,1.5,4.0,1.5,1.2,False
089030#399-20260311090507,089030,테크윙,ORB,FullAuto,Paper,Backtest,2026-03-11 09:05:07,2026-03-11 09:05:07,2026-03-11 09:05:27,0.3,16,72500,71400,71500,1.379,-20229,-1.744,-1.26,0.414,-1.517,0,-0.140,StopLoss,"ORB5 고가 72,400 돌파 (범위 8.4%)","손절 (71,500)",8.53,3.43,1,246.0,2.621,1.57,1,5,1.5,4.0,1.5,1.2,False
001510#398-20260311090527,001510,SK증권,ORB,FullAuto,Paper,Backtest,2026-03-11 09:05:27,2026-03-11 09:05:27,2026-03-11 09:07:25,2,284,4085,4015,4025,1.469,-22505,-1.940,-1.32,1.224,-1.714,0,-0.248,StopLoss,"ORB5 고가 4,074 돌파 (범위 7.8%)","손절 (4,025)",13.98,2.93,1,198.8,2.725,2.29,1,5,1.5,4.0,1.5,1.2,False
009540#400-20260311092530,009540,HD한국조선해양,ORB,FullAuto,Paper,Backtest,2026-03-11 09:25:30,2026-03-11 09:25:30,2026-03-11 09:43:25,17.9,2,432500,433500.00,426500,1.387,7,0.001,0.00,1.503,-0.578,0,0.000,BreakEven,"ORB5 고가 432,000 돌파 (범위 6.0%)","본절 (433,500)",6.53,1.42,0.980,225.4,0.661,1.38,1,26,1.5,4.0,1.5,1.2,False
009540#400-20260311131930,009540,HD한국조선해양,ORB,FullAuto,Paper,Backtest,2026-03-11 13:19:30,2026-03-11 13:19:30,2026-03-11 13:39:30,20,2,432500,429500,426500,1.387,-7975,-0.922,-0.66,0,-0.694,0,0,TimeStop,"ORB5 고가 432,000 돌파 (범위 6.0%)",타임스탑 20분,6.53,0.95,0.794,343.5,0.239,3.05,1,260,1.5,4.0,1.5,1.2,False
010060#407-20260312101000,010060,OCI홀딩스,VWAP눌림,FullAuto,Paper,Backtest,2026-03-12 10:10:00,2026-03-12 10:10:00,2026-03-12 10:13:30,3.5,12,160800,161100,159800,0.622,-844,-0.044,-0.07,0.746,0,0,-0.062,BreakEven,"VWAP 160,613 재돌파, 직전봉 고가 160,900 돌파","본절 (161,200)",9.39,0.12,0.701,187.6,0.564,2.35,1,70,1.5,4.0,1.5,1.2,False
0009K0#409-20260312114300,0009K0,에임드바이오,VWAP눌림,FullAuto,Paper,Backtest,2026-03-12 11:43:00,2026-03-12 11:43:00,2026-03-12 11:50:27,7.5,26,68600,68000,68000,0.875,-19668,-1.103,-1.26,0,-0.875,0,0,StopLoss,"VWAP 68,024 재돌파, 직전봉 고가 68,300 돌파","손절 (68,000)",4.42,0.70,0.738,375.1,0.490,0.86,1,163,1.5,4.0,1.5,1.2,False
010060#407-20260312115600,010060,OCI홀딩스,VWAP눌림,FullAuto,Paper,Backtest,2026-03-12 11:56:00,2026-03-12 11:56:00,2026-03-12 12:13:25,17.4,12,161800,164750.00,160600,0.742,30860,1.589,2.14,2.905,-0.124,0,-0.030,Trailing,"VWAP 161,188 재돌파, 직전봉 고가 161,300 돌파","1차 분할 익절 +2.0% / 트레일링 (164,500)",10.07,0.38,0.751,196.7,0.419,0.61,1,176,1.5,4.0,1.5,1.2,False
010060#407-20260312141200,010060,OCI홀딩스,VWAP눌림,FullAuto,Paper,Backtest,2026-03-12 14:12:00,2026-03-12 14:12:00,2026-03-12 14:13:30,1.5,12,165500,164100,164200,0.785,-21330,-1.074,-1.37,0.060,-0.846,0,-0.061,StopLoss,"VWAP 163,847 재돌파, 직전봉 고가 164,800 돌파","손절 (164,200)",12.52,0.95,0.748,210.3,0.648,0.47,1,312,1.5,4.0,1.5,1.2,False
336260#408-20260312142300,336260,두산퓨얼셀,VWAP눌림,FullAuto,Paper,Backtest,2026-03-12 14:23:00,2026-03-12 14:23:00,2026-03-12 14:38:27,15.5,36,46000,45550,45550,0.978,-19972,-1.206,-1.23,0.217,-0.978,0,0,StopLoss,"VWAP 45,758 재돌파, 직전봉 고가 45,800 돌파","손절 (45,550)",11.65,0.53,0.773,260.4,0.396,0.67,1,323,1.5,4.0,1.5,1.2,False
456160#412-20260312150000,456160,지투지바이오,종가베팅,FullAuto,Paper,Backtest,2026-03-12 15:00:00,2026-03-12 15:00:00,2026-03-13 09:01:00,1081,5,114200,109400,110800,2.977,-25261,-4.424,-1.49,0.175,-4.116,0,-1.264,StopLoss,"종가베팅: 등락 +9.1%, 고저범위 87% 위치, VWAP 110,683 위","손절 (110,800)",9.07,3.18,0.868,177.6,0.801,0.46,1,360,3,5,2.5,1.5,True
0009K0#411-20260312150000,0009K0,에임드바이오,종가베팅,FullAuto,Paper,Backtest,2026-03-12 15:00:00,2026-03-12 15:00:00,2026-03-13 09:01:00,1081,8,71000,68200,68900,2.958,-23657,-4.165,-1.41,0.986,-3.944,0,-1.016,StopLoss,"종가베팅: 등락 +8.2%, 고저범위 90% 위치, VWAP 69,186 위","손절 (68,900)",8.23,2.62,0.903,373.4,0.584,0.48,1,360,3,5,2.5,1.5,True
046120#413-20260313090505,046120,오르비텍,ORB,FullAuto,Paper,Backtest,2026-03-13 09:05:05,2026-03-13 09:05:05,2026-03-13 09:05:22,0.3,130,8810,8810,8680,1.476,-2632,-0.230,-0.16,1.476,0,0,-0.339,BreakEven,"ORB5 고가 8,800 돌파 (범위 8.5%)","본절 (8,840)",7.97,4.08,1,115.4,3.632,0.75,1,5,1.5,4.0,1.5,1.2,False
025860#414-20260313090520,025860,남해화학,ORB,FullAuto,Paper,Backtest,2026-03-13 09:05:20,2026-03-13 09:05:20,2026-03-13 09:05:30,0.2,114,10340,10675,10190,1.451,35399,3.003,2.07,4.449,0,0,-0.094,TakeProfit,"ORB5 고가 10,300 돌파 (범위 6.2%)",1차 분할 익절 +2.0% / 목표 익절 +4.0%,18.44,2.91,1,187.6,4.255,2.89,1,5,1.5,4.0,1.5,1.2,False
0007C0#417-20260313102300,0007C0,아크릴,VWAP눌림,FullAuto,Paper,Backtest,2026-03-13 10:23:00,2026-03-13 10:23:00,2026-03-13 10:24:25,1.4,36,45450,45000,45000,0.990,-19928,-1.218,-1.23,0,-0.990,0,0,StopLoss,"VWAP 45,316 재돌파, 직전봉 고가 45,300 돌파","손절 (45,000)",17.92,0.18,0.617,182.1,0.724,1.04,1,83,1.5,4.0,1.5,1.2,False
0007C0#417-20260313103300,0007C0,아크릴,VWAP눌림,FullAuto,Paper,Backtest,2026-03-13 10:33:00,2026-03-13 10:33:00,2026-03-13 10:34:20,1.3,43,45450,45050,45100,0.770,-21657,-1.108,-1.44,0.110,-0.880,0,-0.111,StopLoss,"VWAP 45,313 재돌파, 직전봉 고가 45,350 돌파","손절 (45,100)",17.92,0.19,0.617,191.8,0.629,0.77,1,93,1.5,4.0,1.5,1.2,False
006910#419-20260313112000,006910,보성파워텍,VWAP눌림,FullAuto,Paper,Backtest,2026-03-13 11:20:00,2026-03-13 11:20:00,2026-03-13 11:24:30,4.5,107,11750,11580,11590,1.362,-21041,-1.674,-1.23,0,-1.447,0,-0.086,StopLoss,"VWAP 11,704 재돌파, 직전봉 고가 11,720 돌파","손절 (11,590)",2.35,0.31,0.592,179.6,1.071,0.48,1,140,1.5,4.0,1.5,1.2,False
006910#419-20260313114800,006910,보성파워텍,VWAP눌림,FullAuto,Paper,Backtest,2026-03-13 11:48:00,2026-03-13 11:48:00,2026-03-13 12:08:15,20.2,170,11700,11610,11610,0.769,-19841,-0.998,-1.30,0.513,-0.769,0,0,StopLoss,"VWAP 11,703 재돌파, 직전봉 고가 11,690 돌파","손절 (11,610)",2.01,-0.03,0.566,186.5,0.379,0.79,1,168,1.5,4.0,1.5,1.2,False
008350#421-20260313132900,008350,남선알미늄,VWAP눌림,FullAuto,Paper,Backtest,2026-03-13 13:29:00,2026-03-13 13:29:00,2026-03-13 13:35:05,6.1,554,1516,1552,1484,2.111,17973,2.140,1.01,3.826,-0.660,0,-0.032,Trailing,"VWAP 1,500 재돌파, 직전봉 고가 1,505 돌파","1차 분할 익절 +2.0% / 트레일링 (1,555)",15.03,0.98,0.675,142.9,1.438,0.56,1,269,1.5,4.0,1.5,1.2,False
008350#421-20260313140600,008350,남선알미늄,VWAP눌림,FullAuto,Paper,Backtest,2026-03-13 14:06:00,2026-03-13 14:06:00,2026-03-13 14:08:27,2.5,795,1519,1497,1497,1.448,-20229,-1.675,-1.16,0.066,-1.448,0,0,StopLoss,"VWAP 1,507 재돌파, 직전봉 고가 1,510 돌파","손절 (1,497)",15.26,0.70,0.685,156.9,0.965,0.72,1,306,1.5,4.0,1.5,1.2,False
226950#422-20260313150000,226950,올릭스,종가베팅,FullAuto,Paper,Backtest,2026-03-13 15:00:00,2026-03-13 15:00:00,2026-03-16 09:10:30,3970.5,3,196700,190700,190800,2.999,-19317,-3.274,-1.09,0.915,-3.050,0,-0.052,StopLoss,"종가베팅: 등락 +8.6%, 고저범위 83% 위치, VWAP 192,027 위","손절 (190,800)",8.62,2.38,0.832,363.9,0.240,0.34,1,360,3,5,2.5,1.5,True
008350#425-20260316093415,008350,남선알미늄,ORB,FullAuto,Paper,Backtest,2026-03-16 09:34:15,2026-03-16 09:34:15,2026-03-16 09:34:27,0.2,669,1756,1726.00,1730,1.481,-22728,-1.935,-1.31,0,-1.708,0,-0.231,StopLoss,"ORB5 고가 1,754 돌파 (범위 10.0%)","손절 (1,730)",16.60,4.14,1,154.1,1.338,5.20,1,34,1.5,4.0,1.5,1.2,False
050890#424-20260313150000,050890,쏠리드,종가베팅,FullAuto,Paper,Backtest,2026-03-13 15:00:00,2026-03-13 15:00:00,2026-03-16 10:00:00,4020,46,12930,12720,12550,2.939,-11006,-1.850,-0.63,0.309,-1.779,0,-0.079,NextDayDeadline,"종가베팅: 등락 +4.2%, 고저범위 92% 위치, VWAP 12,521 위",익일 청산 시각 10:00,4.19,3.19,0.92,320.6,0.365,2.39,1,360,3,5,2.5,1.5,True
008350#425-20260316095730,008350,남선알미늄,ORB,FullAuto,Paper,Backtest,2026-03-16 09:57:30,2026-03-16 09:57:30,2026-03-16 10:01:25,3.9,669,1756,1765,1730,1.481,3307,0.282,0.19,1.765,-0.740,0,0,Trailing,"ORB5 고가 1,754 돌파 (범위 10.0%)","트레일링 (1,765)",16.60,4.02,1,150.2,0.972,10.56,1,58,1.5,4.0,1.5,1.2,False
008350#425-20260316100807,008350,남선알미늄,ORB,FullAuto,Paper,Backtest,2026-03-16 10:08:07,2026-03-16 10:08:07,2026-03-16 10:13:22,5.2,669,1755,1728.0,1729,1.481,-20724,-1.765,-1.19,0.912,-1.538,0,-0.058,StopLoss,"ORB5 고가 1,754 돌파 (범위 10.0%)","손절 (1,729)",16.53,2.92,0.784,151.8,1.742,0.42,1,68,1.5,4.0,1.5,1.2,False
474610#431-20260316103400,474610,RF시스템즈,VWAP눌림,FullAuto,Paper,Backtest,2026-03-16 10:34:00,2026-03-16 10:34:00,2026-03-16 10:35:27,1.5,120,10780,10640,10640,1.299,-19738,-1.526,-1.17,0,-1.299,0,0,StopLoss,"VWAP 10,722 재돌파, 직전봉 고가 10,710 돌파","손절 (10,640)",6.63,0.45,0.515,149.0,1.194,0.52,1,94,1.5,4.0,1.5,1.2,False
079550#430-20260316103300,079550,LIG디펜스앤에어로스페이스,VWAP눌림,FullAuto,Paper,Backtest,2026-03-16 10:33:00,2026-03-16 10:33:00,2026-03-16 10:40:30,7.5,2,740000,741500,734000,0.811,-410,-0.028,-0.03,1.081,-0.270,0,-0.067,BreakEven,"VWAP 735,922 재돌파, 직전봉 고가 740,000 돌파","본절 (742,000)",3.93,0.55,0.653,331.2,0.512,1.35,1,93,1.5,4.0,1.5,1.2,False
474610#431-20260316105100,474610,RF시스템즈,VWAP눌림,FullAuto,Paper,Backtest,2026-03-16 10:51:00,2026-03-16 10:51:00,2026-03-16 10:55:25,4.4,106,10810,10650,10650,1.480,-19557,-1.707,-1.15,0.555,-1.480,0,0,StopLoss,"VWAP 10,713 재돌파, 직전봉 고가 10,560 돌파","손절 (10,650)",6.93,0.81,0.531,152.3,1.005,2.92,1,111,1.5,4.0,1.5,1.2,False
079550#430-20260316115300,079550,LIG디펜스앤에어로스페이스,VWAP눌림,FullAuto,Paper,Backtest,2026-03-16 11:53:00,2026-03-16 11:53:00,2026-03-16 12:07:30,14.5,2,753000,747000,747000,0.797,-15437,-1.025,-1.29,0.133,-0.797,0,0,StopLoss,"VWAP 746,722 재돌파, 직전봉 고가 750,000 돌파","손절 (747,000)",5.62,0.71,0.677,357.1,0.361,0.85,1,173,1.5,4.0,1.5,1.2,False
474610#431-20260316125500,474610,RF시스템즈,VWAP눌림,FullAuto,Paper,Backtest,2026-03-16 12:55:00,2026-03-16 12:55:00,2026-03-16 12:59:27,4.5,86,11650,11430,11450,1.717,-21182,-2.114,-1.23,0.258,-1.888,0,-0.175,StopLoss,"VWAP 11,452 재돌파, 직전봉 고가 11,580 돌파","손절 (11,450)",15.25,1.64,0.670,152.1,1.062,0.54,1,235,1.5,4.0,1.5,1.2,False
027360#434-20260317090522,027360,아주IB투자,ORB,FullAuto,Paper,Backtest,2026-03-17 09:05:22,2026-03-17 09:05:22,2026-03-17 09:08:20,3,161,6920,7135.40,6820,1.445,32045,2.876,1.99,4.191,0,0,-0.140,TakeProfit,"ORB5 고가 6,870 돌파 (범위 6.7%)",1차 분할 익절 +2.0% / 목표 익절 +4.0%,9.32,2.93,1,211.5,2.168,3.43,1,5,1.5,4.0,1.5,1.2,False
322000#432-20260317090530,322000,HD현대에너지솔루션,ORB,FullAuto,Paper,Backtest,2026-03-17 09:05:30,2026-03-17 09:05:30,2026-03-17 09:08:22,2.9,8,131800,132600,129900,1.442,3962,0.376,0.26,1.897,0,0,0,Trailing,"ORB5 고가 131,600 돌파 (범위 9.8%)","트레일링 (132,600)",10.39,3.60,1,317.2,2.959,1.77,1,6,1.5,4.0,1.5,1.2,False
322000#432-20260317091425,322000,HD현대에너지솔루션,ORB,FullAuto,Paper,Backtest,2026-03-17 09:14:25,2026-03-17 09:14:25,2026-03-17 09:16:12,1.8,8,132200,134700,130300,1.437,17526,1.657,1.15,3.101,0,0,-0.111,Trailing,"ORB5 고가 131,600 돌파 (범위 9.8%)","1차 분할 익절 +2.0% / 트레일링 (134,600)",10.72,1.98,0.854,172.5,2.080,1.61,1,14,1.5,4.0,1.5,1.2,False
009830#436-20260317110000,009830,한화솔루션,VWAP눌림,FullAuto,Paper,Backtest,2026-03-17 11:00:00,2026-03-17 11:00:00,2026-03-17 11:21:17,21.3,39,47679,48000,47250,0.900,8217,0.442,0.49,1.932,-0.495,0,0,Trailing,"VWAP 47,332 재돌파, 직전봉 고가 47,650 돌파","트레일링 (48,000)",9.77,0.73,0.704,168.8,0.648,1.83,2,120,1.5,4.0,1.5,1.2,False
009830#436-20260317134700,009830,한화솔루션,VWAP눌림,FullAuto,Paper,Backtest,2026-03-17 13:47:00,2026-03-17 13:47:00,2026-03-17 13:53:30,6.5,42,47537,47160,47200,0.709,-20391,-1.021,-1.44,0.398,-0.793,0,-0.085,StopLoss,"VWAP 47,484 재돌파, 직전봉 고가 47,450 돌파","손절 (47,200)",9.45,0.11,0.678,182.2,0.452,0.73,2,287,1.5,4.0,1.5,1.2,False
009830#436-20260317140500,009830,한화솔루션,VWAP눌림,FullAuto,Paper,Backtest,2026-03-17 14:05:00,2026-03-17 14:05:00,2026-03-17 14:11:32,6.5,42,47537,47250,47250,0.604,-16619,-0.832,-1.38,0.027,-0.604,0,0,StopLoss,"VWAP 47,478 재돌파, 직전봉 고가 47,450 돌파","손절 (47,250)",9.45,0.12,0.678,180.4,0.403,0.66,2,305,1.5,4.0,1.5,1.2,False
009150#439-20260317150000,009150,삼성전기,종가베팅,FullAuto,Paper,Backtest,2026-03-17 15:00:00,2026-03-17 15:00:00,2026-03-18 09:01:25,1081.4,1,450500,456000,437000,2.997,4453,0.988,0.33,2.997,-1.665,0,-0.219,Trailing,"종가베팅: 등락 +8.3%, 고저범위 89% 위치, VWAP 437,256 위","트레일링 (457,000)",8.30,2.91,0.889,357.4,0.540,0.55,1,360,3,5,2.5,1.5,True
475150#438-20260317150000,475150,SK이터닉스,종가베팅,FullAuto,Paper,Backtest,2026-03-17 15:00:00,2026-03-17 15:00:00,2026-03-18 09:02:22,1082.4,14,41250,42825.0,40050,2.909,20677,3.580,1.23,4.848,-2.303,0,-0.059,Trailing,"종가베팅: 등락 +7.2%, 고저범위 83% 위치, VWAP 40,296 위","1차 분할 익절 +2% / 트레일링 (42,600)",7.15,2.24,0.829,297.0,0.806,0.32,1,360,3,5,2.5,1.5,True
403870#440-20260318090527,403870,HPSP,ORB,FullAuto,Paper,Backtest,2026-03-18 09:05:27,2026-03-18 09:05:27,2026-03-18 09:10:25,5,23,46750,48271.74,46050,1.497,32454,3.018,2.02,4.385,0,0,-0.103,TakeProfit,"ORB5 고가 46,650 돌파 (범위 3.7%)",1차 분할 익절 +2.0% / 목표 익절 +4.0%,6.13,1.49,1,459.9,1.105,2.07,1,5,1.5,4.0,1.5,1.2,False
445680#441-20260318090622,445680,큐리옥스바이오시스템즈,ORB,FullAuto,Paper,Backtest,2026-03-18 09:06:22,2026-03-18 09:06:22,2026-03-18 09:11:22,5,9,126200,128477.78,124400,1.426,17846,1.571,1.10,3.011,-1.189,0,-0.078,Trailing,"ORB5 고가 125,700 돌파 (범위 4.5%)","1차 분할 익절 +2.0% / 트레일링 (128,400)",9.17,1.94,1,199.9,2.754,4.93,1,6,1.5,4.0,1.5,1.2,False
047040#442-20260318091130,047040,대우건설,ORB,FullAuto,Paper,Backtest,2026-03-18 09:11:30,2026-03-18 09:11:30,2026-03-18 09:17:25,5.9,89,12890,13180.22,12700,1.474,23137,2.017,1.37,3.724,-0.931,0,-0.038,Trailing,"ORB5 고가 12,870 돌파 (범위 4.5%)","1차 분할 익절 +2.0% / 트레일링 (13,200)",6.44,1.03,0.784,134.8,1.569,1.35,1,12,1.5,4.0,1.5,1.2,False
055550#444-20260318150000,055550,신한지주,종가베팅,FullAuto,Paper,Backtest,2026-03-18 15:00:00,2026-03-18 15:00:00,2026-03-19 09:01:07,1081.1,6,95400,92600.0,92600,2.935,-18079,-3.158,-1.08,0.105,-2.935,0,0.0,StopLoss,"종가베팅: 등락 +4.3%, 고저범위 97% 위치, VWAP 94,122 위","손절 (92,600)",4.26,1.36,0.971,481.4,0.187,1.98,1,360,3,5,2.5,1.5,True
140410#447-20260319090522,140410,메지온,ORB,FullAuto,Paper,Backtest,2026-03-19 09:05:22,2026-03-19 09:05:22,2026-03-19 09:08:30,3.1,13,86200,88861.54,85000,1.392,31950,2.851,2.05,4.060,0,0,-0.112,TakeProfit,"ORB5 고가 86,000 돌파 (범위 7.1%)",1차 분할 익절 +2.0% / 목표 익절 +4.0%,7.21,3.16,1,414.4,2.784,2.45,1,5,1.5,4.0,1.5,1.2,False
033160#448-20260319091022,033160,엠케이전자,ORB,FullAuto,Paper,Backtest,2026-03-19 09:10:22,2026-03-19 09:10:22,2026-03-19 09:12:22,2,75,15750,15999.07,15520,1.460,15926,1.348,0.92,2.603,0,0,-0.126,Trailing,"ORB5 고가 15,700 돌파 (범위 6.4%)","1차 분할 익절 +2.0% / 트레일링 (15,960)",9.00,2.25,1,161.7,1.873,2.62,1,10,1.5,4.0,1.5,1.2,False
010120#445-20260318150000,010120,LS ELECTRIC,종가베팅,FullAuto,Paper,Backtest,2026-03-18 15:00:00,2026-03-18 15:00:00,2026-03-19 10:00:00,1140,3,166400,166900,161500,2.945,350,0.070,0.02,1.683,-1.683,0,-0.060,NextDayDeadline,"종가베팅: 등락 +7.9%, 고저범위 87% 위치, VWAP 163,536 위",익일 청산 시각 10:00,7.91,1.75,0.873,354.4,0.215,1.25,1,360,3,5,2.5,1.5,True
010170#451-20260319150000,010170,대한광통신,종가베팅,FullAuto,Paper,Backtest,2026-03-19 15:00:00,2026-03-19 15:00:00,2026-03-20 09:01:00,1081,82,7290,7770,7080,2.881,37902,6.340,2.20,6.584,-0.686,0,0,TakeProfit,"종가베팅: 등락 +3.7%, 고저범위 78% 위치, VWAP 7,234 위",목표 익절 +5%,3.70,0.77,0.784,1922.7,0.245,1.77,1,360,3,5,2.5,1.5,True
356860#450-20260319150000,356860,티엘비,종가베팅,FullAuto,Paper,Backtest,2026-03-19 15:00:00,2026-03-19 15:00:00,2026-03-20 09:04:30,1084.5,15,38049,36857,36900,3.020,-19152,-3.356,-1.11,0.660,-3.133,0,-0.117,StopLoss,"종가베팅: 등락 +6.7%, 고저범위 90% 위치, VWAP 36,521 위","손절 (36,900)",6.68,4.18,0.902,244.5,0.594,0.92,2,360,3,5,2.5,1.5,True
036930#453-20260320090522,036930,주성엔지니어링,ORB,FullAuto,Paper,Backtest,2026-03-20 09:05:22,2026-03-20 09:05:22,2026-03-20 09:08:22,3,16,69800,69900.0,68800,1.433,-970,-0.087,-0.06,1.433,-0.573,0,-0.143,BreakEven,"ORB5 고가 69,700 돌파 (범위 3.7%)","본절 (70,000)",14.43,1.77,1,157.5,3.009,1.67,1,5,1.5,4.0,1.5,1.2,False
047040#454-20260320090820,047040,대우건설,ORB,FullAuto,Paper,Backtest,2026-03-20 09:08:20,2026-03-20 09:08:20,2026-03-20 09:09:20,1,67,17510,17748.06,17250,1.485,13220,1.127,0.76,2.170,0,0,-0.171,Trailing,"ORB5 고가 17,430 돌파 (범위 3.5%)","1차 분할 익절 +2.0% / 트레일링 (17,670)",8.29,1.95,1,144.2,1.618,3.33,1,8,1.5,4.0,1.5,1.2,False
036930#453-20260320091822,036930,주성엔지니어링,ORB,FullAuto,Paper,Backtest,2026-03-20 09:18:22,2026-03-20 09:18:22,2026-03-20 09:23:30,5.1,16,69900,71400,68900,1.431,21380,1.912,1.34,3.433,-0.572,0,-0.140,Trailing,"ORB5 고가 69,700 돌파 (범위 3.7%)","1차 분할 익절 +2.0% / 트레일링 (71,400)",14.59,0.85,0.75,201.5,1.441,4.76,1,18,1.5,4.0,1.5,1.2,False
006910#455-20260320100300,006910,보성파워텍,VWAP눌림,FullAuto,Paper,Backtest,2026-03-20 10:03:00,2026-03-20 10:03:00,2026-03-20 10:23:00,20,54,13100,12995,12780,2.443,-7284,-1.030,-0.42,1.069,-1.527,0,-0.077,TimeStop,"VWAP 12,817 재돌파, 직전봉 고가 12,880 돌파",타임스탑 20분,8.00,2.13,0.941,209.7,0.775,2.95,1,63,1.5,4.0,1.5,1.2,False
006910#455-20260320110500,006910,보성파워텍,VWAP눌림,FullAuto,Paper,Backtest,2026-03-20 11:05:00,2026-03-20 11:05:00,2026-03-20 11:06:25,1.4,139,13120,12990.00,13000,0.915,-22224,-1.219,-1.33,0,-0.991,0,-0.077,StopLoss,"VWAP 13,013 재돌파, 직전봉 고가 13,080 돌파","손절 (13,000)",8.17,0.75,0.705,185.4,0.670,0.56,1,125,1.5,4.0,1.5,1.2,False
006910#455-20260320111400,006910,보성파워텍,VWAP눌림,FullAuto,Paper,Backtest,2026-03-20 11:14:00,2026-03-20 11:14:00,2026-03-20 11:29:27,15.5,153,13040,12940,12940,0.767,-19854,-0.995,-1.30,0.613,-0.767,0,0,StopLoss,"VWAP 13,012 재돌파, 직전봉 고가 12,990 돌파","손절 (12,940)",7.59,0.21,0.655,184.6,0.564,0.46,1,134,1.5,4.0,1.5,1.2,False
050890#457-20260320120000,050890,쏠리드,VWAP눌림,FullAuto,Paper,Backtest,2026-03-20 12:00:00,2026-03-20 12:00:00,2026-03-20 12:04:30,4.5,100,13740,13560,13570,1.237,-21121,-1.537,-1.24,1.092,-1.310,0,-0.074,StopLoss,"VWAP 13,674 재돌파, 직전봉 고가 13,720 돌파","손절 (13,570)",6.43,0.41,0.494,137.1,0.936,0.47,1,180,1.5,4.0,1.5,1.2,False
178320#460-20260320150917,178320,서진시스템,종가베팅,FullAuto,Paper,Backtest,2026-03-20 15:09:17,2026-03-20 15:09:17,2026-03-23 09:01:00,3951.7,12,48600,46500,47150,2.984,-26486,-4.541,-1.52,0,-4.321,0,-1.379,StopLoss,"종가베팅: 등락 +7.0%, 고저범위 78% 위치, VWAP 47,708 위","손절 (47,150)",7.05,1.87,0.780,263.0,0.434,0.88,1,369,3,5,2.5,1.5,True
047040#458-20260320150000,047040,대우건설,종가베팅,FullAuto,Paper,Backtest,2026-03-20 15:00:00,2026-03-20 15:00:00,2026-03-23 09:01:07,3961.1,31,18800,19730,18240,2.979,27430,4.707,1.58,5.00,-0.053,0,-0.026,TakeProfit,"종가베팅: 등락 +16.3%, 고저범위 76% 위치, VWAP 18,428 위",1차 분할 익절 +2% / 목표 익절 +5%,16.26,2.02,0.757,186.8,0.494,0.59,1,360,3,5,2.5,1.5,True
322000#462-20260323092125,322000,HD현대에너지솔루션,ORB,FullAuto,Paper,Backtest,2026-03-23 09:21:25,2026-03-23 09:21:25,2026-03-23 09:24:20,2.9,8,141100,143600,139000,1.488,17365,1.538,1.03,3.047,0,0,-0.209,Trailing,"ORB5 고가 140,500 돌파 (범위 4.5%)","1차 분할 익절 +2.0% / 트레일링 (143,600)",7.71,2.70,1,190.3,1.261,9.84,1,21,1.5,4.0,1.5,1.2,False
322000#462-20260323093317,322000,HD현대에너지솔루션,ORB,FullAuto,Paper,Backtest,2026-03-23 09:33:17,2026-03-23 09:33:17,2026-03-23 09:35:22,2.1,8,140600,142950.0,138500,1.494,16175,1.438,0.96,2.347,0,0,-0.035,Trailing,"ORB5 고가 140,500 돌파 (범위 4.5%)","1차 분할 익절 +2.0% / 트레일링 (142,100)",7.33,0.86,0.603,194.4,1.504,1.59,1,33,1.5,4.0,1.5,1.2,False
460930#466-20260323101900,460930,현대힘스,VWAP눌림,FullAuto,Paper,Backtest,2026-03-23 10:19:00,2026-03-23 10:19:00,2026-03-23 10:26:30,7.5,45,20500,20150,20150,1.707,-17837,-1.934,-1.13,0.976,-1.707,0,0,StopLoss,"VWAP 20,405 재돌파, 직전봉 고가 20,400 돌파","손절 (20,150)",12.36,0.22,0.589,426.8,0.947,2.32,1,79,1.5,4.0,1.5,1.2,False
322000#462-20260323102230,322000,HD현대에너지솔루션,ORB,FullAuto,Paper,Backtest,2026-03-23 10:22:30,2026-03-23 10:22:30,2026-03-23 10:28:25,5.9,8,140900,138700,138800,1.490,-20154,-1.788,-1.20,0.426,-1.561,0,-0.072,StopLoss,"ORB5 고가 140,500 돌파 (범위 4.5%)","손절 (138,800)",7.56,1.46,0.651,186.5,0.598,5.66,1,82,1.5,4.0,1.5,1.2,False
261780#468-20260323110300,261780,아리바이오랩,VWAP눌림,FullAuto,Paper,Backtest,2026-03-23 11:03:00,2026-03-23 11:03:00,2026-03-23 11:09:30,6.5,301,4450,4395,4395,1.236,-19598,-1.463,-1.18,0.112,-1.236,0,0,StopLoss,"VWAP 4,387 재돌파, 직전봉 고가 4,420 돌파","손절 (4,395)",8.95,1.31,0.664,145.6,0.988,0.93,1,123,1.5,4.0,1.5,1.2,False
046120#469-20260323112100,046120,오르비텍,VWAP눌림,FullAuto,Paper,Backtest,2026-03-23 11:21:00,2026-03-23 11:21:00,2026-03-23 11:24:25,3.4,58,14920,15365,14620,2.011,23768,2.747,1.37,4.021,-0.134,0,-0.065,TakeProfit,"VWAP 14,765 재돌파, 직전봉 고가 14,760 돌파",1차 분할 익절 +2.0% / 목표 익절 +4.0%,8.91,1.05,0.657,161.4,1.427,0.82,1,141,1.5,4.0,1.5,1.2,False
261780#468-20260323114600,261780,아리바이오랩,VWAP눌림,FullAuto,Paper,Backtest,2026-03-23 11:46:00,2026-03-23 11:46:00,2026-03-23 12:06:00,20,180,4400,4360,4305,2.159,-9004,-1.137,-0.53,0.227,-1.591,0,-0.115,TimeStop,"VWAP 4,384 재돌파, 직전봉 고가 4,340 돌파",타임스탑 20분,7.72,0.24,0.619,149.7,0.902,1.51,1,166,1.5,4.0,1.5,1.2,False
046120#469-20260323114300,046120,오르비텍,VWAP눌림,FullAuto,Paper,Backtest,2026-03-23 11:43:00,2026-03-23 11:43:00,2026-03-23 12:06:22,23.4,66,14970,14700.0,14710,1.737,-20053,-2.030,-1.17,1.470,-1.804,0,-0.068,StopLoss,"VWAP 14,804 재돌파, 직전봉 고가 14,980 돌파","손절 (14,710)",9.27,1.12,0.669,162.2,1.016,1.23,1,163,1.5,4.0,1.5,1.2,False
046120#469-20260323121600,046120,오르비텍,VWAP눌림,FullAuto,Paper,Backtest,2026-03-23 12:16:00,2026-03-23 12:16:00,2026-03-23 12:21:15,5.2,50,14820,14470,14470,2.362,-19166,-2.587,-1.10,0.135,-2.362,0,0,StopLoss,"VWAP 14,805 재돌파, 직전봉 고가 14,580 돌파","손절 (14,470)",8.10,0.03,0.632,162.4,0.781,1.65,1,196,1.5,4.0,1.5,1.2,False
261780#468-20260323122700,261780,아리바이오랩,VWAP눌림,FullAuto,Paper,Backtest,2026-03-23 12:27:00,2026-03-23 12:27:00,2026-03-23 12:27:45,0.8,455,4385,4400,4360,0.570,2222,0.111,0.20,0.570,0,0,0,BreakEven,"VWAP 4,385 재돌파, 직전봉 고가 4,385 돌파","본절 (4,400)",7.48,0.00,0.610,153.5,0.554,0.84,1,207,1.5,4.0,1.5,1.2,False
460930#466-20260323120800,460930,현대힘스,VWAP눌림,FullAuto,Paper,Backtest,2026-03-23 12:08:00,2026-03-23 12:08:00,2026-03-23 12:34:30,26.5,60,20350,20100,20100,1.229,-17775,-1.456,-1.18,0.737,-1.229,0,0,StopLoss,"VWAP 20,321 재돌파, 직전봉 고가 20,250 돌파","손절 (20,100)",11.81,0.14,0.541,267.0,0.512,1.94,1,188,1.5,4.0,1.5,1.2,False
092220#471-20260323123400,092220,KEC,VWAP눌림,FullAuto,Paper,Backtest,2026-03-23 12:34:00,2026-03-23 12:34:00,2026-03-23 12:43:30,9.5,225,8480,8500,8410,0.825,103,0.005,0.01,1.179,-0.236,0,0,BreakEven,"VWAP 8,418 재돌파, 직전봉 고가 8,450 돌파","본절 (8,500)",20.54,0.74,0.743,303.1,0.417,1.61,1,214,1.5,4.0,1.5,1.2,False
475580#470-20260323125400,475580,에이럭스,VWAP눌림,FullAuto,Paper,Backtest,2026-03-23 12:54:00,2026-03-23 12:54:00,2026-03-23 13:04:25,10.4,106,14850,14670,14690,1.077,-22659,-1.439,-1.34,0.808,-1.212,0,-0.136,StopLoss,"VWAP 14,667 재돌파, 직전봉 고가 14,780 돌파","손절 (14,690)",13.10,1.25,0.709,154.5,0.938,0.64,1,234,1.5,4.0,1.5,1.2,False
092220#471-20260323130100,092220,KEC,VWAP눌림,FullAuto,Paper,Backtest,2026-03-23 13:01:00,2026-03-23 13:01:00,2026-03-23 13:11:27,10.5,180,8440,8350.00,8350,1.066,-19658,-1.294,-1.21,0.711,-1.066,0,0.000,StopLoss,"VWAP 8,420 재돌파, 직전봉 고가 8,400 돌파","손절 (8,350)",19.83,0.12,0.717,254.4,0.466,1.38,1,241,1.5,4.0,1.5,1.2,False
092220#471-20260323132000,092220,KEC,VWAP눌림,FullAuto,Paper,Backtest,2026-03-23 13:20:00,2026-03-23 13:20:00,2026-03-23 13:28:30,8.5,180,8495,8525,8400,1.118,1872,0.122,0.11,1.648,-0.059,0,-0.059,Trailing,"VWAP 8,420 재돌파, 직전봉 고가 8,430 돌파","트레일링 (8,530)",20.75,0.90,0.751,242.2,0.521,1.87,2,260,1.5,4.0,1.5,1.2,False
047040#474-20260324090520,047040,대우건설,ORB,FullAuto,Paper,Backtest,2026-03-24 09:05:20,2026-03-24 09:05:20,2026-03-24 09:08:30,3.2,61,19100,18820,18820,1.466,-19722,-1.693,-1.15,1.414,-1.466,0,0,StopLoss,"ORB5 고가 19,060 돌파 (범위 5.0%)","손절 (18,820)",11.96,2.64,1,286.9,2.112,2.49,1,5,1.5,4.0,1.5,1.2,False
036930#476-20260324090722,036930,주성엔지니어링,ORB,FullAuto,Paper,Backtest,2026-03-24 09:07:22,2026-03-24 09:07:22,2026-03-24 09:08:30,1.1,14,77100,77300,76000,1.427,313,0.029,0.02,1.686,0,0,-0.129,Trailing,"ORB5 고가 77,000 돌파 (범위 3.5%)","트레일링 (77,400)",7.83,1.54,1,231.6,1.634,3.14,1,7,1.5,4.0,1.5,1.2,False
368770#478-20260324102100,368770,파이버프로,VWAP눌림,FullAuto,Paper,Backtest,2026-03-24 10:21:00,2026-03-24 10:21:00,2026-03-24 10:25:30,4.5,52,18990,19310,18660,1.738,14334,1.452,0.84,2.633,-0.211,0,-0.026,Trailing,"VWAP 18,698 재돌파, 직전봉 고가 18,840 돌파","1차 분할 익절 +2.0% / 트레일링 (19,250)",15.44,1.56,0.708,146.8,1.279,0.79,1,81,1.5,4.0,1.5,1.2,False
368770#478-20260324105700,368770,파이버프로,VWAP눌림,FullAuto,Paper,Backtest,2026-03-24 10:57:00,2026-03-24 10:57:00,2026-03-24 11:07:10,10.2,51,19440,19727.84,19100,1.749,12371,1.248,0.71,2.160,-1.080,0,-0.025,Trailing,"VWAP 19,228 재돌파, 직전봉 고가 19,380 돌파","1차 분할 익절 +2.0% / 트레일링 (19,620)",18.18,1.10,0.734,181.4,1.242,1.18,1,117,1.5,4.0,1.5,1.2,False
368770#478-20260324120200,368770,파이버프로,VWAP눌림,FullAuto,Paper,Backtest,2026-03-24 12:02:00,2026-03-24 12:02:00,2026-03-24 12:04:27,2.5,66,19370,19420,19110,1.342,354,0.028,0.02,1.342,-0.671,0,0,BreakEven,"VWAP 19,235 재돌파, 직전봉 고가 19,210 돌파","본절 (19,420)",17.69,0.65,0.712,180.9,0.635,2.89,1,182,1.5,4.0,1.5,1.2,False
263750#483-20260325090520,263750,펄어비스,ORB,FullAuto,Paper,Backtest,2026-03-25 09:05:20,2026-03-25 09:05:20,2026-03-25 09:09:25,4.1,25,46500,47474,45850,1.398,21627,1.860,1.33,3.548,0,0,-0.160,Trailing,"ORB5 고가 46,400 돌파 (범위 4.4%)","1차 분할 익절 +2.0% / 트레일링 (47,550)",6.90,1.76,1,712.6,1.505,2.49,1,5,1.5,4.0,1.5,1.2,False
348370#485-20260325091425,348370,엔켐,ORB,FullAuto,Paper,Backtest,2026-03-25 09:14:25,2026-03-25 09:14:25,2026-03-25 09:16:22,2,32,35000,35100.0,34500,1.429,618,0.055,0.04,1.429,-0.429,0,0.0,BreakEven,"ORB5 고가 34,950 돌파 (범위 6.4%)","본절 (35,100)",16.86,2.38,1,220.4,1.798,4.48,1,14,1.5,4.0,1.5,1.2,False
489790#484-20260325092330,489790,한화비전,ORB,FullAuto,Paper,Backtest,2026-03-25 09:23:30,2026-03-25 09:23:30,2026-03-25 09:29:30,6,12,93000,94200,91700,1.398,11805,1.058,0.76,2.151,-0.645,0,-0.159,Trailing,"ORB5 고가 92,900 돌파 (범위 6.3%)","1차 분할 익절 +2.0% / 트레일링 (93,800)",7.64,1.97,1,189.7,1.045,2.21,1,24,1.5,4.0,1.5,1.2,False
348370#485-20260325094420,348370,엔켐,ORB,FullAuto,Paper,Backtest,2026-03-25 09:44:20,2026-03-25 09:44:20,2026-03-25 09:45:30,1.2,32,35000,36075,34500,1.429,31752,2.835,1.98,4.143,0,0,-0.138,TakeProfit,"ORB5 고가 34,950 돌파 (범위 6.4%)",1차 분할 익절 +2.0% / 목표 익절 +4.0%,16.86,1.63,0.811,229.3,0.765,13.33,1,44,1.5,4.0,1.5,1.2,False
272210#480-20260324150000,272210,한화시스템,종가베팅,FullAuto,Paper,Backtest,2026-03-24 15:00:00,2026-03-24 15:00:00,2026-03-25 09:54:30,1134.5,4,127500,129500,123700,2.980,6811,1.335,0.45,2.745,-1.882,0,-0.038,Trailing,"종가베팅: 등락 +6.3%, 고저범위 93% 위치, VWAP 125,034 위","1차 분할 익절 +2% / 트레일링 (129,000)",6.25,1.97,0.928,862.8,0.185,0.43,1,360,3,5,2.5,1.5,True
218410#486-20260325150000,218410,RFHIC,종가베팅,FullAuto,Paper,Backtest,2026-03-25 15:00:00,2026-03-25 15:00:00,2026-03-26 09:04:30,1084.5,6,87700,85100,85100,2.965,-16775,-3.188,-1.08,1.140,-2.965,0,0,StopLoss,"종가베팅: 등락 +14.5%, 고저범위 80% 위치, VWAP 86,251 위","손절 (85,100)",14.49,1.68,0.795,336.6,0.501,0.34,1,360,3,5,2.5,1.5,True
038110#490-20260326090525,038110,에코플라스틱,ORB,FullAuto,Paper,Backtest,2026-03-26 09:05:25,2026-03-26 09:05:25,2026-03-26 09:08:25,3,300,3855,3975,3800,1.427,33265,2.876,2.02,4.410,0,0,-0.126,TakeProfit,"ORB5 고가 3,850 돌파 (범위 7.2%)",1차 분할 익절 +2.0% / 목표 익절 +4.0%,10.30,2.85,1,382.7,2.291,2.70,1,5,1.5,4.0,1.5,1.2,False
322000#489-20260326090630,322000,HD현대에너지솔루션,ORB,FullAuto,Paper,Backtest,2026-03-26 09:06:30,2026-03-26 09:06:30,2026-03-26 09:10:12,3.7,8,138300,136200,136300,1.446,-19307,-1.745,-1.21,0.651,-1.518,0,-0.073,StopLoss,"ORB5 고가 137,800 돌파 (범위 8.1%)","손절 (136,300)",9.07,2.84,1,194.0,2.061,2.19,1,6,1.5,4.0,1.5,1.2,False
322000#489-20260326092027,322000,HD현대에너지솔루션,ORB,FullAuto,Paper,Backtest,2026-03-26 09:20:27,2026-03-26 09:20:27,2026-03-26 09:24:27,4,8,137900,135900.00,135900,1.450,-18502,-1.677,-1.16,0.435,-1.450,0,0.000,StopLoss,"ORB5 고가 137,800 돌파 (범위 8.1%)","손절 (135,900)",8.75,1.25,0.881,161.8,1.352,1.63,1,20,1.5,4.0,1.5,1.2,False
348370#492-20260326150000,348370,엔켐,종가베팅,FullAuto,Paper,Backtest,2026-03-26 15:00:00,2026-03-26 15:00:00,2026-03-27 09:01:00,1081,12,45550,42200,44200,2.964,-41368,-7.568,-2.55,2.086,-7.355,0,-4.525,StopLoss,"종가베팅: 등락 +17.1%, 고저범위 82% 위치, VWAP 44,188 위","손절 (44,200)",17.10,3.08,0.818,199.1,1.411,0.37,1,360,3,5,2.5,1.5,True
078600#493-20260326150122,078600,대주전자재료,종가베팅,FullAuto,Paper,Backtest,2026-03-26 15:01:22,2026-03-26 15:01:22,2026-03-27 09:01:00,1079.6,4,133800,129400,129800,2.990,-18792,-3.511,-1.17,0.374,-3.214,0,-0.308,StopLoss,"종가베팅: 등락 +4.7%, 고저범위 75% 위치, VWAP 131,991 위","손절 (129,800)",4.69,1.37,0.752,283.8,0.278,1.39,1,361,3,5,2.5,1.5,True
014160#496-20260327090522,014160,대영포장,ORB,FullAuto,Paper,Backtest,2026-03-27 09:05:22,2026-03-27 09:05:22,2026-03-27 09:06:25,1,748,1559,1570,1536,1.475,5530,0.474,0.32,1.988,0,0,0,Trailing,"ORB5 고가 1,550 돌파 (범위 5.2%)","트레일링 (1,570)",10.65,2.53,1,302.4,3.913,2.06,1,5,1.5,4.0,1.5,1.2,False
038110#495-20260327090725,038110,에코플라스틱,ORB,FullAuto,Paper,Backtest,2026-03-27 09:07:25,2026-03-27 09:07:25,2026-03-27 09:08:25,1,239,4710,4730.00,4640,1.486,2183,0.194,0.13,1.911,0,0,-0.211,Trailing,"ORB5 고가 4,685 돌파 (범위 8.1%)","트레일링 (4,740)",11.35,3.71,1,251.9,2.590,2.32,1,7,1.5,4.0,1.5,1.2,False
047040#497-20260327093517,047040,대우건설,ORB,FullAuto,Paper,Backtest,2026-03-27 09:35:17,2026-03-27 09:35:17,2026-03-27 09:38:27,3.2,71,16450,16210,16210,1.459,-19688,-1.686,-1.16,0.729,-1.459,0,0,StopLoss,"ORB5 고가 16,430 돌파 (범위 6.1%)","손절 (16,210)",3.46,1.30,0.851,191.7,0.708,1.59,1,35,1.5,4.0,1.5,1.2,False
014160#496-20260327093927,014160,대영포장,ORB,FullAuto,Paper,Backtest,2026-03-27 09:39:27,2026-03-27 09:39:27,2026-03-27 09:40:22,0.9,748,1552,1526.0,1529,1.482,-22075,-1.902,-1.28,0.451,-1.675,0,-0.196,StopLoss,"ORB5 고가 1,550 돌파 (범위 5.2%)","손절 (1,529)",10.15,3.64,0.801,160.1,1.510,3.28,1,39,1.5,4.0,1.5,1.2,False
014160#496-20260327095742,014160,대영포장,ORB,FullAuto,Paper,Backtest,2026-03-27 09:57:42,2026-03-27 09:57:42,2026-03-27 09:58:30,0.8,748,1551,1525,1528,1.483,-22074,-1.903,-1.28,0.193,-1.676,0,-0.196,StopLoss,"ORB5 고가 1,550 돌파 (범위 5.2%)","손절 (1,528)",10.08,1.57,0.656,154.8,2.141,1.29,1,58,1.5,4.0,1.5,1.2,False
047040#497-20260327100830,047040,대우건설,ORB,FullAuto,Paper,Backtest,2026-03-27 10:08:30,2026-03-27 10:08:30,2026-03-27 10:09:30,1,71,16440,16170,16200,1.460,-21813,-1.869,-1.28,0,-1.642,0,-0.185,StopLoss,"ORB5 고가 16,430 돌파 (범위 6.1%)","손절 (16,200)",3.40,1.37,0.842,182.1,0.526,2.09,1,68,1.5,4.0,1.5,1.2,False
038110#499-20260330090712,038110,에코플라스틱,ORB,FullAuto,Paper,Backtest,2026-03-30 09:07:12,2026-03-30 09:07:12,2026-03-30 09:07:25,0.2,252,4650,4565,4585,1.398,-24067,-2.054,-1.47,0.323,-1.828,0,-0.436,StopLoss,"ORB5 고가 4,645 돌파 (범위 8.1%)","손절 (4,585)",13.83,2.45,0.922,188.0,2.989,0.65,1,7,1.5,4.0,1.5,1.2,False
161000#501-20260330090625,161000,애경케미칼,ORB,FullAuto,Paper,Backtest,2026-03-30 09:06:25,2026-03-30 09:06:25,2026-03-30 09:09:12,2.8,88,13220,13630,13030,1.437,33329,2.865,1.99,4.085,0,0,-0.073,TakeProfit,"ORB5 고가 13,200 돌파 (범위 3.9%)",1차 분할 익절 +2.0% / 목표 익절 +4.0%,14.86,1.10,1,150.8,2.288,3.86,1,6,1.5,4.0,1.5,1.2,False
038110#499-20260330091845,038110,에코플라스틱,ORB,FullAuto,Paper,Backtest,2026-03-30 09:18:45,2026-03-30 09:18:45,2026-03-30 09:21:27,2.7,252,4650,4575,4585,1.398,-21552,-1.839,-1.32,1.075,-1.613,0,-0.218,StopLoss,"ORB5 고가 4,645 돌파 (범위 8.1%)","손절 (4,585)",13.83,1.64,0.816,168.9,2.366,1.20,1,19,1.5,4.0,1.5,1.2,False
289080#500-20260330092830,289080,SV인베스트먼트,ORB,FullAuto,Paper,Backtest,2026-03-30 09:28:30,2026-03-30 09:28:30,2026-03-30 09:28:45,0.2,236,4980,4900,4910,1.406,-21541,-1.833,-1.30,0,-1.606,0,-0.204,StopLoss,"ORB5 고가 4,960 돌파 (범위 5.2%)","손절 (4,910)",9.45,3.34,1,142.0,1.786,3.94,1,28,1.5,4.0,1.5,1.2,False
375500#505-20260330150317,375500,DL이앤씨,종가베팅,FullAuto,Paper,Backtest,2026-03-30 15:03:17,2026-03-30 15:03:17,2026-03-31 09:01:30,1078.2,8,69000,71750,67000,2.899,20686,3.747,1.29,4.928,-0.870,0,-0.070,Trailing,"종가베팅: 등락 +4.9%, 고저범위 86% 위치, VWAP 65,621 위","1차 분할 익절 +2% / 트레일링 (71,300)",4.86,5.15,0.863,261.9,0.487,2.45,1,363,3,5,2.5,1.5,True
425040#506-20260331091730,425040,티이엠씨,ORB,FullAuto,Paper,Backtest,2026-03-31 09:17:30,2026-03-31 09:17:30,2026-03-31 09:18:12,0.7,80,14050,13810,13840,1.495,-21742,-1.934,-1.29,0,-1.708,0,-0.217,StopLoss,"ORB5 고가 14,040 돌파 (범위 6.4%)","손절 (13,840)",8.33,2.16,1,153.1,1.662,3.08,1,18,1.5,4.0,1.5,1.2,False
425040#506-20260331095312,425040,티이엠씨,ORB,FullAuto,Paper,Backtest,2026-03-31 09:53:12,2026-03-31 09:53:12,2026-03-31 09:53:27,0.2,80,14060,13850,13850,1.494,-19350,-1.720,-1.15,0.213,-1.494,0,0,StopLoss,"ORB5 고가 14,040 돌파 (범위 6.4%)","손절 (13,850)",8.40,2.35,1,148.9,1.306,2.62,1,53,1.5,4.0,1.5,1.2,False
114190#515-20260331111300,114190,강원에너지,VWAP눌림,FullAuto,Paper,Backtest,2026-03-31 11:13:00,2026-03-31 11:13:00,2026-03-31 11:16:30,3.5,67,14330,14070,14080,1.745,-19590,-2.040,-1.17,0.628,-1.814,0,-0.071,StopLoss,"VWAP 14,253 재돌파, 직전봉 고가 14,200 돌파","손절 (14,080)",14.92,0.54,0.523,166.0,0.708,3.16,1,133,1.5,4.0,1.5,1.2,False
047040#520-20260401090517,047040,대우건설,ORB,FullAuto,Paper,Backtest,2026-04-01 09:05:17,2026-04-01 09:05:17,2026-04-01 09:08:27,3.2,65,17480,17854.92,17220,1.487,21707,1.910,1.28,3.490,0,0,-0.084,Trailing,"ORB5 고가 17,440 돌파 (범위 3.6%)","1차 분할 익절 +2.0% / 트레일링 (17,870)",12.41,1.79,1,224.6,1.945,2.55,1,5,1.5,4.0,1.5,1.2,False
046970#521-20260401090727,046970,우리로,ORB,FullAuto,Paper,Backtest,2026-04-01 09:07:27,2026-04-01 09:07:27,2026-04-01 09:10:00,2.5,125,9090,9460,8960,1.430,43538,3.832,2.68,4.180,0,0,-0.106,TakeProfit,"ORB5 고가 9,060 돌파 (범위 8.5%)",목표 익절 +4.0%,8.86,4.17,1,225.6,4.532,1.66,1,7,1.5,4.0,1.5,1.2,False
001510#519-20260401091627,001510,SK증권,ORB,FullAuto,Paper,Backtest,2026-04-01 09:16:27,2026-04-01 09:16:27,2026-04-01 09:19:27,3,270,4075,4015,4015,1.472,-18695,-1.699,-1.15,0.466,-1.472,0,0,StopLoss,"ORB5 고가 4,065 돌파 (범위 4.1%)","손절 (4,015)",10.61,2.06,1,227.6,1.234,5.50,1,16,1.5,4.0,1.5,1.2,False
001510#519-20260401093927,001510,SK증권,ORB,FullAuto,Paper,Backtest,2026-04-01 09:39:27,2026-04-01 09:39:27,2026-04-01 09:43:25,4,270,4070,4132.5,4010,1.474,14313,1.302,0.88,2.334,-0.393,0,-0.060,Trailing,"ORB5 고가 4,065 돌파 (범위 4.1%)","1차 분할 익절 +2.0% / 트레일링 (4,115)",10.48,1.61,0.873,213.8,0.656,3.58,1,39,1.5,4.0,1.5,1.2,False
001510#519-20260401100105,001510,SK증권,ORB,FullAuto,Paper,Backtest,2026-04-01 10:01:05,2026-04-01 10:01:05,2026-04-01 10:03:32,2.5,270,4070,4010,4010,1.474,-18691,-1.701,-1.15,0.344,-1.474,0,0,StopLoss,"ORB5 고가 4,065 돌파 (범위 4.1%)","손절 (4,010)",10.48,0.93,0.635,225.9,0.842,0.57,1,61,1.5,4.0,1.5,1.2,False
050890#522-20260401103000,050890,쏠리드,VWAP눌림,FullAuto,Paper,Backtest,2026-04-01 10:30:00,2026-04-01 10:30:00,2026-04-01 10:36:27,6.5,135,14710,14750,14610,0.680,823,0.041,0.06,0.680,-0.544,0,0,BreakEven,"VWAP 14,679 재돌파, 직전봉 고가 14,690 돌파","본절 (14,750)",16.47,0.21,0.732,180.2,0.539,0.91,1,90,1.5,4.0,1.5,1.2,False
050890#522-20260401105200,050890,쏠리드,VWAP눌림,FullAuto,Paper,Backtest,2026-04-01 10:52:00,2026-04-01 10:52:00,2026-04-01 10:55:30,3.5,135,14760,14800,14680,0.542,807,0.040,0.07,0.542,-0.271,0,0,BreakEven,"VWAP 14,683 재돌파, 직전봉 고가 14,740 돌파","본절 (14,800)",16.79,0.46,0.753,195.8,0.407,0.42,1,112,1.5,4.0,1.5,1.2,False
050890#522-20260401110600,050890,쏠리드,VWAP눌림,FullAuto,Paper,Backtest,2026-04-01 11:06:00,2026-04-01 11:06:00,2026-04-01 11:26:00,20,76,14735,14695,14510,1.527,-5607,-0.501,-0.33,0.713,-0.373,0,0,TimeStop,"VWAP 14,684 재돌파, 직전봉 고가 14,730 돌파",타임스탑 20분,16.67,0.35,0.745,192.9,0.344,0.74,2,126,1.5,4.0,1.5,1.2,False
263750#523-20260401122700,263750,펄어비스,VWAP눌림,FullAuto,Paper,Backtest,2026-04-01 12:27:00,2026-04-01 12:27:00,2026-04-01 12:30:10,3.2,19,72800,72000.00,72000,1.099,-18348,-1.326,-1.21,0,-1.099,0,0.000,StopLoss,"VWAP 72,275 재돌파, 직전봉 고가 72,500 돌파","손절 (72,000)",7.70,0.59,0.605,240.7,0.442,0.34,1,207,1.5,4.0,1.5,1.2,False
263750#523-20260401124400,263750,펄어비스,VWAP눌림,FullAuto,Paper,Backtest,2026-04-01 12:44:00,2026-04-01 12:44:00,2026-04-01 12:54:22,10.4,15,72400,72700.0,71400,1.381,1994,0.184,0.13,1.657,-0.276,0,0.0,Trailing,"VWAP 72,275 재돌파, 직전봉 고가 72,000 돌파","트레일링 (72,700)",7.26,0.17,0.580,245.4,0.444,1.02,1,224,1.5,4.0,1.5,1.2,False
263750#523-20260401135300,263750,펄어비스,VWAP눌림,FullAuto,Paper,Backtest,2026-04-01 13:53:00,2026-04-01 13:53:00,2026-04-01 14:12:30,19.5,25,73000,72400,72400,0.822,-19164,-1.050,-1.28,0.274,-0.822,0,0,StopLoss,"VWAP 72,334 재돌파, 직전봉 고가 72,800 돌파","손절 (72,400)",8.00,0.78,0.622,254.0,0.343,1.31,1,293,1.5,4.0,1.5,1.2,False
010170#534-20260402090505,010170,대한광통신,ORB,FullAuto,Paper,Backtest,2026-04-02 09:05:05,2026-04-02 09:05:05,2026-04-02 09:05:27,0.4,109,10620,10440,10470,1.412,-22238,-1.921,-1.36,0.942,-1.695,0,-0.287,StopLoss,"ORB5 고가 10,600 돌파 (범위 7.0%)","손절 (10,470)",12.86,3.00,1,102.6,3.296,1.04,1,5,1.5,4.0,1.5,1.2,False
066970#533-20260402090527,066970,엘앤에프,ORB,FullAuto,Paper,Backtest,2026-04-02 09:05:27,2026-04-02 09:05:27,2026-04-02 09:09:30,4,7,159600,161714.29,157300,1.441,12202,1.092,0.76,2.130,-0.188,0,-0.062,Trailing,"ORB5 고가 159,500 돌파 (범위 7.6%)","1차 분할 익절 +2.0% / 트레일링 (161,000)",8.94,2.24,1,167.8,1.692,1.76,1,5,1.5,4.0,1.5,1.2,False
010170#534-20260402092522,010170,대한광통신,ORB,FullAuto,Paper,Backtest,2026-04-02 09:25:22,2026-04-02 09:25:22,2026-04-02 09:28:25,3,109,10610,10794.77,10460,1.414,17441,1.508,1.07,2.828,-0.566,0,-0.046,Trailing,"ORB5 고가 10,600 돌파 (범위 7.0%)","1차 분할 익절 +2.0% / 트레일링 (10,770)",12.75,3.35,0.892,150.8,1.508,3.84,1,25,1.5,4.0,1.5,1.2,False
373220#532-20260401150300,373220,LG에너지솔루션,종가베팅,FullAuto,Paper,Backtest,2026-04-01 15:03:00,2026-04-01 15:03:00,2026-04-02 09:40:22,1117.4,1,409000,415000.0,397000,2.934,5047,1.234,0.42,3.056,-0.856,0,0.0,Trailing,"종가베팅: 등락 +3.4%, 고저범위 94% 위치, VWAP 401,579 위","트레일링 (415,000)",3.41,1.85,0.939,2381.2,0.271,1.43,1,363,3,5,2.5,1.5,True
010170#534-20260402095225,010170,대한광통신,ORB,FullAuto,Paper,Backtest,2026-04-02 09:52:25,2026-04-02 09:52:25,2026-04-02 10:03:25,11,109,10610,10845.05,10460,1.414,22909,1.981,1.40,3.676,-1.131,0,-0.092,Trailing,"ORB5 고가 10,600 돌파 (범위 7.0%)","1차 분할 익절 +2.0% / 트레일링 (10,860)",12.75,0.80,0.572,157.4,1.629,1.26,1,52,1.5,4.0,1.5,1.2,False
008350#538-20260402102100,008350,남선알미늄,VWAP눌림,FullAuto,Paper,Backtest,2026-04-02 10:21:00,2026-04-02 10:21:00,2026-04-02 10:21:30,0.5,399,1745,1699,1702,2.464,-19914,-2.860,-1.16,0.057,-2.636,0,-0.176,StopLoss,"VWAP 1,720 재돌파, 직전봉 고가 1,740 돌파","손절 (1,702)",6.86,1.38,0.552,110.1,1.274,3.18,1,81,1.5,4.0,1.5,1.2,False
322000#539-20260402104300,322000,HD현대에너지솔루션,VWAP눌림,FullAuto,Paper,Backtest,2026-04-02 10:43:00,2026-04-02 10:43:00,2026-04-02 10:47:25,4.4,7,146500,144100,144200,1.570,-19121,-1.865,-1.19,0.341,-1.638,0,-0.069,StopLoss,"VWAP 144,634 재돌파, 직전봉 고가 145,600 돌파","손절 (144,200)",7.17,1.22,0.716,236.8,1.615,0.68,1,103,1.5,4.0,1.5,1.2,False
322000#539-20260402110800,322000,HD현대에너지솔루션,VWAP눌림,FullAuto,Paper,Backtest,2026-04-02 11:08:00,2026-04-02 11:08:00,2026-04-02 11:11:05,3.1,13,145900,144900,144900,0.685,-17333,-0.914,-1.33,0.617,-0.685,0,0,StopLoss,"VWAP 144,929 재돌파, 직전봉 고가 145,700 돌파","손절 (144,900)",6.81,0.67,0.690,219.3,0.778,0.45,1,128,1.5,4.0,1.5,1.2,False
322000#539-20260402113500,322000,HD현대에너지솔루션,VWAP눌림,FullAuto,Paper,Backtest,2026-04-02 11:35:00,2026-04-02 11:35:00,2026-04-02 11:37:22,2.4,13,145400,145500.0,144300,0.757,-3049,-0.161,-0.21,0.757,-0.344,0,-0.206,BreakEven,"VWAP 144,990 재돌파, 직전봉 고가 144,900 돌파","본절 (145,800)",6.37,0.21,0.660,214.1,0.541,1.69,1,155,1.5,4.0,1.5,1.2,False
008350#538-20260402124300,008350,남선알미늄,VWAP눌림,FullAuto,Paper,Backtest,2026-04-02 12:43:00,2026-04-02 12:43:00,2026-04-02 12:49:25,6.4,702,1811,1836.5,1787,1.325,14941,1.175,0.89,2.154,-0.883,0,-0.109,Trailing,"VWAP 1,809 재돌파, 직전봉 고가 1,800 돌파","1차 분할 익절 +2.0% / 트레일링 (1,827)",10.91,0.05,0.519,159.2,0.675,2.55,1,223,1.5,4.0,1.5,1.2,False
008350#538-20260402130500,008350,남선알미늄,VWAP눌림,FullAuto,Paper,Backtest,2026-04-02 13:05:00,2026-04-02 13:05:00,2026-04-02 13:11:25,6.4,878,1823,1804.00,1804,1.042,-20326,-1.270,-1.22,0.933,-1.042,0,0.000,StopLoss,"VWAP 1,810 재돌파, 직전봉 고가 1,818 돌파","손절 (1,804)",11.70,0.72,0.553,159.8,0.635,0.63,1,245,1.5,4.0,1.5,1.2,False
006400#541-20260402140500,006400,삼성SDI,VWAP눌림,FullAuto,Paper,Backtest,2026-04-02 14:05:00,2026-04-02 14:05:00,2026-04-02 14:25:00,20,2,448500,444000,443000,1.226,-11043,-1.231,-1.00,0.334,-1.115,0,-0.112,TimeStop,"VWAP 444,844 재돌파, 직전봉 고가 447,000 돌파",타임스탑 20분,3.58,0.82,0.617,468.8,0.462,1.95,1,305,1.5,4.0,1.5,1.2,False
050890#544-20260403090517,050890,쏠리드,ORB,FullAuto,Paper,Backtest,2026-04-03 09:05:17,2026-04-03 09:05:17,2026-04-03 09:06:27,1.2,69,16420,16688.99,16180,1.462,15917,1.405,0.96,2.741,0,0,-0.151,Trailing,"ORB5 고가 16,400 돌파 (범위 5.9%)","1차 분할 익절 +2.0% / 트레일링 (16,660)",8.96,2.93,1,255.4,2.010,2.44,1,5,1.5,4.0,1.5,1.2,False
028050#546-20260403090530,028050,삼성E&A,ORB,FullAuto,Paper,Backtest,2026-04-03 09:05:30,2026-04-03 09:05:30,2026-04-03 09:10:30,5,29,38075,38670.69,37500,1.510,14702,1.331,0.88,2.561,-0.722,0,-0.062,Trailing,"ORB5 고가 38,000 돌파 (범위 4.0%)","1차 분할 익절 +2.0% / 트레일링 (38,550)",8.48,1.76,1,360.6,1.620,1.70,2,6,1.5,4.0,1.5,1.2,False
047050#543-20260402150417,047050,포스코인터내셔널,종가베팅,FullAuto,Paper,Backtest,2026-04-02 15:04:17,2026-04-02 15:04:17,2026-04-03 09:22:30,1098.2,7,79600,80871.43,77300,2.889,7603,1.365,0.47,3.015,-1.508,0,-0.053,Trailing,"종가베팅: 등락 +4.5%, 고저범위 78% 위치, VWAP 78,314 위","1차 분할 익절 +2% / 트레일링 (80,700)",4.47,1.51,0.784,308.7,0.584,1.77,1,364,3,5,2.5,1.5,True
047040#545-20260403091005,047040,대우건설,ORB,FullAuto,Paper,Backtest,2026-04-03 09:10:05,2026-04-03 09:10:05,2026-04-03 09:30:05,20,34,17720,17720,17220,2.822,-1384,-0.230,-0.08,0.621,-2.652,0,-0.056,TimeStop,"ORB5 고가 17,710 돌파 (범위 2.8%)",타임스탑 20분,7.79,0.74,0.875,151.0,1.023,0.38,1,10,1.5,4.0,1.5,1.2,False
028050#549-20260406090510,028050,삼성E&A,ORB,FullAuto,Paper,Backtest,2026-04-06 09:05:10,2026-04-06 09:05:10,2026-04-06 09:05:27,0.3,25,45400,44700,44750,1.432,-20072,-1.768,-1.24,0.110,-1.542,0,-0.112,StopLoss,"ORB5 고가 45,350 돌파 (범위 6.6%)","손절 (44,750)",11.96,3.01,1,145.9,2.496,0.87,1,5,1.5,4.0,1.5,1.2,False
010170#550-20260406090930,010170,대한광통신,ORB,FullAuto,Paper,Backtest,2026-04-06 09:09:30,2026-04-06 09:09:30,2026-04-06 09:10:27,1,79,14060,13820,13850,1.494,-21472,-1.933,-1.29,0,-1.707,0,-0.217,StopLoss,"ORB5 고가 14,000 돌파 (범위 9.4%)","손절 (13,850)",10.36,3.95,1,117.2,2.327,1.87,1,10,1.5,4.0,1.5,1.2,False
028050#549-20260406091627,028050,삼성E&A,ORB,FullAuto,Paper,Backtest,2026-04-06 09:16:27,2026-04-06 09:16:27,2026-04-06 09:17:30,1,25,45400,44700,44750,1.432,-20072,-1.768,-1.24,0.220,-1.542,0,-0.112,StopLoss,"ORB5 고가 45,350 돌파 (범위 6.6%)","손절 (44,750)",11.96,2.87,0.983,188.4,1.794,2.47,1,16,1.5,4.0,1.5,1.2,False
375500#552-20260406092230,375500,DL이앤씨,ORB,FullAuto,Paper,Backtest,2026-04-06 09:22:30,2026-04-06 09:22:30,2026-04-06 09:25:30,3,14,79100,79200,78000,1.391,-1149,-0.104,-0.07,1.391,-0.253,0,-0.126,BreakEven,"ORB5 고가 79,000 돌파 (범위 3.8%)","본절 (79,300)",5.47,0.91,0.789,188.6,0.804,1.37,1,22,1.5,4.0,1.5,1.2,False
005930#548-20260403150000,005930,삼성전자,종가베팅,FullAuto,Paper,Backtest,2026-04-03 15:00:00,2026-04-03 15:00:00,2026-04-06 09:37:27,3997.5,3,186700,190666.67,181100,2.999,10588,1.890,0.63,3.696,-0.161,0,-0.017,Trailing,"종가베팅: 등락 +6.3%, 고저범위 89% 위치, VWAP 185,341 위","1차 분할 익절 +2% / 트레일링 (190,600)",6.32,0.73,0.889,645.7,0.134,0.62,1,360,3,5,2.5,1.5,True
034020#547-20260403150000,034020,두산에너빌리티,종가베팅,FullAuto,Paper,Backtest,2026-04-03 15:00:00,2026-04-03 15:00:00,2026-04-06 10:00:00,4020,5,97300,97700,94400,2.980,878,0.180,0.06,1.747,-1.028,0,0,NextDayDeadline,"종가베팅: 등락 +4.9%, 고저범위 90% 위치, VWAP 96,505 위",익일 청산 시각 10:00,4.85,0.72,0.905,872.4,0.169,0.94,1,360,3,5,2.5,1.5,True
375500#552-20260406095930,375500,DL이앤씨,ORB,FullAuto,Paper,Backtest,2026-04-06 09:59:30,2026-04-06 09:59:30,2026-04-06 10:03:27,4,14,79100,79300,78000,1.391,248,0.022,0.02,1.391,-0.253,0,0,BreakEven,"ORB5 고가 79,000 돌파 (범위 3.8%)","본절 (79,300)",5.47,0.74,0.732,202.7,0.461,4.11,1,60,1.5,4.0,1.5,1.2,False
018470#554-20260406121000,018470,조일알미늄,VWAP눌림,FullAuto,Paper,Backtest,2026-04-06 12:10:00,2026-04-06 12:10:00,2026-04-06 12:11:30,1.5,175,8175,8075,8080,1.162,-20751,-1.450,-1.25,0,-1.223,0,-0.062,StopLoss,"VWAP 8,095 재돌파, 직전봉 고가 8,140 돌파","손절 (8,080)",14.68,0.87,0.689,154.6,0.722,0.60,2,190,1.5,4.0,1.5,1.2,False
018470#554-20260406121800,018470,조일알미늄,VWAP눌림,FullAuto,Paper,Backtest,2026-04-06 12:18:00,2026-04-06 12:18:00,2026-04-06 12:23:25,5.4,175,8180,8312.37,8090,1.100,19826,1.385,1.26,2.689,-0.672,0,-0.060,Trailing,"VWAP 8,096 재돌파, 직전봉 고가 8,170 돌파","1차 분할 익절 +2.0% / 트레일링 (8,290)",14.89,1.04,0.697,156.7,0.764,0.96,1,198,1.5,4.0,1.5,1.2,False
018470#554-20260406131400,018470,조일알미늄,VWAP눌림,FullAuto,Paper,Backtest,2026-04-06 13:14:00,2026-04-06 13:14:00,2026-04-06 13:14:45,0.8,175,8240,8250,8150,1.092,-1569,-0.109,-0.10,1.214,-0.121,0,-0.121,BreakEven,"VWAP 8,153 재돌파, 직전봉 고가 8,205 돌파","본절 (8,260)",15.73,1.07,0.730,171.7,0.581,1.41,1,254,1.5,4.0,1.5,1.2,False
005810#555-20260406132100,005810,풍산홀딩스,VWAP눌림,FullAuto,Paper,Backtest,2026-04-06 13:21:00,2026-04-06 13:21:00,2026-04-06 13:25:30,4.5,29,46650,46100,46100,1.179,-19025,-1.406,-1.19,0.214,-1.179,0,0,StopLoss,"VWAP 46,577 재돌파, 직전봉 고가 46,300 돌파","손절 (46,100)",10.28,0.16,0.831,197.7,0.681,1.36,1,261,1.5,4.0,1.5,1.2,False
005810#555-20260406135200,005810,풍산홀딩스,VWAP눌림,FullAuto,Paper,Backtest,2026-04-06 13:52:00,2026-04-06 13:52:00,2026-04-06 14:50:00,58,25,46550,47176,45900,1.396,12942,1.112,0.80,1.504,-1.182,0,-0.157,ForceClose,"VWAP 46,423 재돌파, 직전봉 고가 46,250 돌파",장마감 강제청산,9.93,0.17,0.810,198.1,0.607,1.04,1,292,1.5,4.0,1.5,1.2,False
005810#558-20260406150000,005810,풍산홀딩스,종가베팅,FullAuto,Paper,Backtest,2026-04-06 15:00:00,2026-04-06 15:00:00,2026-04-07 09:01:00,1081,12,47250,54100,45850,2.963,80720,14.236,4.80,14.709,0,0,-0.185,TakeProfit,"종가베팅: 등락 +11.7%, 고저범위 100% 위치, VWAP 46,464 위",목표 익절 +5%,11.70,1.69,1,216.9,0,0.04,1,360,3,5,2.5,1.5,True
079550#560-20260407090520,079550,LIG디펜스앤에어로스페이스,ORB,FullAuto,Paper,Backtest,2026-04-07 09:05:20,2026-04-07 09:05:20,2026-04-07 09:08:30,3.2,1,838000,854000,826000,1.432,14039,1.675,1.17,3.222,0,0,0,Trailing,"ORB5 고가 837,000 돌파 (범위 5.5%)","트레일링 (854,000)",4.49,1.75,1,1058.3,1.989,2.41,1,5,1.5,4.0,1.5,1.2,False
096770#557-20260406150000,096770,SK이노베이션,종가베팅,FullAuto,Paper,Backtest,2026-04-06 15:00:00,2026-04-06 15:00:00,2026-04-07 09:20:27,1100.5,4,121900,126200,118300,2.953,16044,3.290,1.11,5.086,-1.148,0,-0.079,TakeProfit,"종가베팅: 등락 +3.3%, 고저범위 84% 위치, VWAP 120,767 위",1차 분할 익절 +2% / 목표 익절 +5%,3.31,0.94,0.843,691.8,0.264,0.28,1,360,3,5,2.5,1.5,True
047040#563-20260407094705,047040,대우건설,ORB,FullAuto,Paper,Backtest,2026-04-07 09:47:05,2026-04-07 09:47:05,2026-04-07 09:51:22,4.3,62,18310,18030,18040,1.475,-19932,-1.756,-1.19,0.109,-1.529,0,-0.055,StopLoss,"ORB5 고가 18,300 돌파 (범위 3.4%)","손절 (18,040)",5.78,1.28,0.756,215.0,0.897,0.46,1,47,1.5,4.0,1.5,1.2,False
0007C0#565-20260407150422,0007C0,아크릴,종가베팅,FullAuto,Paper,Backtest,2026-04-07 15:04:22,2026-04-07 15:04:22,2026-04-08 09:02:30,1078.1,15,37900.0,39023.33,36800,2.902,15509,2.728,0.94,4.617,-1.583,0,-0.128,Trailing,"종가베팅: 등락 +20.0%, 고저범위 76% 위치, VWAP 37,686 위","1차 분할 익절 +2% / 트레일링 (39,050)",19.97,0.44,0.76,168.2,0.948,0.83,1,364,3,5,2.5,1.5,True
047040#566-20260408090515,047040,대우건설,ORB,FullAuto,Paper,Backtest,2026-04-08 09:05:15,2026-04-08 09:05:15,2026-04-08 09:06:25,1.2,58,19480,19140.00,19190,1.489,-22275,-1.972,-1.32,0,-1.745,0,-0.261,StopLoss,"ORB5 고가 19,470 돌파 (범위 4.1%)","손절 (19,190)",12.28,2.64,1,372.2,1.506,1.48,1,5,1.5,4.0,1.5,1.2,False
047040#566-20260408091322,047040,대우건설,ORB,FullAuto,Paper,Backtest,2026-04-08 09:13:22,2026-04-08 09:13:22,2026-04-08 09:16:27,3.1,58,19510,20110,19220,1.486,32126,2.839,1.91,4.305,0,0,-0.148,TakeProfit,"ORB5 고가 19,470 돌파 (범위 4.1%)",1차 분할 익절 +2.0% / 목표 익절 +4.0%,12.45,2.37,1,233.0,1.328,4.07,1,13,1.5,4.0,1.5,1.2,False
007660#574-20260408150000,007660,이수페타시스,종가베팅,FullAuto,Paper,Backtest,2026-04-08 15:00:00,2026-04-08 15:00:00,2026-04-09 09:01:30,1081.5,4,119900,116200,116400,2.919,-15869,-3.309,-1.13,0.751,-3.086,0,-0.172,StopLoss,"종가베팅: 등락 +15.1%, 고저범위 100% 위치, VWAP 116,904 위","손절 (116,400)",15.07,2.56,1,1215.7,0.143,1.88,1,360,3,5,2.5,1.5,True
278470#578-20260409090615,278470,에이피알,ORB,FullAuto,Paper,Backtest,2026-04-09 09:06:15,2026-04-09 09:06:15,2026-04-09 09:06:30,0.2,2,377000,370500,371500,1.459,-14706,-1.950,-1.34,0,-1.724,0,-0.269,StopLoss,"ORB5 고가 376,500 돌파 (범위 6.7%)","손절 (371,500)",11.21,2.40,1,338.7,1.326,1.38,1,6,1.5,4.0,1.5,1.2,False
065440#576-20260409090627,065440,이루온,ORB,FullAuto,Paper,Backtest,2026-04-09 09:06:27,2026-04-09 09:06:27,2026-04-09 09:06:45,0.3,252,4635,4565,4570,1.402,-20287,-1.737,-1.24,0.647,-1.510,0,-0.109,StopLoss,"ORB5 고가 4,610 돌파 (범위 8.6%)","손절 (4,570)",18.54,4.33,1,209.8,3.695,1.82,1,6,1.5,4.0,1.5,1.2,False
065440#576-20260409091517,065440,이루온,ORB,FullAuto,Paper,Backtest,2026-04-09 09:15:17,2026-04-09 09:15:17,2026-04-09 09:16:12,0.9,252,4625,4770,4560,1.405,33784,2.899,2.06,4.00,0,0,-0.105,TakeProfit,"ORB5 고가 4,610 돌파 (범위 8.6%)",1차 분할 익절 +2.0% / 목표 익절 +4.0%,18.29,2.06,0.639,172.1,3.333,1.79,1,15,1.5,4.0,1.5,1.2,False
000270#575-20260408150000,000270,기아,종가베팅,FullAuto,Paper,Backtest,2026-04-08 15:00:00,2026-04-08 15:00:00,2026-04-09 10:00:00,1140,3,159700,161400,155000,2.943,3991,0.833,0.28,2.192,-0.313,0,-0.020,NextDayDeadline,"종가베팅: 등락 +6.3%, 고저범위 91% 위치, VWAP 157,939 위",1차 분할 익절 +2% / 익일 청산 시각 10:00,6.33,1.05,0.915,517.3,0.166,1.00,1,360,3,5,2.5,1.5,True
093370#579-20260409131700,093370,후성,VWAP눌림,FullAuto,Paper,Backtest,2026-04-09 13:17:00,2026-04-09 13:17:00,2026-04-09 13:18:27,1.5,147,11020,10910.00,10910,0.998,-19859,-1.226,-1.23,0.272,-0.998,0,0.000,StopLoss,"VWAP 11,014 재돌파, 직전봉 고가 10,990 돌파","손절 (10,910)",13.39,-0.04,0.550,191.0,0.785,0.64,1,257,1.5,4.0,1.5,1.2,False
093370#579-20260409133300,093370,후성,VWAP눌림,FullAuto,Paper,Backtest,2026-04-09 13:33:00,2026-04-09 13:33:00,2026-04-09 13:39:27,6.5,176,11030,11060,10940,0.816,805,0.041,0.05,0.907,-0.181,0,0,BreakEven,"VWAP 11,011 재돌파, 직전봉 고가 11,020 돌파","본절 (11,060)",13.59,0.18,0.560,193.8,0.622,1.94,1,273,1.5,4.0,1.5,1.2,False
093370#579-20260409134700,093370,후성,VWAP눌림,FullAuto,Paper,Backtest,2026-04-09 13:47:00,2026-04-09 13:47:00,2026-04-09 13:47:27,0.5,180,11070,10990,10990,0.723,-18950,-0.951,-1.32,0,-0.723,0,0,StopLoss,"VWAP 11,012 재돌파, 직전봉 고가 11,050 돌파","손절 (10,990)",13.90,0.44,0.574,197.8,0.491,0.39,1,287,1.5,4.0,1.5,1.2,False
092790#580-20260409135100,092790,넥스틸,VWAP눌림,FullAuto,Paper,Backtest,2026-04-09 13:51:00,2026-04-09 13:51:00,2026-04-09 14:02:30,11.5,93,16530,16350,16350,1.089,-20239,-1.317,-1.21,0.847,-1.089,0,0,StopLoss,"VWAP 16,356 재돌파, 직전봉 고가 16,510 돌파","손절 (16,350)",12.69,1.00,0.666,134.7,1.141,0.57,1,291,1.5,4.0,1.5,1.2,False
092790#580-20260409142700,092790,넥스틸,VWAP눌림,FullAuto,Paper,Backtest,2026-04-09 14:27:00,2026-04-09 14:27:00,2026-04-09 14:40:25,13.4,84,16390,16180,16190,1.220,-20767,-1.508,-1.24,0.061,-1.281,0,-0.062,StopLoss,"VWAP 16,352 재돌파, 직전봉 고가 16,290 돌파","손절 (16,190)",11.73,0.17,0.628,144.6,0.563,1.52,1,327,1.5,4.0,1.5,1.2,False
010820#583-20260410090645,010820,퍼스텍,ORB,FullAuto,Paper,Backtest,2026-04-10 09:06:45,2026-04-10 09:06:45,2026-04-10 09:08:12,1.5,102,11120,11300.00,10960,1.439,15715,1.386,0.96,2.338,-0.629,0,-0.088,Trailing,"ORB5 고가 11,100 돌파 (범위 7.0%)","1차 분할 익절 +2.0% / 트레일링 (11,240)",13.82,2.59,0.682,182.0,3.440,1.32,1,7,1.5,4.0,1.5,1.2,False
010170#584-20260410090725,010170,대한광통신,ORB,FullAuto,Paper,Backtest,2026-04-10 09:07:25,2026-04-10 09:07:25,2026-04-10 09:11:22,4,72,15360,15685,15130,1.497,20810,1.882,1.26,3.646,-0.586,0,-0.064,Trailing,"ORB5 고가 15,300 돌파 (범위 5.6%)","1차 분할 익절 +2.0% / 트레일링 (15,720)",8.32,2.42,1,123.8,1.784,1.96,1,7,1.5,4.0,1.5,1.2,False
038500#585-20260410091127,038500,삼표시멘트,ORB,FullAuto,Paper,Backtest,2026-04-10 09:11:27,2026-04-10 09:11:27,2026-04-10 09:13:22,1.9,62,18380,18690.0,18110,1.469,16560,1.453,0.99,2.666,-0.707,0,-0.053,Trailing,"ORB5 고가 18,320 돌파 (범위 3.4%)","1차 분할 익절 +2.0% / 트레일링 (18,640)",8.95,2.42,1,208.1,1.762,4.29,1,11,1.5,4.0,1.5,1.2,False
010820#583-20260410091317,010820,퍼스텍,ORB,FullAuto,Paper,Backtest,2026-04-10 09:13:17,2026-04-10 09:13:17,2026-04-10 09:15:20,2,102,11120,11355,10960,1.439,21313,1.879,1.31,3.417,0,0,-0.088,Trailing,"ORB5 고가 11,100 돌파 (범위 7.0%)","1차 분할 익절 +2.0% / 트레일링 (11,360)",13.82,1.27,0.658,150.5,2.853,1.33,1,13,1.5,4.0,1.5,1.2,False
047810#581-20260409150000,047810,한국항공우주,종가베팅,FullAuto,Paper,Backtest,2026-04-09 15:00:00,2026-04-09 15:00:00,2026-04-10 09:34:30,1114.5,2,199400,202500,193500,2.959,5272,1.322,0.45,3.059,-0.351,0,-0.123,Trailing,"종가베팅: 등락 +4.6%, 고저범위 95% 위치, VWAP 193,657 위","1차 분할 익절 +2% / 트레일링 (202,000)",4.62,2.97,0.953,282.0,0.355,0.74,1,360,3,5,2.5,1.5,True
010950#582-20260409150117,010950,S-Oil,종가베팅,FullAuto,Paper,Backtest,2026-04-09 15:01:17,2026-04-09 15:01:17,2026-04-10 09:35:27,1114.2,4,118800,120850,115300,2.946,7092,1.492,0.51,2.946,-1.431,0,-0.041,Trailing,"종가베팅: 등락 +5.7%, 고저범위 87% 위치, VWAP 117,348 위","1차 분할 익절 +2% / 트레일링 (120,400)",5.69,1.24,0.874,438.9,0.216,2.81,1,361,3,5,2.5,1.5,True
010820#583-20260410093537,010820,퍼스텍,ORB,FullAuto,Paper,Backtest,2026-04-10 09:35:37,2026-04-10 09:35:37,2026-04-10 09:38:30,2.9,102,11110,11270,10950,1.440,13683,1.207,0.84,2.160,-0.090,0,-0.044,Trailing,"ORB5 고가 11,100 돌파 (범위 7.0%)","1차 분할 익절 +2.0% / 트레일링 (11,210)",13.72,0.07,0.602,146.2,1.292,1.36,1,36,1.5,4.0,1.5,1.2,False
046970#587-20260410104900,046970,우리로,VWAP눌림,FullAuto,Paper,Backtest,2026-04-10 10:49:00,2026-04-10 10:49:00,2026-04-10 11:00:27,11.5,194,8230,8150,8150,0.972,-19158,-1.200,-1.23,0.729,-0.972,0,0,StopLoss,"VWAP 8,143 재돌파, 직전봉 고가 8,210 돌파","손절 (8,150)",13.52,1.06,0.646,175.4,0.738,0.74,1,109,1.5,4.0,1.5,1.2,False
046970#587-20260410112900,046970,우리로,VWAP눌림,FullAuto,Paper,Backtest,2026-04-10 11:29:00,2026-04-10 11:29:00,2026-04-10 11:34:30,5.5,116,8160,8200,8020,1.716,2455,0.259,0.15,1.716,-0.735,0,0,Trailing,"VWAP 8,139 재돌파, 직전봉 고가 8,060 돌파","트레일링 (8,200)",12.55,0.26,0.608,190.4,0.692,1.37,1,149,1.5,4.0,1.5,1.2,False
046970#587-20260410123300,046970,우리로,VWAP눌림,FullAuto,Paper,Backtest,2026-04-10 12:33:00,2026-04-10 12:33:00,2026-04-10 13:35:27,62.5,102,8190,8030,8030,1.954,-18205,-2.179,-1.12,1.221,-1.954,0,0,StopLoss,"VWAP 8,138 재돌파, 직전봉 고가 8,130 돌파","손절 (8,030)",12.83,0.52,0.619,200.5,0.498,2.77,1,213,1.5,4.0,1.5,1.2,False
062040#591-20260410150000,062040,산일전기,종가베팅,FullAuto,Paper,Backtest,2026-04-10 15:00:00,2026-04-10 15:00:00,2026-04-13 09:01:07,3961.1,3,155000,150400.0,150400,2.968,-14838,-3.191,-1.08,0,-2.968,0,0.0,StopLoss,"종가베팅: 등락 +7.9%, 고저범위 76% 위치, VWAP 153,360 위","손절 (150,400)",7.94,1.00,0.76,338.5,0.143,0.66,1,360,3,5,2.5,1.5,True
010120#593-20260413090517,010120,LS ELECTRIC,ORB,FullAuto,Paper,Backtest,2026-04-13 09:05:17,2026-04-13 09:05:17,2026-04-13 09:05:27,0.2,6,184500,190500,181800,1.463,33378,3.015,2.06,4.390,0,0,-0.052,TakeProfit,"ORB5 고가 183,000 돌파 (범위 6.9%)",1차 분할 익절 +2.0% / 목표 익절 +4.0%,17.07,4.63,1,318.3,2.276,1.59,1,5,1.5,4.0,1.5,1.2,False
278470#590-20260410150000,278470,에이피알,종가베팅,FullAuto,Paper,Backtest,2026-04-10 15:00:00,2026-04-10 15:00:00,2026-04-13 09:10:22,3970.4,1,392750,398000,381000,2.992,4337,1.104,0.37,2.992,-2.228,0,0,Trailing,"종가베팅: 등락 +8.5%, 고저범위 85% 위치, VWAP 387,967 위","트레일링 (398,000)",8.51,1.10,0.847,575.6,0.137,1.17,2,360,3,5,2.5,1.5,True
010120#593-20260413095802,010120,LS ELECTRIC,ORB,FullAuto,Paper,Backtest,2026-04-13 09:58:02,2026-04-13 09:58:02,2026-04-13 09:59:30,1.5,6,183100,180100,180400,1.475,-20487,-1.865,-1.26,0.601,-1.638,0,-0.166,StopLoss,"ORB5 고가 183,000 돌파 (범위 6.9%)","손절 (180,400)",16.18,2.40,0.506,227.4,0.378,1.86,1,58,1.5,4.0,1.5,1.2,False
025860#601-20260413120500,025860,남해화학,VWAP눌림,FullAuto,Paper,Backtest,2026-04-13 12:05:00,2026-04-13 12:05:00,2026-04-13 12:06:30,1.5,176,8870,8780,8780,1.015,-19395,-1.242,-1.22,0.338,-1.015,0,0,StopLoss,"VWAP 8,840 재돌파, 직전봉 고가 8,870 돌파","손절 (8,780)",11.71,0.34,0.728,157.7,1.429,0.74,1,185,1.5,4.0,1.5,1.2,False
025860#601-20260413121200,025860,남해화학,VWAP눌림,FullAuto,Paper,Backtest,2026-04-13 12:12:00,2026-04-13 12:12:00,2026-04-13 12:15:25,3.4,97,8920,9180.93,8750,1.906,23268,2.689,1.41,4.036,-0.785,0,-0.109,TakeProfit,"VWAP 8,840 재돌파, 직전봉 고가 8,850 돌파",1차 분할 익절 +2.0% / 목표 익절 +4.0%,12.22,0.79,0.76,159.1,1.074,1.01,1,192,1.5,4.0,1.5,1.2,False
010820#604-20260413150000,010820,퍼스텍,종가베팅,FullAuto,Paper,Backtest,2026-04-13 15:00:00,2026-04-13 15:00:00,2026-04-14 09:01:00,1081,48,11850,11490,11500,2.954,-18550,-3.261,-1.10,3.207,-2.954,0,-0.087,StopLoss,"종가베팅: 등락 +4.0%, 고저범위 93% 위치, VWAP 11,581 위","손절 (11,500)",3.95,2.24,0.928,255.1,0.558,1.97,1,360,3,5,2.5,1.5,True
083450#607-20260413150100,083450,GST,종가베팅,FullAuto,Paper,Backtest,2026-04-13 15:01:00,2026-04-13 15:01:00,2026-04-14 09:01:00,1080,16,36150,38650,35100,2.905,38586,6.671,2.30,6.916,-0.277,0,0,TakeProfit,"종가베팅: 등락 +13.7%, 고저범위 94% 위치, VWAP 35,249 위",목표 익절 +5%,13.68,2.56,0.936,383.6,0.326,0.91,1,361,3,5,2.5,1.5,True
336260#608-20260414090725,336260,두산퓨얼셀,ORB,FullAuto,Paper,Backtest,2026-04-14 09:07:25,2026-04-14 09:07:25,2026-04-14 09:11:15,3.8,27,40800,40150,40200,1.471,-20045,-1.820,-1.24,0.490,-1.593,0,-0.124,StopLoss,"ORB5 고가 40,750 돌파 (범위 5.8%)","손절 (40,200)",10.27,1.61,1,218.3,1.618,3.02,1,7,1.5,4.0,1.5,1.2,False
375500#613-20260414123100,375500,DL이앤씨,VWAP눌림,FullAuto,Paper,Backtest,2026-04-14 12:31:00,2026-04-14 12:31:00,2026-04-14 12:32:20,1.3,19,101100,101400.00,100700,0.396,1271,0.066,0.17,0.396,0,0,0.000,BreakEven,"VWAP 100,586 재돌파, 직전봉 고가 101,000 돌파","본절 (101,400)",6.98,0.51,0.692,234.6,0.332,0.58,1,211,1.5,4.0,1.5,1.2,False
375500#613-20260414131700,375500,DL이앤씨,VWAP눌림,FullAuto,Paper,Backtest,2026-04-14 13:17:00,2026-04-14 13:17:00,2026-04-14 13:18:30,1.5,19,101100,100700,100700,0.396,-12000,-0.625,-1.58,0,-0.396,0,0,StopLoss,"VWAP 100,618 재돌파, 직전봉 고가 100,900 돌파","손절 (100,700)",6.88,0.38,0.684,237.2,0.311,0.65,1,257,1.5,4.0,1.5,1.2,False
375500#613-20260414134700,375500,DL이앤씨,VWAP눌림,FullAuto,Paper,Backtest,2026-04-14 13:47:00,2026-04-14 13:47:00,2026-04-14 13:48:30,1.5,19,101400,100600,100700,0.690,-19596,-1.017,-1.47,0.296,-0.789,0,-0.099,StopLoss,"VWAP 100,628 재돌파, 직전봉 고가 101,000 돌파","손절 (100,700)",7.30,0.77,0.718,241.6,0.317,3.19,1,287,1.5,4.0,1.5,1.2,False
115440#612-20260414140530,115440,우리넷,ORB,FullAuto,Paper,Backtest,2026-04-14 14:05:30,2026-04-14 14:05:30,2026-04-14 14:05:42,0.2,50,20300,19970,20000,1.478,-18798,-1.852,-1.25,0,-1.626,0,-0.150,StopLoss,"ORB5 고가 20,250 돌파 (범위 7.8%)","손절 (20,000)",20.12,4.69,0.743,150.9,1.017,7.96,1,306,1.5,4.0,1.5,1.2,False
027360#620-20260415090625,027360,아주IB투자,ORB,FullAuto,Paper,Backtest,2026-04-15 09:06:25,2026-04-15 09:06:25,2026-04-15 09:08:30,2.1,92,12210,12000,12030,1.474,-21861,-1.946,-1.32,0.819,-1.720,0,-0.249,StopLoss,"ORB5 고가 12,200 돌파 (범위 6.7%)","손절 (12,030)",7.77,3.19,1,135.6,3.481,1.30,1,6,1.5,4.0,1.5,1.2,False
050890#619-20260415091230,050890,쏠리드,ORB,FullAuto,Paper,Backtest,2026-04-15 09:12:30,2026-04-15 09:12:30,2026-04-15 09:14:30,2,64,17940,18270,17680,1.449,18436,1.606,1.11,2.899,-0.084,0,-0.110,Trailing,"ORB5 고가 17,930 돌파 (범위 4.2%)","1차 분할 익절 +2.0% / 트레일링 (18,230)",6.28,2.42,1,142.2,1.483,2.74,1,12,1.5,4.0,1.5,1.2,False
027360#620-20260415091505,027360,아주IB투자,ORB,FullAuto,Paper,Backtest,2026-04-15 09:15:05,2026-04-15 09:15:05,2026-04-15 09:17:22,2.3,92,12210,12010.0,12030,1.474,-20942,-1.864,-1.26,0.737,-1.638,0,-0.166,StopLoss,"ORB5 고가 12,200 돌파 (범위 6.7%)","손절 (12,030)",7.77,2.56,0.886,126.4,2.470,0.75,1,15,1.5,4.0,1.5,1.2,False
336260#617-20260414150917,336260,두산퓨얼셀,종가베팅,FullAuto,Paper,Backtest,2026-04-14 15:09:17,2026-04-14 15:09:17,2026-04-15 09:29:27,1100.2,13,43300,44000,42000,3.002,7790,1.384,0.46,2.540,-0.693,0,0,Trailing,"종가베팅: 등락 +17.0%, 고저범위 78% 위치, VWAP 42,834 위","1차 분할 익절 +2% / 트레일링 (43,700)",17.03,1.09,0.780,277.4,0.280,3.50,1,369,3,5,2.5,1.5,True
018260#618-20260415092927,018260,삼성에스디에스,ORB,FullAuto,Paper,Backtest,2026-04-15 09:29:27,2026-04-15 09:29:27,2026-04-15 09:40:25,11,6,172800,176450.00,170300,1.447,19471,1.878,1.30,3.414,0,0,-0.028,Trailing,"ORB5 고가 172,600 돌파 (범위 6.2%)","1차 분할 익절 +2.0% / 트레일링 (176,500)",13.46,1.74,1,179.6,0.562,4.30,1,29,1.5,4.0,1.5,1.2,False
100790#623-20260415105800,100790,미래에셋벤처투자,VWAP눌림,FullAuto,Paper,Backtest,2026-04-15 10:58:00,2026-04-15 10:58:00,2026-04-15 10:58:30,0.5,49,40500,40300,40300,0.494,-14342,-0.723,-1.46,0,-0.494,0,0,StopLoss,"VWAP 40,232 재돌파, 직전봉 고가 40,400 돌파","손절 (40,300)",3.98,0.54,0.536,300.5,0.477,0.86,1,118,1.5,4.0,1.5,1.2,False
158430#628-20260416091025,158430,아톤,ORB,FullAuto,Paper,Backtest,2026-04-16 09:10:25,2026-04-16 09:10:25,2026-04-16 09:13:25,3,109,10410,10650.18,10260,1.441,23516,2.072,1.44,3.746,0,0,-0.047,Trailing,"ORB5 고가 10,380 돌파 (범위 5.5%)","1차 분할 익절 +2.0% / 트레일링 (10,670)",18.03,2.58,1,148.5,2.866,1.72,1,10,1.5,4.0,1.5,1.2,False
034020#629-20260416091127,034020,두산에너빌리티,ORB,FullAuto,Paper,Backtest,2026-04-16 09:11:27,2026-04-16 09:11:27,2026-04-16 09:31:27,20,6,109100,109900,106400,2.475,3286,0.502,0.20,1.192,-0.550,0,-0.091,TimeStop,"ORB5 고가 109,000 돌파 (범위 2.3%)",타임스탑 20분,4.00,0.81,1,428.1,0.647,3.37,1,11,1.5,4.0,1.5,1.2,False
078600#625-20260415150217,078600,대주전자재료,종가베팅,FullAuto,Paper,Backtest,2026-04-15 15:02:17,2026-04-15 15:02:17,2026-04-16 10:00:00,1137.7,4,134600,135400,130600,2.972,1956,0.363,0.12,2.155,-1.857,0,0,NextDayDeadline,"종가베팅: 등락 +14.5%, 고저범위 87% 위치, VWAP 131,352 위",1차 분할 익절 +2% / 익일 청산 시각 10:00,14.46,2.47,0.870,274.7,0.308,1.32,1,362,3,5,2.5,1.5,True
278470#626-20260415150317,278470,에이피알,종가베팅,FullAuto,Paper,Backtest,2026-04-15 15:03:17,2026-04-15 15:03:17,2026-04-16 10:00:00,1136.7,1,412000,405500,400000,2.913,-7432,-1.804,-0.62,1.214,-2.549,0,0,NextDayDeadline,"종가베팅: 등락 +6.0%, 고저범위 94% 위치, VWAP 403,325 위",익일 청산 시각 10:00,6.05,2.15,0.944,378.5,0.468,2.16,1,363,3,5,2.5,1.5,True
011790#632-20260416134900,011790,SKC,VWAP눌림,FullAuto,Paper,Backtest,2026-04-16 13:49:00,2026-04-16 13:49:00,2026-04-16 13:55:30,6.5,17,116300,116600,115600,0.602,543,0.027,0.05,0.602,0,0,0,BreakEven,"VWAP 115,989 재돌파, 직전봉 고가 116,000 돌파","본절 (116,600)",16.65,0.27,0.737,265.4,0.276,0.61,1,289,1.5,4.0,1.5,1.2,False
011790#632-20260416140700,011790,SKC,VWAP눌림,FullAuto,Paper,Backtest,2026-04-16 14:07:00,2026-04-16 14:07:00,2026-04-16 14:27:00,20,17,116900,116800,116000,0.770,-6266,-0.315,-0.41,0.086,-0.599,0,-0.086,TimeStop,"VWAP 115,997 재돌파, 직전봉 고가 116,500 돌파",타임스탑 20분,17.25,0.78,0.765,273.3,0.232,1.61,1,307,1.5,4.0,1.5,1.2,False
011790#633-20260416150007,011790,SKC,종가베팅,FullAuto,Paper,Backtest,2026-04-16 15:00:07,2026-04-16 15:00:07,2026-04-17 09:01:22,1081.2,4,119700.0,116200,116200,2.924,-15069,-3.147,-1.08,1.587,-2.924,0,0,StopLoss,"종가베팅: 등락 +20.0%, 고저범위 89% 위치, VWAP 116,179 위","손절 (116,200)",19.96,2.94,0.889,324.4,0.287,0.64,1,360,3,5,2.5,1.5,True
042660#634-20260416150000,042660,한화오션,종가베팅,FullAuto,Paper,Backtest,2026-04-16 15:00:00,2026-04-16 15:00:00,2026-04-17 09:01:30,1081.5,4,131600,127400,127700,2.964,-17973,-3.414,-1.15,0.228,-3.191,0,-0.235,StopLoss,"종가베팅: 등락 +4.4%, 고저범위 90% 위치, VWAP 130,126 위","손절 (127,700)",4.37,1.06,0.902,457.0,0.212,0.37,1,360,3,5,2.5,1.5,True
005490#637-20260417090525,005490,POSCO홀딩스,ORB,FullAuto,Paper,Backtest,2026-04-17 09:05:25,2026-04-17 09:05:25,2026-04-17 09:08:27,3,2,384000,376000.00,376000,2.083,-17731,-2.309,-1.11,0.391,-2.083,0,0.000,StopLoss,"ORB5 고가 383,500 돌파 (범위 1.9%)","손절 (376,000)",3.64,0.75,1,573.2,0.825,3.16,1,5,1.5,4.0,1.5,1.2,False
005490#637-20260417092630,005490,POSCO홀딩스,ORB,FullAuto,Paper,Backtest,2026-04-17 09:26:30,2026-04-17 09:26:30,2026-04-17 09:46:30,20,2,384000,379250,376000,2.083,-11245,-1.464,-0.70,0.521,-1.302,0,-0.132,TimeStop,"ORB5 고가 383,500 돌파 (범위 1.9%)",타임스탑 20분,3.64,0.85,0.85,345.3,0.419,2.70,1,26,1.5,4.0,1.5,1.2,False
100790#640-20260417103000,100790,미래에셋벤처투자,VWAP눌림,FullAuto,Paper,Backtest,2026-04-17 10:30:00,2026-04-17 10:30:00,2026-04-17 10:33:25,3.4,23,45950,45250,45250,1.523,-18495,-1.750,-1.15,0.326,-1.523,0,0,StopLoss,"VWAP 45,209 재돌파, 직전봉 고가 45,500 돌파","손절 (45,250)",18.73,1.64,0.768,177.7,0.940,1.12,1,90,1.5,4.0,1.5,1.2,False
005490#637-20260417110330,005490,POSCO홀딩스,ORB,FullAuto,Paper,Backtest,2026-04-17 11:03:30,2026-04-17 11:03:30,2026-04-17 11:23:30,20,2,384000,384000,376000,2.083,-1766,-0.230,-0.11,0.260,-0.130,0,-0.130,TimeStop,"ORB5 고가 383,500 돌파 (범위 1.9%)",타임스탑 20분,3.64,0.61,0.810,409.6,0.223,3.86,1,124,1.5,4.0,1.5,1.2,False
034220#643-20260417123900,034220,LG디스플레이,VWAP눌림,FullAuto,Paper,Backtest,2026-04-17 12:39:00,2026-04-17 12:39:00,2026-04-17 12:39:30,0.5,138,14390,14350,14350,0.278,-10074,-0.507,-1.82,0,-0.278,0,0,StopLoss,"VWAP 14,345 재돌파, 직전봉 고가 14,370 돌파","손절 (14,350)",3.98,0.24,0.730,288.9,0.149,0.70,1,219,1.5,4.0,1.5,1.2,False
019170#644-20260417131200,019170,신풍제약,VWAP눌림,FullAuto,Paper,Backtest,2026-04-17 13:12:00,2026-04-17 13:12:00,2026-04-17 13:28:25,16.4,117,13740,13590,13600,1.019,-21209,-1.319,-1.29,0.946,-1.092,0,-0.074,StopLoss,"VWAP 13,598 재돌파, 직전봉 고가 13,720 돌파","손절 (13,600)",12.16,1.04,0.540,174.0,0.478,0.88,1,252,1.5,4.0,1.5,1.2,False
034220#643-20260417131800,034220,LG디스플레이,VWAP눌림,FullAuto,Paper,Backtest,2026-04-17 13:18:00,2026-04-17 13:18:00,2026-04-17 13:38:00,20,79,14410,14440,14200,1.457,-252,-0.022,-0.02,0.347,0,0,-0.069,TimeStop,"VWAP 14,348 재돌파, 직전봉 고가 14,400 돌파",타임스탑 20분,4.19,0.43,0.757,300.2,0.104,0.23,1,258,1.5,4.0,1.5,1.2,False
034220#643-20260417141000,034220,LG디스플레이,VWAP눌림,FullAuto,Paper,Backtest,2026-04-17 14:10:00,2026-04-17 14:10:00,2026-04-17 14:30:00,20,138,14410,14370,14340,0.486,-10081,-0.507,-1.04,0.069,-0.416,0,-0.070,TimeStop,"VWAP 14,353 재돌파, 직전봉 고가 14,380 돌파",타임스탑 20분,4.19,0.40,0.757,310.7,0.149,0.86,1,310,1.5,4.0,1.5,1.2,False
066970#645-20260417150002,066970,엘앤에프,종가베팅,FullAuto,Paper,Backtest,2026-04-17 15:00:02,2026-04-17 15:00:02,2026-04-20 09:02:22,3962.3,3,185600,179300,180100,2.963,-20138,-3.617,-1.22,0,-3.394,0,-0.444,StopLoss,"종가베팅: 등락 +9.4%, 고저범위 98% 위치, VWAP 180,901 위","손절 (180,100)",9.43,2.60,0.979,284.6,0.216,1.11,1,360,3,5,2.5,1.5,True
001440#649-20260420090520,001440,대한전선,ORB,FullAuto,Paper,Backtest,2026-04-20 09:05:20,2026-04-20 09:05:20,2026-04-20 09:09:27,4.1,26,40850,42075,40250,1.469,29342,2.763,1.88,4.039,0,0,-0.119,TakeProfit,"ORB5 고가 40,800 돌파 (범위 3.9%)",1차 분할 익절 +2.0% / 목표 익절 +4.0%,3.94,1.24,1,987.6,1.102,2.81,1,5,1.5,4.0,1.5,1.2,False
005490#646-20260417150002,005490,POSCO홀딩스,종가베팅,FullAuto,Paper,Backtest,2026-04-17 15:00:02,2026-04-17 15:00:02,2026-04-20 10:00:00,4020,1,386000,389500,374500,2.979,2606,0.675,0.23,2.202,-0.389,0,-0.128,NextDayDeadline,"종가베팅: 등락 +4.2%, 고저범위 100% 위치, VWAP 382,418 위",익일 청산 시각 10:00,4.18,0.94,1,478.6,0.167,1.55,1,360,3,5,2.5,1.5,True
050890#653-20260420105000,050890,쏠리드,VWAP눌림,FullAuto,Paper,Backtest,2026-04-20 10:50:00,2026-04-20 10:50:00,2026-04-20 10:55:22,5.4,113,17620,17510.0,17510,0.624,-16981,-0.853,-1.37,0.284,-0.624,0,0.0,StopLoss,"VWAP 17,516 재돌파, 직전봉 고가 17,550 돌파","손절 (17,510)",4.45,0.59,0.644,174.2,0.416,0.90,1,110,1.5,4.0,1.5,1.2,False
356680#654-20260420140500,356680,엑스게이트,VWAP눌림,FullAuto,Paper,Backtest,2026-04-20 14:05:00,2026-04-20 14:05:00,2026-04-20 14:10:27,5.5,36,17550,17090,17090,2.621,-17976,-2.845,-1.09,0.741,-2.621,0,0,StopLoss,"VWAP 17,354 재돌파, 직전봉 고가 17,380 돌파","손절 (17,090)",17.01,1.07,0.672,170.6,0.778,3.02,1,305,1.5,4.0,1.5,1.2,False
000990#655-20260420150000,000990,DB하이텍,종가베팅,FullAuto,Paper,Backtest,2026-04-20 15:00:00,2026-04-20 15:00:00,2026-04-21 09:02:25,1082.4,4,125700,121700.00,122000,2.944,-17121,-3.405,-1.16,0.875,-3.182,0,-0.246,StopLoss,"종가베팅: 등락 +17.7%, 고저범위 87% 위치, VWAP 121,973 위","손절 (122,000)",17.70,3.06,0.871,255.3,0.477,0.74,1,360,3,5,2.5,1.5,True
007660#657-20260420150400,007660,이수페타시스,종가베팅,FullAuto,Paper,Backtest,2026-04-20 15:04:00,2026-04-20 15:04:00,2026-04-21 09:04:30,1080.5,4,133150,129000,129200,2.967,-17788,-3.340,-1.13,1.314,-3.117,0,-0.155,StopLoss,"종가베팅: 등락 +10.0%, 고저범위 76% 위치, VWAP 132,200 위","손절 (129,200)",9.95,0.72,0.758,330.7,0.172,0.68,2,364,3,5,2.5,1.5,True
036930#658-20260421090520,036930,주성엔지니어링,ORB,FullAuto,Paper,Backtest,2026-04-21 09:05:20,2026-04-21 09:05:20,2026-04-21 09:06:22,1,10,102500,104150,101000,1.463,14110,1.377,0.94,2.439,0,0,-0.192,Trailing,"ORB5 고가 102,400 돌파 (범위 9.6%)","1차 분할 익절 +2.0% / 트레일링 (103,700)",12.02,3.82,1,229.5,2.569,1.41,1,5,1.5,4.0,1.5,1.2,False
006360#659-20260421090730,006360,GS건설,ORB,FullAuto,Paper,Backtest,2026-04-21 09:07:30,2026-04-21 09:07:30,2026-04-21 09:12:05,4.6,26,40150,40850.00,39550,1.494,15763,1.510,1.01,2.740,-0.374,0,-0.061,Trailing,"ORB5 고가 40,100 돌파 (범위 2.8%)","1차 분할 익절 +2.0% / 트레일링 (40,750)",5.52,1.05,1,220.1,1.171,1.47,1,8,1.5,4.0,1.5,1.2,False
373220#663-20260421150000,373220,LG에너지솔루션,종가베팅,FullAuto,Paper,Backtest,2026-04-21 15:00:00,2026-04-21 15:00:00,2026-04-22 09:01:27,1081.5,1,473500,485500,459500,2.957,10886,2.299,0.78,4.118,-0.528,0,0,Trailing,"종가베팅: 등락 +9.6%, 고저범위 94% 위치, VWAP 465,149 위","트레일링 (485,500)",9.61,1.80,0.940,450.1,0.211,1.20,1,360,3,5,2.5,1.5,True
222080#667-20260422090527,222080,SFA넥셀,ORB,FullAuto,Paper,Backtest,2026-04-22 09:05:27,2026-04-22 09:05:27,2026-04-22 09:06:22,0.9,63,17870,17540,17610,1.455,-23333,-2.073,-1.42,0.448,-1.847,0,-0.398,StopLoss,"ORB5 고가 17,840 돌파 (범위 5.9%)","손절 (17,610)",9.56,2.38,1,164.8,2.910,1.72,1,5,1.5,4.0,1.5,1.2,False
007660#665-20260422091130,007660,이수페타시스,ORB,FullAuto,Paper,Backtest,2026-04-22 09:11:30,2026-04-22 09:11:30,2026-04-22 09:18:25,6.9,8,139800,142400.00,137800,1.431,18186,1.626,1.14,2.933,-0.358,0,-0.105,Trailing,"ORB5 고가 139,700 돌파 (범위 3.7%)","1차 분할 익절 +2.0% / 트레일링 (142,100)",4.48,1.17,1,195.7,0.755,2.18,1,12,1.5,4.0,1.5,1.2,False
086520#664-20260421150000,086520,에코프로,종가베팅,FullAuto,Paper,Backtest,2026-04-21 15:00:00,2026-04-21 15:00:00,2026-04-22 10:00:00,1140,3,163100,162866.67,158300,2.943,-1821,-0.372,-0.13,2.207,-1.778,0,-0.041,NextDayDeadline,"종가베팅: 등락 +4.2%, 고저범위 78% 위치, VWAP 161,206 위",1차 분할 익절 +2% / 익일 청산 시각 10:00,4.22,1.17,0.779,315.0,0.210,1.04,1,360,3,5,2.5,1.5,True
322000#670-20260422105100,322000,HD현대에너지솔루션,VWAP눌림,FullAuto,Paper,Backtest,2026-04-22 10:51:00,2026-04-22 10:51:00,2026-04-22 11:00:12,9.2,9,184000,184500,182300,0.924,682,0.041,0.04,1.359,-0.761,0,0,BreakEven,"VWAP 183,709 재돌파, 직전봉 고가 183,500 돌파","본절 (184,500)",8.24,0.16,0.598,169.7,1.075,0.46,1,111,1.5,4.0,1.5,1.2,False
322000#670-20260422110600,322000,HD현대에너지솔루션,VWAP눌림,FullAuto,Paper,Backtest,2026-04-22 11:06:00,2026-04-22 11:06:00,2026-04-22 12:03:12,57.2,4,186000,186800,182500,1.882,1483,0.199,0.11,1.667,-1.828,0,0,Trailing,"VWAP 183,766 재돌파, 직전봉 고가 183,600 돌파","트레일링 (186,800)",9.41,1.22,0.672,172.3,0.776,1.07,1,126,1.5,4.0,1.5,1.2,False
322000#670-20260422125200,322000,HD현대에너지솔루션,VWAP눌림,FullAuto,Paper,Backtest,2026-04-22 12:52:00,2026-04-22 12:52:00,2026-04-22 12:55:15,3.2,8,186100,186500,184100,1.075,-230,-0.015,-0.01,1.075,-0.107,0,-0.054,BreakEven,"VWAP 184,207 재돌파, 직전봉 고가 185,800 돌파","본절 (186,600)",9.47,1.03,0.675,178.0,0.526,1.28,1,232,1.5,4.0,1.5,1.2,False
027360#671-20260422130400,027360,아주IB투자,VWAP눌림,FullAuto,Paper,Backtest,2026-04-22 13:04:00,2026-04-22 13:04:00,2026-04-22 13:14:27,10.5,123,14420,14290,14290,0.902,-20034,-1.130,-1.25,0.555,-0.902,0,0,StopLoss,"VWAP 14,320 재돌파, 직전봉 고가 14,370 돌파","손절 (14,290)",18.89,0.63,0.691,196.2,0.392,1.13,1,244,1.5,4.0,1.5,1.2,False
027360#671-20260422133400,027360,아주IB투자,VWAP눌림,FullAuto,Paper,Backtest,2026-04-22 13:34:00,2026-04-22 13:34:00,2026-04-22 13:39:30,5.5,138,14390,14300,14310,0.556,-16959,-0.854,-1.54,0,-0.625,0,-0.070,StopLoss,"VWAP 14,321 재돌파, 직전봉 고가 14,340 돌파","손절 (14,310)",18.65,0.41,0.682,210.6,0.313,1.39,1,274,1.5,4.0,1.5,1.2,False
027360#671-20260422135600,027360,아주IB투자,VWAP눌림,FullAuto,Paper,Backtest,2026-04-22 13:56:00,2026-04-22 13:56:00,2026-04-22 14:03:30,7.5,138,14380,14420,14280,0.695,946,0.048,0.07,1.113,-0.278,0,0,BreakEven,"VWAP 14,320 재돌파, 직전봉 고가 14,320 돌파","본절 (14,420)",18.56,0.35,0.679,219.7,0.333,1.63,1,296,1.5,4.0,1.5,1.2,False
006910#677-20260423090507,006910,보성파워텍,ORB,FullAuto,Paper,Backtest,2026-04-23 09:05:07,2026-04-23 09:05:07,2026-04-23 09:05:22,0.2,101,11250,11080.0,11090,1.422,-19745,-1.738,-1.22,0.711,-1.511,0,-0.090,StopLoss,"ORB5 고가 11,240 돌파 (범위 7.6%)","손절 (11,090)",12.16,3.64,1,187.0,2.696,1.62,1,5,1.5,4.0,1.5,1.2,False
006340#676-20260423090927,006340,대원전선,ORB,FullAuto,Paper,Backtest,2026-04-23 09:09:27,2026-04-23 09:09:27,2026-04-23 09:11:07,1.7,143,7440,7564.69,7330,1.478,15347,1.442,0.98,2.419,-1.344,0,-0.065,Trailing,"ORB5 고가 7,350 돌파 (범위 9.4%)","1차 분할 익절 +2.0% / 트레일링 (7,520)",15.53,5.61,1,279.7,2.957,4.86,1,9,1.5,4.0,1.5,1.2,False
336370#675-20260423090722,336370,솔루스첨단소재,ORB,FullAuto,Paper,Backtest,2026-04-23 09:07:22,2026-04-23 09:07:22,2026-04-23 09:11:20,4,71,15680,15390.00,15450,1.467,-23104,-2.075,-1.41,1.212,-1.849,0,-0.388,StopLoss,"ORB5 고가 15,660 돌파 (범위 8.5%)","손절 (15,450)",18.25,2.36,1,170.3,2.232,1.60,1,7,1.5,4.0,1.5,1.2,False
336370#675-20260423091825,336370,솔루스첨단소재,ORB,FullAuto,Paper,Backtest,2026-04-23 09:18:25,2026-04-23 09:18:25,2026-04-23 09:19:25,1,71,15680,15430.00,15450,1.467,-20271,-1.821,-1.24,0.702,-1.594,0,-0.129,StopLoss,"ORB5 고가 15,660 돌파 (범위 8.5%)","손절 (15,450)",18.25,1.46,0.868,164.2,1.631,1.28,1,18,1.5,4.0,1.5,1.2,False
082740#673-20260422150000,082740,한화엔진,종가베팅,FullAuto,Paper,Backtest,2026-04-22 15:00:00,2026-04-22 15:00:00,2026-04-23 09:36:30,1116.5,8,67500,65500,65500,2.963,-17207,-3.186,-1.08,0.741,-2.963,0,0,StopLoss,"종가베팅: 등락 +13.1%, 고저범위 89% 위치, VWAP 64,310 위","손절 (65,500)",13.07,4.96,0.887,401.2,0.487,0.54,1,360,3,5,2.5,1.5,True
066570#674-20260422150000,066570,LG전자,종가베팅,FullAuto,Paper,Backtest,2026-04-22 15:00:00,2026-04-22 15:00:00,2026-04-23 10:00:00,1140,4,132900,134050,129000,2.935,3372,0.634,0.22,2.333,-1.806,0,0,NextDayDeadline,"종가베팅: 등락 +4.2%, 고저범위 87% 위치, VWAP 131,084 위",1차 분할 익절 +2% / 익일 청산 시각 10:00,4.24,1.31,0.867,743.7,0.118,0.27,1,360,3,5,2.5,1.5,True
010140#680-20260423112400,010140,삼성중공업,VWAP눌림,FullAuto,Paper,Backtest,2026-04-23 11:24:00,2026-04-23 11:24:00,2026-04-23 11:32:15,8.2,49,34150,33850,33850,0.878,-18516,-1.107,-1.26,0.293,-0.878,0,0,StopLoss,"VWAP 33,886 재돌파, 직전봉 고가 34,100 돌파","손절 (33,850)",6.39,0.78,0.662,339.5,0.366,0.92,1,144,1.5,4.0,1.5,1.2,False
010140#680-20260423114600,010140,삼성중공업,VWAP눌림,FullAuto,Paper,Backtest,2026-04-23 11:46:00,2026-04-23 11:46:00,2026-04-23 11:57:30,11.5,58,33900,33700,33700,0.590,-16096,-0.819,-1.39,0.442,-0.590,0,0,StopLoss,"VWAP 33,890 재돌파, 직전봉 고가 33,850 돌파","손절 (33,700)",5.61,0.03,0.592,339.0,0.464,0.90,1,166,1.5,4.0,1.5,1.2,False
010140#680-20260423134600,010140,삼성중공업,VWAP눌림,FullAuto,Paper,Backtest,2026-04-23 13:46:00,2026-04-23 13:46:00,2026-04-23 13:57:15,11.2,58,33900,34000,33700,0.590,1267,0.064,0.11,0.590,-0.147,0,0,BreakEven,"VWAP 33,806 재돌파, 직전봉 고가 33,850 돌파","본절 (34,000)",5.61,0.28,0.592,348.8,0.253,0.97,1,286,1.5,4.0,1.5,1.2,False
456040#681-20260423140400,456040,OCI,VWAP눌림,FullAuto,Paper,Backtest,2026-04-23 14:04:00,2026-04-23 14:04:00,2026-04-23 14:24:00,20,9,135400,135500,133600,1.329,-1903,-0.156,-0.12,0.591,-0.222,0,0,TimeStop,"VWAP 134,019 재돌파, 직전봉 고가 134,600 돌파",타임스탑 20분,6.11,1.03,0.656,166.4,0.659,0.81,1,304,1.5,4.0,1.5,1.2,False
098460#684-20260424090510,098460,고영,ORB,FullAuto,Paper,Backtest,2026-04-24 09:05:10,2026-04-24 09:05:10,2026-04-24 09:05:22,0.2,28,37100,36550.0,36550,1.482,-17754,-1.709,-1.15,0.539,-1.482,0,0.0,StopLoss,"ORB5 고가 37,000 돌파 (범위 7.4%)","손절 (36,550)",13.98,2.76,1,217.1,2.156,0.87,1,5,1.5,4.0,1.5,1.2,False
010060#685-20260424090815,010060,OCI홀딩스,ORB,FullAuto,Paper,Backtest,2026-04-24 09:08:15,2026-04-24 09:08:15,2026-04-24 09:08:25,0.2,3,349000,343000.00,344000,1.433,-20369,-1.945,-1.36,0,-1.719,0,-0.291,StopLoss,"ORB5 고가 347,500 돌파 (범위 8.3%)","손절 (344,000)",12.58,3.16,1,107.1,2.913,2.92,1,8,1.5,4.0,1.5,1.2,False
098460#684-20260424091417,098460,고영,ORB,FullAuto,Paper,Backtest,2026-04-24 09:14:17,2026-04-24 09:14:17,2026-04-24 09:18:15,4,28,37100,37950,36550,1.482,21364,2.057,1.39,3.774,0,0,-0.132,Trailing,"ORB5 고가 37,000 돌파 (범위 7.4%)","1차 분할 익절 +2.0% / 트레일링 (38,000)",13.98,1.85,0.841,208.8,2.336,3.09,1,14,1.5,4.0,1.5,1.2,False
010060#685-20260424092227,010060,OCI홀딩스,ORB,FullAuto,Paper,Backtest,2026-04-24 09:22:27,2026-04-24 09:22:27,2026-04-24 09:26:25,4,3,349000,354833.33,344000,1.433,15056,1.438,1.00,3.009,-0.716,0,-0.141,Trailing,"ORB5 고가 347,500 돌파 (범위 8.3%)","1차 분할 익절 +2.0% / 트레일링 (355,000)",12.58,3.29,1,156.2,1.499,9.94,1,22,1.5,4.0,1.5,1.2,False
010060#685-20260424094245,010060,OCI홀딩스,ORB,FullAuto,Paper,Backtest,2026-04-24 09:42:45,2026-04-24 09:42:45,2026-04-24 09:51:15,8.5,3,348000,352833.33,343000,1.437,12069,1.156,0.80,2.443,0,0,-0.047,Trailing,"ORB5 고가 347,500 돌파 (범위 8.3%)","1차 분할 익절 +2.0% / 트레일링 (352,000)",12.26,1.09,0.701,176.4,1.160,1.24,1,43,1.5,4.0,1.5,1.2,False
034020#682-20260423151130,034020,두산에너빌리티,종가베팅,FullAuto,Paper,Backtest,2026-04-23 15:11:30,2026-04-23 15:11:30,2026-04-24 10:00:00,1128.5,4,122500,125150,118900,2.939,9454,1.929,0.66,2.449,-0.327,0,-0.080,NextDayDeadline,"종가베팅: 등락 +5.8%, 고저범위 76% 위치, VWAP 121,546 위",1차 분할 익절 +2% / 익일 청산 시각 10:00,5.79,0.78,0.759,659.2,0.192,0.77,1,372,3,5,2.5,1.5,True
006340#690-20260424122100,006340,대원전선,VWAP눌림,FullAuto,Paper,Backtest,2026-04-24 12:21:00,2026-04-24 12:21:00,2026-04-24 12:24:27,3.5,212,8910,8840,8840,0.786,-19152,-1.014,-1.29,0.449,-0.786,0,0,StopLoss,"VWAP 8,863 재돌파, 직전봉 고가 8,900 돌파","손절 (8,840)",9.46,0.53,0.544,189.2,0.569,0.93,1,201,1.5,4.0,1.5,1.2,False
006340#690-20260424123100,006340,대원전선,VWAP눌림,FullAuto,Paper,Backtest,2026-04-24 12:31:00,2026-04-24 12:31:00,2026-04-24 12:41:30,10.5,188,8890,8800,8810,0.900,-20726,-1.240,-1.38,0.675,-1.012,0,-0.114,StopLoss,"VWAP 8,863 재돌파, 직전봉 고가 8,870 돌파","손절 (8,810)",9.09,0.19,0.529,189.6,0.563,0.38,1,211,1.5,4.0,1.5,1.2,False
267260#691-20260424130300,267260,HD현대일렉트릭,VWAP눌림,FullAuto,Paper,Backtest,2026-04-24 13:03:00,2026-04-24 13:03:00,2026-04-24 13:12:07,9.1,1,1244500,1248000.0,1237000,0.603,631,0.051,0.08,0.603,-0.281,0,0.0,BreakEven,"VWAP 1,241,919 재돌파, 직전봉 고가 1,243,000 돌파","본절 (1,248,000)",10.63,0.13,0.668,294.8,0.270,1.33,2,243,1.5,4.0,1.5,1.2,False
006340#690-20260424131400,006340,대원전선,VWAP눌림,FullAuto,Paper,Backtest,2026-04-24 13:14:00,2026-04-24 13:14:00,2026-04-24 13:31:27,17.5,224,8880,9045,8820,0.676,32308,1.624,2.40,3.153,-0.113,0,-0.110,Trailing,"VWAP 8,862 재돌파, 직전봉 고가 8,850 돌파","1차 분할 익절 +2.0% / 트레일링 (9,050)",9.09,0.20,0.529,195.5,0.507,1.23,1,254,1.5,4.0,1.5,1.2,False
267260#691-20260424133400,267260,HD현대일렉트릭,VWAP눌림,FullAuto,Paper,Backtest,2026-04-24 13:34:00,2026-04-24 13:34:00,2026-04-24 13:38:15,4.2,1,1244000,1240000,1240000,0.322,-6852,-0.551,-1.71,0.241,-0.322,0,0,StopLoss,"VWAP 1,242,058 재돌파, 직전봉 고가 1,244,000 돌파","손절 (1,240,000)",10.68,0.16,0.671,299.0,0.247,0.78,1,274,1.5,4.0,1.5,1.2,False
267260#691-20260424134500,267260,HD현대일렉트릭,VWAP눌림,FullAuto,Paper,Backtest,2026-04-24 13:45:00,2026-04-24 13:45:00,2026-04-24 14:04:15,19.2,1,1247000,1250000,1243000,0.321,126,0.010,0.03,0.802,-0.241,0,0,BreakEven,"VWAP 1,242,096 재돌파, 직전봉 고가 1,245,000 돌파","본절 (1,250,000)",10.94,0.39,0.689,302.1,0.200,1.99,1,285,1.5,4.0,1.5,1.2,False
322000#692-20260424140700,322000,HD현대에너지솔루션,VWAP눌림,FullAuto,Paper,Backtest,2026-04-24 14:07:00,2026-04-24 14:07:00,2026-04-24 14:27:00,20,6,192400,192400,190000,1.247,-2654,-0.230,-0.18,0.598,-1.195,0,-0.052,TimeStop,"VWAP 190,561 재돌파, 직전봉 고가 192,300 돌파",타임스탑 20분,7.01,0.91,0.596,212.4,0.624,0.73,1,307,1.5,4.0,1.5,1.2,False
036930#693-20260424140600,036930,주성엔지니어링,VWAP눌림,FullAuto,Paper,Backtest,2026-04-24 14:06:00,2026-04-24 14:06:00,2026-04-24 14:32:30,26.5,8,127000,125000,125100,1.496,-18302,-1.801,-1.20,0.787,-1.575,0,-0.080,StopLoss,"VWAP 126,454 재돌파, 직전봉 고가 126,600 돌파","손절 (125,100)",9.29,0.43,0.558,175.2,0.917,1.00,1,306,1.5,4.0,1.5,1.2,False
000250#695-20260424150000,000250,삼천당제약,종가베팅,FullAuto,Paper,Backtest,2026-04-24 15:00:00,2026-04-24 15:00:00,2026-04-27 09:01:30,3961.5,1,410000,414500,398000,2.927,3548,0.865,0.30,2.805,-0.732,0,-0.120,Trailing,"종가베팅: 등락 +8.3%, 고저범위 81% 위치, VWAP 400,981 위","트레일링 (415,000)",8.33,2.12,0.811,279.3,0.615,1.07,1,360,3,5,2.5,1.5,True
046890#697-20260427090620,046890,서울반도체,ORB,FullAuto,Paper,Backtest,2026-04-27 09:06:20,2026-04-27 09:06:20,2026-04-27 09:06:42,0.4,80,13550,13835,13350,1.476,20260,1.869,1.27,3.247,0,0,-0.108,Trailing,"ORB5 고가 13,480 돌파 (범위 3.2%)","1차 분할 익절 +2.0% / 트레일링 (13,820)",20.98,1.85,1,210.8,1.900,5.40,1,6,1.5,4.0,1.5,1.2,False
098460#698-20260427090825,098460,고영,ORB,FullAuto,Paper,Backtest,2026-04-27 09:08:25,2026-04-27 09:08:25,2026-04-27 09:09:27,1,24,44450,43600,43800,1.462,-22808,-2.138,-1.46,0.787,-1.912,0,-0.457,StopLoss,"ORB5 고가 44,350 돌파 (범위 6.5%)","손절 (43,800)",5.08,2.84,1,228.5,2.325,1.54,1,8,1.5,4.0,1.5,1.2,False
373220#694-20260424150000,373220,LG에너지솔루션,종가베팅,FullAuto,Paper,Backtest,2026-04-24 15:00:00,2026-04-24 15:00:00,2026-04-27 09:11:30,3971.5,1,482000,468000,468000,2.905,-15078,-3.128,-1.08,0.207,-2.905,0,0,StopLoss,"종가베팅: 등락 +3.7%, 고저범위 82% 위치, VWAP 475,001 위","손절 (468,000)",3.66,1.47,0.818,683.9,0.319,0.58,1,360,3,5,2.5,1.5,True
098460#698-20260427091907,098460,고영,ORB,FullAuto,Paper,Backtest,2026-04-27 09:19:07,2026-04-27 09:19:07,2026-04-27 09:20:27,1.3,24,44400,43750.00,43750,1.464,-18016,-1.691,-1.15,0.450,-1.464,0,0.000,StopLoss,"ORB5 고가 44,350 돌파 (범위 6.5%)","손절 (43,750)",4.96,2.07,0.873,179.9,1.729,0.56,1,19,1.5,4.0,1.5,1.2,False
323280#701-20260427102800,323280,태성,VWAP눌림,FullAuto,Paper,Backtest,2026-04-27 10:28:00,2026-04-27 10:28:00,2026-04-27 10:51:17,23.3,16,88600,87700,87700,1.016,-17628,-1.244,-1.22,0.903,-1.016,0,0,StopLoss,"VWAP 87,858 재돌파, 직전봉 고가 88,200 돌파","손절 (87,700)",15.08,0.73,0.587,174.2,0.496,0.49,1,88,1.5,4.0,1.5,1.2,False
323280#701-20260427113700,323280,태성,VWAP눌림,FullAuto,Paper,Backtest,2026-04-27 11:37:00,2026-04-27 11:37:00,2026-04-27 11:39:37,2.6,22,87800,88100.0,87400,0.456,2145,0.111,0.24,0.456,-0.114,0,0.0,BreakEven,"VWAP 87,811 재돌파, 직전봉 고가 87,800 돌파","본절 (88,100)",14.17,-0.01,0.536,218.7,0.321,2.34,1,157,1.5,4.0,1.5,1.2,False
323280#701-20260427123100,323280,태성,VWAP눌림,FullAuto,Paper,Backtest,2026-04-27 12:31:00,2026-04-27 12:31:00,2026-04-27 12:50:30,19.5,21,87900,88200,87200,0.796,2043,0.111,0.14,0.796,-0.341,0,0,BreakEven,"VWAP 87,798 재돌파, 직전봉 고가 87,800 돌파","본절 (88,200)",14.30,0.12,0.543,232.1,0.276,1.69,1,211,1.5,4.0,1.5,1.2,False
108490#707-20260427150000,108490,로보티즈,종가베팅,FullAuto,Paper,Backtest,2026-04-27 15:00:00,2026-04-27 15:00:00,2026-04-28 09:02:27,1082.5,1,347000,336000.00,337000,2.882,-11774,-3.393,-1.18,0.288,-3.170,0,-0.297,StopLoss,"종가베팅: 등락 +19.2%, 고저범위 77% 위치, VWAP 339,120 위","손절 (337,000)",19.24,2.32,0.766,374.3,0.401,0.78,1,360,3,5,2.5,1.5,True
066570#709-20260428090625,066570,LG전자,ORB,FullAuto,Paper,Backtest,2026-04-28 09:06:25,2026-04-28 09:06:25,2026-04-28 09:08:27,2,7,147300,145000,145100,1.494,-18436,-1.788,-1.20,1.154,-1.561,0,-0.069,StopLoss,"ORB5 고가 146,700 돌파 (범위 4.3%)","손절 (145,100)",12.53,1.82,1,151.0,1.850,2.83,1,6,1.5,4.0,1.5,1.2,False
005490#708-20260428090625,005490,POSCO홀딩스,ORB,FullAuto,Paper,Backtest,2026-04-28 09:06:25,2026-04-28 09:06:25,2026-04-28 09:15:15,8.8,2,467500,460500,460500,1.497,-16120,-1.724,-1.15,1.176,-1.497,0,0,StopLoss,"ORB5 고가 467,000 돌파 (범위 6.0%)","손절 (460,500)",11.44,1.67,1,236.4,1.551,2.43,1,6,1.5,4.0,1.5,1.2,False
066570#709-20260428091522,066570,LG전자,ORB,FullAuto,Paper,Backtest,2026-04-28 09:15:22,2026-04-28 09:15:22,2026-04-28 09:19:30,4.1,7,146800,144600,144600,1.499,-17729,-1.725,-1.15,1.158,-1.499,0,0,StopLoss,"ORB5 고가 146,700 돌파 (범위 4.3%)","손절 (144,600)",12.15,0.96,0.735,138.8,1.493,1.23,1,15,1.5,4.0,1.5,1.2,False
460860#706-20260427150000,460860,동국제강,종가베팅,FullAuto,Paper,Backtest,2026-04-27 15:00:00,2026-04-27 15:00:00,2026-04-28 10:00:00,1140,37,14870,15051.89,14430,2.959,5453,0.991,0.33,2.286,-2.623,0,-0.066,NextDayDeadline,"종가베팅: 등락 +17.9%, 고저범위 89% 위치, VWAP 14,167 위",1차 분할 익절 +2% / 익일 청산 시각 10:00,17.92,4.96,0.886,195.0,0.682,0.28,1,360,3,5,2.5,1.5,True
047040#712-20260428111000,047040,대우건설,VWAP눌림,FullAuto,Paper,Backtest,2026-04-28 11:10:00,2026-04-28 11:10:00,2026-04-28 11:13:30,3.5,52,38300,38400,38050,0.653,610,0.031,0.05,0.783,0,0,0,BreakEven,"VWAP 37,996 재돌파, 직전봉 고가 38,200 돌파","본절 (38,400)",15.36,0.80,0.745,251.4,0.457,1.57,1,130,1.5,4.0,1.5,1.2,False
027360#714-20260428150530,027360,아주IB투자,종가베팅,FullAuto,Paper,Backtest,2026-04-28 15:05:30,2026-04-28 15:05:30,2026-04-29 09:03:00,1077.5,30,18650,15030,18100,2.949,-109651,-19.598,-6.65,0.804,-19.357,0,-16.961,StopLoss,"종가베팅: 등락 +3.8%, 고저범위 84% 위치, VWAP 18,053 위","손절 (18,100)",3.84,3.31,0.842,100,0.492,2.32,1,366,3,5,2.5,1.5,True
460860#716-20260429090527,460860,동국제강,ORB,FullAuto,Paper,Backtest,2026-04-29 09:05:27,2026-04-29 09:05:27,2026-04-29 09:07:20,1.9,62,17650,17350,17390,1.473,-21076,-1.926,-1.31,0.340,-1.700,0,-0.230,StopLoss,"ORB5 고가 17,610 돌파 (범위 2.9%)","손절 (17,390)",15.43,1.42,1,192.7,1.719,2.63,1,5,1.5,4.0,1.5,1.2,False
126340#717-20260429090527,126340,비나텍,ORB,FullAuto,Paper,Backtest,2026-04-29 09:05:27,2026-04-29 09:05:27,2026-04-29 09:07:22,1.9,6,158100,155600.0,155800,1.455,-17149,-1.808,-1.24,0.696,-1.581,0,-0.128,StopLoss,"ORB5 고가 158,000 돌파 (범위 5.0%)","손절 (155,800)",12.29,1.62,1,126.4,1.813,1.38,1,5,1.5,4.0,1.5,1.2,False
096770#715-20260429090525,096770,SK이노베이션,ORB,FullAuto,Paper,Backtest,2026-04-29 09:05:25,2026-04-29 09:05:25,2026-04-29 09:11:22,6,7,141800,139700.0,139700,1.481,-16949,-1.708,-1.15,0.705,-1.481,0,0.0,StopLoss,"ORB5 고가 141,700 돌파 (범위 5.2%)","손절 (139,700)",6.78,1.40,1,213.8,1.810,1.33,1,5,1.5,4.0,1.5,1.2,False
066570#719-20260430090512,066570,LG전자,ORB,FullAuto,Paper,Backtest,2026-04-30 09:05:12,2026-04-30 09:05:12,2026-04-30 09:15:30,10.3,7,146600,147500,144400,1.501,3928,0.383,0.26,1.910,-0.682,0,-0.068,Trailing,"ORB5 고가 146,500 돌파 (범위 4.9%)","트레일링 (147,600)",6.70,1.89,1,273.9,1.683,1.81,1,5,1.5,4.0,1.5,1.2,False
007660#720-20260430090925,007660,이수페타시스,ORB,FullAuto,Paper,Backtest,2026-04-30 09:09:25,2026-04-30 09:09:25,2026-04-30 09:18:27,9,6,155600,153300,153300,1.478,-15916,-1.705,-1.15,0.386,-1.478,0,0,StopLoss,"ORB5 고가 155,400 돌파 (범위 3.3%)","손절 (153,300)",5.63,0.93,1,237.6,0.927,2.54,1,9,1.5,4.0,1.5,1.2,False
058470#722-20260430141000,058470,리노공업,VWAP눌림,FullAuto,Paper,Backtest,2026-04-30 14:10:00,2026-04-30 14:10:00,2026-04-30 14:13:45,3.8,16,119200,119500,118700,0.419,404,0.021,0.05,0.503,0,0,0,BreakEven,"VWAP 119,328 재돌파, 직전봉 고가 119,200 돌파","본절 (119,500)",5.30,-0.11,0.529,338.2,0.318,0.51,1,310,1.5,4.0,1.5,1.2,False
025860#723-20260430150717,025860,남해화학,종가베팅,FullAuto,Paper,Backtest,2026-04-30 15:07:17,2026-04-30 15:07:17,2026-05-04 09:01:17,5394,48,11240,11805,10910,2.936,25823,4.786,1.63,9.164,0,0,-0.085,TakeProfit,"종가베팅: 등락 +19.1%, 고저범위 75% 위치, VWAP 10,943 위",1차 분할 익절 +2% / 목표 익절 +5%,19.07,2.72,0.754,226.9,0.674,4.16,1,367,3,5,2.5,1.5,True
199820#725-20260504090530,199820,제일일렉트릭,ORB,FullAuto,Paper,Backtest,2026-05-04 09:05:30,2026-05-04 09:05:30,2026-05-04 09:06:12,0.7,54,19630,19330,19340,1.477,-18602,-1.755,-1.19,0,-1.528,0,-0.052,StopLoss,"ORB5 고가 19,620 돌파 (범위 5.9%)","손절 (19,340)",13.73,2.94,1,116.6,3.464,1.28,1,6,1.5,4.0,1.5,1.2,False
025860#724-20260504090527,025860,남해화학,ORB,FullAuto,Paper,Backtest,2026-05-04 09:05:27,2026-05-04 09:05:27,2026-05-04 09:06:22,0.9,82,12720,12460.0,12530,1.494,-23672,-2.270,-1.52,0.786,-2.044,0,-0.559,StopLoss,"ORB5 고가 12,680 돌파 (범위 7.8%)","손절 (12,530)",8.35,4.39,1,182.5,4.062,1.75,1,5,1.5,4.0,1.5,1.2,False
050890#726-20260504090527,050890,쏠리드,ORB,FullAuto,Paper,Backtest,2026-05-04 09:05:27,2026-05-04 09:05:27,2026-05-04 09:08:22,2.9,56,18700,18680,18420,1.497,-3525,-0.337,-0.22,1.497,-0.802,0,-0.373,BreakEven,"ORB5 고가 18,660 돌파 (범위 6.3%)","본절 (18,750)",9.29,2.35,1,161.3,2.210,1.91,1,5,1.5,4.0,1.5,1.2,False
050890#726-20260504093330,050890,쏠리드,ORB,FullAuto,Paper,Backtest,2026-05-04 09:33:30,2026-05-04 09:33:30,2026-05-04 09:36:15,2.8,56,18670,19035,18390,1.500,17994,1.721,1.15,3.107,-0.161,0,-0.105,Trailing,"ORB5 고가 18,660 돌파 (범위 6.3%)","1차 분할 익절 +2.0% / 트레일링 (19,010)",9.12,1.49,0.783,148.1,0.857,3.51,1,34,1.5,4.0,1.5,1.2,False
050890#726-20260504102427,050890,쏠리드,ORB,FullAuto,Paper,Backtest,2026-05-04 10:24:27,2026-05-04 10:24:27,2026-05-04 10:31:25,7,56,18700,18410.00,18420,1.497,-18612,-1.777,-1.19,0.321,-1.551,0,-0.054,StopLoss,"ORB5 고가 18,660 돌파 (범위 6.3%)","손절 (18,420)",9.29,0.24,0.605,171.2,0.344,6.05,1,84,1.5,4.0,1.5,1.2,False
010170#728-20260504150000,010170,대한광통신,종가베팅,FullAuto,Paper,Backtest,2026-05-04 15:00:00,2026-05-04 15:00:00,2026-05-06 09:01:25,2521.4,30,17930,18685,17400,2.956,21367,3.972,1.34,5.521,-1.673,0,-0.053,TakeProfit,"종가베팅: 등락 +18.3%, 고저범위 90% 위치, VWAP 17,304 위",1차 분할 익절 +2% / 목표 익절 +5%,18.28,3.56,0.897,225.6,0.494,0.65,1,360,3,5,2.5,1.5,True
051910#731-20260504150400,051910,LG화학,종가베팅,FullAuto,Paper,Backtest,2026-05-04 15:04:00,2026-05-04 15:04:00,2026-05-06 09:02:15,2518.2,1,431000,418000,418500,2.900,-13962,-3.239,-1.12,1.276,-3.016,0,-0.119,StopLoss,"종가베팅: 등락 +8.3%, 고저범위 85% 위치, VWAP 424,423 위","손절 (418,500)",8.29,1.55,0.852,507.3,0.249,1.34,1,364,3,5,2.5,1.5,True
066570#732-20260506090610,066570,LG전자,ORB,FullAuto,Paper,Backtest,2026-05-06 09:06:10,2026-05-06 09:06:10,2026-05-06 09:06:30,0.3,6,154400,151700,152100,1.490,-18294,-1.975,-1.33,0.194,-1.749,0,-0.263,StopLoss,"ORB5 고가 154,300 돌파 (범위 5.2%)","손절 (152,100)",8.73,1.85,0.906,199.3,1.101,0.75,1,6,1.5,4.0,1.5,1.2,False
028260#734-20260506090622,028260,삼성물산,ORB,FullAuto,Paper,Backtest,2026-05-06 09:06:22,2026-05-06 09:06:22,2026-05-06 09:07:25,1,2,351500,345500,346500,1.422,-13590,-1.933,-1.36,0.853,-1.707,0,-0.289,StopLoss,"ORB5 고가 350,500 돌파 (범위 4.8%)","손절 (346,500)",11.76,1.44,1,389.0,1.067,1.63,1,6,1.5,4.0,1.5,1.2,False
066570#732-20260506091430,066570,LG전자,ORB,FullAuto,Paper,Backtest,2026-05-06 09:14:30,2026-05-06 09:14:30,2026-05-06 09:17:30,3,6,154500,152200,152200,1.489,-15901,-1.715,-1.15,0,-1.489,0,0,StopLoss,"ORB5 고가 154,300 돌파 (범위 5.2%)","손절 (152,200)",8.80,1.94,0.918,194.8,1.308,1.82,1,14,1.5,4.0,1.5,1.2,False
028260#734-20260506091327,028260,삼성물산,ORB,FullAuto,Paper,Backtest,2026-05-06 09:13:27,2026-05-06 09:13:27,2026-05-06 09:17:30,4,2,351000,346000,346000,1.425,-11592,-1.651,-1.16,0.285,-1.425,0,0,StopLoss,"ORB5 고가 350,500 돌파 (범위 4.8%)","손절 (346,000)",11.61,1.27,0.825,335.3,1.075,1.39,1,13,1.5,4.0,1.5,1.2,False
028260#734-20260506095427,028260,삼성물산,ORB,FullAuto,Paper,Backtest,2026-05-06 09:54:27,2026-05-06 09:54:27,2026-05-06 10:00:30,6,2,351000,358500,346000,1.425,13356,1.903,1.34,3.276,0,0,-0.070,Trailing,"ORB5 고가 350,500 돌파 (범위 4.8%)","1차 분할 익절 +2.0% / 트레일링 (358,000)",11.61,1.02,0.825,357.0,0.407,3.63,1,54,1.5,4.0,1.5,1.2,False
006910#736-20260506101600,006910,보성파워텍,VWAP눌림,FullAuto,Paper,Backtest,2026-05-06 10:16:00,2026-05-06 10:16:00,2026-05-06 10:18:30,2.5,65,15230,15458.46,14990,1.576,12544,1.267,0.80,2.232,-0.263,0,-0.098,Trailing,"VWAP 15,134 재돌파, 직전봉 고가 15,160 돌파","1차 분할 익절 +2.0% / 트레일링 (15,380)",6.13,0.64,0.645,143.7,0.666,1.52,1,76,1.5,4.0,1.5,1.2,False
006910#736-20260506102500,006910,보성파워텍,VWAP눌림,FullAuto,Paper,Backtest,2026-05-06 10:25:00,2026-05-06 10:25:00,2026-05-06 10:27:22,2.4,131,15150,15070.0,15070,0.528,-15021,-0.757,-1.43,0.396,-0.528,0,0.0,StopLoss,"VWAP 15,143 재돌파, 직전봉 고가 15,130 돌파","손절 (15,070)",5.57,0.05,0.610,144.9,0.835,0.20,1,85,1.5,4.0,1.5,1.2,False
006910#736-20260506103300,006910,보성파워텍,VWAP눌림,FullAuto,Paper,Backtest,2026-05-06 10:33:00,2026-05-06 10:33:00,2026-05-06 10:49:07,16.1,96,15220,15525,15060,1.051,25859,1.770,1.68,3.022,-0.723,0,-0.032,Trailing,"VWAP 15,142 재돌파, 직전봉 고가 15,110 돌파","1차 분할 익절 +2.0% / 트레일링 (15,490)",6.06,0.52,0.640,146.8,0.596,1.94,1,93,1.5,4.0,1.5,1.2,False
066570#732-20260506112430,066570,LG전자,ORB,FullAuto,Paper,Backtest,2026-05-06 11:24:30,2026-05-06 11:24:30,2026-05-06 11:41:15,16.8,6,154400,155100,152100,1.490,2062,0.223,0.15,1.684,-0.194,0,0,Trailing,"ORB5 고가 154,300 돌파 (범위 5.2%)","트레일링 (155,100)",8.73,1.58,0.906,208.0,0.213,7.60,1,144,1.5,4.0,1.5,1.2,False
039490#740-20260506125700,039490,키움증권,VWAP눌림,FullAuto,Paper,Backtest,2026-05-06 12:57:00,2026-05-06 12:57:00,2026-05-06 13:35:30,38.5,2,474000,484750,468500,1.160,19275,2.033,1.75,3.903,-0.316,0,-0.052,Trailing,"VWAP 471,059 재돌파, 직전봉 고가 472,500 돌파","1차 분할 익절 +2.0% / 트레일링 (486,500)",12.07,0.52,0.603,235.0,0.468,0.50,1,237,1.5,4.0,1.5,1.2,False
016360#742-20260506134900,016360,삼성증권,VWAP눌림,FullAuto,Paper,Backtest,2026-05-06 13:49:00,2026-05-06 13:49:00,2026-05-06 14:03:25,14.4,13,150100,149100.00,149200,0.600,-17458,-0.895,-1.49,0.466,-0.666,0,-0.067,StopLoss,"VWAP 149,725 재돌파, 직전봉 고가 149,900 돌파","손절 (149,200)",7.44,0.25,0.324,254.1,0.409,0.93,1,289,1.5,4.0,1.5,1.2,False
016360#742-20260506142800,016360,삼성증권,VWAP눌림,FullAuto,Paper,Backtest,2026-05-06 14:28:00,2026-05-06 14:28:00,2026-05-06 14:43:30,15.5,13,149700,150500,148800,0.601,5903,0.303,0.50,1.804,0,0,0,Trailing,"VWAP 149,678 재돌파, 직전봉 고가 149,600 돌파","트레일링 (150,500)",7.16,0.01,0.308,249.7,0.391,1.57,1,328,1.5,4.0,1.5,1.2,False
010170#743-20260506133300,010170,대한광통신,VWAP눌림,FullAuto,Paper,Backtest,2026-05-06 13:33:00,2026-05-06 13:33:00,2026-05-06 14:50:00,77,74,18270,18200,18060,1.149,-8277,-0.612,-0.53,0.712,-1.040,0,0,ForceClose,"VWAP 18,246 재돌파, 직전봉 고가 18,180 돌파",장마감 강제청산,3.16,0.08,0.354,180.4,0.485,0.99,1,273,1.5,4.0,1.5,1.2,False
006910#746-20260506151000,006910,보성파워텍,종가베팅,FullAuto,Paper,Backtest,2026-05-06 15:10:00,2026-05-06 15:10:00,2026-05-07 09:02:25,1072.4,34,15990,16595,15520,2.939,19278,3.546,1.21,5.691,-0.876,0,-0.060,TakeProfit,"종가베팅: 등락 +11.4%, 고저범위 85% 위치, VWAP 15,502 위",1차 분할 익절 +2% / 목표 익절 +5%,11.43,3.15,0.848,164.6,0.277,0.75,1,370,3,5,2.5,1.5,True
034020#748-20260507090527,034020,두산에너빌리티,ORB,FullAuto,Paper,Backtest,2026-05-07 09:05:27,2026-05-07 09:05:27,2026-05-07 09:06:30,1,7,138900,136700,136900,1.440,-17601,-1.810,-1.26,0.216,-1.584,0,-0.146,StopLoss,"ORB5 고가 138,600 돌파 (범위 6.4%)","손절 (136,900)",8.52,2.22,1,234.2,1.440,1.27,1,5,1.5,4.0,1.5,1.2,False
203650#749-20260507093227,203650,드림시큐리티,ORB,FullAuto,Paper,Backtest,2026-05-07 09:32:27,2026-05-07 09:32:27,2026-05-07 09:34:25,2,251,4095,4190,4035,1.465,21433,2.085,1.42,3.785,0,0,-0.060,Trailing,"ORB5 고가 4,090 돌파 (범위 9.8%)","1차 분할 익절 +2.0% / 트레일링 (4,195)",9.05,3.43,0.860,169.9,1.966,4.64,1,32,1.5,4.0,1.5,1.2,False
203650#749-20260507095825,203650,드림시큐리티,ORB,FullAuto,Paper,Backtest,2026-05-07 09:58:25,2026-05-07 09:58:25,2026-05-07 09:59:15,0.8,251,4115,4125,4055,1.458,131,0.013,0.01,1.458,0,0,0,BreakEven,"ORB5 고가 4,090 돌파 (범위 9.8%)","본절 (4,125)",9.59,0.97,0.538,150.3,1.571,2.51,1,58,1.5,4.0,1.5,1.2,False
086520#745-20260506150000,086520,에코프로,종가베팅,FullAuto,Paper,Backtest,2026-05-06 15:00:00,2026-05-06 15:00:00,2026-05-07 10:00:00,1140,3,162000,161500,157200,2.963,-2611,-0.537,-0.18,2.346,-2.284,0,-0.062,NextDayDeadline,"종가베팅: 등락 +4.4%, 고저범위 100% 위치, VWAP 158,874 위",1차 분할 익절 +2% / 익일 청산 시각 10:00,4.38,1.97,1,813.4,0.172,1.52,1,360,3,5,2.5,1.5,True
078150#753-20260507135900,078150,HB테크놀러지,VWAP눌림,FullAuto,Paper,Backtest,2026-05-07 13:59:00,2026-05-07 13:59:00,2026-05-07 14:00:27,1.5,233,4625,4555.00,4560,1.405,-18752,-1.740,-1.24,0.649,-1.514,0,-0.110,StopLoss,"VWAP 4,584 재돌파, 직전봉 고가 4,545 돌파","손절 (4,560)",15.05,0.90,0.572,203.1,0.698,3.73,1,299,1.5,4.0,1.5,1.2,False
028260#755-20260507150000,028260,삼성물산,종가베팅,FullAuto,Paper,Backtest,2026-05-07 15:00:00,2026-05-07 15:00:00,2026-05-08 09:02:25,1082.4,1,398500,402000.00,387000,2.886,2577,0.647,0.22,2.635,-2.509,0,-0.124,Trailing,"종가베팅: 등락 +3.6%, 고저범위 95% 위치, VWAP 382,886 위","트레일링 (402,500)",3.65,3.95,0.954,447.9,0.458,0.63,1,360,3,5,2.5,1.5,True
459510#758-20260508090520,459510,나우로보틱스,ORB,FullAuto,Paper,Backtest,2026-05-08 09:05:20,2026-05-08 09:05:20,2026-05-08 09:06:10,0.8,29,36400,36500.00,35900,1.374,467,0.044,0.03,1.648,0,0,-0.137,Trailing,"ORB5 고가 36,300 돌파 (범위 4.6%)","트레일링 (36,550)",5.20,1.71,1,300.0,1.877,3.30,1,5,1.5,4.0,1.5,1.2,False
010140#754-20260507150000,010140,삼성중공업,종가베팅,FullAuto,Paper,Backtest,2026-05-07 15:00:00,2026-05-07 15:00:00,2026-05-08 09:06:30,1086.5,15,33450,32450,32450,2.990,-16121,-3.213,-1.07,0.897,-2.990,0,0,StopLoss,"종가베팅: 등락 +3.4%, 고저범위 94% 위치, VWAP 32,792 위","손절 (32,450)",3.40,2.01,0.939,926.2,0.299,0.90,1,360,3,5,2.5,1.5,True
125490#756-20260508090520,125490,한라캐스트,ORB,FullAuto,Paper,Backtest,2026-05-08 09:05:20,2026-05-08 09:05:20,2026-05-08 09:09:30,4.2,34,17680,18225,17210,2.658,17109,2.846,1.07,4.072,-0.226,0,-0.055,TakeProfit,"ORB5 고가 17,670 돌파 (범위 2.6%)",1차 분할 익절 +2.0% / 목표 익절 +4.0%,5.05,1.19,1,239.0,1.339,1.27,1,5,1.5,4.0,1.5,1.2,False
001440#757-20260508091125,001440,대한전선,ORB,FullAuto,Paper,Backtest,2026-05-08 09:11:25,2026-05-08 09:11:25,2026-05-08 09:16:27,5,14,69000,70400,68000,1.449,17340,1.795,1.24,3.333,0,0,-0.071,Trailing,"ORB5 고가 68,900 돌파 (범위 9.9%)","1차 분할 익절 +2.0% / 트레일링 (70,400)",7.64,2.44,1,266.0,1.610,1.55,1,11,1.5,4.0,1.5,1.2,False
028260#759-20260508150000,028260,삼성물산,종가베팅,FullAuto,Paper,Backtest,2026-05-08 15:00:00,2026-05-08 15:00:00,2026-05-11 09:01:00,3961,1,419000,481000,406500,2.983,60904,14.536,4.87,14.916,-0.358,0,-0.104,TakeProfit,"종가베팅: 등락 +5.0%, 고저범위 97% 위치, VWAP 408,443 위",목표 익절 +5%,5.01,2.58,0.968,616.5,0.315,1.14,1,360,3,5,2.5,1.5,True
336260#760-20260508150000,336260,두산퓨얼셀,종가베팅,FullAuto,Paper,Backtest,2026-05-08 15:00:00,2026-05-08 15:00:00,2026-05-11 09:02:27,3962.5,6,86400,89500,83900,2.894,17372,3.351,1.16,5.208,-0.810,0,-0.112,TakeProfit,"종가베팅: 등락 +15.1%, 고저범위 86% 위치, VWAP 82,436 위",1차 분할 익절 +2% / 목표 익절 +5%,15.07,4.69,0.862,237.2,0.728,1.11,1,360,3,5,2.5,1.5,True
042660#762-20260511090612,042660,한화오션,ORB,FullAuto,Paper,Backtest,2026-05-11 09:06:12,2026-05-11 09:06:12,2026-05-11 09:08:15,2,7,135800,133800,133800,1.473,-16155,-1.699,-1.15,0.074,-1.473,0,0,StopLoss,"ORB5 고가 135,700 돌파 (범위 3.9%)","손절 (133,800)",7.52,1.01,1,187.2,1.123,0.87,1,6,1.5,4.0,1.5,1.2,False
036930#763-20260511090722,036930,주성엔지니어링,ORB,FullAuto,Paper,Backtest,2026-05-11 09:07:22,2026-05-11 09:07:22,2026-05-11 09:08:30,1.1,7,153000,158142.86,150800,1.438,33463,3.124,2.17,4.183,0,0,-0.063,TakeProfit,"ORB5 고가 152,800 돌파 (범위 6.0%)",1차 분할 익절 +2.0% / 목표 익절 +4.0%,10.15,3.18,1,179.1,2.353,1.52,1,7,1.5,4.0,1.5,1.2,False
027360#767-20260511125400,027360,아주IB투자,VWAP눌림,FullAuto,Paper,Backtest,2026-05-11 12:54:00,2026-05-11 12:54:00,2026-05-11 12:56:25,2.4,114,17520,17570,17430,0.514,1096,0.055,0.11,1.199,-0.171,0,0,BreakEven,"VWAP 17,509 재돌파, 직전봉 고가 17,500 돌파","본절 (17,570)",11.24,0.07,0.62,157.9,0.473,0.51,1,234,1.5,4.0,1.5,1.2,False
027360#767-20260511134300,027360,아주IB투자,VWAP눌림,FullAuto,Paper,Backtest,2026-05-11 13:43:00,2026-05-11 13:43:00,2026-05-11 14:28:30,45.5,77,17520,17610,17320,1.142,3814,0.283,0.25,1.769,-0.685,0,0,Trailing,"VWAP 17,505 재돌파, 직전봉 고가 17,470 돌파","트레일링 (17,610)",11.24,0.08,0.62,159.7,0.359,2.27,1,283,1.5,4.0,1.5,1.2,False
066570#771-20260512090925,066570,LG전자,ORB,FullAuto,Paper,Backtest,2026-05-12 09:09:25,2026-05-12 09:09:25,2026-05-12 09:17:25,8,6,171200,174950.00,168700,1.460,20092,1.956,1.34,3.972,-0.234,0,-0.171,Trailing,"ORB5 고가 171,000 돌파 (범위 6.6%)","1차 분할 익절 +2.0% / 트레일링 (175,800)",9.53,1.89,1,223.9,1.323,2.50,1,9,1.5,4.0,1.5,1.2,False
017670#773-20260512092425,017670,SK텔레콤,ORB,FullAuto,Paper,Backtest,2026-05-12 09:24:25,2026-05-12 09:24:25,2026-05-12 09:42:30,18.1,10,105100,106600,103600,1.427,12553,1.194,0.84,2.284,-1.332,0,-0.141,Trailing,"ORB5 고가 105,000 돌파 (범위 4.6%)","1차 분할 익절 +2.0% / 트레일링 (106,200)",6.92,1.38,1,318.0,0.496,3.67,1,24,1.5,4.0,1.5,1.2,False
007610#777-20260512114800,007610,선도전기,VWAP눌림,FullAuto,Paper,Backtest,2026-05-12 11:48:00,2026-05-12 11:48:00,2026-05-12 11:54:07,6.1,63,14610,14360.0,14360,1.711,-17832,-1.937,-1.13,0,-1.711,0,0.0,StopLoss,"VWAP 14,400 재돌파, 직전봉 고가 14,470 돌파","손절 (14,360)",13.44,1.39,0.602,153.9,1.091,0.87,1,168,1.5,4.0,1.5,1.2,False
034220#779-20260513090625,034220,LG디스플레이,ORB,FullAuto,Paper,Backtest,2026-05-13 09:06:25,2026-05-13 09:06:25,2026-05-13 09:07:30,1.1,79,13780,13530,13580,1.451,-22210,-2.040,-1.41,0.726,-1.814,0,-0.368,StopLoss,"ORB5 고가 13,750 돌파 (범위 6.7%)","손절 (13,580)",7.99,1.81,1,203.5,1.851,2.03,1,6,1.5,4.0,1.5,1.2,False
034220#779-20260513094730,034220,LG디스플레이,ORB,FullAuto,Paper,Backtest,2026-05-13 09:47:30,2026-05-13 09:47:30,2026-05-13 09:58:20,10.8,79,13770,13963.92,13570,1.452,12788,1.176,0.81,2.251,-0.871,0,-0.144,Trailing,"ORB5 고가 13,750 돌파 (범위 6.7%)","1차 분할 익절 +2.0% / 트레일링 (13,910)",7.92,1.84,0.889,186.3,0.612,6.70,1,48,1.5,4.0,1.5,1.2,False
000990#783-20260513105000,000990,DB하이텍,VWAP눌림,FullAuto,Paper,Backtest,2026-05-13 10:50:00,2026-05-13 10:50:00,2026-05-13 11:00:25,10.4,7,175800,173500,173700,1.195,-18895,-1.535,-1.29,0.341,-1.308,0,-0.115,StopLoss,"VWAP 174,019 재돌파, 직전봉 고가 175,200 돌파","손절 (173,700)",6.22,1.02,0.806,234.7,0.679,0.65,1,110,1.5,4.0,1.5,1.2,False
000990#783-20260513113000,000990,DB하이텍,VWAP눌림,FullAuto,Paper,Backtest,2026-05-13 11:30:00,2026-05-13 11:30:00,2026-05-13 11:42:30,12.5,11,174500,173000,173100,0.802,-20878,-1.088,-1.36,0.344,-0.860,0,-0.058,StopLoss,"VWAP 174,002 재돌파, 직전봉 고가 174,200 돌파","손절 (173,100)",5.38,0.23,0.735,221.6,0.496,0.36,1,150,1.5,4.0,1.5,1.2,False
000990#783-20260513114900,000990,DB하이텍,VWAP눌림,FullAuto,Paper,Backtest,2026-05-13 11:49:00,2026-05-13 11:49:00,2026-05-13 11:50:27,1.5,10,174400,172900,172900,0.860,-18978,-1.088,-1.27,0,-0.860,0,0,StopLoss,"VWAP 174,010 재돌파, 직전봉 고가 174,000 돌파","손절 (172,900)",5.32,0.17,0.730,221.4,0.492,0.55,1,169,1.5,4.0,1.5,1.2,False
046890#787-20260513140300,046890,서울반도체,VWAP눌림,FullAuto,Paper,Backtest,2026-05-13 14:03:00,2026-05-13 14:03:00,2026-05-13 14:08:25,5.4,114,17480,17530,17410,0.400,1107,0.056,0.14,0.686,-0.057,0,0,BreakEven,"VWAP 17,436 재돌파, 직전봉 고가 17,480 돌파","본절 (17,530)",8.71,0.25,0.696,157.2,0.360,0.82,1,303,1.5,4.0,1.5,1.2,False
046890#787-20260513141800,046890,서울반도체,VWAP눌림,FullAuto,Paper,Backtest,2026-05-13 14:18:00,2026-05-13 14:18:00,2026-05-13 14:24:30,6.5,114,17450,17350,17360,0.516,-15949,-0.802,-1.55,0.287,-0.573,0,-0.058,StopLoss,"VWAP 17,436 재돌파, 직전봉 고가 17,420 돌파","손절 (17,360)",8.52,0.08,0.686,158.7,0.295,1.65,1,318,1.5,4.0,1.5,1.2,False
064400#795-20260514090630,064400,LG씨엔에스,ORB,FullAuto,Paper,Backtest,2026-05-14 09:06:30,2026-05-14 09:06:30,2026-05-14 09:07:15,0.8,13,77700,76600,76600,1.416,-16591,-1.643,-1.16,0,-1.416,0,0,StopLoss,"ORB5 고가 77,500 돌파 (범위 4.0%)","손절 (76,600)",5.71,1.47,1,297.7,1.448,2.30,1,6,1.5,4.0,1.5,1.2,False
034220#794-20260514090727,034220,LG디스플레이,ORB,FullAuto,Paper,Backtest,2026-05-14 09:07:27,2026-05-14 09:07:27,2026-05-14 09:11:30,4,71,14880,15093.66,14660,1.478,12709,1.203,0.81,2.151,-1.277,0,-0.066,Trailing,"ORB5 고가 14,850 돌파 (범위 4.9%)","1차 분할 익절 +2.0% / 트레일링 (15,010)",5.01,2.11,1,217.9,1.344,1.52,1,7,1.5,4.0,1.5,1.2,False
000990#792-20260513150000,000990,DB하이텍,종가베팅,FullAuto,Paper,Backtest,2026-05-13 15:00:00,2026-05-13 15:00:00,2026-05-14 10:00:00,1140,3,183200,184866.67,177800,2.948,3728,0.678,0.23,2.238,-2.566,0,-0.018,NextDayDeadline,"종가베팅: 등락 +10.6%, 고저범위 99% 위치, VWAP 175,463 위",1차 분할 익절 +2% / 익일 청산 시각 10:00,10.63,4.35,0.991,245.8,0.293,0.82,1,360,3,5,2.5,1.5,True
034220#797-20260514150000,034220,LG디스플레이,종가베팅,FullAuto,Paper,Backtest,2026-05-14 15:00:00,2026-05-14 15:00:00,2026-05-15 09:01:27,1081.5,34,15350,16015,14890,2.997,21363,4.093,1.37,5.147,-0.456,0,-0.062,TakeProfit,"종가베팅: 등락 +8.3%, 고저범위 79% 위치, VWAP 15,131 위",1차 분할 익절 +2% / 목표 익절 +5%,8.33,1.45,0.788,258.9,0.181,0.24,1,360,3,5,2.5,1.5,True
064400#800-20260515090507,064400,LG씨엔에스,ORB,FullAuto,Paper,Backtest,2026-05-15 09:05:07,2026-05-15 09:05:07,2026-05-15 09:05:25,0.3,10,99100,97600,97700,1.413,-17246,-1.740,-1.23,0.303,-1.514,0,-0.102,StopLoss,"ORB5 고가 99,000 돌파 (범위 7.7%)","손절 (97,700)",15.10,3.71,1,232.2,2.792,0.85,1,5,1.5,4.0,1.5,1.2,False
090360#799-20260515090527,090360,로보스타,ORB,FullAuto,Paper,Backtest,2026-05-15 09:05:27,2026-05-15 09:05:27,2026-05-15 09:06:25,1,10,95300,93700,93900,1.469,-18156,-1.905,-1.30,1.049,-1.679,0,-0.213,StopLoss,"ORB5 고가 95,200 돌파 (범위 9.2%)","손절 (93,900)",15.66,2.99,1,161.0,2.518,1.26,1,5,1.5,4.0,1.5,1.2,False
090360#799-20260515094727,090360,로보스타,ORB,FullAuto,Paper,Backtest,2026-05-15 09:47:27,2026-05-15 09:47:27,2026-05-15 09:49:25,2,10,95400,96750.00,94000,1.468,11278,1.182,0.81,2.201,0,0,-0.155,Trailing,"ORB5 고가 95,200 돌파 (범위 9.2%)","1차 분할 익절 +2.0% / 트레일링 (96,300)",15.78,3.13,0.901,178.1,1.071,4.12,1,47,1.5,4.0,1.5,1.2,False
047810#798-20260514150000,047810,한국항공우주,종가베팅,FullAuto,Paper,Backtest,2026-05-14 15:00:00,2026-05-14 15:00:00,2026-05-15 10:00:00,1140,3,170400,170066.67,165300,2.993,-2172,-0.425,-0.14,2.171,-1.702,0,-0.059,NextDayDeadline,"종가베팅: 등락 +4.1%, 고저범위 75% 위치, VWAP 166,212 위",1차 분할 익절 +2% / 익일 청산 시각 10:00,4.09,2.52,0.752,307.0,0.298,0.84,1,360,3,5,2.5,1.5,True
090360#799-20260515101507,090360,로보스타,ORB,FullAuto,Paper,Backtest,2026-05-15 10:15:07,2026-05-15 10:15:07,2026-05-15 10:19:17,4.2,10,95300,93900,93900,1.469,-16160,-1.696,-1.15,0.105,-1.469,0,0,StopLoss,"ORB5 고가 95,200 돌파 (범위 9.2%)","손절 (93,900)",15.66,1.68,0.736,169.8,1.132,0.36,1,75,1.5,4.0,1.5,1.2,False
090710#803-20260515102200,090710,휴림로봇,VWAP눌림,FullAuto,Paper,Backtest,2026-05-15 10:22:00,2026-05-15 10:22:00,2026-05-15 10:23:30,1.5,109,14120,13980,13980,0.992,-18765,-1.219,-1.23,0.212,-0.992,0,0,StopLoss,"VWAP 14,041 재돌파, 직전봉 고가 14,100 돌파","손절 (13,980)",11.72,0.49,0.707,164.0,0.937,0.59,1,82,1.5,4.0,1.5,1.2,False
090710#803-20260515104600,090710,휴림로봇,VWAP눌림,FullAuto,Paper,Backtest,2026-05-15 10:46:00,2026-05-15 10:46:00,2026-05-15 10:49:27,3.5,74,14035,13820.00,13820,1.532,-18263,-1.758,-1.15,0.107,-1.532,0,0.000,StopLoss,"VWAP 14,023 재돌파, 직전봉 고가 13,970 돌파","손절 (13,820)",11.05,0.01,0.664,165.4,0.815,1.75,2,106,1.5,4.0,1.5,1.2,False
036930#807-20260518090722,036930,주성엔지니어링,ORB,FullAuto,Paper,Backtest,2026-05-18 09:07:22,2026-05-18 09:07:22,2026-05-18 09:08:22,1,6,162000,164550.0,159600,1.481,13035,1.341,0.91,2.407,0,0,-0.091,Trailing,"ORB5 고가 161,400 돌파 (범위 7.5%)","1차 분할 익절 +2.0% / 트레일링 (163,900)",15.55,3.40,1,201.2,3.802,2.70,1,7,1.5,4.0,1.5,1.2,False
001450#809-20260518090622,001450,현대해상,ORB,FullAuto,Paper,Backtest,2026-05-18 09:06:22,2026-05-18 09:06:22,2026-05-18 09:10:20,4,29,36450,36700,35950,1.372,4805,0.455,0.33,1.920,-0.137,0,0,Trailing,"ORB5 고가 36,400 돌파 (범위 6.9%)","트레일링 (36,700)",8.97,1.83,0.923,198.3,1.955,1.65,1,6,1.5,4.0,1.5,1.2,False
036930#807-20260518091805,036930,주성엔지니어링,ORB,FullAuto,Paper,Backtest,2026-05-18 09:18:05,2026-05-18 09:18:05,2026-05-18 09:20:27,2.4,6,161500,158900,159100,1.486,-17794,-1.836,-1.24,0.929,-1.610,0,-0.126,StopLoss,"ORB5 고가 161,400 돌파 (범위 7.5%)","손절 (159,100)",15.19,1.60,0.720,147.5,2.689,0.73,1,18,1.5,4.0,1.5,1.2,False
001740#808-20260518092327,001740,SK네트웍스,ORB,FullAuto,Paper,Backtest,2026-05-18 09:23:27,2026-05-18 09:23:27,2026-05-18 09:25:17,1.8,108,9420,9380,9280,1.486,-6649,-0.654,-0.44,1.486,-0.425,0,-0.741,BreakEven,"ORB5 고가 9,400 돌파 (범위 9.4%)","본절 (9,450)",8.03,5.88,1,153.6,2.214,7.29,1,23,1.5,4.0,1.5,1.2,False
001450#809-20260518093127,001450,현대해상,ORB,FullAuto,Paper,Backtest,2026-05-18 09:31:27,2026-05-18 09:31:27,2026-05-18 09:39:22,7.9,29,36450,37096.55,35950,1.372,16280,1.540,1.12,3.292,-0.823,0,-0.274,Trailing,"ORB5 고가 36,400 돌파 (범위 6.9%)","1차 분할 익절 +2.0% / 트레일링 (37,150)",8.97,1.07,0.774,234.3,1.039,3.29,1,31,1.5,4.0,1.5,1.2,False
001740#808-20260518093912,001740,SK네트웍스,ORB,FullAuto,Paper,Backtest,2026-05-18 09:39:12,2026-05-18 09:39:12,2026-05-18 09:39:30,0.3,108,9410,9240,9270,1.488,-20656,-2.033,-1.37,0.213,-1.807,0,-0.324,StopLoss,"ORB5 고가 9,400 돌파 (범위 9.4%)","손절 (9,270)",7.91,4.29,0.885,146.2,2.528,1.14,1,39,1.5,4.0,1.5,1.2,False
347700#810-20260518150000,347700,스피어,종가베팅,FullAuto,Paper,Backtest,2026-05-18 15:00:00,2026-05-18 15:00:00,2026-05-19 09:01:22,1081.4,11,47300,49004.55,45900,2.960,17516,3.367,1.14,4.863,-0.740,0,-0.335,Trailing,"종가베팅: 등락 +12.5%, 고저범위 93% 위치, VWAP 45,367 위","1차 분할 익절 +2% / 트레일링 (48,850)",12.50,4.15,0.932,356.0,0.488,0.52,1,360,3,5,2.5,1.5,True
036930#814-20260519090530,036930,주성엔지니어링,ORB,FullAuto,Paper,Backtest,2026-05-19 09:05:30,2026-05-19 09:05:30,2026-05-19 09:06:17,0.8,5,199300,196300,196400,1.455,-17259,-1.732,-1.19,0,-1.505,0,-0.051,StopLoss,"ORB5 고가 198,700 돌파 (범위 7.3%)","손절 (196,400)",9.39,3.44,1,114.7,3.981,1.35,1,6,1.5,4.0,1.5,1.2,False
440110#812-20260519090505,440110,파두,ORB,FullAuto,Paper,Backtest,2026-05-19 09:05:05,2026-05-19 09:05:05,2026-05-19 09:07:12,2.1,10,104200,102700.00,102700,1.440,-17364,-1.666,-1.16,0.960,-1.440,0,0.000,StopLoss,"ORB5 고가 104,000 돌파 (범위 5.3%)","손절 (102,700)",5.36,1.61,1,89.7,1.887,0.84,1,5,1.5,4.0,1.5,1.2,False
000990#811-20260518150000,000990,DB하이텍,종가베팅,FullAuto,Paper,Backtest,2026-05-18 15:00:00,2026-05-18 15:00:00,2026-05-19 09:09:27,1089.5,3,171900,166700,166800,2.967,-16752,-3.248,-1.09,1.338,-3.025,0,-0.060,StopLoss,"종가베팅: 등락 +4.4%, 고저범위 84% 위치, VWAP 167,796 위","손절 (166,800)",4.44,2.39,0.843,247.5,0.370,0.87,1,360,3,5,2.5,1.5,True
356680#813-20260519093222,356680,엑스게이트,ORB,FullAuto,Paper,Backtest,2026-05-19 09:32:22,2026-05-19 09:32:22,2026-05-19 09:35:15,2.9,62,17310,17560,17060,1.444,13000,1.211,0.84,2.253,0,0,-0.057,Trailing,"ORB5 고가 17,270 돌파 (범위 7.5%)","1차 분할 익절 +2.0% / 트레일링 (17,480)",11.97,3.16,1,155.9,1.213,16.33,1,32,1.5,4.0,1.5,1.2,False
440110#812-20260519120030,440110,파두,ORB,FullAuto,Paper,Backtest,2026-05-19 12:00:30,2026-05-19 12:00:30,2026-05-19 12:43:25,42.9,10,104200,106100,102700,1.440,16564,1.590,1.10,2.975,-0.864,0,-0.047,Trailing,"ORB5 고가 104,000 돌파 (범위 5.3%)","1차 분할 익절 +2.0% / 트레일링 (106,000)",5.36,0.22,0.551,191.4,0.418,7.16,1,180,1.5,4.0,1.5,1.2,False
015760#815-20260519150000,015760,한국전력,종가베팅,FullAuto,Paper,Backtest,2026-05-19 15:00:00,2026-05-19 15:00:00,2026-05-20 09:01:30,1081.5,13,39400,38200,38250,2.919,-16743,-3.269,-1.12,0.127,-3.046,0,-0.131,StopLoss,"종가베팅: 등락 +4.5%, 고저범위 87% 위치, VWAP 39,064 위","손절 (38,250)",4.51,0.86,0.868,511.8,0.335,2.10,1,360,3,5,2.5,1.5,True
005950#819-20260520091830,005950,이수화학,ORB,FullAuto,Paper,Backtest,2026-05-20 09:18:30,2026-05-20 09:18:30,2026-05-20 09:22:25,3.9,77,13590,13799.22,13390,1.472,13671,1.306,0.89,2.428,-0.883,0,-0.072,Trailing,"ORB5 고가 13,560 돌파 (범위 10.0%)","1차 분할 익절 +2.0% / 트레일링 (13,750)",11.39,2.62,0.906,130.6,2.313,2.63,1,18,1.5,4.0,1.5,1.2,False
036930#817-20260520092322,036930,주성엔지니어링,ORB,FullAuto,Paper,Backtest,2026-05-20 09:23:22,2026-05-20 09:23:22,2026-05-20 09:28:30,5.1,5,192000,198200,189200,1.458,28729,2.993,2.05,4.115,-0.990,0,-0.050,TakeProfit,"ORB5 고가 191,500 돌파 (범위 8.3%)",1차 분할 익절 +2.0% / 목표 익절 +4.0%,8.54,2.94,1,168.2,1.414,5.35,1,23,1.5,4.0,1.5,1.2,False
005950#819-20260520101727,005950,이수화학,ORB,FullAuto,Paper,Backtest,2026-05-20 10:17:27,2026-05-20 10:17:27,2026-05-20 10:28:20,10.9,77,13570,13370.00,13370,1.474,-17768,-1.700,-1.15,1.105,-1.474,0,0.000,StopLoss,"ORB5 고가 13,560 돌파 (범위 10.0%)","손절 (13,370)",11.23,0.94,0.697,161.2,0.937,3.43,1,77,1.5,4.0,1.5,1.2,False
005950#819-20260520105127,005950,이수화학,ORB,FullAuto,Paper,Backtest,2026-05-20 10:51:27,2026-05-20 10:51:27,2026-05-20 10:54:30,3,77,13570,13370,13370,1.474,-17768,-1.700,-1.15,0.221,-1.474,0,0,StopLoss,"ORB5 고가 13,560 돌파 (범위 10.0%)","손절 (13,370)",11.23,0.95,0.697,163.3,0.442,6.02,1,111,1.5,4.0,1.5,1.2,False
001820#821-20260520105200,001820,삼화콘덴서,VWAP눌림,FullAuto,Paper,Backtest,2026-05-20 10:52:00,2026-05-20 10:52:00,2026-05-20 10:55:27,3.5,10,72600,74050,71100,2.066,12801,1.763,0.85,3.306,-0.413,0,-0.067,Trailing,"VWAP 71,587 재돌파, 직전봉 고가 72,200 돌파","1차 분할 익절 +2.0% / 트레일링 (74,100)",13.62,1.42,0.814,231.1,1.122,1.44,1,112,1.5,4.0,1.5,1.2,False
001820#821-20260520113900,001820,삼화콘덴서,VWAP눌림,FullAuto,Paper,Backtest,2026-05-20 11:39:00,2026-05-20 11:39:00,2026-05-20 11:39:27,0.5,12,74000,72800,72800,1.622,-16411,-1.848,-1.14,0,-1.622,0,0,StopLoss,"VWAP 73,378 재돌파, 직전봉 고가 73,900 돌파","손절 (72,800)",15.65,0.71,0.653,220.3,1.431,0.53,1,159,1.5,4.0,1.5,1.2,False
001820#821-20260520114500,001820,삼화콘덴서,VWAP눌림,FullAuto,Paper,Backtest,2026-05-20 11:45:00,2026-05-20 11:45:00,2026-05-20 11:58:12,13.2,13,73500,74469.23,72400,1.497,10378,1.086,0.73,2.041,-0.816,0,-0.062,Trailing,"VWAP 73,374 재돌파, 직전봉 고가 73,200 돌파","1차 분할 익절 +2.0% / 트레일링 (74,100)",14.87,0.04,0.623,219.4,1.411,0.50,1,165,1.5,4.0,1.5,1.2,False
253840#826-20260520150017,253840,수젠텍,종가베팅,FullAuto,Paper,Backtest,2026-05-20 15:00:17,2026-05-20 15:00:17,2026-05-21 09:01:00,1080.7,67,7730,7360,7500,2.975,-25926,-5.006,-1.68,0.259,-4.657,0,-1.867,StopLoss,"종가베팅: 등락 +16.4%, 고저범위 76% 위치, VWAP 7,695 위","손절 (7,500)",16.44,0.32,0.761,209.8,0.666,1.22,1,360,3,5,2.5,1.5,True
082740#824-20260520150000,082740,한화엔진,종가베팅,FullAuto,Paper,Backtest,2026-05-20 15:00:00,2026-05-20 15:00:00,2026-05-21 09:02:17,1082.3,7,69800,73028.57,67800,2.865,21432,4.386,1.53,5.014,-1.433,0,-0.137,TakeProfit,"종가베팅: 등락 +7.1%, 고저범위 96% 위치, VWAP 66,968 위",1차 분할 익절 +2% / 목표 익절 +5%,7.06,4.23,0.958,453.4,0.409,0.57,1,360,3,5,2.5,1.5,True
017900#828-20260521091222,017900,광전자,ORB,FullAuto,Paper,Backtest,2026-05-21 09:12:22,2026-05-21 09:12:22,2026-05-21 09:13:22,1,77,13970,14133.64,13770,1.432,10101,0.939,0.66,2.004,0,0,-0.179,Trailing,"ORB5 고가 13,900 돌파 (범위 5.1%)","1차 분할 익절 +2.0% / 트레일링 (14,070)",12.21,3.81,1,120.5,2.484,4.09,1,12,1.5,4.0,1.5,1.2,False
066570#827-20260521090615,066570,LG전자,ORB,FullAuto,Paper,Backtest,2026-05-21 09:06:15,2026-05-21 09:06:15,2026-05-21 09:25:30,19.2,3,195900,196500,190900,2.552,445,0.076,0.03,1.531,-2.246,0,0,Trailing,"ORB5 고가 195,800 돌파 (범위 2.5%)","트레일링 (196,500)",6.24,1.01,1,197.6,1.008,1.52,1,6,1.5,4.0,1.5,1.2,False
017900#828-20260521094422,017900,광전자,ORB,FullAuto,Paper,Backtest,2026-05-21 09:44:22,2026-05-21 09:44:22,2026-05-21 09:45:30,1.1,77,13960,14422.21,13760,1.433,33043,3.074,2.15,4.585,0,0,-0.069,TakeProfit,"ORB5 고가 13,900 돌파 (범위 5.1%)",1차 분할 익절 +2.0% / 목표 익절 +4.0%,12.13,1.39,0.642,132.2,1.374,4.31,1,44,1.5,4.0,1.5,1.2,False
034020#834-20260521150000,034020,두산에너빌리티,종가베팅,FullAuto,Paper,Backtest,2026-05-21 15:00:00,2026-05-21 15:00:00,2026-05-22 09:01:00,1081,4,109000,117000,105800,2.936,30929,7.094,2.42,7.339,-0.642,0,0,TakeProfit,"종가베팅: 등락 +5.1%, 고저범위 81% 위치, VWAP 108,339 위",목표 익절 +5%,5.11,0.61,0.815,699.4,0.164,0.54,1,360,3,5,2.5,1.5,True
222800#833-20260521150000,222800,심텍,종가베팅,FullAuto,Paper,Backtest,2026-05-21 15:00:00,2026-05-21 15:00:00,2026-05-22 09:01:22,1081.4,4,125500,121600.0,121800,2.948,-16719,-3.330,-1.13,0.797,-3.108,0,-0.164,StopLoss,"종가베팅: 등락 +19.0%, 고저범위 80% 위치, VWAP 123,066 위","손절 (121,800)",18.96,1.98,0.804,255.5,0.495,0.91,1,360,3,5,2.5,1.5,True
440110#835-20260522090515,440110,파두,ORB,FullAuto,Paper,Backtest,2026-05-22 09:05:15,2026-05-22 09:05:15,2026-05-22 09:06:12,1,8,122400,120600,120600,1.471,-16619,-1.697,-1.15,0,-1.471,0,0,StopLoss,"ORB5 고가 122,300 돌파 (범위 5.1%)","손절 (120,600)",4.88,2.08,1,127.8,2.424,1.44,1,5,1.5,4.0,1.5,1.2,False
068270#837-20260522091222,068270,셀트리온,ORB,FullAuto,Paper,Backtest,2026-05-22 09:12:22,2026-05-22 09:12:22,2026-05-22 09:32:22,20,5,190600,190200,187800,1.469,-4186,-0.439,-0.30,0.521,-1.029,0,-0.053,TimeStop,"ORB5 고가 190,545 돌파 (범위 3.5%)",타임스탑 20분,5.30,1.04,1,204.6,0.688,4.58,1,12,1.5,4.0,1.5,1.2,False
440110#835-20260522094622,440110,파두,ORB,FullAuto,Paper,Backtest,2026-05-22 09:46:22,2026-05-22 09:46:22,2026-05-22 10:12:25,26,8,122600,120800,120800,1.468,-16623,-1.695,-1.15,0.734,-1.468,0,0,StopLoss,"ORB5 고가 122,300 돌파 (범위 5.1%)","손절 (120,800)",5.06,1.35,0.838,202.5,0.722,5.71,1,46,1.5,4.0,1.5,1.2,False
440110#835-20260522104822,440110,파두,ORB,FullAuto,Paper,Backtest,2026-05-22 10:48:22,2026-05-22 10:48:22,2026-05-22 11:01:30,13.1,8,122500,120500,120700,1.469,-18219,-1.859,-1.27,1.061,-1.633,0,-0.166,StopLoss,"ORB5 고가 122,300 돌파 (범위 5.1%)","손절 (120,700)",4.97,0.93,0.824,223.1,0.367,5.71,1,108,1.5,4.0,1.5,1.2,False
080220#841-20260522115300,080220,제주반도체,VWAP눌림,FullAuto,Paper,Backtest,2026-05-22 11:53:00,2026-05-22 11:53:00,2026-05-22 11:56:30,3.5,10,127900,126500,126500,1.095,-16910,-1.322,-1.21,0.078,-1.095,0,0,StopLoss,"VWAP 127,125 재돌파, 직전봉 고가 127,100 돌파","손절 (126,500)",8.57,0.61,0.521,178.9,0.480,0.73,1,173,1.5,4.0,1.5,1.2,False
080220#841-20260522124200,080220,제주반도체,VWAP눌림,FullAuto,Paper,Backtest,2026-05-22 12:42:00,2026-05-22 12:42:00,2026-05-22 12:43:15,1.2,15,127300,127600,126900,0.314,99,0.005,0.02,0.393,-0.079,0,0,BreakEven,"VWAP 127,134 재돌파, 직전봉 고가 127,200 돌파","본절 (127,600)",8.06,0.13,0.490,190.0,0.331,0.94,1,222,1.5,4.0,1.5,1.2,False
080220#841-20260522130000,080220,제주반도체,VWAP눌림,FullAuto,Paper,Backtest,2026-05-22 13:00:00,2026-05-22 13:00:00,2026-05-22 13:01:45,1.8,15,127200,127500,126800,0.314,103,0.005,0.02,0.314,-0.079,0,0,BreakEven,"VWAP 127,131 재돌파, 직전봉 고가 127,100 돌파","본절 (127,500)",7.98,0.05,0.484,194.8,0.191,1.40,1,240,1.5,4.0,1.5,1.2,False
079550#843-20260522130400,079550,LIG디펜스앤에어로스페이스,VWAP눌림,FullAuto,Paper,Backtest,2026-05-22 13:04:00,2026-05-22 13:04:00,2026-05-22 13:13:45,9.8,2,921000,924000,917000,0.434,1751,0.095,0.22,0.543,-0.109,0,0,BreakEven,"VWAP 920,981 재돌파, 직전봉 고가 919,000 돌파","본절 (924,000)",5.86,0.00,0.75,361.7,0.256,1.03,1,244,1.5,4.0,1.5,1.2,False
068270#837-20260522130532,068270,셀트리온,ORB,FullAuto,Paper,Backtest,2026-05-22 13:05:32,2026-05-22 13:05:32,2026-05-22 13:25:32,20,5,190600,189200,187800,1.469,-9175,-0.963,-0.66,0.052,-0.735,0,0,TimeStop,"ORB5 고가 190,545 돌파 (범위 3.5%)",타임스탑 20분,5.30,0.49,0.768,194.7,0.147,1.66,1,246,1.5,4.0,1.5,1.2,False
079550#843-20260522134300,079550,LIG디펜스앤에어로스페이스,VWAP눌림,FullAuto,Paper,Backtest,2026-05-22 13:43:00,2026-05-22 13:43:00,2026-05-22 14:04:00,21,2,925000,927000,921000,0.432,-263,-0.014,-0.03,0.432,-0.216,0,-0.108,BreakEven,"VWAP 921,173 재돌파, 직전봉 고가 923,000 돌파","본절 (928,000)",6.32,0.42,0.806,362.1,0.239,0.96,1,283,1.5,4.0,1.5,1.2,False
440110#844-20260522150000,440110,파두,종가베팅,FullAuto,Paper,Backtest,2026-05-22 15:00:00,2026-05-22 15:00:00,2026-05-26 09:01:12,5401.2,4,127400,123300,123600,2.983,-17535,-3.441,-1.15,1.177,-3.218,0,-0.243,StopLoss,"종가베팅: 등락 +9.1%, 고저범위 84% 위치, VWAP 123,631 위","손절 (123,600)",9.08,2.97,0.838,284.1,0.410,0.78,1,360,3,5,2.5,1.5,True
001740#849-20260526090617,001740,SK네트웍스,ORB,FullAuto,Paper,Backtest,2026-05-26 09:06:17,2026-05-26 09:06:17,2026-05-26 09:07:20,1,108,9360,9370.00,9220,1.496,-1245,-0.123,-0.08,1.709,0,0,-0.319,Trailing,"ORB5 고가 9,350 돌파 (범위 6.9%)","트레일링 (9,400)",11.43,3.29,0.984,298.3,2.217,2.53,1,6,1.5,4.0,1.5,1.2,False
011790#850-20260526090520,011790,SKC,ORB,FullAuto,Paper,Backtest,2026-05-26 09:05:20,2026-05-26 09:05:20,2026-05-26 09:11:27,6.1,6,154000,156800,151700,1.494,14641,1.585,1.06,2.987,-0.714,0,-0.032,Trailing,"ORB5 고가 153,700 돌파 (범위 3.3%)","1차 분할 익절 +2.0% / 트레일링 (156,600)",7.62,1.58,1,655.2,1.364,2.51,1,5,1.5,4.0,1.5,1.2,False
001740#849-20260526091322,001740,SK네트웍스,ORB,FullAuto,Paper,Backtest,2026-05-26 09:13:22,2026-05-26 09:13:22,2026-05-26 09:14:15,0.9,108,9400,9430,9260,1.489,900,0.089,0.06,1.596,0,0,0,BreakEven,"ORB5 고가 9,350 돌파 (범위 6.9%)","본절 (9,430)",11.90,2.33,0.844,199.7,2.118,1.77,1,13,1.5,4.0,1.5,1.2,False
078600#847-20260522151417,078600,대주전자재료,종가베팅,FullAuto,Paper,Backtest,2026-05-22 15:14:17,2026-05-22 15:14:17,2026-05-26 09:15:27,5401.2,3,156600,161133.33,151900,3.001,12493,2.659,0.89,4.853,-2.618,0,-0.062,Trailing,"종가베팅: 등락 +17.6%, 고저범위 78% 위치, VWAP 155,173 위","1차 분할 익절 +2% / 트레일링 (161,700)",17.57,0.92,0.780,233.0,0.349,2.61,1,374,3,5,2.5,1.5,True
001740#849-20260526092620,001740,SK네트웍스,ORB,FullAuto,Paper,Backtest,2026-05-26 09:26:20,2026-05-26 09:26:20,2026-05-26 09:27:30,1.2,108,9360,9495,9220,1.496,12227,1.210,0.81,2.137,0,0,-0.052,Trailing,"ORB5 고가 9,350 돌파 (범위 6.9%)","1차 분할 익절 +2.0% / 트레일링 (9,440)",11.43,1.02,0.735,186.5,1.427,1.40,1,26,1.5,4.0,1.5,1.2,False
007660#853-20260526103500,007660,이수페타시스,VWAP눌림,FullAuto,Paper,Backtest,2026-05-26 10:35:00,2026-05-26 10:35:00,2026-05-26 10:35:30,0.5,14,141700,141000,141000,0.494,-14341,-0.723,-1.46,0,-0.494,0,0,StopLoss,"VWAP 140,751 재돌파, 직전봉 고가 141,500 돌파","손절 (141,000)",12.03,0.60,0.740,230.1,0.378,0.83,1,95,1.5,4.0,1.5,1.2,False
007660#853-20260526104100,007660,이수페타시스,VWAP눌림,FullAuto,Paper,Backtest,2026-05-26 10:41:00,2026-05-26 10:41:00,2026-05-26 10:41:30,0.5,10,141600,140100,140100,1.059,-18224,-1.287,-1.21,0,-1.059,0,0,StopLoss,"VWAP 140,751 재돌파, 직전봉 고가 140,700 돌파","손절 (140,100)",11.95,0.53,0.733,229.7,0.454,1.55,1,101,1.5,4.0,1.5,1.2,False
007660#853-20260526104700,007660,이수페타시스,VWAP눌림,FullAuto,Paper,Backtest,2026-05-26 10:47:00,2026-05-26 10:47:00,2026-05-26 10:49:27,2.5,14,140900,140200,140200,0.497,-14314,-0.726,-1.46,0.071,-0.497,0,0,StopLoss,"VWAP 140,750 재돌파, 직전봉 고가 140,600 돌파","손절 (140,200)",11.47,0.11,0.687,230.6,0.466,1.37,1,107,1.5,4.0,1.5,1.2,False
353200#860-20260526150000,353200,대덕전자,종가베팅,FullAuto,Paper,Backtest,2026-05-26 15:00:00,2026-05-26 15:00:00,2026-05-27 09:01:00,1081,3,171500,180100,166400,2.974,24562,4.774,1.61,5.073,-1.458,0,-0.055,TakeProfit,"종가베팅: 등락 +13.3%, 고저범위 80% 위치, VWAP 167,351 위",목표 익절 +5%,13.28,2.42,0.804,263.8,0.329,0.71,1,360,3,5,2.5,1.5,True
440110#862-20260527090530,440110,파두,ORB,FullAuto,Paper,Backtest,2026-05-27 09:05:30,2026-05-27 09:05:30,2026-05-27 09:06:25,0.9,8,125600,123800,123800,1.433,-16678,-1.660,-1.16,0,-1.433,0,0,StopLoss,"ORB5 고가 125,300 돌파 (범위 6.2%)","손절 (123,800)",7.53,2.81,1,151.4,3.211,1.28,1,6,1.5,4.0,1.5,1.2,False
440110#862-20260527091222,440110,파두,ORB,FullAuto,Paper,Backtest,2026-05-27 09:12:22,2026-05-27 09:12:22,2026-05-27 09:12:40,0.3,8,125600,125700,123800,1.433,-1511,-0.150,-0.10,1.433,0,0,-0.159,BreakEven,"ORB5 고가 125,300 돌파 (범위 6.2%)","본절 (125,900)",7.53,1.55,0.826,167.5,2.174,1.71,1,12,1.5,4.0,1.5,1.2,False
440110#862-20260527093627,440110,파두,ORB,FullAuto,Paper,Backtest,2026-05-27 09:36:27,2026-05-27 09:36:27,2026-05-27 09:44:27,8,8,125400,123600,123600,1.435,-16675,-1.662,-1.16,0.399,-1.435,0,0,StopLoss,"ORB5 고가 125,300 돌파 (범위 6.2%)","손절 (123,600)",7.36,1.72,0.787,178.0,0.843,4.40,1,36,1.5,4.0,1.5,1.2,False
048410#866-20260527101700,048410,현대바이오,VWAP눌림,FullAuto,Paper,Backtest,2026-05-27 10:17:00,2026-05-27 10:17:00,2026-05-27 10:25:25,8.4,52,15560,15870.00,15260,1.928,14228,1.758,0.91,3.149,-1.671,0,-0.031,Trailing,"VWAP 15,335 재돌파, 직전봉 고가 15,460 돌파","1차 분할 익절 +2.0% / 트레일링 (15,850)",14.16,1.47,0.677,145.9,1.749,0.79,1,77,1.5,4.0,1.5,1.2,False
001820#867-20260527104000,001820,삼화콘덴서,VWAP눌림,FullAuto,Paper,Backtest,2026-05-27 10:40:00,2026-05-27 10:40:00,2026-05-27 10:46:25,6.4,5,146900,143600,143800,2.110,-18153,-2.471,-1.17,0.068,-2.246,0,-0.139,StopLoss,"VWAP 145,670 재돌파, 직전봉 고가 144,200 돌파","손절 (143,800)",10.71,0.78,0.394,132.2,0.701,3.55,1,100,1.5,4.0,1.5,1.2,False
048410#866-20260527105600,048410,현대바이오,VWAP눌림,FullAuto,Paper,Backtest,2026-05-27 10:56:00,2026-05-27 10:56:00,2026-05-27 10:59:20,3.3,101,15520,15370.00,15370,0.966,-18721,-1.194,-1.24,0.387,-0.966,0,0.000,StopLoss,"VWAP 15,412 재돌파, 직전봉 고가 15,500 돌파","손절 (15,370)",13.87,0.70,0.666,148.3,0.785,0.99,1,116,1.5,4.0,1.5,1.2,False
001820#867-20260527105400,001820,삼화콘덴서,VWAP눌림,FullAuto,Paper,Backtest,2026-05-27 10:54:00,2026-05-27 10:54:00,2026-05-27 10:59:27,5.5,6,145900,150400,143500,1.645,24931,2.848,1.73,4.112,-1.097,0,-0.066,TakeProfit,"VWAP 145,645 재돌파, 직전봉 고가 144,300 돌파",1차 분할 익절 +2.0% / 목표 익절 +4.0%,9.95,0.11,0.358,134.8,0.906,1.42,1,114,1.5,4.0,1.5,1.2,False
048410#866-20260527113300,048410,현대바이오,VWAP눌림,FullAuto,Paper,Backtest,2026-05-27 11:33:00,2026-05-27 11:33:00,2026-05-27 11:43:27,10.5,37,15710,15290,15290,2.673,-16842,-2.897,-1.08,0,-2.673,0,0,StopLoss,"VWAP 15,399 재돌파, 직전봉 고가 15,380 돌파","손절 (15,290)",15.19,1.95,0.717,157.3,0.655,3.55,1,153,1.5,4.0,1.5,1.2,False
001820#867-20260527114700,001820,삼화콘덴서,VWAP눌림,FullAuto,Paper,Backtest,2026-05-27 11:47:00,2026-05-27 11:47:00,2026-05-27 11:52:25,5.4,8,147200,145400,145500,1.155,-17076,-1.450,-1.26,0.883,-1.223,0,-0.069,StopLoss,"VWAP 146,814 재돌파, 직전봉 고가 146,300 돌파","손절 (145,500)",11.01,0.26,0.409,144.1,0.621,1.63,1,167,1.5,4.0,1.5,1.2,False
064400#875-20260527150000,064400,LG씨엔에스,종가베팅,FullAuto,Paper,Backtest,2026-05-27 15:00:00,2026-05-27 15:00:00,2026-05-27 15:06:15,6.2,5,94300,91400,91500,2.969,-15552,-3.298,-1.11,0.106,-3.075,0,-0.109,StopLoss,"종가베팅: 등락 +13.6%, 고저범위 99% 위치, VWAP 85,944 위","손절 (91,500)",13.63,9.61,0.993,244.7,1.274,3.27,1,360,3,5,2.5,1.5,True
009420#876-20260527150000,009420,한올바이오파마,종가베팅,FullAuto,Paper,Backtest,2026-05-27 15:00:00,2026-05-27 15:00:00,2026-05-28 09:01:00,1081,7,70900,67700,68800,2.962,-23492,-4.733,-1.60,0.141,-4.513,0,-1.599,StopLoss,"종가베팅: 등락 +18.0%, 고저범위 84% 위치, VWAP 68,795 위","손절 (68,800)",18.00,2.91,0.839,271.0,0.404,0.79,1,360,3,5,2.5,1.5,True
454910#880-20260528090525,454910,두산로보틱스,ORB,FullAuto,Paper,Backtest,2026-05-28 09:05:25,2026-05-28 09:05:25,2026-05-28 09:06:25,1,9,108900,109200,107300,1.469,441,0.045,0.03,1.469,0,0,0,BreakEven,"ORB5 고가 108,800 돌파 (범위 5.2%)","본절 (109,200)",5.73,2.12,1,399.6,1.714,2.07,1,5,1.5,4.0,1.5,1.2,False
034220#879-20260528090625,034220,LG디스플레이,ORB,FullAuto,Paper,Backtest,2026-05-28 09:06:25,2026-05-28 09:06:25,2026-05-28 09:11:25,5,66,15650,15880.00,15420,1.470,12774,1.237,0.84,2.236,-0.256,0,-0.095,Trailing,"ORB5 고가 15,630 돌파 (범위 9.9%)","1차 분할 익절 +2.0% / 트레일링 (15,800)",10.76,3.07,1,171.0,2.492,1.86,1,6,1.5,4.0,1.5,1.2,False
006660#878-20260528091525,006660,삼성공조,ORB,FullAuto,Paper,Backtest,2026-05-28 09:15:25,2026-05-28 09:15:25,2026-05-28 09:16:30,1.1,61,17170,17698.03,16920,1.456,29735,2.839,1.95,4.193,-0.058,0,-0.056,TakeProfit,"ORB5 고가 17,060 돌파 (범위 9.0%)",1차 분할 익절 +2.0% / 목표 익절 +4.0%,10.63,4.89,1,145.0,2.885,3.55,1,15,1.5,4.0,1.5,1.2,False
034220#879-20260528092120,034220,LG디스플레이,ORB,FullAuto,Paper,Backtest,2026-05-28 09:21:20,2026-05-28 09:21:20,2026-05-28 09:26:22,5,66,15670,15870.0,15440,1.468,10795,1.044,0.71,2.042,0,0,-0.126,Trailing,"ORB5 고가 15,630 돌파 (범위 9.9%)","1차 분할 익절 +2.0% / 트레일링 (15,790)",10.90,0.05,0.751,164.1,1.714,1.34,1,21,1.5,4.0,1.5,1.2,False
373220#883-20260528150000,373220,LG에너지솔루션,종가베팅,FullAuto,Paper,Backtest,2026-05-28 15:00:00,2026-05-28 15:00:00,2026-05-29 09:02:10,1082.2,1,439000,445000.00,426000,2.961,4979,1.134,0.38,2.961,-0.569,0,0.000,Trailing,"종가베팅: 등락 +13.3%, 고저범위 76% 위치, VWAP 431,015 위","트레일링 (445,000)",13.29,1.85,0.765,284.9,0.285,1.92,1,360,3,5,2.5,1.5,True
064400#884-20260529090507,064400,LG씨엔에스,ORB,FullAuto,Paper,Backtest,2026-05-29 09:05:07,2026-05-29 09:05:07,2026-05-29 09:06:15,1.1,10,100900,99400,99400,1.487,-17288,-1.713,-1.15,0.297,-1.487,0,0,StopLoss,"ORB5 고가 100,800 돌파 (범위 6.4%)","손절 (99,400)",15.18,3.40,1,195.7,2.940,1.50,1,5,1.5,4.0,1.5,1.2,False
012330#886-20260529091020,012330,현대모비스,ORB,FullAuto,Paper,Backtest,2026-05-29 09:10:20,2026-05-29 09:10:20,2026-05-29 09:17:25,7.1,1,726000,728000.00,716000,1.377,327,0.045,0.03,1.515,-1.102,0,0.000,BreakEven,"ORB5 고가 725,000 돌파 (범위 2.7%)","본절 (728,000)",7.08,0.81,0.833,208.0,1.377,1.24,1,10,1.5,4.0,1.5,1.2,False
005380#885-20260529091422,005380,현대차,ORB,FullAuto,Paper,Backtest,2026-05-29 09:14:22,2026-05-29 09:14:22,2026-05-29 09:20:30,6.1,1,721000,711000,711000,1.387,-11636,-1.614,-1.16,0.277,-1.387,0,0,StopLoss,"ORB5 고가 720,000 돌파 (범위 2.7%)","손절 (711,000)",6.66,0.81,1,363.7,0.809,3.64,1,14,1.5,4.0,1.5,1.2,False
012330#886-20260529093120,012330,현대모비스,ORB,FullAuto,Paper,Backtest,2026-05-29 09:31:20,2026-05-29 09:31:20,2026-05-29 09:39:20,8,1,726000,755000,716000,1.377,27269,3.756,2.73,4.132,0,0,-0.132,TakeProfit,"ORB5 고가 725,000 돌파 (범위 2.7%)",목표 익절 +4.0%,7.08,0.27,0.645,234.5,0.797,1.23,1,31,1.5,4.0,1.5,1.2,False
005380#885-20260529093425,005380,현대차,ORB,FullAuto,Paper,Backtest,2026-05-29 09:34:25,2026-05-29 09:34:25,2026-05-29 09:41:30,7.1,1,721000,723000,711000,1.387,338,0.047,0.03,1.526,0,0,0,BreakEven,"ORB5 고가 720,000 돌파 (범위 2.7%)","본절 (723,000)",6.66,0.68,0.909,340.8,0.515,4.31,1,34,1.5,4.0,1.5,1.2,False
005380#885-20260529111525,005380,현대차,ORB,FullAuto,Paper,Backtest,2026-05-29 11:15:25,2026-05-29 11:15:25,2026-05-29 11:28:25,13,1,721000,711000.00,711000,1.387,-11636,-1.614,-1.16,0.416,-1.387,0,0.000,StopLoss,"ORB5 고가 720,000 돌파 (범위 2.7%)","손절 (711,000)",6.66,0.57,0.645,351.6,0.228,16.16,1,135,1.5,4.0,1.5,1.2,False
003550#887-20260529113200,003550,LG,VWAP눌림,FullAuto,Paper,Backtest,2026-05-29 11:32:00,2026-05-29 11:32:00,2026-05-29 11:44:27,12.5,13,128900,130753.85,127800,0.853,20197,1.205,1.41,2.250,-0.078,0,-0.035,Trailing,"VWAP 128,296 재돌파, 직전봉 고가 128,500 돌파","1차 분할 익절 +2.0% / 트레일링 (130,200)",9.33,0.47,0.612,170.8,0.549,0.43,1,152,1.5,4.0,1.5,1.2,False
003550#887-20260529115500,003550,LG,VWAP눌림,FullAuto,Paper,Backtest,2026-05-29 11:55:00,2026-05-29 11:55:00,2026-05-29 12:02:27,7.5,15,128900,128100,128100,0.621,-16421,-0.849,-1.37,0.310,-0.621,0,0,StopLoss,"VWAP 128,457 재돌파, 직전봉 고가 128,400 돌파","손절 (128,100)",9.33,0.34,0.612,176.4,0.499,0.50,1,175,1.5,4.0,1.5,1.2,False
003550#887-20260529121500,003550,LG,VWAP눌림,FullAuto,Paper,Backtest,2026-05-29 12:15:00,2026-05-29 12:15:00,2026-05-29 12:43:25,28.4,15,128800,132793.33,128400,0.311,55331,2.864,9.22,4.193,-0.078,0,-0.075,TakeProfit,"VWAP 128,463 재돌파, 직전봉 고가 128,600 돌파",1차 분할 익절 +2.0% / 목표 익절 +4.0%,9.25,0.26,0.605,177.9,0.291,0.66,1,195,1.5,4.0,1.5,1.2,False
034220#888-20260529140900,034220,LG디스플레이,VWAP눌림,FullAuto,Paper,Backtest,2026-05-29 14:09:00,2026-05-29 14:09:00,2026-05-29 14:11:30,2.5,115,15900,15750,15770,0.818,-21417,-1.171,-1.43,0.503,-0.943,0,-0.127,StopLoss,"VWAP 15,875 재돌파, 직전봉 고가 15,840 돌파","손절 (15,770)",10.26,0.16,0.632,189.9,0.719,0.67,1,309,1.5,4.0,1.5,1.2,False
034220#892-20260529150000,034220,LG디스플레이,종가베팅,FullAuto,Paper,Backtest,2026-05-29 15:00:00,2026-05-29 15:00:00,2026-06-01 09:01:00,3961,32,16170,17260,15690,2.968,33617,6.497,2.19,6.741,-1.608,0,0,TakeProfit,"종가베팅: 등락 +12.1%, 고저범위 77% 위치, VWAP 15,884 위",목표 익절 +5%,12.07,1.74,0.768,193.5,0.438,1.70,1,360,3,5,2.5,1.5,True
011790#894-20260601090520,011790,SKC,ORB,FullAuto,Paper,Backtest,2026-06-01 09:05:20,2026-06-01 09:05:20,2026-06-01 09:06:22,1,6,160600,161400,158200,1.494,2575,0.267,0.18,1.930,0,0,-0.186,Trailing,"ORB5 고가 160,300 돌파 (범위 7.2%)","트레일링 (161,700)",14.06,2.39,1,684.2,1.432,1.80,1,5,1.5,4.0,1.5,1.2,False
051910#893-20260529150217,051910,LG화학,종가베팅,FullAuto,Paper,Backtest,2026-05-29 15:02:17,2026-05-29 15:02:17,2026-06-01 09:52:15,4010,1,364000,371000,353500,2.885,6149,1.689,0.59,3.571,-1.511,0,0,Trailing,"종가베팅: 등락 +6.3%, 고저범위 75% 위치, VWAP 355,062 위","트레일링 (371,000)",6.28,2.52,0.754,506.8,0.206,2.22,1,362,3,5,2.5,1.5,True
003550#898-20260601102000,003550,LG,VWAP눌림,FullAuto,Paper,Backtest,2026-06-01 10:20:00,2026-06-01 10:20:00,2026-06-01 10:26:25,6.4,8,174400,172400.00,172500,1.089,-19173,-1.374,-1.26,0.287,-1.147,0,-0.058,StopLoss,"VWAP 174,214 재돌파, 직전봉 고가 174,000 돌파","손절 (172,500)",20.11,0.11,0.612,186.5,0.594,0.90,1,80,1.5,4.0,1.5,1.2,False
007660#899-20260601105700,007660,이수페타시스,VWAP눌림,FullAuto,Paper,Backtest,2026-06-01 10:57:00,2026-06-01 10:57:00,2026-06-01 11:07:25,10.4,13,137200,136100.00,136100,0.802,-18370,-1.030,-1.28,0,-0.802,0,0.000,StopLoss,"VWAP 137,085 재돌파, 직전봉 고가 136,800 돌파","손절 (136,100)",5.71,0.01,0.652,199.0,0.412,0.62,1,117,1.5,4.0,1.5,1.2,False
003550#898-20260601110200,003550,LG,VWAP눌림,FullAuto,Paper,Backtest,2026-06-01 11:02:00,2026-06-01 11:02:00,2026-06-01 11:28:25,26.4,4,174000,179450,170700,1.897,20154,2.896,1.53,4.080,-1.379,0,-0.056,TakeProfit,"VWAP 173,785 재돌파, 직전봉 고가 172,400 돌파",1차 분할 익절 +2.0% / 목표 익절 +4.0%,19.77,0.07,0.593,195.0,0.657,1.72,1,122,1.5,4.0,1.5,1.2,False
007660#899-20260601114300,007660,이수페타시스,VWAP눌림,FullAuto,Paper,Backtest,2026-06-01 11:43:00,2026-06-01 11:43:00,2026-06-01 11:45:45,2.8,14,137000,137400,136500,0.365,1178,0.061,0.17,0.365,-0.073,0,0,BreakEven,"VWAP 136,977 재돌파, 직전봉 고가 136,800 돌파","본절 (137,400)",5.63,0.02,0.644,211.2,0.355,0.99,1,163,1.5,4.0,1.5,1.2,False
007660#899-20260601124100,007660,이수페타시스,VWAP눌림,FullAuto,Paper,Backtest,2026-06-01 12:41:00,2026-06-01 12:41:00,2026-06-01 12:57:12,16.2,11,138700,137400,137400,0.937,-17776,-1.165,-1.24,0.072,-0.937,0,0,StopLoss,"VWAP 137,144 재돌파, 직전봉 고가 138,500 돌파","손절 (137,400)",6.86,1.06,0.763,236.6,0.286,1.67,1,221,1.5,4.0,1.5,1.2,False
003550#898-20260601135600,003550,LG,VWAP눌림,FullAuto,Paper,Backtest,2026-06-01 13:56:00,2026-06-01 13:56:00,2026-06-01 14:08:30,12.5,8,178000,176100,176200,1.011,-18441,-1.295,-1.28,0.562,-1.067,0,-0.057,StopLoss,"VWAP 176,595 재돌파, 직전봉 고가 177,500 돌파","손절 (176,200)",22.59,0.80,0.720,226.2,0.413,0.90,1,296,1.5,4.0,1.5,1.2,False
028260#903-20260601142200,028260,삼성물산,VWAP눌림,FullAuto,Paper,Backtest,2026-06-01 14:22:00,2026-06-01 14:22:00,2026-06-01 14:26:07,4.1,4,468000,465000.0,465000,0.641,-16279,-0.870,-1.36,0.427,-0.641,0,0.0,StopLoss,"VWAP 466,996 재돌파, 직전봉 고가 467,500 돌파","손절 (465,000)",6.85,0.22,0.549,310.3,0.298,0.67,1,322,1.5,4.0,1.5,1.2,False
005930#905-20260601150000,005930,삼성전자,종가베팅,FullAuto,Paper,Backtest,2026-06-01 15:00:00,2026-06-01 15:00:00,2026-06-02 09:02:05,1082.1,1,350000,361000.00,339500,3.00,10172,2.906,0.97,4.714,0,0,0.000,Trailing,"종가베팅: 등락 +9.9%, 고저범위 98% 위치, VWAP 340,080 위","트레일링 (361,000)",9.89,2.92,0.984,1023.2,0.235,5.07,1,360,3,5,2.5,1.5,True
278470#904-20260601150000,278470,에이피알,종가베팅,FullAuto,Paper,Backtest,2026-06-01 15:00:00,2026-06-01 15:00:00,2026-06-02 09:02:30,1082.5,1,426500,412500,414000,2.931,-14949,-3.505,-1.20,0.703,-3.283,0,-0.362,StopLoss,"종가베팅: 등락 +8.1%, 고저범위 92% 위치, VWAP 417,777 위","손절 (414,000)",8.11,2.09,0.917,589.0,0.301,0.29,1,360,3,5,2.5,1.5,True
034220#906-20260602090507,034220,LG디스플레이,ORB,FullAuto,Paper,Backtest,2026-06-02 09:05:07,2026-06-02 09:05:07,2026-06-02 09:05:27,0.3,62,16980,16710,16730,1.472,-19124,-1.817,-1.23,0.294,-1.590,0,-0.120,StopLoss,"ORB5 고가 16,970 돌파 (범위 6.1%)","손절 (16,730)",7.47,2.52,1,120.0,2.473,1.10,1,5,1.5,4.0,1.5,1.2,False
373220#907-20260602090517,373220,LG에너지솔루션,ORB,FullAuto,Paper,Backtest,2026-06-02 09:05:17,2026-06-02 09:05:17,2026-06-02 09:06:30,1.2,2,484500,492500,477500,1.445,13739,1.418,0.98,2.683,0,0,-0.101,Trailing,"ORB5 고가 484,000 돌파 (범위 8.2%)","1차 분할 익절 +2.0% / 트레일링 (491,500)",6.48,2.30,1,326.2,2.098,2.11,1,5,1.5,4.0,1.5,1.2,False
373220#907-20260602091307,373220,LG에너지솔루션,ORB,FullAuto,Paper,Backtest,2026-06-02 09:13:07,2026-06-02 09:13:07,2026-06-02 09:16:25,3.3,2,484500,486500.00,477500,1.445,1764,0.182,0.13,1.651,-1.342,0,0.000,Trailing,"ORB5 고가 484,000 돌파 (범위 8.2%)","트레일링 (486,500)",6.48,0.92,0.74,197.3,1.989,0.73,1,13,1.5,4.0,1.5,1.2,False
373220#907-20260602093230,373220,LG에너지솔루션,ORB,FullAuto,Paper,Backtest,2026-06-02 09:32:30,2026-06-02 09:32:30,2026-06-02 09:41:25,8.9,2,485000,478000,478000,1.443,-16200,-1.670,-1.16,0.825,-1.443,0,0,StopLoss,"ORB5 고가 484,000 돌파 (범위 8.2%)","손절 (478,000)",6.59,0.74,0.75,190.7,1.355,1.69,1,32,1.5,4.0,1.5,1.2,False
034220#906-20260602094022,034220,LG디스플레이,ORB,FullAuto,Paper,Backtest,2026-06-02 09:40:22,2026-06-02 09:40:22,2026-06-02 09:43:30,3.1,62,17010,17270,16760,1.470,13663,1.296,0.88,2.175,0,0,-0.029,Trailing,"ORB5 고가 16,970 돌파 (범위 6.1%)","1차 분할 익절 +2.0% / 트레일링 (17,170)",7.66,3.38,0.989,161.8,1.023,14.22,1,40,1.5,4.0,1.5,1.2,False
034220#906-20260602100317,034220,LG디스플레이,ORB,FullAuto,Paper,Backtest,2026-06-02 10:03:17,2026-06-02 10:03:17,2026-06-02 10:04:27,1.2,62,17000,17230,16750,1.471,11807,1.120,0.76,2.059,0,0,-0.087,Trailing,"ORB5 고가 16,970 돌파 (범위 6.1%)","1차 분할 익절 +2.0% / 트레일링 (17,140)",7.59,0.88,0.7,157.9,1.803,1.21,1,63,1.5,4.0,1.5,1.2,False
043260#910-20260602102927,043260,성호전자,ORB,FullAuto,Paper,Backtest,2026-06-02 10:29:27,2026-06-02 10:29:27,2026-06-02 10:37:27,8,23,43900,43200,43250,1.481,-18387,-1.821,-1.23,1.139,-1.595,0,-0.116,StopLoss,"ORB5 고가 43,850 돌파 (범위 9.5%)","손절 (43,250)",11.28,4.14,1,218.9,0.903,12.35,1,89,1.5,4.0,1.5,1.2,False
020150#912-20260602114100,020150,롯데에너지머티리얼즈,VWAP눌림,FullAuto,Paper,Backtest,2026-06-02 11:41:00,2026-06-02 11:41:00,2026-06-02 12:01:00,20,11,70300,69600,69000,1.849,-9460,-1.223,-0.66,0.569,-0.996,0,0,TimeStop,"VWAP 69,801 재돌파, 직전봉 고가 69,700 돌파",타임스탑 20분,8.32,0.71,0.449,258.9,0.671,5.47,1,161,1.5,4.0,1.5,1.2,False
020150#912-20260602122500,020150,롯데에너지머티리얼즈,VWAP눌림,FullAuto,Paper,Backtest,2026-06-02 12:25:00,2026-06-02 12:25:00,2026-06-02 12:32:15,7.2,14,69900,68900,68900,1.431,-16219,-1.657,-1.16,0,-1.431,0,0,StopLoss,"VWAP 69,795 재돌파, 직전봉 고가 69,500 돌파","손절 (68,900)",7.55,0.01,0.398,276.1,0.583,2.24,1,205,1.5,4.0,1.5,1.2,False
020150#912-20260602130600,020150,롯데에너지머티리얼즈,VWAP눌림,FullAuto,Paper,Backtest,2026-06-02 13:06:00,2026-06-02 13:06:00,2026-06-02 13:07:30,1.5,26,69800,70000,69300,0.716,1015,0.056,0.08,0.716,-0.143,0,0,BreakEven,"VWAP 69,780 재돌파, 직전봉 고가 69,600 돌파","본절 (70,000)",7.55,0.03,0.398,288.8,0.409,2.87,1,246,1.5,4.0,1.5,1.2,False
017670#913-20260602131200,017670,SK텔레콤,VWAP눌림,FullAuto,Paper,Backtest,2026-06-02 13:12:00,2026-06-02 13:12:00,2026-06-02 13:16:27,4.5,10,127700,126000,126200,1.175,-19900,-1.558,-1.33,0.626,-1.331,0,-0.158,StopLoss,"VWAP 127,220 재돌파, 직전봉 고가 127,300 돌파","손절 (126,200)",2.99,0.30,0.655,167.0,1.204,0.78,1,252,1.5,4.0,1.5,1.2,False
028260#915-20260602150000,028260,삼성물산,종가베팅,FullAuto,Paper,Backtest,2026-06-02 15:00:00,2026-06-02 15:00:00,2026-06-04 09:01:10,2521.2,1,478500,492500,464500,2.926,12871,2.690,0.92,4.911,-0.836,0,-0.304,Trailing,"종가베팅: 등락 +4.0%, 고저범위 81% 위치, VWAP 460,588 위","트레일링 (494,000)",4.03,3.78,0.813,395.8,0.478,0.80,1,360,3,5,2.5,1.5,True
032830#917-20260602150000,032830,삼성생명,종가베팅,FullAuto,Paper,Backtest,2026-06-02 15:00:00,2026-06-02 15:00:00,2026-06-04 09:01:10,2521.2,1,447000,433500,434000,2.908,-14499,-3.244,-1.12,10.738,-3.020,0,-0.115,StopLoss,"종가베팅: 등락 +8.8%, 고저범위 89% 위치, VWAP 430,428 위","손절 (434,000)",8.77,3.73,0.894,320.4,0.392,1.97,1,360,3,5,2.5,1.5,True
011790#918-20260604090525,011790,SKC,ORB,FullAuto,Paper,Backtest,2026-06-04 09:05:25,2026-06-04 09:05:25,2026-06-04 09:07:20,1.9,6,156400,158350,154100,1.471,9519,1.014,0.69,2.046,0,0,-0.158,Trailing,"ORB5 고가 156,000 돌파 (범위 7.0%)","1차 분할 익절 +2.0% / 트레일링 (157,600)",11.32,3.30,1,99.8,3.517,2.86,1,5,1.5,4.0,1.5,1.2,False
403870#919-20260604090727,403870,HPSP,ORB,FullAuto,Paper,Backtest,2026-06-04 09:07:27,2026-06-04 09:07:27,2026-06-04 09:15:30,8,22,46200,45550,45550,1.407,-16606,-1.634,-1.16,1.082,-1.407,0,0,StopLoss,"ORB5 고가 46,150 돌파 (범위 5.5%)","손절 (45,550)",4.64,2.15,1,173.6,1.948,1.31,1,7,1.5,4.0,1.5,1.2,False
403870#919-20260604092120,403870,HPSP,ORB,FullAuto,Paper,Backtest,2026-06-04 09:21:20,2026-06-04 09:21:20,2026-06-04 09:32:15,10.9,22,46200,46400,45550,1.407,2054,0.202,0.14,1.732,-0.433,0,0,Trailing,"ORB5 고가 46,150 돌파 (범위 5.5%)","트레일링 (46,400)",4.64,0.99,0.831,161.5,0.966,1.22,1,21,1.5,4.0,1.5,1.2,False
011790#918-20260604101122,011790,SKC,ORB,FullAuto,Paper,Backtest,2026-06-04 10:11:22,2026-06-04 10:11:22,2026-06-04 10:16:27,5.1,6,156300,154000.00,154000,1.472,-15926,-1.698,-1.15,0.640,-1.472,0,0.000,StopLoss,"ORB5 고가 156,000 돌파 (범위 7.0%)","손절 (154,000)",11.25,2.02,0.724,144.3,0.864,4.14,1,71,1.5,4.0,1.5,1.2,False
000990#922-20260604102700,000990,DB하이텍,VWAP눌림,FullAuto,Paper,Backtest,2026-06-04 10:27:00,2026-06-04 10:27:00,2026-06-04 10:28:25,1.4,11,179800,178800,178800,0.556,-15524,-0.785,-1.41,0.111,-0.556,0,0,StopLoss,"VWAP 178,468 재돌파, 직전봉 고가 179,400 돌파","손절 (178,800)",5.03,0.69,0.741,141.5,0.708,0.64,1,87,1.5,4.0,1.5,1.2,False
000990#922-20260604103500,000990,DB하이텍,VWAP눌림,FullAuto,Paper,Backtest,2026-06-04 10:35:00,2026-06-04 10:35:00,2026-06-04 10:44:27,9.5,10,179400,180300.00,178000,0.780,4855,0.271,0.35,1.728,0,0,0.000,Trailing,"VWAP 178,493 재돌파, 직전봉 고가 179,600 돌파","트레일링 (180,300)",4.85,0.51,0.722,144.9,0.629,0.90,1,95,1.5,4.0,1.5,1.2,False
000990#922-20260604110100,000990,DB하이텍,VWAP눌림,FullAuto,Paper,Backtest,2026-06-04 11:01:00,2026-06-04 11:01:00,2026-06-04 11:01:25,0.4,9,180100,178400.00,178500,0.888,-18994,-1.172,-1.32,0,-0.944,0,-0.056,StopLoss,"VWAP 178,730 재돌파, 직전봉 고가 179,600 돌파","손절 (178,500)",5.20,0.71,0.759,167.9,0.433,1.06,1,121,1.5,4.0,1.5,1.2,False
011790#918-20260604115127,011790,SKC,ORB,FullAuto,Paper,Backtest,2026-06-04 11:51:27,2026-06-04 11:51:27,2026-06-04 12:15:25,24,6,156100,158850,153800,1.473,14313,1.528,1.04,2.434,-1.281,0,-0.031,Trailing,"ORB5 고가 156,000 돌파 (범위 7.0%)","1차 분할 익절 +2.0% / 트레일링 (157,900)",11.10,1.97,0.710,160.7,0.631,9.72,1,171,1.5,4.0,1.5,1.2,False
489790#931-20260604151017,489790,한화비전,종가베팅,FullAuto,Paper,Backtest,2026-06-04 15:10:17,2026-06-04 15:10:17,2026-06-05 09:01:00,1070.7,6,79500,74400,77200,2.893,-31629,-6.631,-2.29,0,-6.415,0,-3.627,StopLoss,"종가베팅: 등락 +18.7%, 고저범위 85% 위치, VWAP 77,097 위","손절 (77,200)",18.66,3.12,0.848,207.0,0.611,0.90,1,370,3,5,2.5,1.5,True
347850#926-20260604150000,347850,디앤디파마텍,종가베팅,FullAuto,Paper,Backtest,2026-06-04 15:00:00,2026-06-04 15:00:00,2026-06-05 09:02:20,1082.3,5,92600,95080,89900,2.916,11312,2.443,0.84,4.536,-0.324,0,-0.482,Trailing,"종가베팅: 등락 +10.1%, 고저범위 79% 위치, VWAP 90,282 위","1차 분할 익절 +2% / 트레일링 (95,300)",10.11,2.57,0.786,520.2,0.301,0.63,1,360,3,5,2.5,1.5,True
055550#934-20260605091027,055550,신한지주,ORB,FullAuto,Paper,Backtest,2026-06-05 09:10:27,2026-06-05 09:10:27,2026-06-05 09:13:27,3,9,106700,108700,105100,1.500,15754,1.641,1.09,2.905,0,0,-0.092,Trailing,"ORB5 고가 106,500 돌파 (범위 3.9%)","1차 분할 익절 +2.0% / 트레일링 (108,400)",6.59,1.78,1,308.7,0.750,1.72,1,10,1.5,4.0,1.5,1.2,False
105560#932-20260605090927,105560,KB금융,ORB,FullAuto,Paper,Backtest,2026-06-05 09:09:27,2026-06-05 09:09:27,2026-06-05 09:14:20,4.9,6,172400,173400,169900,1.450,3609,0.349,0.24,1.914,-0.058,0,-0.058,Trailing,"ORB5 고가 172,200 돌파 (범위 3.0%)","트레일링 (173,500)",4.48,1.40,1,178.0,1.119,1.82,1,9,1.5,4.0,1.5,1.2,False
105560#932-20260605092217,105560,KB금융,ORB,FullAuto,Paper,Backtest,2026-06-05 09:22:17,2026-06-05 09:22:17,2026-06-05 09:30:30,8.2,6,172300,169800,169800,1.451,-17344,-1.678,-1.16,0.871,-1.451,0,0,StopLoss,"ORB5 고가 172,200 돌파 (범위 3.0%)","손절 (169,800)",4.42,0.49,0.6,187.7,0.962,1.39,1,22,1.5,4.0,1.5,1.2,False
055550#934-20260605092825,055550,신한지주,ORB,FullAuto,Paper,Backtest,2026-06-05 09:28:25,2026-06-05 09:28:25,2026-06-05 09:31:10,2.8,9,106700,105100.00,105100,1.500,-16576,-1.726,-1.15,0.281,-1.500,0,0.000,StopLoss,"ORB5 고가 106,500 돌파 (범위 3.9%)","손절 (105,100)",6.59,0.91,0.575,267.9,0.914,4.54,1,28,1.5,4.0,1.5,1.2,False
055550#934-20260605093625,055550,신한지주,ORB,FullAuto,Paper,Backtest,2026-06-05 09:36:25,2026-06-05 09:36:25,2026-06-05 10:06:27,30,9,106600,105000,105000,1.501,-16574,-1.728,-1.15,0.844,-1.501,0,0,StopLoss,"ORB5 고가 106,500 돌파 (범위 3.9%)","손절 (105,000)",6.49,0.78,0.562,259.3,0.694,1.78,1,36,1.5,4.0,1.5,1.2,False
178320#942-20260605150107,178320,서진시스템,종가베팅,FullAuto,Paper,Backtest,2026-06-05 15:01:07,2026-06-05 15:01:07,2026-06-08 09:01:00,3959.9,7,71400,64200,69300,2.941,-51439,-10.292,-3.50,0.700,-9.944,0,-7.359,StopLoss,"종가베팅: 등락 +3.2%, 고저범위 87% 위치, VWAP 67,524 위","손절 (69,300)",3.18,5.74,0.871,300,0.510,1.36,1,361,3,5,2.5,1.5,True
006220#953-20260608105200,006220,제주은행,VWAP눌림,FullAuto,Paper,Backtest,2026-06-08 10:52:00,2026-06-08 10:52:00,2026-06-08 10:55:27,3.5,79,12020,11830,11830,1.581,-17161,-1.807,-1.14,0.666,-1.581,0,0,StopLoss,"VWAP 11,879 재돌파, 직전봉 고가 12,010 돌파","손절 (11,830)",12.55,1.18,0.715,133.8,1.634,0.84,1,112,1.5,4.0,1.5,1.2,False
085620#954-20260608110000,085620,미래에셋생명,VWAP눌림,FullAuto,Paper,Backtest,2026-06-08 11:00:00,2026-06-08 11:00:00,2026-06-08 11:04:27,4.5,56,19620,19330,19350,1.376,-18730,-1.705,-1.24,0.051,-1.478,0,-0.103,StopLoss,"VWAP 19,465 재돌파, 직전봉 고가 19,410 돌파","손절 (19,350)",5.49,0.74,0.552,130.2,0.885,0.52,1,120,1.5,4.0,1.5,1.2,False
010690#955-20260608110700,010690,화신,VWAP눌림,FullAuto,Paper,Backtest,2026-06-08 11:07:00,2026-06-08 11:07:00,2026-06-08 11:11:15,4.2,92,10310,10150,10150,1.552,-16869,-1.778,-1.15,0.582,-1.552,0,0,StopLoss,"VWAP 10,226 재돌파, 직전봉 고가 10,230 돌파","손절 (10,150)",10.15,0.82,0.467,174.2,1.171,0.62,1,127,1.5,4.0,1.5,1.2,False
010690#955-20260608115000,010690,화신,VWAP눌림,FullAuto,Paper,Backtest,2026-06-08 11:50:00,2026-06-08 11:50:00,2026-06-08 12:00:30,10.5,87,10260,10090,10090,1.657,-16809,-1.883,-1.14,1.170,-1.657,0,0,StopLoss,"VWAP 10,218 재돌파, 직전봉 고가 10,110 돌파","손절 (10,090)",9.62,0.41,0.437,176.0,0.620,4.32,1,170,1.5,4.0,1.5,1.2,False
036930#957-20260609090600,036930,주성엔지니어링,ORB,FullAuto,Paper,Backtest,2026-06-09 09:06:00,2026-06-09 09:06:00,2026-06-09 09:10:22,4.4,5,197700,201800.0,194800,1.467,18185,1.840,1.25,3.692,-0.759,0,-0.247,Trailing,"ORB5 고가 197,600 돌파 (범위 3.1%)","1차 분할 익절 +2.0% / 트레일링 (202,500)",8.15,1.11,1,147.8,1.530,0.56,1,6,1.5,4.0,1.5,1.2,False
319660#961-20260609132200,319660,피에스케이,VWAP눌림,FullAuto,Paper,Backtest,2026-06-09 13:22:00,2026-06-09 13:22:00,2026-06-09 13:23:17,1.3,14,134900,134300.00,134300,0.445,-12725,-0.674,-1.51,0.148,-0.445,0,0.000,StopLoss,"VWAP 134,988 재돌파, 직전봉 고가 134,800 돌파","손절 (134,300)",16.11,-0.14,0.513,190.9,0.408,1.11,1,262,1.5,4.0,1.5,1.2,False
028260#965-20260609150000,028260,삼성물산,종가베팅,FullAuto,Paper,Backtest,2026-06-09 15:00:00,2026-06-09 15:00:00,2026-06-10 09:01:00,1081,1,432000,402500,419500,2.894,-30429,-7.044,-2.43,0.347,-6.713,0,-4.052,StopLoss,"종가베팅: 등락 +5.9%, 고저범위 86% 위치, VWAP 415,114 위","손절 (419,500)",5.88,4.07,0.855,295.8,0.389,0.83,1,360,3,5,2.5,1.5,True
000270#966-20260609150617,000270,기아,종가베팅,FullAuto,Paper,Backtest,2026-06-09 15:06:17,2026-06-09 15:06:17,2026-06-10 09:01:30,1075.2,3,165800,160500,160900,2.955,-17009,-3.420,-1.16,0.060,-3.197,0,-0.249,StopLoss,"종가베팅: 등락 +9.2%, 고저범위 88% 위치, VWAP 162,900 위","손절 (160,900)",9.15,1.78,0.883,307.3,0.146,1.76,1,366,3,5,2.5,1.5,True
093370#967-20260610090630,093370,후성,ORB,FullAuto,Paper,Backtest,2026-06-10 09:06:30,2026-06-10 09:06:30,2026-06-10 09:08:27,2,67,15000,14750.00,14780,1.467,-19024,-1.893,-1.29,1.267,-1.667,0,-0.203,StopLoss,"ORB5 고가 14,970 돌파 (범위 5.9%)","손절 (14,780)",10.95,2.04,1,194.4,2.183,1.74,1,6,1.5,4.0,1.5,1.2,False
319660#969-20260610090620,319660,피에스케이,ORB,FullAuto,Paper,Backtest,2026-06-10 09:06:20,2026-06-10 09:06:20,2026-06-10 09:09:25,3.1,6,147900,150100,145700,1.487,11134,1.255,0.84,2.434,-1.217,0,-0.100,Trailing,"ORB5 고가 147,700 돌파 (범위 8.0%)","1차 분할 익절 +2.0% / 트레일링 (149,600)",6.17,2.82,1,336.2,2.705,2.39,1,6,1.5,4.0,1.5,1.2,False
093370#967-20260610095730,093370,후성,ORB,FullAuto,Paper,Backtest,2026-06-10 09:57:30,2026-06-10 09:57:30,2026-06-10 10:00:27,3,67,15000,15208.51,14780,1.467,11631,1.157,0.79,2.200,-1.067,0,-0.133,Trailing,"ORB5 고가 14,970 돌파 (범위 5.9%)","1차 분할 익절 +2.0% / 트레일링 (15,140)",10.95,3.22,0.862,166.3,0.933,2.50,1,58,1.5,4.0,1.5,1.2,False
095610#971-20260610113000,095610,테스,VWAP눌림,FullAuto,Paper,Backtest,2026-06-10 11:30:00,2026-06-10 11:30:00,2026-06-10 11:31:40,1.7,11,179200,182118.18,177900,0.725,27499,1.395,1.92,2.679,0,0,-0.145,Trailing,"VWAP 179,179 재돌파, 직전봉 고가 178,600 돌파","1차 분할 익절 +2.0% / 트레일링 (181,700)",11.03,0.01,0.673,157.9,0.634,0.34,1,150,1.5,4.0,1.5,1.2,False
095610#971-20260610113800,095610,테스,VWAP눌림,FullAuto,Paper,Backtest,2026-06-10 11:38:00,2026-06-10 11:38:00,2026-06-10 11:46:40,8.7,5,180100,182200.00,177600,1.388,8408,0.934,0.67,2.054,-0.555,0,-0.121,Trailing,"VWAP 179,186 재돌파, 직전봉 고가 178,400 돌파","1차 분할 익절 +2.0% / 트레일링 (181,500)",11.59,0.51,0.703,158.6,1.099,2.07,1,158,1.5,4.0,1.5,1.2,False
095610#971-20260610115900,095610,테스,VWAP눌림,FullAuto,Paper,Backtest,2026-06-10 11:59:00,2026-06-10 11:59:00,2026-06-10 12:01:40,2.7,11,179400,181981.82,178300,0.613,23803,1.206,1.97,2.285,-0.502,0,-0.145,Trailing,"VWAP 179,204 재돌파, 직전봉 고가 178,900 돌파","1차 분할 익절 +2.0% / 트레일링 (181,200)",11.09,0.05,0.677,159.0,0.813,1.57,1,179,1.5,4.0,1.5,1.2,False
100090#973-20260610133500,100090,SK오션플랜트,VWAP눌림,FullAuto,Paper,Backtest,2026-06-10 13:35:00,2026-06-10 13:35:00,2026-06-10 13:36:30,1.5,67,17060,16840,16840,1.290,-17336,-1.517,-1.18,0,-1.290,0,0,StopLoss,"VWAP 17,002 재돌파, 직전봉 고가 16,990 돌파","손절 (16,840)",17.26,0.28,0.508,131.2,0.871,1.04,1,275,1.5,4.0,1.5,1.2,False
100090#973-20260610135100,100090,SK오션플랜트,VWAP눌림,FullAuto,Paper,Backtest,2026-06-10 13:51:00,2026-06-10 13:51:00,2026-06-10 13:52:30,1.5,45,17070,16720,16740,1.933,-17481,-2.276,-1.18,0,-2.050,0,-0.119,StopLoss,"VWAP 16,995 재돌파, 직전봉 고가 16,930 돌파","손절 (16,740)",17.33,0.38,0.511,139.0,0.796,1.91,1,291,1.5,4.0,1.5,1.2,False
100090#973-20260610142600,100090,SK오션플랜트,VWAP눌림,FullAuto,Paper,Backtest,2026-06-10 14:26:00,2026-06-10 14:26:00,2026-06-10 14:26:30,0.5,59,17100,16810,16850,1.462,-19392,-1.922,-1.31,0,-1.696,0,-0.237,StopLoss,"VWAP 16,949 재돌파, 직전봉 고가 16,890 돌파","손절 (16,850)",17.54,0.83,0.521,151.9,1.170,2.33,1,326,1.5,4.0,1.5,1.2,False
047810#975-20260610150125,047810,한국항공우주,종가베팅,FullAuto,Paper,Backtest,2026-06-10 15:01:25,2026-06-10 15:01:25,2026-06-11 09:01:25,1080,3,136400,139633.33,132400,2.933,8741,2.136,0.73,3.739,-0.513,0,-0.048,Trailing,"종가베팅: 등락 +6.4%, 고저범위 79% 위치, VWAP 135,133 위","1차 분할 익절 +2% / 트레일링 (139,300)",6.40,0.94,0.794,397.5,0.314,1.79,1,361,3,5,2.5,1.5,True
093370#974-20260610150000,093370,후성,종가베팅,FullAuto,Paper,Backtest,2026-06-10 15:00:00,2026-06-10 15:00:00,2026-06-11 09:01:27,1081.5,31,16110,15580,15630,2.980,-17541,-3.512,-1.18,0.559,-3.290,0,-0.320,StopLoss,"종가베팅: 등락 +19.1%, 고저범위 80% 위치, VWAP 15,676 위","손절 (15,630)",19.08,2.71,0.801,180.6,0.590,0.54,1,360,3,5,2.5,1.5,True
240810#977-20260611091720,240810,원익IPS,ORB,FullAuto,Paper,Backtest,2026-06-11 09:17:20,2026-06-11 09:17:20,2026-06-11 09:22:25,5.1,8,121800,124050.00,120000,1.478,15722,1.614,1.09,2.791,-0.657,0,-0.040,Trailing,"ORB5 고가 121,700 돌파 (범위 4.8%)","1차 분할 익절 +2.0% / 트레일링 (123,600)",4.37,1.93,0.966,324.8,1.830,3.68,1,17,1.5,4.0,1.5,1.2,False
319400#985-20260611150000,319400,현대무벡스,종가베팅,FullAuto,Paper,Backtest,2026-06-11 15:00:00,2026-06-11 15:00:00,2026-06-12 09:02:22,1082.4,12,41150,41750.0,39950,2.916,6050,1.225,0.42,2.673,-1.337,0,-0.180,Trailing,"종가베팅: 등락 +16.1%, 고저범위 99% 위치, VWAP 38,195 위","1차 분할 익절 +2% / 트레일링 (41,600)",16.10,7.60,0.994,359.7,0.526,1.94,1,360,3,5,2.5,1.5,True
001740#987-20260612090510,001740,SK네트웍스,ORB,FullAuto,Paper,Backtest,2026-06-12 09:05:10,2026-06-12 09:05:10,2026-06-12 09:05:30,0.3,77,12850,12630,12660,1.479,-19178,-1.938,-1.31,0.311,-1.712,0,-0.237,StopLoss,"ORB5 고가 12,830 돌파 (범위 8.6%)","손절 (12,660)",10.11,4.10,1,98.1,2.620,0.95,1,5,1.5,4.0,1.5,1.2,False
001740#987-20260612091225,001740,SK네트웍스,ORB,FullAuto,Paper,Backtest,2026-06-12 09:12:25,2026-06-12 09:12:25,2026-06-12 09:16:05,3.7,77,12840,13226.75,12650,1.480,27444,2.776,1.88,4.128,0,0,-0.076,TakeProfit,"ORB5 고가 12,830 돌파 (범위 8.6%)",1차 분할 익절 +2.0% / 목표 익절 +4.0%,10.03,1.63,0.720,138.1,2.469,1.51,1,12,1.5,4.0,1.5,1.2,False
240810#988-20260612100027,240810,원익IPS,ORB,FullAuto,Paper,Backtest,2026-06-12 10:00:27,2026-06-12 10:00:27,2026-06-12 10:04:27,4,6,163300,166300,160900,1.470,15710,1.603,1.09,3.123,-0.674,0,-0.150,Trailing,"ORB5 고가 163,100 돌파 (범위 5.2%)","1차 분할 익절 +2.0% / 트레일링 (166,300)",15.82,4.42,1,142.9,0.989,2.60,1,60,1.5,4.0,1.5,1.2,False
240810#988-20260612102120,240810,원익IPS,ORB,FullAuto,Paper,Backtest,2026-06-12 10:21:20,2026-06-12 10:21:20,2026-06-12 10:28:27,7.1,6,163200,166400.00,160800,1.471,16910,1.727,1.17,3.248,-1.287,0,-0.030,Trailing,"ORB5 고가 163,100 돌파 (범위 5.2%)","1차 분할 익절 +2.0% / 트레일링 (166,400)",15.74,2.20,0.679,139.2,1.247,1.24,1,81,1.5,4.0,1.5,1.2,False
058470#991-20260612141200,058470,리노공업,VWAP눌림,FullAuto,Paper,Backtest,2026-06-12 14:12:00,2026-06-12 14:12:00,2026-06-12 14:13:30,1.5,11,107100,105800,105800,1.214,-16977,-1.441,-1.19,0.093,-1.214,0,0,StopLoss,"VWAP 105,911 재돌파, 직전봉 고가 106,300 돌파","손절 (105,800)",5.63,1.03,0.760,250.6,0.764,0.70,1,312,1.5,4.0,1.5,1.2,False
093370#993-20260615090520,093370,후성,ORB,FullAuto,Paper,Backtest,2026-06-15 09:05:20,2026-06-15 09:05:20,2026-06-15 09:06:15,0.9,50,20100,20475,19840,1.294,16401,1.632,1.26,2.985,0,0,-0.122,Trailing,"ORB5 고가 19,990 돌파 (범위 5.5%)","1차 분할 익절 +2.0% / 트레일링 (20,450)",5.73,2.66,1,144.7,1.692,1.81,1,5,1.5,4.0,1.5,1.2,False
089030#994-20260615090630,089030,테크윙,ORB,FullAuto,Paper,Backtest,2026-06-15 09:06:30,2026-06-15 09:06:30,2026-06-15 09:08:00,1.5,14,71000,71400,70000,1.408,3303,0.332,0.24,1.831,-0.423,0,0,Trailing,"ORB5 고가 70,700 돌파 (범위 6.2%)","트레일링 (71,400)",8.73,2.94,1,140.5,2.746,1.33,1,6,1.5,4.0,1.5,1.2,False
093370#993-20260615091225,093370,후성,ORB,FullAuto,Paper,Backtest,2026-06-15 09:12:25,2026-06-15 09:12:25,2026-06-15 09:14:20,1.9,50,20050,20400,19790,1.297,15158,1.512,1.17,2.494,0,0,-0.122,Trailing,"ORB5 고가 19,990 돌파 (범위 5.5%)","1차 분할 익절 +2.0% / 트레일링 (20,300)",5.47,0.89,0.55,178.8,2.272,1.40,1,12,1.5,4.0,1.5,1.2,False
089030#994-20260615094120,089030,테크윙,ORB,FullAuto,Paper,Backtest,2026-06-15 09:41:20,2026-06-15 09:41:20,2026-06-15 09:42:30,1.2,14,70800,71000,69800,1.412,515,0.052,0.04,1.412,0,0,0,BreakEven,"ORB5 고가 70,700 돌파 (범위 6.2%)","본절 (71,000)",8.42,0.19,0.568,165.8,0.918,4.52,1,41,1.5,4.0,1.5,1.2,False
093370#993-20260615094122,093370,후성,ORB,FullAuto,Paper,Backtest,2026-06-15 09:41:22,2026-06-15 09:41:22,2026-06-15 09:48:27,7.1,50,20000,19700,19740,1.300,-17267,-1.727,-1.33,0.500,-1.500,0,-0.203,StopLoss,"ORB5 고가 19,990 돌파 (범위 5.5%)","손절 (19,740)",5.21,0.65,0.525,178.6,0.632,4.28,5,41,1.5,4.0,1.5,1.2,False
089030#994-20260615111827,089030,테크윙,ORB,FullAuto,Paper,Backtest,2026-06-15 11:18:27,2026-06-15 11:18:27,2026-06-15 11:23:27,5,14,70800,69700,69800,1.412,-17645,-1.780,-1.26,1.271,-1.554,0,-0.143,StopLoss,"ORB5 고가 70,700 돌파 (범위 6.2%)","손절 (69,800)",8.42,0.93,0.584,185.7,0.837,6.34,1,138,1.5,4.0,1.5,1.2,False
402340#1001-20260615115600,402340,SK스퀘어,VWAP눌림,FullAuto,Paper,Backtest,2026-06-15 11:56:00,2026-06-15 11:56:00,2026-06-15 12:34:27,38.5,1,1398000,1402000,1388000,0.715,777,0.056,0.08,0.715,-0.572,0,0,BreakEven,"VWAP 1,391,906 재돌파, 직전봉 고가 1,394,000 돌파","본절 (1,402,000)",4.49,0.37,0.472,350.0,0.417,1.68,1,176,1.5,4.0,1.5,1.2,False
402340#1001-20260615130800,402340,SK스퀘어,VWAP눌림,FullAuto,Paper,Backtest,2026-06-15 13:08:00,2026-06-15 13:08:00,2026-06-15 13:15:15,7.2,1,1397000,1389000,1389000,0.573,-11195,-0.801,-1.40,0.215,-0.573,0,0,StopLoss,"VWAP 1,393,921 재돌파, 직전봉 고가 1,395,000 돌파","손절 (1,389,000)",4.41,0.15,0.461,337.2,0.292,1.17,1,248,1.5,4.0,1.5,1.2,False
402340#1001-20260615132800,402340,SK스퀘어,VWAP눌림,FullAuto,Paper,Backtest,2026-06-15 13:28:00,2026-06-15 13:28:00,2026-06-15 13:35:27,7.5,1,1401000,1395000,1395000,0.428,-9209,-0.657,-1.53,0.214,-0.428,0,0,StopLoss,"VWAP 1,394,045 재돌파, 직전봉 고가 1,400,000 돌파","손절 (1,395,000)",4.71,0.43,0.506,331.8,0.344,1.04,1,268,1.5,4.0,1.5,1.2,False
042660#1004-20260615150000,042660,한화오션,종가베팅,FullAuto,Paper,Backtest,2026-06-15 15:00:00,2026-06-15 15:00:00,2026-06-16 09:03:22,1083.4,4,122500,124500.0,118900,2.939,6859,1.400,0.48,2.776,-0.327,0,-0.080,Trailing,"종가베팅: 등락 +8.2%, 고저범위 86% 위치, VWAP 120,179 위","1차 분할 익절 +2% / 트레일링 (124,000)",8.22,1.93,0.859,584.3,0.227,1.47,1,360,3,5,2.5,1.5,True
079550#1009-20260616090627,079550,LIG디펜스앤에어로스페이스,ORB,FullAuto,Paper,Backtest,2026-06-16 09:06:27,2026-06-16 09:06:27,2026-06-16 09:09:30,3,1,988000,972000,974000,1.417,-18237,-1.846,-1.30,0.405,-1.619,0,-0.205,StopLoss,"ORB5 고가 987,000 돌파 (범위 5.4%)","손절 (974,000)",16.10,2.22,1,185.1,1.999,1.83,1,6,1.5,4.0,1.5,1.2,False
105560#1010-20260616090720,105560,KB금융,ORB,FullAuto,Paper,Backtest,2026-06-16 09:07:20,2026-06-16 09:07:20,2026-06-16 09:34:30,27.2,5,178100,180340,175500,1.460,9130,1.025,0.70,2.134,-0.898,0,-0.089,Trailing,"ORB5 고가 177,800 돌파 (범위 5.0%)","1차 분할 익절 +2.0% / 트레일링 (179,700)",4.89,1.67,1,253.9,1.044,2.14,1,7,1.5,4.0,1.5,1.2,False
009540#1014-20260616120200,009540,HD한국조선해양,VWAP눌림,FullAuto,Paper,Backtest,2026-06-16 12:02:00,2026-06-16 12:02:00,2026-06-16 12:06:30,4.5,4,445000,442500,443000,0.449,-14072,-0.791,-1.76,0.225,-0.562,0,-0.113,StopLoss,"VWAP 442,844 재돌파, 직전봉 고가 444,500 돌파","손절 (443,000)",5.70,0.49,0.768,455.4,0.345,1.01,1,182,1.5,4.0,1.5,1.2,False
009540#1014-20260616121200,009540,HD한국조선해양,VWAP눌림,FullAuto,Paper,Backtest,2026-06-16 12:12:00,2026-06-16 12:12:00,2026-06-16 12:32:00,20,2,444000,445500,437500,1.464,952,0.107,0.07,0.676,-0.113,0,0,TimeStop,"VWAP 442,898 재돌파, 직전봉 고가 445,000 돌파",타임스탑 20분,5.46,0.25,0.732,448.1,0.314,0.83,1,192,1.5,4.0,1.5,1.2,False
009540#1014-20260616131200,009540,HD한국조선해양,VWAP눌림,FullAuto,Paper,Backtest,2026-06-16 13:12:00,2026-06-16 13:12:00,2026-06-16 13:27:15,15.2,4,444000,441500,441500,0.563,-14062,-0.792,-1.41,0.225,-0.563,0,0,StopLoss,"VWAP 443,133 재돌파, 직전봉 고가 443,000 돌파","손절 (441,500)",5.34,0.08,0.714,441.0,0.346,1.35,1,252,1.5,4.0,1.5,1.2,False
204320#1015-20260616133500,204320,HL만도,VWAP눌림,FullAuto,Paper,Backtest,2026-06-16 13:35:00,2026-06-16 13:35:00,2026-06-16 13:42:30,7.5,15,74700,75100,73800,1.205,3411,0.304,0.25,1.874,-0.268,0,0,Trailing,"VWAP 73,955 재돌파, 직전봉 고가 74,100 돌파","트레일링 (75,100)",5.81,1.01,0.643,229.2,0.440,1.48,1,275,1.5,4.0,1.5,1.2,False
204320#1017-20260616150000,204320,HL만도,종가베팅,FullAuto,Paper,Backtest,2026-06-16 15:00:00,2026-06-16 15:00:00,2026-06-17 09:03:22,1083.4,6,76200,77800,74000,2.887,8530,1.866,0.65,3.806,-2.625,0,-0.192,Trailing,"종가베팅: 등락 +7.9%, 고저범위 82% 위치, VWAP 74,211 위","1차 분할 익절 +2% / 트레일링 (77,900)",7.93,2.68,0.821,267.7,0.361,2.31,1,360,3,5,2.5,1.5,True
403870#1019-20260617091127,403870,HPSP,ORB,FullAuto,Paper,Backtest,2026-06-17 09:11:27,2026-06-17 09:11:27,2026-06-17 09:12:27,1,14,69900,68700.00,68900,1.431,-19013,-1.943,-1.36,0.429,-1.717,0,-0.290,StopLoss,"ORB5 고가 69,800 돌파 (범위 6.7%)","손절 (68,900)",5.43,1.85,1,226.9,1.749,2.03,1,11,1.5,4.0,1.5,1.2,False
240810#1020-20260617090507,240810,원익IPS,ORB,FullAuto,Paper,Backtest,2026-06-17 09:05:07,2026-06-17 09:05:07,2026-06-17 09:13:00,7.9,5,169400,176620,166900,1.476,34078,4.023,2.73,5.726,-1.240,0,-0.023,TakeProfit,"ORB5 고가 169,000 돌파 (범위 6.2%)",1차 분할 익절 +2.0% / 목표 익절 +4.0%,8.52,2.07,1,114.1,2.145,1.31,1,5,1.5,4.0,1.5,1.2,False
006340#1027-20260618090520,006340,대원전선,ORB,FullAuto,Paper,Backtest,2026-06-18 09:05:20,2026-06-18 09:05:20,2026-06-18 09:08:27,3.1,74,13950,13730,13750,1.434,-18618,-1.804,-1.26,1.147,-1.577,0,-0.145,StopLoss,"ORB5 고가 13,940 돌파 (범위 9.1%)","손절 (13,750)",13.14,3.31,1,164.6,2.652,1.99,1,5,1.5,4.0,1.5,1.2,False
093370#1034-20260618121600,093370,후성,VWAP눌림,FullAuto,Paper,Backtest,2026-06-18 12:16:00,2026-06-18 12:16:00,2026-06-18 12:19:22,3.4,77,18415,18210.0,18220,1.059,-19011,-1.341,-1.27,0,-1.113,0,-0.055,StopLoss,"VWAP 18,212 재돌파, 직전봉 고가 18,330 돌파","손절 (18,220)",4.69,1.06,0.604,673.1,0.318,2.45,2,196,1.5,4.0,1.5,1.2,False
093370#1034-20260618124900,093370,후성,VWAP눌림,FullAuto,Paper,Backtest,2026-06-18 12:49:00,2026-06-18 12:49:00,2026-06-18 12:55:30,6.5,109,18290,18579.17,18220,0.383,26870,1.348,3.52,2.460,0,0,-0.081,Trailing,"VWAP 18,217 재돌파, 직전봉 고가 18,260 돌파","1차 분할 익절 +2.0% / 트레일링 (18,510)",4.04,0.40,0.552,307.1,0.258,1.68,1,229,1.5,4.0,1.5,1.2,False
093370#1034-20260618131900,093370,후성,VWAP눌림,FullAuto,Paper,Backtest,2026-06-18 13:19:00,2026-06-18 13:19:00,2026-06-18 13:30:22,11.4,108,18380,18270.0,18270,0.598,-16418,-0.827,-1.38,0.109,-0.598,0,0.0,StopLoss,"VWAP 18,242 재돌파, 직전봉 고가 18,330 돌파","손절 (18,270)",4.55,0.76,0.593,272.8,0.427,0.88,1,259,1.5,4.0,1.5,1.2,False
080220#1035-20260618142300,080220,제주반도체,VWAP눌림,FullAuto,Paper,Backtest,2026-06-18 14:23:00,2026-06-18 14:23:00,2026-06-18 14:25:25,2.4,17,117300,116400,116500,0.682,-19852,-0.996,-1.46,0.171,-0.767,0,-0.086,StopLoss,"VWAP 116,280 재돌파, 직전봉 고가 116,900 돌파","손절 (116,500)",5.20,0.88,0.647,204.8,0.478,1.31,1,323,1.5,4.0,1.5,1.2,False
005930#1036-20260618150000,005930,삼성전자,종가베팅,FullAuto,Paper,Backtest,2026-06-18 15:00:00,2026-06-18 15:00:00,2026-06-19 09:01:30,1081.5,1,358750,369500,348000,2.997,9903,2.760,0.92,4.669,-0.627,0,0,Trailing,"종가베팅: 등락 +4.4%, 고저범위 95% 위치, VWAP 351,555 위","트레일링 (369,500)",4.45,1.90,0.948,522.9,0.219,0.48,2,360,3,5,2.5,1.5,True
032830#1037-20260618150000,032830,삼성생명,종가베팅,FullAuto,Paper,Backtest,2026-06-18 15:00:00,2026-06-18 15:00:00,2026-06-19 09:06:27,1086.5,1,470000,493000,456000,2.979,21871,4.653,1.56,5.00,-0.851,0,-0.101,TakeProfit,"종가베팅: 등락 +6.0%, 고저범위 98% 위치, VWAP 460,502 위",목표 익절 +5%,5.98,1.95,0.981,344.9,0.342,1.41,1,360,3,5,2.5,1.5,True
006340#1043-20260619102300,006340,대원전선,VWAP눌림,FullAuto,Paper,Backtest,2026-06-19 10:23:00,2026-06-19 10:23:00,2026-06-19 10:24:27,1.5,118,12070,11940,11950,0.994,-18581,-1.305,-1.31,0,-1.077,0,-0.084,StopLoss,"VWAP 11,972 재돌파, 직전봉 고가 12,030 돌파","손절 (11,950)",4.60,0.74,0.566,161.4,0.942,0.80,1,83,1.5,4.0,1.5,1.2,False
010690#1042-20260619103100,010690,화신,VWAP눌림,FullAuto,Paper,Backtest,2026-06-19 10:31:00,2026-06-19 10:31:00,2026-06-19 10:33:25,2.4,53,13550,13630,13270,2.066,2581,0.359,0.17,1.919,-0.074,0,-0.073,Trailing,"VWAP 13,467 재돌파, 직전봉 고가 13,370 돌파","트레일링 (13,640)",12.64,0.62,0.523,170.1,1.133,1.09,1,91,1.5,4.0,1.5,1.2,False
010690#1042-20260619104900,010690,화신,VWAP눌림,FullAuto,Paper,Backtest,2026-06-19 10:49:00,2026-06-19 10:49:00,2026-06-19 10:50:22,1.4,140,13540,13830,13440,0.739,36154,1.907,2.58,3.767,0,0,-0.216,Trailing,"VWAP 13,488 재돌파, 직전봉 고가 13,510 돌파","1차 분할 익절 +2.0% / 트레일링 (13,880)",12.55,0.38,0.517,169.4,0.881,0.76,1,109,1.5,4.0,1.5,1.2,False
006340#1043-20260619110100,006340,대원전선,VWAP눌림,FullAuto,Paper,Backtest,2026-06-19 11:01:00,2026-06-19 11:01:00,2026-06-19 11:01:30,0.5,103,12030,11880,11890,1.164,-18265,-1.474,-1.27,0.083,-1.247,0,-0.084,StopLoss,"VWAP 11,960 재돌파, 직전봉 고가 11,920 돌파","손절 (11,890)",4.25,0.50,0.546,214.3,0.544,1.62,1,121,1.5,4.0,1.5,1.2,False
006340#1043-20260619111100,006340,대원전선,VWAP눌림,FullAuto,Paper,Backtest,2026-06-19 11:11:00,2026-06-19 11:11:00,2026-06-19 11:15:00,4,128,11980,11870,11870,0.918,-17575,-1.146,-1.25,0.334,-0.918,0,0,StopLoss,"VWAP 11,959 재돌파, 직전봉 고가 11,940 돌파","손절 (11,870)",3.82,0.09,0.522,220.7,0.615,0.78,1,131,1.5,4.0,1.5,1.2,False
010690#1042-20260619123100,010690,화신,VWAP눌림,FullAuto,Paper,Backtest,2026-06-19 12:31:00,2026-06-19 12:31:00,2026-06-19 12:32:15,1.2,70,14080,13870,13870,1.491,-16933,-1.718,-1.15,0,-1.491,0,0,StopLoss,"VWAP 14,024 재돌파, 직전봉 고가 13,970 돌파","손절 (13,870)",16.96,0.33,0.607,167.1,0.807,0.65,1,211,1.5,4.0,1.5,1.2,False
046970#1044-20260619123200,046970,우리로,VWAP눌림,FullAuto,Paper,Backtest,2026-06-19 12:32:00,2026-06-19 12:32:00,2026-06-19 12:33:22,1.4,73,8670,8470,8470,2.307,-16022,-2.531,-1.10,0,-2.307,0,0,StopLoss,"VWAP 8,516 재돌파, 직전봉 고가 8,610 돌파","손절 (8,470)",6.26,1.69,0.610,175.3,2.037,0.95,1,212,1.5,4.0,1.5,1.2,False
046970#1044-20260619135900,046970,우리로,VWAP눌림,FullAuto,Paper,Backtest,2026-06-19 13:59:00,2026-06-19 13:59:00,2026-06-19 13:59:22,0.4,118,8530,8380,8410,1.407,-19975,-1.985,-1.41,0.234,-1.758,0,-0.357,StopLoss,"VWAP 8,429 재돌파, 직전봉 고가 8,260 돌파","손절 (8,410)",4.54,1.08,0.546,170.2,2.691,3.66,1,299,1.5,4.0,1.5,1.2,False
001820#1046-20260622090627,001820,삼화콘덴서,ORB,FullAuto,Paper,Backtest,2026-06-22 09:06:27,2026-06-22 09:06:27,2026-06-22 09:08:27,2,5,181400,178200,178700,1.488,-18051,-1.990,-1.34,0.276,-1.764,0,-0.280,StopLoss,"ORB5 고가 181,300 돌파 (범위 6.9%)","손절 (178,700)",5.77,2.10,1,240.3,2.357,1.79,1,6,1.5,4.0,1.5,1.2,False
080220#1050-20260622150000,080220,제주반도체,종가베팅,FullAuto,Paper,Backtest,2026-06-22 15:00:00,2026-06-22 15:00:00,2026-06-23 09:01:30,1081.5,3,132400,128500,128500,2.946,-12587,-3.169,-1.08,1.964,-2.946,0,0,StopLoss,"종가베팅: 등락 +15.8%, 고저범위 79% 위치, VWAP 129,391 위","손절 (128,500)",15.84,2.33,0.795,191.8,0.297,1.26,1,360,3,5,2.5,1.5,True
000990#1051-20260622150000,000990,DB하이텍,종가베팅,FullAuto,Paper,Backtest,2026-06-22 15:00:00,2026-06-22 15:00:00,2026-06-23 09:02:15,1082.2,2,171400,166000,166300,2.975,-11564,-3.373,-1.13,1.692,-3.151,0,-0.180,StopLoss,"종가베팅: 등락 +11.7%, 고저범위 98% 위치, VWAP 164,975 위","손절 (166,300)",11.66,3.89,0.980,262.3,0.363,1.06,1,360,3,5,2.5,1.5,True
122640#1053-20260623090710,122640,예스티,ORB,FullAuto,Paper,Backtest,2026-06-23 09:07:10,2026-06-23 09:07:10,2026-06-23 09:07:30,0.3,23,40300,39700,39700,1.489,-15901,-1.716,-1.15,0.124,-1.489,0,0,StopLoss,"ORB5 고가 40,250 돌파 (범위 5.0%)","손절 (39,700)",4.68,2.37,1,261.7,2.084,0.65,1,7,1.5,4.0,1.5,1.2,False
122640#1053-20260623091430,122640,예스티,ORB,FullAuto,Paper,Backtest,2026-06-23 09:14:30,2026-06-23 09:14:30,2026-06-23 09:15:20,0.8,23,40400,39800.00,39800,1.485,-15906,-1.712,-1.15,0,-1.485,0,0.000,StopLoss,"ORB5 고가 40,250 돌파 (범위 5.0%)","손절 (39,800)",4.94,2.42,1,215.3,1.671,2.46,1,14,1.5,4.0,1.5,1.2,False
356680#1059-20260623132300,356680,엑스게이트,VWAP눌림,FullAuto,Paper,Backtest,2026-06-23 13:23:00,2026-06-23 13:23:00,2026-06-23 13:25:25,2.4,64,18590,18350,18360,1.237,-18062,-1.518,-1.23,0,-1.291,0,-0.054,StopLoss,"VWAP 18,467 재돌파, 직전봉 고가 18,470 돌파","손절 (18,360)",14.69,0.61,0.585,153.1,0.607,4.06,1,263,1.5,4.0,1.5,1.2,False
026940#1060-20260624090622,026940,부국철강,ORB,FullAuto,Paper,Backtest,2026-06-24 09:06:22,2026-06-24 09:06:22,2026-06-24 09:06:30,0.1,233,4225,4390.15,4165,1.420,36136,3.671,2.58,4.852,0,0,-0.114,TakeProfit,"ORB5 고가 4,200 돌파 (범위 7.1%)",1차 분할 익절 +2.0% / 목표 익절 +4.0%,12.52,3.92,1,132.2,6.272,3.79,1,6,1.5,4.0,1.5,1.2,False
080220#1061-20260624091430,080220,제주반도체,ORB,FullAuto,Paper,Backtest,2026-06-24 09:14:30,2026-06-24 09:14:30,2026-06-24 09:20:30,6,7,120000,118200,118200,1.500,-14504,-1.727,-1.15,1.167,-1.500,0,0,StopLoss,"ORB5 고가 119,800 돌파 (범위 4.6%)","손절 (118,200)",8.30,2.05,1,211.2,1.931,2.45,1,14,1.5,4.0,1.5,1.2,False
026940#1060-20260624100215,026940,부국철강,ORB,FullAuto,Paper,Backtest,2026-06-24 10:02:15,2026-06-24 10:02:15,2026-06-24 10:02:30,0.2,233,4210,4140,4150,1.425,-18530,-1.889,-1.33,0,-1.663,0,-0.241,StopLoss,"ORB5 고가 4,200 돌파 (범위 7.1%)","손절 (4,150)",12.12,2.63,0.635,130.8,1.586,5.49,1,62,1.5,4.0,1.5,1.2,False
026940#1060-20260624101220,026940,부국철강,ORB,FullAuto,Paper,Backtest,2026-06-24 10:12:20,2026-06-24 10:12:20,2026-06-24 10:15:22,3,233,4210,4289.98,4150,1.425,16342,1.666,1.17,3.207,0,0,-0.116,Trailing,"ORB5 고가 4,200 돌파 (범위 7.1%)","1차 분할 익절 +2.0% / 트레일링 (4,290)",12.12,2.65,0.635,134.9,2.214,4.20,1,72,1.5,4.0,1.5,1.2,False
005930#1064-20260624111200,005930,삼성전자,VWAP눌림,FullAuto,Paper,Backtest,2026-06-24 11:12:00,2026-06-24 11:12:00,2026-06-24 11:19:30,7.5,5,333000,331000,331000,0.601,-13807,-0.829,-1.38,0.450,-0.601,0,0,StopLoss,"VWAP 331,509 재돌파, 직전봉 고가 333,000 돌파","손절 (331,000)",7.25,0.45,0.702,339.6,0.402,1.08,1,132,1.5,4.0,1.5,1.2,False
028260#1066-20260624142600,028260,삼성물산,VWAP눌림,FullAuto,Paper,Backtest,2026-06-24 14:26:00,2026-06-24 14:26:00,2026-06-24 14:27:22,1.4,4,497000,494500,494500,0.503,-14550,-0.732,-1.46,0.050,-0.503,0,0,StopLoss,"VWAP 495,040 재돌파, 직전봉 고가 496,500 돌파","손절 (494,500)",8.52,0.29,0.510,261.8,0.381,1.26,1,326,1.5,4.0,1.5,1.2,False
005930#1064-20260624134000,005930,삼성전자,VWAP눌림,FullAuto,Paper,Backtest,2026-06-24 13:40:00,2026-06-24 13:40:00,2026-06-24 14:43:30,63.5,4,329500,335750,326500,0.910,21918,1.663,1.83,3.187,-0.455,0,-0.074,Trailing,"VWAP 328,785 재돌파, 직전봉 고가 328,500 돌파","1차 분할 익절 +2.0% / 트레일링 (335,500)",5.96,0.07,0.561,322.9,0.413,0.86,1,280,1.5,4.0,1.5,1.2,False
034730#1069-20260625090527,034730,SK,ORB,FullAuto,Paper,Backtest,2026-06-25 09:05:27,2026-06-25 09:05:27,2026-06-25 09:09:25,4,1,841000,826000,829000,1.427,-16901,-2.010,-1.41,1.308,-1.784,0,-0.362,StopLoss,"ORB5 고가 840,000 돌파 (범위 9.4%)","손절 (829,000)",17.62,3.10,1,172.0,2.537,1.20,1,5,1.5,4.0,1.5,1.2,False
141080#1067-20260624150000,141080,리가켐바이오,종가베팅,FullAuto,Paper,Backtest,2026-06-24 15:00:00,2026-06-24 15:00:00,2026-06-25 09:11:45,1091.8,3,153400,157433.33,148800,2.999,11017,2.394,0.80,4.302,-2.151,0,-0.021,Trailing,"종가베팅: 등락 +12.6%, 고저범위 92% 위치, VWAP 149,151 위","1차 분할 익절 +2% / 트레일링 (157,600)",12.64,2.78,0.917,295.6,0.368,1.04,1,360,3,5,2.5,1.5,True
037710#1070-20260625093627,037710,광주신세계,ORB,FullAuto,Paper,Backtest,2026-06-25 09:36:27,2026-06-25 09:36:27,2026-06-25 09:38:22,1.9,20,48650,49225,47950,1.439,9240,0.950,0.66,2.055,-0.308,0,-0.254,Trailing,"ORB5 고가 48,500 돌파 (범위 6.8%)","1차 분할 익절 +2.0% / 트레일링 (49,050)",9.33,5.85,1,167.4,1.571,6.05,1,36,1.5,4.0,1.5,1.2,False
034730#1069-20260625093027,034730,SK,ORB,FullAuto,Paper,Backtest,2026-06-25 09:30:27,2026-06-25 09:30:27,2026-06-25 09:43:27,13,1,841000,829000.00,829000,1.427,-13908,-1.654,-1.16,0.713,-1.427,0,0.000,StopLoss,"ORB5 고가 840,000 돌파 (범위 9.4%)","손절 (829,000)",17.62,2.05,0.869,188.7,1.036,4.33,1,30,1.5,4.0,1.5,1.2,False
037710#1070-20260625100100,037710,광주신세계,ORB,FullAuto,Paper,Backtest,2026-06-25 10:01:00,2026-06-25 10:01:00,2026-06-25 10:01:27,0.5,20,48600,47800,47900,1.440,-18200,-1.872,-1.3,0,-1.646,0,-0.209,StopLoss,"ORB5 고가 48,500 돌파 (범위 6.8%)","손절 (47,900)",9.10,1.89,0.703,163.1,2.111,0.75,1,61,1.5,4.0,1.5,1.2,False
037710#1070-20260625102930,037710,광주신세계,ORB,FullAuto,Paper,Backtest,2026-06-25 10:29:30,2026-06-25 10:29:30,2026-06-25 10:34:27,5,20,48600,47900,47900,1.440,-16204,-1.667,-1.16,0.926,-1.440,0,0,StopLoss,"ORB5 고가 48,500 돌파 (범위 6.8%)","손절 (47,900)",9.21,2.15,0.709,167.2,1.139,3.22,1,90,1.5,4.0,1.5,1.2,False
475150#1073-20260625103800,475150,SK이터닉스,VWAP눌림,FullAuto,Paper,Backtest,2026-06-25 10:38:00,2026-06-25 10:38:00,2026-06-25 10:42:15,4.2,33,44850,45000,44450,0.892,1536,0.104,0.12,1.561,-0.111,0,0,BreakEven,"VWAP 44,811 재돌파, 직전봉 고가 44,700 돌파","본절 (45,000)",18.81,0.09,0.644,285.9,0.780,0.76,1,98,1.5,4.0,1.5,1.2,False
001740#1074-20260625110800,001740,SK네트웍스,VWAP눌림,FullAuto,Paper,Backtest,2026-06-25 11:08:00,2026-06-25 11:08:00,2026-06-25 11:08:30,0.5,190,10400,10320,10330,0.673,-19711,-0.998,-1.48,0,-0.769,0,-0.097,StopLoss,"VWAP 10,331 재돌파, 직전봉 고가 10,370 돌파","손절 (10,330)",9.02,0.58,0.648,167.2,0.464,1.20,1,128,1.5,4.0,1.5,1.2,False
034730#1069-20260625105720,034730,SK,ORB,FullAuto,Paper,Backtest,2026-06-25 10:57:20,2026-06-25 10:57:20,2026-06-25 11:09:05,11.8,1,841000,844000.00,829000,1.427,1060,0.126,0.09,1.665,0,0,0.000,Trailing,"ORB5 고가 840,000 돌파 (범위 9.4%)","트레일링 (844,000)",17.62,1.61,0.869,217.0,0.467,8.30,1,117,1.5,4.0,1.5,1.2,False
001740#1074-20260625112400,001740,SK네트웍스,VWAP눌림,FullAuto,Paper,Backtest,2026-06-25 11:24:00,2026-06-25 11:24:00,2026-06-25 11:27:25,3.4,95,10540,10679.26,10390,1.423,10902,1.089,0.77,2.087,-0.190,0,-0.141,Trailing,"VWAP 10,330 재돌파, 직전봉 고가 10,230 돌파","1차 분할 익절 +2.0% / 트레일링 (10,630)",10.60,2.03,0.818,173.4,0.752,6.18,1,144,1.5,4.0,1.5,1.2,False
001740#1074-20260625120200,001740,SK네트웍스,VWAP눌림,FullAuto,Paper,Backtest,2026-06-25 12:02:00,2026-06-25 12:02:00,2026-06-25 12:05:27,3.5,169,10360,10549.82,10280,0.772,27986,1.598,2.07,2.799,-0.097,0,-0.047,Trailing,"VWAP 10,353 재돌파, 직전봉 고가 10,330 돌파","1차 분할 익절 +2.0% / 트레일링 (10,520)",8.71,0.06,0.574,172.7,0.565,0.81,1,182,1.5,4.0,1.5,1.2,False
000990#1075-20260625132100,000990,DB하이텍,VWAP눌림,FullAuto,Paper,Backtest,2026-06-25 13:21:00,2026-06-25 13:21:00,2026-06-25 13:29:15,8.2,12,158100,157000,157000,0.696,-17534,-0.924,-1.33,0,-0.696,0,0,StopLoss,"VWAP 157,942 재돌파, 직전봉 고가 157,800 돌파","손절 (157,000)",4.08,0.04,0.487,252.6,0.425,0.24,1,261,1.5,4.0,1.5,1.2,False
000990#1075-20260625134100,000990,DB하이텍,VWAP눌림,FullAuto,Paper,Backtest,2026-06-25 13:41:00,2026-06-25 13:41:00,2026-06-25 14:02:30,21.5,12,158300,158700,157500,0.505,423,0.022,0.04,0.632,-0.316,0,0,BreakEven,"VWAP 157,934 재돌파, 직전봉 고가 158,000 돌파","본절 (158,700)",4.28,0.23,0.507,256.3,0.262,0.74,1,281,1.5,4.0,1.5,1.2,False
037710#1080-20260626090625,037710,광주신세계,ORB,FullAuto,Paper,Backtest,2026-06-26 09:06:25,2026-06-26 09:06:25,2026-06-26 09:07:27,1,21,46400,45650,45750,1.401,-17956,-1.843,-1.32,0.647,-1.616,0,-0.219,StopLoss,"ORB5 고가 46,350 돌파 (범위 5.8%)","손절 (45,750)",9.56,1.89,1,149.7,2.128,2.30,1,6,1.5,4.0,1.5,1.2,False
005930#1079-20260625150920,005930,삼성전자,종가베팅,FullAuto,Paper,Backtest,2026-06-25 15:09:20,2026-06-25 15:09:20,2026-06-26 09:20:25,1091.1,1,360000,349500.00,349500,2.917,-11305,-3.140,-1.08,0.417,-2.917,0,0.000,StopLoss,"종가베팅: 등락 +6.0%, 고저범위 76% 위치, VWAP 358,212 위","손절 (349,500)",6.04,0.50,0.762,452.2,0.288,2.84,1,369,3,5,2.5,1.5,True
037710#1080-20260626093322,037710,광주신세계,ORB,FullAuto,Paper,Backtest,2026-06-26 09:33:22,2026-06-26 09:33:22,2026-06-26 09:35:07,1.8,21,46500,47366.67,45850,1.398,15918,1.630,1.17,2.796,0,0,-0.050,Trailing,"ORB5 고가 46,350 돌파 (범위 5.8%)","1차 분할 익절 +2.0% / 트레일링 (47,200)",9.80,3.04,0.952,165.9,1.521,9.84,1,33,1.5,4.0,1.5,1.2,False
037710#1080-20260626100217,037710,광주신세계,ORB,FullAuto,Paper,Backtest,2026-06-26 10:02:17,2026-06-26 10:02:17,2026-06-26 10:05:30,3.2,21,46400,47166.67,45750,1.401,13826,1.419,1.01,2.694,0,0,-0.106,Trailing,"ORB5 고가 46,350 돌파 (범위 5.8%)","1차 분할 익절 +2.0% / 트레일링 (47,050)",9.56,0.12,0.626,151.8,1.501,1.57,1,62,1.5,4.0,1.5,1.2,False
003200#1084-20260626100527,003200,일신방직,ORB,FullAuto,Paper,Backtest,2026-06-26 10:05:27,2026-06-26 10:05:27,2026-06-26 10:13:20,7.9,94,10230,10270.00,10080,1.466,1542,0.160,0.11,1.760,-0.684,0,-0.097,Trailing,"ORB5 고가 10,220 돌파 (범위 4.6%)","트레일링 (10,280)",4.82,0.48,0.495,173.7,0.789,1.27,1,65,1.5,4.0,1.5,1.2,False
003200#1084-20260626103230,003200,일신방직,ORB,FullAuto,Paper,Backtest,2026-06-26 10:32:30,2026-06-26 10:32:30,2026-06-26 10:45:25,12.9,94,10240,10405.00,10090,1.465,13265,1.378,0.94,2.441,-0.488,0,-0.048,Trailing,"ORB5 고가 10,220 돌파 (범위 4.6%)","1차 분할 익절 +2.0% / 트레일링 (10,360)",4.92,0.58,0.505,177.8,0.523,1.81,1,92,1.5,4.0,1.5,1.2,False
319660#1088-20260626114400,319660,피에스케이,VWAP눌림,FullAuto,Paper,Backtest,2026-06-26 11:44:00,2026-06-26 11:44:00,2026-06-26 11:57:15,13.2,4,189000,185200,185400,1.905,-16905,-2.236,-1.17,0.106,-2.011,0,-0.108,StopLoss,"VWAP 186,255 재돌파, 직전봉 고가 187,600 돌파","손절 (185,400)",10.99,1.42,0.716,160.3,0.813,0.84,1,164,1.5,4.0,1.5,1.2,False
319660#1088-20260626131500,319660,피에스케이,VWAP눌림,FullAuto,Paper,Backtest,2026-06-26 13:15:00,2026-06-26 13:15:00,2026-06-26 13:17:27,2.5,10,186600,187100,185500,0.589,699,0.037,0.06,0.589,-0.214,0,0,BreakEven,"VWAP 186,171 재돌파, 직전봉 고가 186,200 돌파","본절 (187,100)",9.64,0.23,0.616,159.7,0.685,1.11,1,255,1.5,4.0,1.5,1.2,False
319660#1088-20260626133200,319660,피에스케이,VWAP눌림,FullAuto,Paper,Backtest,2026-06-26 13:32:00,2026-06-26 13:32:00,2026-06-26 13:35:00,3,10,186800,185400,185400,0.749,-18266,-0.978,-1.30,0.054,-0.749,0,0,StopLoss,"VWAP 186,192 재돌파, 직전봉 고가 186,400 돌파","손절 (185,400)",9.69,0.27,0.621,161.0,0.402,1.44,1,272,1.5,4.0,1.5,1.2,False
475150#1092-20260629090505,475150,SK이터닉스,ORB,FullAuto,Paper,Backtest,2026-06-29 09:05:05,2026-06-29 09:05:05,2026-06-29 09:05:30,0.4,20,48300,47550,47600,1.449,-17188,-1.779,-1.23,0.932,-1.553,0,-0.105,StopLoss,"ORB5 고가 48,200 돌파 (범위 8.1%)","손절 (47,600)",11.81,4.41,1,208.8,2.795,1.07,1,5,1.5,4.0,1.5,1.2,False
141080#1093-20260629090505,141080,리가켐바이오,ORB,FullAuto,Paper,Backtest,2026-06-29 09:05:05,2026-06-29 09:05:05,2026-06-29 09:09:27,4.4,6,157900,162700,155600,1.457,26562,2.804,1.92,4.117,-0.823,0,-0.061,TakeProfit,"ORB5 고가 157,700 돌파 (범위 4.6%)",1차 분할 익절 +2.0% / 목표 익절 +4.0%,10.27,1.88,1,109.2,2.090,1.11,1,5,1.5,4.0,1.5,1.2,False
214450#1094-20260629095130,214450,파마리서치,ORB,FullAuto,Paper,Backtest,2026-06-29 09:51:30,2026-06-29 09:51:30,2026-06-29 10:11:30,20,2,353000,351000,348000,1.416,-5614,-0.795,-0.56,0.283,-1.275,0,-0.142,TimeStop,"ORB5 고가 352,500 돌파 (범위 5.5%)",타임스탑 20분,9.29,1.81,1,290.5,0.642,8.40,1,52,1.5,4.0,1.5,1.2,False
373220#1097-20260629151400,373220,LG에너지솔루션,종가베팅,FullAuto,Paper,Backtest,2026-06-29 15:14:00,2026-06-29 15:14:00,2026-06-30 09:01:20,1067.3,1,396500,385000,385000,2.900,-12386,-3.124,-1.08,0.126,-2.900,0,0,StopLoss,"종가베팅: 등락 +19.3%, 고저범위 98% 위치, VWAP 379,205 위","손절 (385,000)",19.28,4.43,0.976,362.4,0.442,0.66,1,374,3,5,2.5,1.5,True
240810#1098-20260630090730,240810,원익IPS,ORB,FullAuto,Paper,Backtest,2026-06-30 09:07:30,2026-06-30 09:07:30,2026-06-30 09:08:27,1,5,174300,171700,171700,1.492,-14975,-1.718,-1.15,0,-1.492,0,0,StopLoss,"ORB5 고가 174,200 돌파 (범위 6.2%)","손절 (171,700)",9.62,2.08,1,166.5,2.123,1.84,1,8,1.5,4.0,1.5,1.2,False
319660#1104-20260630103300,319660,피에스케이,VWAP눌림,FullAuto,Paper,Backtest,2026-06-30 10:33:00,2026-06-30 10:33:00,2026-06-30 10:35:27,2.5,10,194500,193500,193600,0.463,-14451,-0.743,-1.61,0.411,-0.514,0,-0.052,StopLoss,"VWAP 193,343 재돌파, 직전봉 고가 194,300 돌파","손절 (193,600)",8.12,0.60,0.637,159.0,0.430,1.56,1,93,1.5,4.0,1.5,1.2,False
319660#1104-20260630105800,319660,피에스케이,VWAP눌림,FullAuto,Paper,Backtest,2026-06-30 10:58:00,2026-06-30 10:58:00,2026-06-30 10:59:12,1.2,10,193400,193900.00,192300,0.569,542,0.028,0.05,0.620,-0.103,0,0.000,BreakEven,"VWAP 193,279 재돌파, 직전봉 고가 192,800 돌파","본절 (193,900)",7.50,0.06,0.580,162.8,0.417,1.52,1,118,1.5,4.0,1.5,1.2,False
319660#1104-20260630110500,319660,피에스케이,VWAP눌림,FullAuto,Paper,Backtest,2026-06-30 11:05:00,2026-06-30 11:05:00,2026-06-30 11:11:27,6.5,10,194200,194700,192900,0.669,523,0.027,0.04,0.927,-0.154,0,0,BreakEven,"VWAP 193,306 재돌파, 직전봉 고가 193,400 돌파","본절 (194,700)",7.89,0.41,0.617,163.5,0.519,0.71,1,125,1.5,4.0,1.5,1.2,False
214450#1107-20260630150000,214450,파마리서치,종가베팅,FullAuto,Paper,Backtest,2026-06-30 15:00:00,2026-06-30 15:00:00,2026-07-01 09:06:30,1086.5,1,366500,355500,355500,3.001,-11818,-3.225,-1.07,0,-3.001,0,0,StopLoss,"종가베팅: 등락 +3.5%, 고저범위 91% 위치, VWAP 363,052 위","손절 (355,500)",3.54,0.81,0.913,469.5,0.410,0.60,1,360,3,5,2.5,1.5,True
006340#1110-20260701090627,006340,대원전선,ORB,FullAuto,Paper,Backtest,2026-07-01 09:06:27,2026-07-01 09:06:27,2026-07-01 09:07:42,1.2,88,11080,11275,10920,1.444,14884,1.527,1.06,2.437,-0.090,0,-0.044,Trailing,"ORB5 고가 11,030 돌파 (범위 4.0%)","1차 분할 익절 +2.0% / 트레일링 (11,210)",7.47,2.06,1,190.5,2.414,1.89,1,6,1.5,4.0,1.5,1.2,False
222800#1113-20260701102000,222800,심텍,VWAP눌림,FullAuto,Paper,Backtest,2026-07-01 10:20:00,2026-07-01 10:20:00,2026-07-01 10:28:27,8.5,8,157000,159250,155300,1.083,15074,1.200,1.11,2.229,-0.318,0,-0.063,Trailing,"VWAP 155,566 재돌파, 직전봉 고가 157,000 돌파","1차 분할 익절 +2.0% / 트레일링 (158,500)",4.74,0.92,0.676,153.4,0.933,0.97,1,80,1.5,4.0,1.5,1.2,False
222800#1113-20260701121000,222800,심텍,VWAP눌림,FullAuto,Paper,Backtest,2026-07-01 12:10:00,2026-07-01 12:10:00,2026-07-01 12:11:27,1.5,12,155700,155000,155000,0.450,-12679,-0.679,-1.51,0.193,-0.450,0,0,StopLoss,"VWAP 155,636 재돌파, 직전봉 고가 155,400 돌파","손절 (155,000)",3.87,0.04,0.617,161.1,0.349,1.56,1,190,1.5,4.0,1.5,1.2,False
222800#1113-20260701122000,222800,심텍,VWAP눌림,FullAuto,Paper,Backtest,2026-07-01 12:20:00,2026-07-01 12:20:00,2026-07-01 12:25:30,5.5,12,155700,155100,155100,0.385,-11481,-0.614,-1.59,0.257,-0.385,0,0,StopLoss,"VWAP 155,635 재돌파, 직전봉 고가 155,500 돌파","손절 (155,100)",3.87,0.04,0.617,162.3,0.330,0.64,1,200,1.5,4.0,1.5,1.2,False
001820#1114-20260701123500,001820,삼화콘덴서,VWAP눌림,FullAuto,Paper,Backtest,2026-07-01 12:35:00,2026-07-01 12:35:00,2026-07-01 12:42:10,7.2,12,155100,155500.00,154200,0.580,510,0.027,0.05,0.838,0,0,0.000,BreakEven,"VWAP 154,056 재돌파, 직전봉 고가 154,600 돌파","본절 (155,500)",2.72,0.68,0.621,285.5,0.378,0.66,1,215,1.5,4.0,1.5,1.2,False
001820#1114-20260701130600,001820,삼화콘덴서,VWAP눌림,FullAuto,Paper,Backtest,2026-07-01 13:06:00,2026-07-01 13:06:00,2026-07-01 13:07:27,1.5,12,155000,154400,154400,0.387,-11461,-0.616,-1.59,0.065,-0.387,0,0,StopLoss,"VWAP 154,111 재돌파, 직전봉 고가 154,800 돌파","손절 (154,400)",2.65,0.58,0.614,285.2,0.313,0.35,1,246,1.5,4.0,1.5,1.2,False
001820#1114-20260701131500,001820,삼화콘덴서,VWAP눌림,FullAuto,Paper,Backtest,2026-07-01 13:15:00,2026-07-01 13:15:00,2026-07-01 13:39:10,24.2,12,154800,157850,153900,0.581,32251,1.736,2.99,3.230,-0.517,0,-0.032,Trailing,"VWAP 154,112 재돌파, 직전봉 고가 154,300 돌파","1차 분할 익절 +2.0% / 트레일링 (157,800)",2.45,0.38,0.595,282.0,0.305,1.14,1,255,1.5,4.0,1.5,1.2,False
037710#1117-20260702090520,037710,광주신세계,ORB,FullAuto,Paper,Backtest,2026-07-02 09:05:20,2026-07-02 09:05:20,2026-07-02 09:06:27,1.1,20,49950,50700,49250,1.401,12673,1.269,0.91,2.503,0,0,-0.098,Trailing,"ORB5 고가 49,700 돌파 (범위 9.8%)","1차 분할 익절 +2.0% / 트레일링 (50,500)",14.17,2.93,1,307.1,2.135,2.53,1,5,1.5,4.0,1.5,1.2,False
006340#1122-20260702102100,006340,대원전선,VWAP눌림,FullAuto,Paper,Backtest,2026-07-02 10:21:00,2026-07-02 10:21:00,2026-07-02 10:26:30,5.5,57,13770,13790,13520,1.816,-666,-0.085,-0.05,1.525,-1.235,0,-0.145,Trailing,"VWAP 13,633 재돌파, 직전봉 고가 13,740 돌파","트레일링 (13,810)",2.69,0.93,0.491,130.7,1.152,0.39,1,81,1.5,4.0,1.5,1.2,False
403870#1123-20260703090507,403870,HPSP,ORB,FullAuto,Paper,Backtest,2026-07-03 09:05:07,2026-07-03 09:05:07,2026-07-03 09:06:22,1.2,21,46250,45600.0,45600,1.405,-15853,-1.632,-1.16,0.432,-1.405,0,0.0,StopLoss,"ORB5 고가 46,200 돌파 (범위 5.4%)","손절 (45,600)",5.84,1.92,1,162.0,1.874,1.20,1,5,1.5,4.0,1.5,1.2,False
403870#1123-20260703091230,403870,HPSP,ORB,FullAuto,Paper,Backtest,2026-07-03 09:12:30,2026-07-03 09:12:30,2026-07-03 09:16:30,4,21,46300,45550,45650,1.404,-17951,-1.846,-1.32,0.864,-1.620,0,-0.219,StopLoss,"ORB5 고가 46,200 돌파 (범위 5.4%)","손절 (45,650)",5.95,1.75,0.942,152.5,1.587,1.93,1,12,1.5,4.0,1.5,1.2,False
403870#1123-20260703093730,403870,HPSP,ORB,FullAuto,Paper,Backtest,2026-07-03 09:37:30,2026-07-03 09:37:30,2026-07-03 09:43:30,6,21,46250,45550,45600,1.405,-16901,-1.740,-1.24,1.081,-1.514,0,-0.110,StopLoss,"ORB5 고가 46,200 돌파 (범위 5.4%)","손절 (45,600)",5.84,1.38,0.842,167.4,1.158,2.63,1,38,1.5,4.0,1.5,1.2,False
095500#1126-20260703100830,095500,미래나노텍,ORB,FullAuto,Paper,Backtest,2026-07-03 10:08:30,2026-07-03 10:08:30,2026-07-03 10:09:02,0.5,125,7940,7830.00,7830,1.385,-16001,-1.612,-1.16,0,-1.385,0,0.000,StopLoss,"ORB5 고가 7,900 돌파 (범위 3.7%)","손절 (7,830)",10.89,4.36,1,233.4,1.035,6.94,1,68,1.5,4.0,1.5,1.2,False
068270#1127-20260703100900,068270,셀트리온,VWAP눌림,FullAuto,Paper,Backtest,2026-07-03 10:09:00,2026-07-03 10:09:00,2026-07-03 10:39:30,30.5,9,183100,181600,181600,0.819,-17260,-1.047,-1.28,0.765,-0.819,0,0,StopLoss,"VWAP 182,428 재돌파, 직전봉 고가 182,900 돌파","손절 (181,600)",3.57,0.31,0.468,354.4,0.367,2.03,1,69,1.5,4.0,1.5,1.2,False
095500#1126-20260703112320,095500,미래나노텍,ORB,FullAuto,Paper,Backtest,2026-07-03 11:23:20,2026-07-03 11:23:20,2026-07-03 11:24:27,1.1,125,7940,8099.92,7830,1.385,17667,1.780,1.28,3.149,0,0,-0.061,Trailing,"ORB5 고가 7,900 돌파 (범위 3.7%)","1차 분할 익절 +2.0% / 트레일링 (8,090)",10.89,3.00,0.822,213.4,0.585,45.99,1,143,1.5,4.0,1.5,1.2,False
068270#1127-20260703120000,068270,셀트리온,VWAP눌림,FullAuto,Paper,Backtest,2026-07-03 12:00:00,2026-07-03 12:00:00,2026-07-03 12:01:27,1.5,10,182800,182300,182300,0.274,-9193,-0.503,-1.84,0.055,-0.274,0,0,StopLoss,"VWAP 182,410 재돌파, 직전봉 고가 182,700 돌파","손절 (182,300)",3.45,0.21,0.447,251.6,0.176,1.5,1,180,1.5,4.0,1.5,1.2,False
068270#1127-20260703121400,068270,셀트리온,VWAP눌림,FullAuto,Paper,Backtest,2026-07-03 12:14:00,2026-07-03 12:14:00,2026-07-03 12:15:30,1.5,10,182700,183100,182200,0.274,-210,-0.011,-0.04,0.274,-0.164,0,-0.055,BreakEven,"VWAP 182,409 재돌파, 직전봉 고가 182,500 돌파","본절 (183,200)",3.40,0.16,0.436,255.9,0.223,1.73,1,194,1.5,4.0,1.5,1.2,False
016360#1131-20260703150000,016360,삼성증권,종가베팅,FullAuto,Paper,Backtest,2026-07-03 15:00:00,2026-07-03 15:00:00,2026-07-06 09:13:17,3973.3,4,118900,123100,115400,2.944,15673,3.295,1.12,5.046,-0.757,0,-0.040,TakeProfit,"종가베팅: 등락 +9.3%, 고저범위 94% 위치, VWAP 114,957 위",1차 분할 익절 +2% / 목표 익절 +5%,9.29,3.34,0.938,232.9,0.373,1.34,1,360,3,5,2.5,1.5,True
042660#1133-20260706091027,042660,한화오션,ORB,FullAuto,Paper,Backtest,2026-07-06 09:10:27,2026-07-06 09:10:27,2026-07-06 09:17:10,6.7,8,117000,119650.00,115300,1.453,19004,2.030,1.40,3.761,0,0,-0.042,Trailing,"ORB5 고가 116,800 돌파 (범위 4.3%)","1차 분할 익절 +2.0% / 트레일링 (119,900)",9.35,1.33,0.847,119.5,1.688,1.23,1,10,1.5,4.0,1.5,1.2,False
006340#1132-20260706091712,006340,대원전선,ORB,FullAuto,Paper,Backtest,2026-07-06 09:17:12,2026-07-06 09:17:12,2026-07-06 09:18:22,1.2,71,13940,13730,13740,1.435,-17153,-1.733,-1.21,0.143,-1.506,0,-0.073,StopLoss,"ORB5 고가 13,930 돌파 (범위 6.3%)","손절 (13,740)",6.82,2.60,1,143.8,1.983,1.40,1,17,1.5,4.0,1.5,1.2,False
055550#1130-20260703150000,055550,신한지주,종가베팅,FullAuto,Paper,Backtest,2026-07-03 15:00:00,2026-07-03 15:00:00,2026-07-06 09:28:15,3988.2,4,107500,109200,104300,2.977,5799,1.349,0.45,2.791,-0.930,0,-0.046,Trailing,"종가베팅: 등락 +4.1%, 고저범위 90% 위치, VWAP 106,305 위","1차 분할 익절 +2% / 트레일링 (108,800)",4.07,1.12,0.898,323.0,0.173,0.41,1,360,3,5,2.5,1.5,True
037710#1138-20260706150000,037710,광주신세계,종가베팅,FullAuto,Paper,Backtest,2026-07-06 15:00:00,2026-07-06 15:00:00,2026-07-07 09:01:22,1081.4,10,45700,47125,44350,2.954,13170,2.882,0.98,10.503,-0.219,0,-0.318,Trailing,"종가베팅: 등락 +17.9%, 고저범위 83% 위치, VWAP 43,639 위","1차 분할 익절 +2% / 트레일링 (47,100)",17.94,4.72,0.826,167.8,1.618,0.46,1,360,3,5,2.5,1.5,True
000270#1137-20260706150000,000270,기아,종가베팅,FullAuto,Paper,Backtest,2026-07-06 15:00:00,2026-07-06 15:00:00,2026-07-07 09:04:30,1084.5,3,160900,156000,156100,2.983,-15778,-3.269,-1.10,0,-3.045,0,-0.064,StopLoss,"종가베팅: 등락 +6.1%, 고저범위 86% 위치, VWAP 158,806 위","손절 (156,100)",6.14,1.26,0.860,494.1,0.249,0.30,1,360,3,5,2.5,1.5,True
036930#1140-20260707090525,036930,주성엔지니어링,ORB,FullAuto,Paper,Backtest,2026-07-07 09:05:25,2026-07-07 09:05:25,2026-07-07 09:09:30,4.1,5,194500,191200,191600,1.491,-18700,-1.923,-1.29,1.131,-1.697,0,-0.209,StopLoss,"ORB5 고가 194,000 돌파 (범위 9.2%)","손절 (191,600)",7.04,3.26,1,81.9,2.091,1.83,1,5,1.5,4.0,1.5,1.2,False
037070#1139-20260707091727,037070,파세코,ORB,FullAuto,Paper,Backtest,2026-07-07 09:17:27,2026-07-07 09:17:27,2026-07-07 09:19:27,2,100,9650,9480,9510,1.451,-19182,-1.988,-1.37,1.244,-1.762,0,-0.315,StopLoss,"ORB5 고가 9,590 돌파 (범위 7.6%)","손절 (9,510)",8.79,4.37,1,124.1,2.983,4.99,1,17,1.5,4.0,1.5,1.2,False
036930#1140-20260707091630,036930,주성엔지니어링,ORB,FullAuto,Paper,Backtest,2026-07-07 09:16:30,2026-07-07 09:16:30,2026-07-07 09:19:30,3,5,194500,191500,191600,1.491,-17203,-1.769,-1.19,0.566,-1.542,0,-0.052,StopLoss,"ORB5 고가 194,000 돌파 (범위 9.2%)","손절 (191,600)",7.04,1.56,0.884,119.0,1.768,1.26,1,16,1.5,4.0,1.5,1.2,False
010950#1141-20260707091630,010950,S-Oil,ORB,FullAuto,Paper,Backtest,2026-07-07 09:16:30,2026-07-07 09:16:30,2026-07-07 09:36:30,20,7,122100,121900,120300,1.474,-3361,-0.393,-0.27,0.410,-1.310,0,-0.082,TimeStop,"ORB5 고가 121,900 돌파 (범위 3.3%)",타임스탑 20분,5.26,1.30,1,279.0,0.971,7.46,1,16,1.5,4.0,1.5,1.2,False
096770#1143-20260707150000,096770,SK이노베이션,종가베팅,FullAuto,Paper,Backtest,2026-07-07 15:00:00,2026-07-07 15:00:00,2026-07-08 09:11:25,1091.4,4,103400,100300,100300,2.998,-13324,-3.221,-1.07,0.774,-2.998,0,0,StopLoss,"종가베팅: 등락 +6.9%, 고저범위 92% 위치, VWAP 100,398 위","손절 (100,300)",6.94,2.89,0.920,260.2,0.588,0.90,1,360,3,5,2.5,1.5,True
066570#1144-20260708091525,066570,LG전자,ORB,FullAuto,Paper,Backtest,2026-07-08 09:15:25,2026-07-08 09:15:25,2026-07-08 09:23:25,8,4,194600,200300,191700,1.490,20963,2.693,1.81,4.060,-0.514,0,-0.149,TakeProfit,"ORB5 고가 194,200 돌파 (범위 4.2%)",1차 분할 익절 +2.0% / 목표 익절 +4.0%,3.24,1.23,0.812,214.2,1.245,2.25,1,15,1.5,4.0,1.5,1.2,False
058730#1148-20260708111800,058730,다스코,VWAP눌림,FullAuto,Paper,Backtest,2026-07-08 11:18:00,2026-07-08 11:18:00,2026-07-08 11:21:30,3.5,198,4195,4257.5,4125,1.669,10441,1.257,0.75,2.265,-0.596,0,-0.117,Trailing,"VWAP 4,177 재돌파, 직전봉 고가 4,175 돌파","1차 분할 익절 +2.0% / 트레일링 (4,235)",4.88,0.42,0.66,180.1,1.725,0.24,1,138,1.5,4.0,1.5,1.2,False
024060#1149-20260708113200,024060,흥구석유,VWAP눌림,FullAuto,Paper,Backtest,2026-07-08 11:32:00,2026-07-08 11:32:00,2026-07-08 11:33:25,1.4,114,9760,9760.00,9640,1.230,-2557,-0.230,-0.19,1.434,-0.922,0,-0.306,BreakEven,"VWAP 9,706 재돌파, 직전봉 고가 9,760 돌파","본절 (9,790)",7.25,0.56,0.555,129.4,1.625,1.05,1,152,1.5,4.0,1.5,1.2,False
058730#1148-20260708115800,058730,다스코,VWAP눌림,FullAuto,Paper,Backtest,2026-07-08 11:58:00,2026-07-08 11:58:00,2026-07-08 12:00:20,2.3,185,4245,4170.00,4170,1.767,-15649,-1.993,-1.13,0,-1.767,0,0.000,StopLoss,"VWAP 4,212 재돌파, 직전봉 고가 4,220 돌파","손절 (4,170)",6.00,0.66,0.711,165.6,0.888,0.59,1,178,1.5,4.0,1.5,1.2,False
058730#1148-20260708124400,058730,다스코,VWAP눌림,FullAuto,Paper,Backtest,2026-07-08 12:44:00,2026-07-08 12:44:00,2026-07-08 12:44:20,0.3,247,4215,4340.18,4160,1.305,28462,2.734,2.10,4.152,-0.119,0,-0.115,TakeProfit,"VWAP 4,208 재돌파, 직전봉 고가 4,205 돌파",1차 분할 익절 +2.0% / 목표 익절 +4.0%,5.38,0.18,0.678,181.4,0.847,3.94,1,224,1.5,4.0,1.5,1.2,False
024060#1149-20260708125900,024060,흥구석유,VWAP눌림,FullAuto,Paper,Backtest,2026-07-08 12:59:00,2026-07-08 12:59:00,2026-07-08 12:59:27,0.5,99,9820,10195.96,9680,1.426,34906,3.590,2.52,4.888,0,0,-0.098,TakeProfit,"VWAP 9,677 재돌파, 직전봉 고가 9,470 돌파",1차 분할 익절 +2.0% / 목표 익절 +4.0%,7.91,1.48,0.605,168.4,0.727,8.78,1,239,1.5,4.0,1.5,1.2,False
037710#1150-20260708132400,037710,광주신세계,VWAP눌림,FullAuto,Paper,Backtest,2026-07-08 13:24:00,2026-07-08 13:24:00,2026-07-08 13:28:22,4.4,37,45250,45400.0,44900,0.773,1689,0.101,0.13,0.884,0,0,0.0,BreakEven,"VWAP 45,063 재돌파, 직전봉 고가 45,050 돌파","본절 (45,400)",0.56,0.41,0.565,183.8,0.537,0.64,1,264,1.5,4.0,1.5,1.2,False
024060#1149-20260708141800,024060,흥구석유,VWAP눌림,FullAuto,Paper,Backtest,2026-07-08 14:18:00,2026-07-08 14:18:00,2026-07-08 14:19:27,1.5,61,10580,10729.02,10350,2.174,7589,1.176,0.54,2.079,-0.189,0,-0.046,Trailing,"VWAP 10,448 재돌파, 직전봉 고가 10,550 돌파","1차 분할 익절 +2.0% / 트레일링 (10,670)",16.26,1.26,0.658,146.4,1.924,0.70,1,318,1.5,4.0,1.5,1.2,False
037710#1150-20260708142400,037710,광주신세계,VWAP눌림,FullAuto,Paper,Backtest,2026-07-08 14:24:00,2026-07-08 14:24:00,2026-07-08 14:33:25,9.4,18,45250,44500.00,44500,1.657,-15344,-1.884,-1.14,0.221,-1.657,0,0.000,StopLoss,"VWAP 45,006 재돌파, 직전봉 고가 45,000 돌파","손절 (44,500)",0.44,0.43,0.556,206.9,0.474,1.59,1,324,1.5,4.0,1.5,1.2,False
439090#1152-20260708150917,439090,마녀공장,종가베팅,FullAuto,Paper,Backtest,2026-07-08 15:09:17,2026-07-08 15:09:17,2026-07-09 09:01:00,1071.7,28,17610,16540,17090,2.953,-31028,-6.293,-2.13,0.795,-6.076,0,-3.218,StopLoss,"종가베팅: 등락 +5.6%, 고저범위 76% 위치, VWAP 16,902 위","손절 (17,090)",5.64,4.19,0.756,170.3,0.621,3.02,1,369,3,5,2.5,1.5,True
010950#1151-20260708150000,010950,S-Oil,종가베팅,FullAuto,Paper,Backtest,2026-07-08 15:00:00,2026-07-08 15:00:00,2026-07-09 09:01:25,1081.4,3,132700,128700.00,128800,2.939,-12888,-3.237,-1.10,0.377,-3.014,0,-0.078,StopLoss,"종가베팅: 등락 +5.6%, 고저범위 81% 위치, VWAP 131,507 위","손절 (128,800)",5.57,0.91,0.811,417.8,0.355,1.35,1,360,3,5,2.5,1.5,True
002990#1155-20260709090725,002990,금호건설,ORB,FullAuto,Paper,Backtest,2026-07-09 09:07:25,2026-07-09 09:07:25,2026-07-09 09:10:22,3,57,16770,16830,16520,1.491,1216,0.127,0.09,1.729,0,0,-0.119,Trailing,"ORB5 고가 16,700 돌파 (범위 7.7%)","트레일링 (16,850)",19.79,3.71,1,181.6,3.518,1.76,1,7,1.5,4.0,1.5,1.2,False
002990#1155-20260709091602,002990,금호건설,ORB,FullAuto,Paper,Backtest,2026-07-09 09:16:02,2026-07-09 09:16:02,2026-07-09 09:17:22,1.3,57,16720,16460.0,16470,1.495,-16978,-1.781,-1.19,0.778,-1.555,0,-0.061,StopLoss,"ORB5 고가 16,700 돌파 (범위 7.7%)","손절 (16,470)",19.43,1.45,0.678,158.2,2.844,0.59,1,16,1.5,4.0,1.5,1.2,False
036930#1154-20260709092427,036930,주성엔지니어링,ORB,FullAuto,Paper,Backtest,2026-07-09 09:24:27,2026-07-09 09:24:27,2026-07-09 09:26:30,2,5,167800,170140,165300,1.490,9747,1.162,0.78,2.443,0,0,-0.129,Trailing,"ORB5 고가 167,600 돌파 (범위 3.4%)","1차 분할 익절 +2.0% / 트레일링 (169,800)",4.88,1.95,1,156.8,0.932,2.58,1,24,1.5,4.0,1.5,1.2,False
002990#1155-20260709135027,002990,금호건설,ORB,FullAuto,Paper,Backtest,2026-07-09 13:50:27,2026-07-09 13:50:27,2026-07-09 13:53:27,3,57,16730,16440,16480,1.494,-18687,-1.960,-1.31,0.538,-1.733,0,-0.243,StopLoss,"ORB5 고가 16,700 돌파 (범위 7.7%)","손절 (16,480)",19.50,5.24,0.824,165.0,1.345,3.41,1,290,1.5,4.0,1.5,1.2,False
105560#1158-20260709150000,105560,KB금융,종가베팅,FullAuto,Paper,Backtest,2026-07-09 15:00:00,2026-07-09 15:00:00,2026-07-10 09:01:22,1081.4,2,175000,178600,169800,2.971,6383,1.824,0.61,2.857,-2.629,0,0,Trailing,"종가베팅: 등락 +3.1%, 고저범위 80% 위치, VWAP 172,996 위","1차 분할 익절 +2% / 트레일링 (177,300)",3.12,1.16,0.8,348.4,0.345,0.84,1,360,3,5,2.5,1.5,True
240810#1161-20260710094327,240810,원익IPS,ORB,FullAuto,Paper,Backtest,2026-07-10 09:43:27,2026-07-10 09:43:27,2026-07-10 09:49:27,6,8,112000,114050,110400,1.429,14306,1.597,1.12,3.036,0,0,-0.131,Trailing,"ORB5 고가 111,800 돌파 (범위 3.5%)","1차 분할 익절 +2.0% / 트레일링 (114,000)",6.77,1.88,1,181.4,0.708,7.17,1,43,1.5,4.0,1.5,1.2,False
037710#1164-20260710120200,037710,광주신세계,VWAP눌림,FullAuto,Paper,Backtest,2026-07-10 12:02:00,2026-07-10 12:02:00,2026-07-10 12:09:07,7.1,42,45600,45735.71,45300,0.658,1284,0.067,0.10,0.658,-0.219,0,-0.031,BreakEven,"VWAP 45,254 재돌파, 직전봉 고가 45,500 돌파","본절 (45,750)",9.09,0.76,0.659,183.1,0.345,1.27,1,182,1.5,4.0,1.5,1.2,False
037710#1164-20260710123600,037710,광주신세계,VWAP눌림,FullAuto,Paper,Backtest,2026-07-10 12:36:00,2026-07-10 12:36:00,2026-07-10 12:40:30,4.5,26,45600,45100,45100,1.096,-15697,-1.324,-1.21,0,-1.096,0,0,StopLoss,"VWAP 45,269 재돌파, 직전봉 고가 45,500 돌파","손절 (45,100)",8.97,0.62,0.652,186.9,0.384,0.53,1,216,1.5,4.0,1.5,1.2,False
037710#1164-20260710124600,037710,광주신세계,VWAP눌림,FullAuto,Paper,Backtest,2026-07-10 12:46:00,2026-07-10 12:46:00,2026-07-10 12:48:30,2.5,43,45600,45740.70,45350,0.548,1528,0.078,0.14,0.877,0,0,-0.020,BreakEven,"VWAP 45,270 재돌파, 직전봉 고가 45,550 돌파","본절 (45,750)",9.09,0.73,0.659,187.4,0.493,0.61,1,226,1.5,4.0,1.5,1.2,False
087010#1170-20260713090520,087010,펩트론,ORB,FullAuto,Paper,Backtest,2026-07-13 09:05:20,2026-07-13 09:05:20,2026-07-13 09:06:22,1,8,118900,120400.0,117200,1.430,9790,1.029,0.72,2.187,0,0,-0.208,Trailing,"ORB5 고가 118,700 돌파 (범위 8.9%)","1차 분할 익절 +2.0% / 트레일링 (120,000)",6.54,2.89,1,374.2,2.187,1.56,1,5,1.5,4.0,1.5,1.2,False
066570#1171-20260713090522,066570,LG전자,ORB,FullAuto,Paper,Backtest,2026-07-13 09:05:22,2026-07-13 09:05:22,2026-07-13 09:08:27,3.1,4,196300,198850,193400,1.477,8375,1.067,0.72,2.140,0,0,-0.200,Trailing,"ORB5 고가 196,200 돌파 (범위 6.4%)","1차 분할 익절 +2.0% / 트레일링 (198,000)",7.44,2.39,1,347.9,1.681,1.44,1,5,1.5,4.0,1.5,1.2,False
006400#1168-20260710150000,006400,삼성SDI,종가베팅,FullAuto,Paper,Backtest,2026-07-10 15:00:00,2026-07-10 15:00:00,2026-07-13 09:11:27,3971.5,1,441000,463500,428000,2.948,21438,4.861,1.65,5.215,-2.041,0,-0.108,TakeProfit,"종가베팅: 등락 +9.4%, 고저범위 96% 위치, VWAP 430,093 위",목표 익절 +5%,9.43,2.54,0.959,609.5,0.324,1.41,1,360,3,5,2.5,1.5,True
024060#1172-20260713091027,024060,흥구석유,ORB,FullAuto,Paper,Backtest,2026-07-13 09:10:27,2026-07-13 09:10:27,2026-07-13 09:11:27,1,82,11950,11760,11780,1.423,-17798,-1.816,-1.28,0.335,-1.590,0,-0.170,StopLoss,"ORB5 고가 11,920 돌파 (범위 4.6%)","손절 (11,780)",10.24,2.86,1,129.7,2.061,1.71,1,10,1.5,4.0,1.5,1.2,False
024060#1172-20260713091827,024060,흥구석유,ORB,FullAuto,Paper,Backtest,2026-07-13 09:18:27,2026-07-13 09:18:27,2026-07-13 09:19:15,0.8,82,11990,11820,11820,1.418,-16170,-1.645,-1.16,0.584,-1.418,0,0,StopLoss,"ORB5 고가 11,920 돌파 (범위 4.6%)","손절 (11,820)",10.61,2.84,1,136.6,1.626,3.14,1,18,1.5,4.0,1.5,1.2,False
086520#1169-20260710150000,086520,에코프로,종가베팅,FullAuto,Paper,Backtest,2026-07-10 15:00:00,2026-07-10 15:00:00,2026-07-13 09:19:30,3979.5,5,86400,87860,83900,2.894,6294,1.457,0.50,3.241,-1.852,0,-0.114,Trailing,"종가베팅: 등락 +9.0%, 고저범위 89% 위치, VWAP 84,551 위","1차 분할 익절 +2% / 트레일링 (87,800)",8.95,2.19,0.889,569.3,0.438,2.29,1,360,3,5,2.5,1.5,True
087010#1170-20260713091827,087010,펩트론,ORB,FullAuto,Paper,Backtest,2026-07-13 09:18:27,2026-07-13 09:18:27,2026-07-13 09:25:15,6.8,8,118900,119200,117200,1.430,208,0.022,0.02,1.430,-1.009,0,0,BreakEven,"ORB5 고가 118,700 돌파 (범위 8.9%)","본절 (119,200)",6.54,1.18,0.75,161.0,2.241,1.70,1,18,1.5,4.0,1.5,1.2,False
161890#1173-20260713150000,161890,한국콜마,종가베팅,FullAuto,Paper,Backtest,2026-07-13 15:00:00,2026-07-13 15:00:00,2026-07-14 09:01:00,1081,4,116900,111800,113400,2.994,-21431,-4.583,-1.53,0.171,-4.363,0,-1.411,StopLoss,"종가베팅: 등락 +9.6%, 고저범위 88% 위치, VWAP 114,676 위","손절 (113,400)",9.57,1.85,0.882,213.1,0.514,0.67,1,360,3,5,2.5,1.5,True
024060#1174-20260714090725,024060,흥구석유,ORB,FullAuto,Paper,Backtest,2026-07-14 09:07:25,2026-07-14 09:07:25,2026-07-14 09:12:17,4.9,70,13620,13835,13420,1.468,12828,1.346,0.92,2.717,0,0,-0.181,Trailing,"ORB5 고가 13,590 돌파 (범위 6.8%)","1차 분할 익절 +2.0% / 트레일링 (13,820)",17.01,2.10,1,131.0,2.085,1.49,1,7,1.5,4.0,1.5,1.2,False
024060#1174-20260714092410,024060,흥구석유,ORB,FullAuto,Paper,Backtest,2026-07-14 09:24:10,2026-07-14 09:24:10,2026-07-14 09:25:20,1.2,70,13600,13360,13400,1.471,-18952,-1.991,-1.35,0.074,-1.765,0,-0.299,StopLoss,"ORB5 고가 13,590 돌파 (범위 6.8%)","손절 (13,400)",16.84,0.40,0.690,134.2,1.413,0.40,1,24,1.5,4.0,1.5,1.2,False
036930#1177-20260714095130,036930,주성엔지니어링,ORB,FullAuto,Paper,Backtest,2026-07-14 09:51:30,2026-07-14 09:51:30,2026-07-14 10:02:25,10.9,4,193300,194000,190400,1.500,1017,0.132,0.09,1.604,-1.190,0,0,Trailing,"ORB5 고가 193,200 돌파 (범위 5.6%)","트레일링 (194,000)",5.92,1.98,0.920,156.5,0.872,1.78,1,52,1.5,4.0,1.5,1.2,False
036930#1177-20260714100907,036930,주성엔지니어링,ORB,FullAuto,Paper,Backtest,2026-07-14 10:09:07,2026-07-14 10:09:07,2026-07-14 10:13:27,4.3,4,193300,190400,190400,1.500,-13352,-1.727,-1.15,0.207,-1.500,0,0,StopLoss,"ORB5 고가 193,200 돌파 (범위 5.6%)","손절 (190,400)",5.92,1.54,0.769,172.0,0.798,0.50,1,69,1.5,4.0,1.5,1.2,False
003680#1179-20260714113300,003680,한성기업,VWAP눌림,FullAuto,Paper,Backtest,2026-07-14 11:33:00,2026-07-14 11:33:00,2026-07-14 11:40:20,7.3,87,11100,10940,10940,1.441,-16109,-1.668,-1.16,0.631,-1.441,0,0,StopLoss,"VWAP 11,074 재돌파, 직전봉 고가 10,930 돌파","손절 (10,940)",19.25,0.14,0.637,176.9,1.436,2.78,1,153,1.5,4.0,1.5,1.2,False
003680#1179-20260714121600,003680,한성기업,VWAP눌림,FullAuto,Paper,Backtest,2026-07-14 12:16:00,2026-07-14 12:16:00,2026-07-14 12:17:30,1.5,61,11140,10900,10910,2.065,-16169,-2.379,-1.15,0,-2.154,0,-0.092,StopLoss,"VWAP 11,067 재돌파, 직전봉 고가 11,040 돌파","손절 (10,910)",19.68,0.57,0.653,185.6,0.680,4.65,1,196,1.5,4.0,1.5,1.2,False
003680#1179-20260714124100,003680,한성기업,VWAP눌림,FullAuto,Paper,Backtest,2026-07-14 12:41:00,2026-07-14 12:41:00,2026-07-14 12:41:22,0.4,180,11100,11030.0,11030,0.631,-17166,-0.859,-1.36,0,-0.631,0,0.0,StopLoss,"VWAP 11,074 재돌파, 직전봉 고가 11,080 돌파","손절 (11,030)",19.25,0.15,0.637,199.5,1.050,0.86,1,221,1.5,4.0,1.5,1.2,False
006660#1180-20260714132400,006660,삼성공조,VWAP눌림,FullAuto,Paper,Backtest,2026-07-14 13:24:00,2026-07-14 13:24:00,2026-07-14 13:28:30,4.5,92,11660,11500,11510,1.286,-17154,-1.599,-1.24,0.686,-1.372,0,-0.087,StopLoss,"VWAP 11,621 재돌파, 직전봉 고가 11,590 돌파","손절 (11,510)",15.67,0.33,0.637,145.1,1.029,1.12,1,264,1.5,4.0,1.5,1.2,False
089970#1182-20260714150000,089970,브이엠,종가베팅,FullAuto,Paper,Backtest,2026-07-14 15:00:00,2026-07-14 15:00:00,2026-07-15 09:01:00,1081,4,111600,117400,108300,2.957,22125,4.956,1.68,5.197,-0.538,0,0,TakeProfit,"종가베팅: 등락 +13.1%, 고저범위 99% 위치, VWAP 103,351 위",목표 익절 +5%,13.07,7.98,0.988,286.1,0.762,0.69,1,360,3,5,2.5,1.5,True
376900#1183-20260714150022,376900,로킷헬스케어,종가베팅,FullAuto,Paper,Backtest,2026-07-14 15:00:22,2026-07-14 15:00:22,2026-07-15 09:02:22,1082,11,44900,46945.45,43600,2.895,21318,4.316,1.49,5.122,-2.227,0,-0.106,TakeProfit,"종가베팅: 등락 +6.4%, 고저범위 75% 위치, VWAP 43,308 위",1차 분할 익절 +2% / 목표 익절 +5%,6.40,3.68,0.75,262.3,1.157,0.55,1,360,3,5,2.5,1.5,True
403870#1185-20260715091530,403870,HPSP,ORB,FullAuto,Paper,Backtest,2026-07-15 09:15:30,2026-07-15 09:15:30,2026-07-15 09:20:20,4.8,12,44450,44750,43300,2.587,2366,0.444,0.17,1.912,-0.112,0,0,Trailing,"ORB5 고가 44,400 돌파 (범위 2.4%)","트레일링 (44,750)",5.83,1.74,1,294.7,0.874,2.29,1,16,1.5,4.0,1.5,1.2,False
036930#1184-20260715092327,036930,주성엔지니어링,ORB,FullAuto,Paper,Backtest,2026-07-15 09:23:27,2026-07-15 09:23:27,2026-07-15 09:24:27,1,4,206500,203500,203500,1.453,-13873,-1.680,-1.16,0.484,-1.453,0,0,StopLoss,"ORB5 고가 205,500 돌파 (범위 3.4%)","손절 (203,500)",7.22,2.45,1,358.6,0.802,5.08,1,23,1.5,4.0,1.5,1.2,False
036930#1184-20260715095925,036930,주성엔지니어링,ORB,FullAuto,Paper,Backtest,2026-07-15 09:59:25,2026-07-15 09:59:25,2026-07-15 10:04:30,5.1,4,206000,203000,203000,1.456,-13868,-1.683,-1.16,0.971,-1.456,0,0,StopLoss,"ORB5 고가 205,500 돌파 (범위 3.4%)","손절 (203,000)",6.96,2.10,0.865,370.3,0.485,6.64,1,59,1.5,4.0,1.5,1.2,False
036930#1184-20260715102422,036930,주성엔지니어링,ORB,FullAuto,Paper,Backtest,2026-07-15 10:24:22,2026-07-15 10:24:22,2026-07-15 10:57:15,32.9,4,206500,210250,203500,1.453,13070,1.582,1.09,3.148,-0.242,0,-0.118,Trailing,"ORB5 고가 205,500 돌파 (범위 3.4%)","1차 분할 익절 +2.0% / 트레일링 (210,000)",7.22,2.02,0.871,348.1,0.778,23.73,1,84,1.5,4.0,1.5,1.2,False
402340#1188-20260715135700,402340,SK스퀘어,VWAP눌림,FullAuto,Paper,Backtest,2026-07-15 13:57:00,2026-07-15 13:57:00,2026-07-15 14:01:45,4.8,1,1395000,1399000,1388000,0.502,784,0.056,0.11,0.573,-0.072,0,0,BreakEven,"VWAP 1,391,528 재돌파, 직전봉 고가 1,393,000 돌파","본절 (1,399,000)",15.00,0.25,0.669,250.1,0.399,1.93,1,297,1.5,4.0,1.5,1.2,False
240810#1187-20260715141000,240810,원익IPS,VWAP눌림,FullAuto,Paper,Backtest,2026-07-15 14:10:00,2026-07-15 14:10:00,2026-07-15 14:11:30,1.5,12,140100,138850,139000,0.785,-18833,-1.120,-1.43,0.071,-0.892,0,-0.108,StopLoss,"VWAP 138,885 재돌파, 직전봉 고가 139,900 돌파","손절 (139,000)",10.15,0.80,0.711,224.1,0.526,0.50,1,310,1.5,4.0,1.5,1.2,False
240810#1189-20260715150000,240810,원익IPS,종가베팅,FullAuto,Paper,Backtest,2026-07-15 15:00:00,2026-07-15 15:00:00,2026-07-16 09:01:00,1081,3,142100,136500,137900,2.956,-17743,-4.162,-1.41,0.985,-3.871,0,-1.015,StopLoss,"종가베팅: 등락 +11.8%, 고저범위 84% 위치, VWAP 138,920 위","손절 (137,900)",11.80,2.29,0.837,228.4,0.337,0.34,1,360,3,5,2.5,1.5,True
047920#1198-20260716101200,047920,HLB제약,VWAP눌림,FullAuto,Paper,Backtest,2026-07-16 10:12:00,2026-07-16 10:12:00,2026-07-16 10:13:20,1.3,63,9197,9369.37,8970,2.468,9506,1.641,0.66,3.001,-0.304,0,-0.161,Trailing,"VWAP 9,010 재돌파, 직전봉 고가 9,095 돌파","1차 분할 익절 +2.0% / 트레일링 (9,350)",16.33,2.08,0.584,146.2,1.194,2.84,2,72,1.5,4.0,1.5,1.2,False
047920#1198-20260716103200,047920,HLB제약,VWAP눌림,FullAuto,Paper,Backtest,2026-07-16 10:32:00,2026-07-16 10:32:00,2026-07-16 10:33:22,1.4,113,9078,8940,8950,1.410,-17918,-1.747,-1.24,0.397,-1.520,0,-0.112,StopLoss,"VWAP 9,055 재돌파, 직전봉 고가 9,031 돌파","손절 (8,950)",14.70,0.14,0.478,143.1,1.363,0.29,2,92,1.5,4.0,1.5,1.2,False
047920#1198-20260716104500,047920,HLB제약,VWAP눌림,FullAuto,Paper,Backtest,2026-07-16 10:45:00,2026-07-16 10:45:00,2026-07-16 11:05:00,20,66,9207,9048,8990,2.357,-11868,-1.953,-0.83,1.086,-1.912,0,-0.110,TimeStop,"VWAP 9,054 재돌파, 직전봉 고가 9,104 돌파",타임스탑 20분,16.33,1.58,0.584,141.3,1.179,3.56,2,105,1.5,4.0,1.5,1.2,False
439090#1202-20260716133700,439090,마녀공장,VWAP눌림,FullAuto,Paper,Backtest,2026-07-16 13:37:00,2026-07-16 13:37:00,2026-07-16 13:42:25,5.4,97,17570,17430,17430,0.797,-17469,-1.025,-1.29,0.057,-0.797,0,0,StopLoss,"VWAP 17,410 재돌파, 직전봉 고가 17,490 돌파","손절 (17,430)",5.66,0.86,0.683,311.6,0.411,0.24,1,277,1.5,4.0,1.5,1.2,False
439090#1202-20260716135300,439090,마녀공장,VWAP눌림,FullAuto,Paper,Backtest,2026-07-16 13:53:00,2026-07-16 13:53:00,2026-07-16 14:14:30,21.5,91,17440,17280,17290,0.860,-18177,-1.145,-1.33,0.573,-0.917,0,-0.058,StopLoss,"VWAP 17,410 재돌파, 직전봉 고가 17,390 돌파","손절 (17,290)",4.87,0.11,0.579,189.4,0.393,0.29,1,293,1.5,4.0,1.5,1.2,False
476060#1203-20260716150000,476060,온코닉테라퓨틱스,종가베팅,FullAuto,Paper,Backtest,2026-07-16 15:00:00,2026-07-16 15:00:00,2026-07-16 15:06:25,6.4,33,14560,14100,14130,2.953,-16251,-3.382,-1.15,0.893,-3.159,0,-0.212,StopLoss,"종가베팅: 등락 +5.7%, 고저범위 81% 위치, VWAP 13,952 위","손절 (14,130)",5.66,4.29,0.812,136.2,1.448,0.25,1,360,3,5,2.5,1.5,True
049080#1211-20260720103100,049080,기가레인,VWAP눌림,FullAuto,Paper,Backtest,2026-07-20 10:31:00,2026-07-20 10:31:00,2026-07-20 10:34:25,3.4,85,12660,12839.18,12500,1.264,12725,1.183,0.94,2.212,-0.553,0,-0.078,Trailing,"VWAP 12,644 재돌파, 직전봉 고가 12,610 돌파","1차 분할 익절 +2.0% / 트레일링 (12,780)",12.13,0.13,0.587,137.6,1.145,1.04,1,91,1.5,4.0,1.5,1.2,False
024060#1207-20260720103430,024060,흥구석유,ORB,FullAuto,Paper,Backtest,2026-07-20 10:34:30,2026-07-20 10:34:30,2026-07-20 10:37:27,3,69,13750,13550,13550,1.455,-15951,-1.681,-1.16,0,-1.455,0,0,StopLoss,"ORB5 고가 13,740 돌파 (범위 4.2%)","손절 (13,550)",14.49,3.97,1,164.2,0.774,8.59,1,94,1.5,4.0,1.5,1.2,False
440110#1210-20260720102800,440110,파두,VWAP눌림,FullAuto,Paper,Backtest,2026-07-20 10:28:00,2026-07-20 10:28:00,2026-07-20 10:39:30,11.5,8,74500,72700,72800,2.282,-15739,-2.641,-1.16,0.671,-2.416,0,-0.137,StopLoss,"VWAP 73,851 재돌파, 직전봉 고가 73,900 돌파","손절 (72,800)",5.68,0.74,0.534,135.4,1.498,1.10,1,88,1.5,4.0,1.5,1.2,False
024060#1207-20260720104427,024060,흥구석유,ORB,FullAuto,Paper,Backtest,2026-07-20 10:44:27,2026-07-20 10:44:27,2026-07-20 10:46:15,1.8,69,13770,13570,13570,1.452,-15954,-1.679,-1.16,0.218,-1.452,0,0,StopLoss,"ORB5 고가 13,740 돌파 (범위 4.2%)","손절 (13,570)",14.65,3.71,1,162.3,1.115,3.56,1,104,1.5,4.0,1.5,1.2,False
440110#1210-20260720111000,440110,파두,VWAP눌림,FullAuto,Paper,Backtest,2026-07-20 11:10:00,2026-07-20 11:10:00,2026-07-20 11:22:15,12.2,12,74000,72900,72900,1.486,-15213,-1.713,-1.15,0.405,-1.486,0,0,StopLoss,"VWAP 73,651 재돌파, 직전봉 고가 73,700 돌파","손절 (72,900)",4.97,0.34,0.491,159.0,0.880,0.78,1,130,1.5,4.0,1.5,1.2,False
049080#1211-20260720130300,049080,기가레인,VWAP눌림,FullAuto,Paper,Backtest,2026-07-20 13:03:00,2026-07-20 13:03:00,2026-07-20 13:12:25,9.4,69,13370,13140,13170,1.496,-17956,-1.946,-1.30,1.272,-1.720,0,-0.228,StopLoss,"VWAP 13,132 재돌파, 직전봉 고가 13,150 돌파","손절 (13,170)",18.33,1.73,0.671,154.8,1.647,0.47,1,243,1.5,4.0,1.5,1.2,False
440110#1210-20260720134900,440110,파두,VWAP눌림,FullAuto,Paper,Backtest,2026-07-20 13:49:00,2026-07-20 13:49:00,2026-07-20 13:56:30,7.5,24,73900,73400,73400,0.677,-16053,-0.905,-1.34,0.271,-0.677,0,0,StopLoss,"VWAP 73,497 재돌파, 직전봉 고가 73,800 돌파","손절 (73,400)",4.97,0.55,0.491,195.1,0.329,0.34,1,289,1.5,4.0,1.5,1.2,False
049080#1211-20260720135300,049080,기가레인,VWAP눌림,FullAuto,Paper,Backtest,2026-07-20 13:53:00,2026-07-20 13:53:00,2026-07-20 14:03:25,10.4,40,13250,13300,12900,2.642,778,0.147,0.06,1.811,-2.264,0,-0.150,Trailing,"VWAP 13,139 재돌파, 직전봉 고가 13,000 돌파","트레일링 (13,320)",17.27,0.77,0.633,155.4,1.184,3.99,1,293,1.5,4.0,1.5,1.2,False
440110#1212-20260721091005,440110,파두,ORB,FullAuto,Paper,Backtest,2026-07-21 09:10:05,2026-07-21 09:10:05,2026-07-21 09:15:30,5.4,11,73700,74818.18,72600,1.493,10410,1.284,0.86,2.442,-1.085,0,-0.060,Trailing,"ORB5 고가 73,600 돌파 (범위 4.2%)","1차 분할 익절 +2.0% / 트레일링 (74,500)",2.93,0.40,0.608,128.3,2.001,0.48,1,10,1.5,4.0,1.5,1.2,False
440110#1212-20260721092710,440110,파두,ORB,FullAuto,Paper,Backtest,2026-07-21 09:27:10,2026-07-21 09:27:10,2026-07-21 09:27:30,0.3,11,73900,72700,72800,1.488,-15039,-1.850,-1.24,0.812,-1.624,0,-0.137,StopLoss,"ORB5 고가 73,600 돌파 (범위 4.2%)","손절 (72,800)",3.21,0.18,0.647,167.7,0.976,1.01,1,27,1.5,4.0,1.5,1.2,False
440110#1212-20260721093705,440110,파두,ORB,FullAuto,Paper,Backtest,2026-07-21 09:37:05,2026-07-21 09:37:05,2026-07-21 09:42:25,5.3,11,73700,73900,72600,1.493,333,0.041,0.03,1.493,-0.950,0,0,BreakEven,"ORB5 고가 73,600 돌파 (범위 4.2%)","본절 (73,900)",2.93,0.01,0.608,171.1,1.008,0.68,1,37,1.5,4.0,1.5,1.2,False
440110#1217-20260721150000,440110,파두,종가베팅,FullAuto,Paper,Backtest,2026-07-21 15:00:00,2026-07-21 15:00:00,2026-07-22 09:01:25,1081.4,5,78000,79620.00,75700,2.949,7188,1.843,0.63,3.205,-1.154,0,-0.076,Trailing,"종가베팅: 등락 +8.8%, 고저범위 96% 위치, VWAP 74,684 위","1차 분할 익절 +2% / 트레일링 (79,200)",8.80,4.31,0.961,470.5,0.573,1.05,1,360,3,5,2.5,1.5,True
006340#1220-20260721150000,006340,대원전선,종가베팅,FullAuto,Paper,Backtest,2026-07-21 15:00:00,2026-07-21 15:00:00,2026-07-22 09:02:25,1082.4,39,11880,12393.85,11530,2.946,18935,4.087,1.39,5.640,-0.253,0,-0.041,TakeProfit,"종가베팅: 등락 +8.6%, 고저범위 82% 위치, VWAP 11,749 위",1차 분할 익절 +2% / 목표 익절 +5%,8.59,1.11,0.815,197.6,0.271,0.48,1,360,3,5,2.5,1.5,True
240810#1221-20260722090522,240810,원익IPS,ORB,FullAuto,Paper,Backtest,2026-07-22 09:05:22,2026-07-22 09:05:22,2026-07-22 09:10:22,5,7,127900,130914.29,126000,1.486,18999,2.122,1.43,3.909,0,0,-0.033,Trailing,"ORB5 고가 127,400 돌파 (범위 4.9%)","1차 분할 익절 +2.0% / 트레일링 (131,300)",10.16,2.49,1,282.2,1.876,2.34,1,5,1.5,4.0,1.5,1.2,False
006340#1223-20260722094425,006340,대원전선,ORB,FullAuto,Paper,Backtest,2026-07-22 09:44:25,2026-07-22 09:44:25,2026-07-22 09:46:27,2,71,12890,12670,12700,1.474,-17690,-1.933,-1.31,0.776,-1.707,0,-0.236,StopLoss,"ORB5 고가 12,880 돌파 (범위 6.0%)","손절 (12,700)",8.87,2.44,1,173.3,0.715,3.95,1,44,1.5,4.0,1.5,1.2,False
006340#1223-20260722101430,006340,대원전선,ORB,FullAuto,Paper,Backtest,2026-07-22 10:14:30,2026-07-22 10:14:30,2026-07-22 10:31:25,16.9,71,12900,12700,12710,1.473,-16275,-1.777,-1.21,1.163,-1.550,0,-0.079,StopLoss,"ORB5 고가 12,880 돌파 (범위 6.0%)","손절 (12,710)",8.95,2.19,0.893,180.3,0.543,4.37,1,74,1.5,4.0,1.5,1.2,False
006340#1223-20260722105725,006340,대원전선,ORB,FullAuto,Paper,Backtest,2026-07-22 10:57:25,2026-07-22 10:57:25,2026-07-22 11:17:25,20,71,12890,12780,12700,1.474,-9897,-1.081,-0.73,0.621,-1.009,0,-0.078,TimeStop,"ORB5 고가 12,880 돌파 (범위 6.0%)",타임스탑 20분,8.87,1.73,0.822,186.3,0.382,5.90,1,117,1.5,4.0,1.5,1.2,False
475150#1229-20260723090522,475150,SK이터닉스,ORB,FullAuto,Paper,Backtest,2026-07-23 09:05:22,2026-07-23 09:05:22,2026-07-23 09:06:15,0.9,13,68100,68300,67100,1.468,560,0.063,0.04,1.468,0,0,0,BreakEven,"ORB5 고가 67,700 돌파 (범위 6.6%)","본절 (68,300)",9.84,3.51,1,200.0,3.182,1.38,1,5,1.5,4.0,1.5,1.2,False
006340#1228-20260723094315,006340,대원전선,ORB,FullAuto,Paper,Backtest,2026-07-23 09:43:15,2026-07-23 09:43:15,2026-07-23 09:44:22,1.1,68,13350,13120.0,13150,1.498,-17693,-1.949,-1.30,0,-1.723,0,-0.228,StopLoss,"ORB5 고가 13,330 돌파 (범위 6.2%)","손절 (13,150)",9.79,2.89,1,157.7,0.899,5.59,1,43,1.5,4.0,1.5,1.2,False
006340#1228-20260723095327,006340,대원전선,ORB,FullAuto,Paper,Backtest,2026-07-23 09:53:27,2026-07-23 09:53:27,2026-07-23 09:54:30,1,68,13360,13160,13160,1.497,-15659,-1.724,-1.15,0.299,-1.497,0,0,StopLoss,"ORB5 고가 13,330 돌파 (범위 6.2%)","손절 (13,160)",9.87,2.68,1,165.2,0.962,4.62,1,53,1.5,4.0,1.5,1.2,False
006340#1228-20260723100430,006340,대원전선,ORB,FullAuto,Paper,Backtest,2026-07-23 10:04:30,2026-07-23 10:04:30,2026-07-23 10:07:27,3,68,13370,13160,13170,1.496,-16339,-1.797,-1.20,0.224,-1.571,0,-0.076,StopLoss,"ORB5 고가 13,330 돌파 (범위 6.2%)","손절 (13,170)",9.95,2.54,0.965,161.9,0.903,3.84,1,64,1.5,4.0,1.5,1.2,False
322000#1232-20260723110400,322000,HD현대에너지솔루션,VWAP눌림,FullAuto,Paper,Backtest,2026-07-23 11:04:00,2026-07-23 11:04:00,2026-07-23 11:23:15,19.2,11,147600,149672.73,146400,0.813,19020,1.171,1.44,2.236,0,0,-0.067,Trailing,"VWAP 146,938 재돌파, 직전봉 고가 147,200 돌파","1차 분할 익절 +2.0% / 트레일링 (149,000)",11.65,0.45,0.777,204.1,0.527,1.40,1,124,1.5,4.0,1.5,1.2,False
322000#1232-20260723114200,322000,HD현대에너지솔루션,VWAP눌림,FullAuto,Paper,Backtest,2026-07-23 11:42:00,2026-07-23 11:42:00,2026-07-23 12:00:25,18.4,13,148400,148800,147500,0.606,753,0.039,0.06,1.078,-0.539,0,0,BreakEven,"VWAP 147,229 재돌파, 직전봉 고가 148,100 돌파","본절 (148,800)",12.18,0.73,0.815,214.3,0.501,0.44,1,162,1.5,4.0,1.5,1.2,False
322000#1232-20260723120700,322000,HD현대에너지솔루션,VWAP눌림,FullAuto,Paper,Backtest,2026-07-23 12:07:00,2026-07-23 12:07:00,2026-07-23 12:13:30,6.5,13,148400,147600,147600,0.539,-14813,-0.768,-1.42,0.067,-0.539,0,0,StopLoss,"VWAP 147,291 재돌파, 직전봉 고가 148,000 돌파","손절 (147,600)",12.25,0.75,0.821,219.0,0.294,0.60,1,187,1.5,4.0,1.5,1.2,False
096770#1233-20260723132200,096770,SK이노베이션,VWAP눌림,FullAuto,Paper,Backtest,2026-07-23 13:22:00,2026-07-23 13:22:00,2026-07-23 13:37:10,15.2,14,126900,127200.00,126000,0.709,106,0.006,0.01,0.867,-0.236,0,0.000,BreakEven,"VWAP 126,087 재돌파, 직전봉 고가 126,800 돌파","본절 (127,200)",5.49,0.64,0.760,452.7,0.349,1.50,1,262,1.5,4.0,1.5,1.2,False
006340#1235-20260723150000,006340,대원전선,종가베팅,FullAuto,Paper,Backtest,2026-07-23 15:00:00,2026-07-23 15:00:00,2026-07-24 09:01:20,1081.3,33,14070,13650.00,13650,2.985,-14896,-3.208,-1.07,1.990,-2.985,0,0.000,StopLoss,"종가베팅: 등락 +15.7%, 고저범위 96% 위치, VWAP 13,336 위","손절 (13,650)",15.71,5.50,0.956,214.9,0.660,0.76,1,360,3,5,2.5,1.5,True
006400#1237-20260723150400,006400,삼성SDI,종가베팅,FullAuto,Paper,Backtest,2026-07-23 15:04:00,2026-07-23 15:04:00,2026-07-24 09:02:25,1078.4,1,463000,449500,449500,2.916,-14535,-3.139,-1.08,0.864,-2.916,0,0,StopLoss,"종가베팅: 등락 +10.8%, 고저범위 99% 위치, VWAP 442,130 위","손절 (449,500)",10.77,4.72,0.989,524.1,0.316,0.11,1,364,3,5,2.5,1.5,True
460930#1240-20260724090527,460930,현대힘스,ORB,FullAuto,Paper,Backtest,2026-07-24 09:05:27,2026-07-24 09:05:27,2026-07-24 09:06:27,1,62,14910,14680,14690,1.476,-16354,-1.769,-1.20,0.201,-1.543,0,-0.068,StopLoss,"ORB5 고가 14,900 돌파 (범위 3.3%)","손절 (14,690)",7.97,1.31,1,233.3,1.498,2.83,1,5,1.5,4.0,1.5,1.2,False
460930#1240-20260724093922,460930,현대힘스,ORB,FullAuto,Paper,Backtest,2026-07-24 09:39:22,2026-07-24 09:39:22,2026-07-24 09:45:30,6.1,62,14940,15405,14720,1.473,26640,2.876,1.95,4.083,-0.803,0,-0.065,TakeProfit,"ORB5 고가 14,900 돌파 (범위 3.3%)",1차 분할 익절 +2.0% / 목표 익절 +4.0%,8.18,3.12,1,162.3,1.114,6.19,1,39,1.5,4.0,1.5,1.2,False
119850#1244-20260724103500,119850,지엔씨에너지,VWAP눌림,FullAuto,Paper,Backtest,2026-07-24 10:35:00,2026-07-24 10:35:00,2026-07-24 10:37:25,2.4,28,49250,49350,48800,0.914,-376,-0.027,-0.03,0.914,-0.305,0,-0.101,BreakEven,"VWAP 48,950 재돌파, 직전봉 고가 49,100 돌파","본절 (49,400)",8.01,0.51,0.603,205.8,1.074,0.69,1,95,1.5,4.0,1.5,1.2,False
119850#1244-20260724104800,119850,지엔씨에너지,VWAP눌림,FullAuto,Paper,Backtest,2026-07-24 10:48:00,2026-07-24 10:48:00,2026-07-24 10:49:27,1.5,31,49000,48550,48600,0.816,-17412,-1.146,-1.40,0.102,-0.918,0,-0.103,StopLoss,"VWAP 48,954 재돌파, 직전봉 고가 48,900 돌파","손절 (48,600)",7.57,0.09,0.574,211.6,0.649,0.69,1,108,1.5,4.0,1.5,1.2,False
119850#1244-20260724110100,119850,지엔씨에너지,VWAP눌림,FullAuto,Paper,Backtest,2026-07-24 11:01:00,2026-07-24 11:01:00,2026-07-24 11:04:15,3.2,25,49000,48500,48500,1.020,-15289,-1.248,-1.22,0,-1.020,0,0,StopLoss,"VWAP 48,950 재돌파, 직전봉 고가 48,750 돌파","손절 (48,500)",7.46,0.00,0.566,205.1,0.744,1.23,1,121,1.5,4.0,1.5,1.2,False
460930#1249-20260724150000,460930,현대힘스,종가베팅,FullAuto,Paper,Backtest,2026-07-24 15:00:00,2026-07-24 15:00:00,2026-07-27 09:02:27,3962.5,29,16110,15610,15630,2.980,-15542,-3.327,-1.12,2.421,-3.104,0,-0.128,StopLoss,"종가베팅: 등락 +16.7%, 고저범위 78% 위치, VWAP 15,763 위","손절 (15,630)",16.65,2.20,0.779,170.5,0.918,0.39,1,360,3,5,2.5,1.5,True
108860#1253-20260727090730,108860,셀바스AI,ORB,FullAuto,Paper,Backtest,2026-07-27 09:07:30,2026-07-27 09:07:30,2026-07-27 09:08:05,0.6,108,8510,8390,8390,1.410,-15044,-1.637,-1.16,0,-1.410,0,0,StopLoss,"ORB5 고가 8,480 돌파 (범위 7.6%)","손절 (8,390)",23.15,3.12,1,258.8,3.220,2.18,1,8,1.5,4.0,1.5,1.2,False
036930#1252-20260727091730,036930,주성엔지니어링,ORB,FullAuto,Paper,Backtest,2026-07-27 09:17:30,2026-07-27 09:17:30,2026-07-27 09:19:27,2,6,151300,149000.00,149100,1.454,-15858,-1.747,-1.20,0,-1.520,0,-0.067,StopLoss,"ORB5 고가 150,800 돌파 (범위 4.0%)","손절 (149,100)",7.30,2.76,1,185.6,1.430,6.62,1,18,1.5,4.0,1.5,1.2,False
036930#1252-20260727092630,036930,주성엔지니어링,ORB,FullAuto,Paper,Backtest,2026-07-27 09:26:30,2026-07-27 09:26:30,2026-07-27 09:37:15,10.8,6,150900,148600,148700,1.458,-15851,-1.751,-1.20,1.193,-1.524,0,-0.067,StopLoss,"ORB5 고가 150,800 돌파 (범위 4.0%)","손절 (148,700)",7.02,2.16,0.949,178.1,1.112,2.06,1,26,1.5,4.0,1.5,1.2,False
138040#1250-20260724150000,138040,메리츠금융지주,종가베팅,FullAuto,Paper,Backtest,2026-07-24 15:00:00,2026-07-24 15:00:00,2026-07-27 09:48:25,4008.4,3,122700,125733.33,119100,2.934,8237,2.238,0.76,4.319,-0.570,0,-0.027,Trailing,"종가베팅: 등락 +5.1%, 고저범위 95% 위치, VWAP 121,306 위","1차 분할 익절 +2% / 트레일링 (126,000)",5.15,1.07,0.951,487.9,0.221,1.13,1,360,3,5,2.5,1.5,True
240810#1254-20260727103300,240810,원익IPS,VWAP눌림,FullAuto,Paper,Backtest,2026-07-27 10:33:00,2026-07-27 10:33:00,2026-07-27 10:36:30,3.5,10,102700,101400,101400,1.266,-15334,-1.493,-1.18,0.682,-1.266,0,0,StopLoss,"VWAP 102,403 재돌파, 직전봉 고가 102,500 돌파","손절 (101,400)",2.19,0.29,0.6,208.4,0.577,1.91,1,93,1.5,4.0,1.5,1.2,False
240810#1254-20260727110000,240810,원익IPS,VWAP눌림,FullAuto,Paper,Backtest,2026-07-27 11:00:00,2026-07-27 11:00:00,2026-07-27 11:05:30,5.5,9,102800,101400,101400,1.362,-14699,-1.589,-1.17,0.097,-1.362,0,0,StopLoss,"VWAP 102,415 재돌파, 직전봉 고가 101,800 돌파","손절 (101,400)",2.19,0.28,0.6,212.5,0.570,1.33,1,120,1.5,4.0,1.5,1.2,False
240810#1254-20260727114300,240810,원익IPS,VWAP눌림,FullAuto,Paper,Backtest,2026-07-27 11:43:00,2026-07-27 11:43:00,2026-07-27 11:49:22,6.4,19,102500,102000.0,102000,0.488,-13958,-0.717,-1.47,0,-0.488,0,0.0,StopLoss,"VWAP 102,377 재돌파, 직전봉 고가 102,300 돌파","손절 (102,000)",1.89,0.02,0.56,226.4,0.398,0.61,1,163,1.5,4.0,1.5,1.2,False
036930#1261-20260727150000,036930,주성엔지니어링,종가베팅,FullAuto,Paper,Backtest,2026-07-27 15:00:00,2026-07-27 15:00:00,2026-07-28 09:01:00,1081,3,151100,137600,146600,2.978,-41453,-9.145,-3.07,0,-8.934,0,-6.139,StopLoss,"종가베팅: 등락 +7.1%, 고저범위 80% 위치, VWAP 148,176 위","손절 (146,600)",7.09,1.91,0.8,216.7,0.317,0.71,1,360,3,5,2.5,1.5,True
240810#1258-20260727150000,240810,원익IPS,종가베팅,FullAuto,Paper,Backtest,2026-07-27 15:00:00,2026-07-27 15:00:00,2026-07-28 09:03:00,1083,4,105100,95200,102000,2.950,-40481,-9.629,-3.26,0.571,-9.420,0,-6.667,StopLoss,"종가베팅: 등락 +4.5%, 고저범위 89% 위치, VWAP 102,802 위","손절 (102,000)",4.48,2.14,0.895,328.9,0.361,0.90,1,360,3,5,2.5,1.5,True
333430#1268-20260728124600,333430,일승,VWAP눌림,FullAuto,Paper,Backtest,2026-07-28 12:46:00,2026-07-28 12:46:00,2026-07-28 12:49:20,3.3,199,4365,4380,4300,1.489,982,0.113,0.08,1.604,-0.458,0,0,BreakEven,"VWAP 4,299 재돌파, 직전봉 고가 4,195 돌파","본절 (4,380)",16.27,1.41,0.685,191.3,1.638,5.52,1,226,1.5,4.0,1.5,1.2,False
199430#1269-20260728131700,199430,케이엔알시스템,VWAP눌림,FullAuto,Paper,Backtest,2026-07-28 13:17:00,2026-07-28 13:17:00,2026-07-28 13:19:20,2.3,53,17000,16720,16750,1.471,-16879,-1.873,-1.27,0.824,-1.647,0,-0.179,StopLoss,"VWAP 17,039 재돌파, 직전봉 고가 16,940 돌파","손절 (16,750)",19.13,-0.23,0.563,160.9,1.420,2.65,1,257,1.5,4.0,1.5,1.2,False
333430#1268-20260728133000,333430,일승,VWAP눌림,FullAuto,Paper,Backtest,2026-07-28 13:30:00,2026-07-28 13:30:00,2026-07-28 13:35:25,5.4,116,4335,4220.00,4220,2.653,-14467,-2.877,-1.08,0,-2.653,0,0.000,StopLoss,"VWAP 4,311 재돌파, 직전봉 고가 4,245 돌파","손절 (4,220)",15.47,0.44,0.655,189.4,0.965,4.30,1,270,1.5,4.0,1.5,1.2,False
003230#1275-20260729112300,003230,삼양식품,VWAP눌림,FullAuto,Paper,Backtest,2026-07-29 11:23:00,2026-07-29 11:23:00,2026-07-29 11:37:30,14.5,1,1276000,1266000,1267000,0.705,-12912,-1.012,-1.43,0.627,-0.784,0,-0.079,StopLoss,"VWAP 1,274,058 재돌파, 직전봉 고가 1,275,000 돌파","손절 (1,267,000)",7.77,0.15,0.711,218.0,0.649,0.96,1,143,1.5,4.0,1.5,1.2,False
058610#1277-20260729150000,058610,에스피지,종가베팅,FullAuto,Paper,Backtest,2026-07-29 15:00:00,2026-07-29 15:00:00,2026-07-30 09:01:00,1081,5,79400,85300,77100,2.897,28525,7.185,2.48,7.557,-1.008,0,-0.117,TakeProfit,"종가베팅: 등락 +18.7%, 고저범위 78% 위치, VWAP 76,788 위",목표 익절 +5%,18.68,3.40,0.781,289.3,0.891,1.14,1,360,3,5,2.5,1.5,True
475150#1278-20260730091030,475150,SK이터닉스,ORB,FullAuto,Paper,Backtest,2026-07-30 09:10:30,2026-07-30 09:10:30,2026-07-30 09:15:30,5,18,47000,48425,46300,1.489,23651,2.796,1.88,4.255,-0.851,0,-0.103,TakeProfit,"ORB5 고가 46,800 돌파 (범위 8.1%)",1차 분할 익절 +2.0% / 목표 익절 +4.0%,8.17,3.43,1,264.3,2.420,1.47,1,10,1.5,4.0,1.5,1.2,False
475150#1278-20260730092115,475150,SK이터닉스,ORB,FullAuto,Paper,Backtest,2026-07-30 09:21:15,2026-07-30 09:21:15,2026-07-30 09:21:25,0.2,18,46850,46050.00,46150,1.494,-16307,-1.934,-1.29,0,-1.708,0,-0.217,StopLoss,"ORB5 고가 46,800 돌파 (범위 8.1%)","손절 (46,150)",7.83,0.36,0.623,186.5,2.218,1.76,1,21,1.5,4.0,1.5,1.2,False
009540#1283-20260730134600,009540,HD한국조선해양,VWAP눌림,FullAuto,Paper,Backtest,2026-07-30 13:46:00,2026-07-30 13:46:00,2026-07-30 13:49:10,3.2,5,367500,368500.00,365500,0.544,764,0.042,0.08,0.680,-0.136,0,0.000,BreakEven,"VWAP 365,042 재돌파, 직전봉 고가 367,000 돌파","본절 (368,500)",8.25,0.67,0.791,351.7,0.466,0.89,1,286,1.5,4.0,1.5,1.2,False
009540#1283-20260730140500,009540,HD한국조선해양,VWAP눌림,FullAuto,Paper,Backtest,2026-07-30 14:05:00,2026-07-30 14:05:00,2026-07-30 14:09:25,4.4,5,367500,368500.00,365500,0.544,764,0.042,0.08,0.544,0,0,0.000,BreakEven,"VWAP 365,207 재돌파, 직전봉 고가 367,000 돌파","본절 (368,500)",8.25,0.63,0.791,350.6,0.389,0.81,1,305,1.5,4.0,1.5,1.2,False
475150#1286-20260731090627,475150,SK이터닉스,ORB,FullAuto,Paper,Backtest,2026-07-31 09:06:27,2026-07-31 09:06:27,2026-07-31 09:07:22,0.9,18,48050,47350.0,47350,1.457,-14560,-1.683,-1.16,0.520,-1.457,0,0.0,StopLoss,"ORB5 고가 47,950 돌파 (범위 7.4%)","손절 (47,350)",14.95,3.68,1,220.3,2.992,1.56,1,6,1.5,4.0,1.5,1.2,False
036930#1285-20260731091227,036930,주성엔지니어링,ORB,FullAuto,Paper,Backtest,2026-07-31 09:12:27,2026-07-31 09:12:27,2026-07-31 09:14:15,1.8,7,121600,122000,119800,1.480,837,0.098,0.07,1.562,-0.905,0,0,Trailing,"ORB5 고가 121,400 돌파 (범위 6.1%)","트레일링 (122,000)",23.70,3.41,0.951,169.8,2.436,1.86,1,12,1.5,4.0,1.5,1.2,False
475150#1286-20260731091322,475150,SK이터닉스,ORB,FullAuto,Paper,Backtest,2026-07-31 09:13:22,2026-07-31 09:13:22,2026-07-31 09:14:30,1.1,18,48000,48750,47300,1.458,11487,1.330,0.91,2.396,0,0,-0.154,Trailing,"ORB5 고가 47,950 돌파 (범위 7.4%)","1차 분할 익절 +2.0% / 트레일링 (48,550)",14.83,3.64,0.933,204.1,2.973,4.89,1,13,1.5,4.0,1.5,1.2,False
475150#1286-20260731092105,475150,SK이터닉스,ORB,FullAuto,Paper,Backtest,2026-07-31 09:21:05,2026-07-31 09:21:05,2026-07-31 09:21:30,0.4,18,48000,47100,47300,1.458,-18151,-2.101,-1.44,0.938,-1.875,0,-0.423,StopLoss,"ORB5 고가 47,950 돌파 (범위 7.4%)","손절 (47,300)",14.83,1.89,0.748,167.1,2.641,0.31,1,21,1.5,4.0,1.5,1.2,False
002990#1289-20260731093927,002990,금호건설,ORB,FullAuto,Paper,Backtest,2026-07-31 09:39:27,2026-07-31 09:39:27,2026-07-31 09:40:27,1,86,10430,10280,10280,1.438,-14934,-1.665,-1.16,0.671,-1.438,0,0,StopLoss,"ORB5 고가 10,390 돌파 (범위 8.2%)","손절 (10,280)",9.91,5.48,0.869,139.6,1.774,1.91,1,39,1.5,4.0,1.5,1.2,False
002990#1289-20260731094627,002990,금호건설,ORB,FullAuto,Paper,Backtest,2026-07-31 09:46:27,2026-07-31 09:46:27,2026-07-31 09:47:27,1,86,10410,10230.00,10260,1.441,-17504,-1.955,-1.36,0.384,-1.729,0,-0.292,StopLoss,"ORB5 고가 10,390 돌파 (범위 8.2%)","손절 (10,260)",9.69,4.88,0.858,141.7,1.743,1.61,1,46,1.5,4.0,1.5,1.2,False
002990#1289-20260731095410,002990,금호건설,ORB,FullAuto,Paper,Backtest,2026-07-31 09:54:10,2026-07-31 09:54:10,2026-07-31 09:55:27,1.3,86,10400,10250,10250,1.442,-14929,-1.669,-1.16,0.096,-1.442,0,0,StopLoss,"ORB5 고가 10,390 돌파 (범위 8.2%)","손절 (10,250)",9.59,4.07,0.852,140.0,1.841,0.72,1,54,1.5,4.0,1.5,1.2,False
267260#1291-20260731105300,267260,HD현대일렉트릭,VWAP눌림,FullAuto,Paper,Backtest,2026-07-31 10:53:00,2026-07-31 10:53:00,2026-07-31 11:04:30,11.5,1,676000,670000,670000,0.888,-7541,-1.116,-1.26,0.444,-0.888,0,0,StopLoss,"VWAP 673,884 재돌파, 직전봉 고가 674,000 돌파","손절 (670,000)",15.75,0.31,0.656,292.0,0.507,1.76,1,113,1.5,4.0,1.5,1.2,False
036930#1285-20260731130422,036930,주성엔지니어링,ORB,FullAuto,Paper,Backtest,2026-07-31 13:04:22,2026-07-31 13:04:22,2026-07-31 13:24:22,20,7,121600,122100,119800,1.480,1536,0.180,0.12,0.658,-0.740,0,-0.082,TimeStop,"ORB5 고가 121,400 돌파 (범위 6.1%)",타임스탑 20분,23.70,0.12,0.611,185.0,0.241,10.23,1,244,1.5,4.0,1.5,1.2,False
267260#1291-20260731132600,267260,HD현대일렉트릭,VWAP눌림,FullAuto,Paper,Backtest,2026-07-31 13:26:00,2026-07-31 13:26:00,2026-07-31 13:50:15,24.2,1,673000,675000,667000,0.892,449,0.067,0.07,1.040,-0.594,0,0,BreakEven,"VWAP 672,713 재돌파, 직전봉 고가 671,000 돌파","본절 (675,000)",15.07,-0.11,0.594,312.2,0.330,0.80,1,266,1.5,4.0,1.5,1.2,False
267260#1291-20260731141700,267260,HD현대일렉트릭,VWAP눌림,FullAuto,Paper,Backtest,2026-07-31 14:17:00,2026-07-31 14:17:00,2026-07-31 14:35:22,18.4,2,679000,674000.0,674000,0.736,-13101,-0.965,-1.31,0.589,-0.736,0,0.0,StopLoss,"VWAP 673,088 재돌파, 직전봉 고가 677,000 돌파","손절 (674,000)",16.27,0.88,0.703,325.3,0.421,0.39,1,317,1.5,4.0,1.5,1.2,False
066570#1290-20260731142625,066570,LG전자,ORB,FullAuto,Paper,Backtest,2026-07-31 14:26:25,2026-07-31 14:26:25,2026-07-31 14:50:00,23.6,5,159000,159400,156700,1.447,168,0.021,0.01,0.943,-1.384,0,-0.063,ForceClose,"ORB5 고가 158,900 돌파 (범위 3.1%)",장마감 강제청산,7.00,1.22,0.657,275.4,0.238,2.15,1,326,1.5,4.0,1.5,1.2,False
086520#1292-20260731150000,086520,에코프로,종가베팅,FullAuto,Paper,Backtest,2026-07-31 15:00:00,2026-07-31 15:00:00,2026-08-03 09:01:00,3961,5,79900,77100,77600,2.879,-14887,-3.726,-1.29,0.125,-3.504,0,-0.644,StopLoss,"종가베팅: 등락 +12.5%, 고저범위 88% 위치, VWAP 78,229 위","손절 (77,600)",12.54,2.14,0.877,1213.5,0.259,2.96,1,360,3,5,2.5,1.5,True
034020#1293-20260731150000,034020,두산에너빌리티,종가베팅,FullAuto,Paper,Backtest,2026-07-31 15:00:00,2026-07-31 15:00:00,2026-08-03 09:13:27,3973.5,6,67300,65300,65300,2.972,-12901,-3.195,-1.08,0.743,-2.972,0,0,StopLoss,"종가베팅: 등락 +10.9%, 고저범위 95% 위치, VWAP 65,836 위","손절 (65,300)",10.87,2.22,0.949,1034.7,0.265,0.73,1,360,3,5,2.5,1.5,True
108860#1297-20260803094530,108860,셀바스AI,ORB,FullAuto,Paper,Backtest,2026-08-03 09:45:30,2026-08-03 09:45:30,2026-08-03 09:45:42,0.2,90,9400,9250.00,9260,1.489,-15415,-1.822,-1.22,0,-1.596,0,-0.108,StopLoss,"ORB5 고가 9,350 돌파 (범위 7.1%)","손절 (9,260)",8.17,4.79,1,328.0,0.790,17.05,1,46,1.5,4.0,1.5,1.2,False
108860#1297-20260803101430,108860,셀바스AI,ORB,FullAuto,Paper,Backtest,2026-08-03 10:14:30,2026-08-03 10:14:30,2026-08-03 10:16:15,1.8,90,9360,9220,9220,1.496,-14509,-1.722,-1.15,0,-1.496,0,0,StopLoss,"ORB5 고가 9,350 돌파 (범위 7.1%)","손절 (9,220)",7.71,3.68,0.947,194.5,0.740,3.62,1,74,1.5,4.0,1.5,1.2,False
036930#1298-20260803101400,036930,주성엔지니어링,VWAP눌림,FullAuto,Paper,Backtest,2026-08-03 10:14:00,2026-08-03 10:14:00,2026-08-03 10:16:27,2.5,7,127600,125900,125900,1.332,-13927,-1.559,-1.17,0,-1.332,0,0,StopLoss,"VWAP 126,020 재돌파, 직전봉 고가 126,800 돌파","손절 (125,900)",2.41,1.17,0.632,184.5,0.941,0.92,1,74,1.5,4.0,1.5,1.2,False
108860#1297-20260803104730,108860,셀바스AI,ORB,FullAuto,Paper,Backtest,2026-08-03 10:47:30,2026-08-03 10:47:30,2026-08-03 10:48:27,1,90,9370,9230,9230,1.494,-14511,-1.721,-1.15,0,-1.494,0,0,StopLoss,"ORB5 고가 9,350 돌파 (범위 7.1%)","손절 (9,230)",7.83,3.40,0.96,204.1,0.633,7.73,1,108,1.5,4.0,1.5,1.2,False
058610#1302-20260803123400,058610,에스피지,VWAP눌림,FullAuto,Paper,Backtest,2026-08-03 12:34:00,2026-08-03 12:34:00,2026-08-03 12:55:30,21.5,11,108700,109000,107600,1.012,544,0.045,0.04,1.104,-0.828,0,0,BreakEven,"VWAP 107,396 재돌파, 직전봉 고가 107,900 돌파","본절 (109,000)",16.76,1.21,0.632,175.6,0.499,1.35,1,214,1.5,4.0,1.5,1.2,False
058610#1302-20260803130800,058610,에스피지,VWAP눌림,FullAuto,Paper,Backtest,2026-08-03 13:08:00,2026-08-03 13:08:00,2026-08-03 13:11:20,3.3,12,108300,107200.00,107300,0.923,-16158,-1.243,-1.35,0.277,-1.016,0,-0.093,StopLoss,"VWAP 107,441 재돌파, 직전봉 고가 107,700 돌파","손절 (107,300)",16.33,0.80,0.608,207.6,0.448,0.85,1,248,1.5,4.0,1.5,1.2,False
058610#1302-20260803135500,058610,에스피지,VWAP눌림,FullAuto,Paper,Backtest,2026-08-03 13:55:00,2026-08-03 13:55:00,2026-08-03 13:58:15,3.2,10,107700,106500,106500,1.114,-14450,-1.342,-1.20,0.093,-1.114,0,0,StopLoss,"VWAP 107,377 재돌파, 직전봉 고가 106,900 돌파","손절 (106,500)",15.57,0.21,0.567,218.9,0.412,1.74,1,295,1.5,4.0,1.5,1.2,False
006340#1303-20260804090522,006340,대원전선,ORB,FullAuto,Paper,Backtest,2026-08-04 09:05:22,2026-08-04 09:05:22,2026-08-04 09:07:22,2,58,14870,14620.0,14650,1.479,-16451,-1.907,-1.29,1.412,-1.681,0,-0.205,StopLoss,"ORB5 고가 14,820 돌파 (범위 6.2%)","손절 (14,650)",13.42,2.58,1,216.7,2.376,2.81,1,5,1.5,4.0,1.5,1.2,False
017670#1308-20260804130900,017670,SK텔레콤,VWAP눌림,FullAuto,Paper,Backtest,2026-08-04 13:09:00,2026-08-04 13:09:00,2026-08-04 13:12:30,3.5,16,90900,90200,90200,0.770,-14520,-0.998,-1.30,0,-0.770,0,0,StopLoss,"VWAP 90,440 재돌파, 직전봉 고가 90,600 돌파","손절 (90,200)",12.38,0.40,0.701,321.5,0.370,1.06,1,249,1.5,4.0,1.5,1.2,False
017670#1308-20260804132100,017670,SK텔레콤,VWAP눌림,FullAuto,Paper,Backtest,2026-08-04 13:21:00,2026-08-04 13:21:00,2026-08-04 13:21:30,0.5,22,90800,90400,90400,0.441,-13374,-0.670,-1.52,0.110,-0.441,0,0,StopLoss,"VWAP 90,440 재돌파, 직전봉 고가 90,700 돌파","손절 (90,400)",12.25,0.29,0.691,320.5,0.394,0.79,1,261,1.5,4.0,1.5,1.2,False
017670#1308-20260804132800,017670,SK텔레콤,VWAP눌림,FullAuto,Paper,Backtest,2026-08-04 13:28:00,2026-08-04 13:28:00,2026-08-04 13:30:37,2.6,22,90600,90900.0,90200,0.442,2004,0.101,0.23,0.442,-0.331,0,0.0,BreakEven,"VWAP 90,441 재돌파, 직전봉 고가 90,500 돌파","본절 (90,900)",12.13,0.18,0.680,321.5,0.323,1.28,1,268,1.5,4.0,1.5,1.2,False
006340#1312-20260805090512,006340,대원전선,ORB,FullAuto,Paper,Backtest,2026-08-05 09:05:12,2026-08-05 09:05:12,2026-08-05 09:05:27,0.2,55,15390,15140,15160,1.494,-15665,-1.851,-1.24,0.195,-1.624,0,-0.132,StopLoss,"ORB5 고가 15,380 돌파 (범위 7.3%)","손절 (15,160)",11.60,3.19,1,110.7,2.946,1.58,1,5,1.5,4.0,1.5,1.2,False
304100#1314-20260805090727,304100,솔트룩스,ORB,FullAuto,Paper,Backtest,2026-08-05 09:07:27,2026-08-05 09:07:27,2026-08-05 09:08:25,1,44,19890,19580.00,19600,1.458,-15623,-1.785,-1.22,0.201,-1.559,0,-0.102,StopLoss,"ORB5 고가 19,870 돌파 (범위 5.2%)","손절 (19,600)",17.00,2.45,1,173.1,2.252,2.51,1,7,1.5,4.0,1.5,1.2,False
006340#1312-20260805091320,006340,대원전선,ORB,FullAuto,Paper,Backtest,2026-08-05 09:13:20,2026-08-05 09:13:20,2026-08-05 09:14:10,0.8,55,15430,15648.36,15200,1.491,10036,1.183,0.79,2.074,0,0,-0.031,Trailing,"ORB5 고가 15,380 돌파 (범위 7.3%)","1차 분할 익절 +2.0% / 트레일링 (15,560)",11.89,1.86,0.852,128.1,2.092,3.20,1,13,1.5,4.0,1.5,1.2,False
036930#1320-20260805150000,036930,주성엔지니어링,종가베팅,FullAuto,Paper,Backtest,2026-08-05 15:00:00,2026-08-05 15:00:00,2026-08-06 09:01:07,1081.1,3,144000,139300.0,139700,2.986,-15061,-3.486,-1.17,0,-3.264,0,-0.286,StopLoss,"종가베팅: 등락 +5.8%, 고저범위 80% 위치, VWAP 140,773 위","손절 (139,700)",5.81,2.22,0.802,514.1,0.228,0.44,1,360,3,5,2.5,1.5,True
439960#1318-20260805150000,439960,코스모로보틱스,종가베팅,FullAuto,Paper,Backtest,2026-08-05 15:00:00,2026-08-05 15:00:00,2026-08-06 09:01:17,1081.3,23,18890,19856.96,18330,2.965,21196,4.879,1.65,5.400,-0.476,0,-0.050,TakeProfit,"종가베팅: 등락 +5.1%, 고저범위 89% 위치, VWAP 18,311 위",1차 분할 익절 +2% / 목표 익절 +5%,5.06,3.16,0.888,206.9,0.775,2.46,1,360,3,5,2.5,1.5,True
476060#1324-20260806094727,476060,온코닉테라퓨틱스,ORB,FullAuto,Paper,Backtest,2026-08-06 09:47:27,2026-08-06 09:47:27,2026-08-06 09:48:22,0.9,63,13900,13700.0,13700,1.439,-14586,-1.666,-1.16,0.288,-1.439,0,0.0,StopLoss,"ORB5 고가 13,860 돌파 (범위 3.3%)","손절 (13,700)",8.09,1.67,1,186.0,0.360,14.23,1,47,1.5,4.0,1.5,1.2,False
476060#1324-20260806095520,476060,온코닉테라퓨틱스,ORB,FullAuto,Paper,Backtest,2026-08-06 09:55:20,2026-08-06 09:55:20,2026-08-06 09:56:22,1,63,13900,14083.49,13700,1.439,9524,1.088,0.76,2.086,0,0,-0.107,Trailing,"ORB5 고가 13,860 돌파 (범위 3.3%)","1차 분할 익절 +2.0% / 트레일링 (14,010)",8.09,1.50,0.923,206.7,0.632,19.59,1,55,1.5,4.0,1.5,1.2,False
476060#1324-20260806110030,476060,온코닉테라퓨틱스,ORB,FullAuto,Paper,Backtest,2026-08-06 11:00:30,2026-08-06 11:00:30,2026-08-06 11:26:30,26,63,13880,14083.65,13680,1.441,10794,1.234,0.86,2.161,-0.576,0,-0.035,Trailing,"ORB5 고가 13,860 돌파 (범위 3.3%)","1차 분할 익절 +2.0% / 트레일링 (14,000)",7.93,1.29,0.670,170.9,0.283,5.10,1,120,1.5,4.0,1.5,1.2,False
090360#1325-20260806113800,090360,로보스타,VWAP눌림,FullAuto,Paper,Backtest,2026-08-06 11:38:00,2026-08-06 11:38:00,2026-08-06 11:40:30,2.5,22,83200,82700,82700,0.601,-15184,-0.830,-1.38,0.120,-0.601,0,0,StopLoss,"VWAP 82,799 재돌파, 직전봉 고가 83,000 돌파","손절 (82,700)",11.99,0.36,0.380,201.1,0.305,0.82,1,158,1.5,4.0,1.5,1.2,False
090360#1325-20260806114700,090360,로보스타,VWAP눌림,FullAuto,Paper,Backtest,2026-08-06 11:47:00,2026-08-06 11:47:00,2026-08-06 11:49:30,2.5,24,83100,82800,82800,0.361,-11771,-0.590,-1.63,0.120,-0.361,0,0,StopLoss,"VWAP 82,801 재돌파, 직전봉 고가 83,000 돌파","손절 (82,800)",11.99,0.36,0.380,204.1,0.258,1.11,1,167,1.5,4.0,1.5,1.2,False
090360#1325-20260806120300,090360,로보스타,VWAP눌림,FullAuto,Paper,Backtest,2026-08-06 12:03:00,2026-08-06 12:03:00,2026-08-06 12:08:22,5.4,18,83000,82400.0,82400,0.723,-14212,-0.951,-1.32,0,-0.723,0,0.0,StopLoss,"VWAP 82,799 재돌파, 직전봉 고가 82,700 돌파","손절 (82,400)",11.73,0.12,0.354,206.2,0.379,0.99,1,183,1.5,4.0,1.5,1.2,False
006360#1326-20260806123700,006360,GS건설,VWAP눌림,FullAuto,Paper,Backtest,2026-08-06 12:37:00,2026-08-06 12:37:00,2026-08-06 12:40:30,3.5,29,33200,32800,32800,1.205,-13788,-1.432,-1.19,0,-1.205,0,0,StopLoss,"VWAP 32,753 재돌파, 직전봉 고가 33,050 돌파","손절 (32,800)",6.42,1.21,0.790,324.9,0.496,0.53,1,217,1.5,4.0,1.5,1.2,False
006360#1326-20260806135700,006360,GS건설,VWAP눌림,FullAuto,Paper,Backtest,2026-08-06 13:57:00,2026-08-06 13:57:00,2026-08-06 13:58:27,1.5,44,33150,32900,32900,0.754,-14330,-0.982,-1.30,0,-0.754,0,0,StopLoss,"VWAP 32,876 재돌파, 직전봉 고가 33,000 돌파","손절 (32,900)",6.26,0.68,0.75,347.2,0.432,0.52,1,297,1.5,4.0,1.5,1.2,False
086520#1327-20260806150017,086520,에코프로,종가베팅,FullAuto,Paper,Backtest,2026-08-06 15:00:17,2026-08-06 15:00:17,2026-08-07 09:01:30,1081.2,5,84900,88560,82400,2.945,17286,4.072,1.38,5.418,-1.885,0,-0.113,TakeProfit,"종가베팅: 등락 +3.7%, 고저범위 85% 위치, VWAP 83,245 위",1차 분할 익절 +2% / 목표 익절 +5%,3.66,1.99,0.855,839.7,0.395,0.67,1,360,3,5,2.5,1.5,True
322000#1331-20260807090510,322000,HD현대에너지솔루션,ORB,FullAuto,Paper,Backtest,2026-08-07 09:05:10,2026-08-07 09:05:10,2026-08-07 09:05:25,0.2,5,148000,145600,145800,1.486,-13676,-1.848,-1.24,0.338,-1.622,0,-0.137,StopLoss,"ORB5 고가 147,800 돌파 (범위 6.4%)","손절 (145,800)",10.45,2.69,1,137.9,3.221,1.19,1,5,1.5,4.0,1.5,1.2,False
073240#1329-20260807090530,073240,금호타이어,ORB,FullAuto,Paper,Backtest,2026-08-07 09:05:30,2026-08-07 09:05:30,2026-08-07 09:07:10,1.7,100,8300,8180.00,8180,1.446,-13882,-1.673,-1.16,0.602,-1.446,0,0.000,StopLoss,"ORB5 고가 8,280 돌파 (범위 7.3%)","손절 (8,180)",4.80,2.20,1,170.9,2.329,1.35,1,6,1.5,4.0,1.5,1.2,False
322000#1331-20260807091420,322000,HD현대에너지솔루션,ORB,FullAuto,Paper,Backtest,2026-08-07 09:14:20,2026-08-07 09:14:20,2026-08-07 09:14:42,0.4,5,148200,150900,146000,1.484,11769,1.588,1.07,3.104,0,0,-0.185,Trailing,"ORB5 고가 147,800 돌파 (범위 6.4%)","1차 분할 익절 +2.0% / 트레일링 (150,900)",10.60,1.97,0.969,139.2,2.064,5.66,1,14,1.5,4.0,1.5,1.2,False
073240#1329-20260807091825,073240,금호타이어,ORB,FullAuto,Paper,Backtest,2026-08-07 09:18:25,2026-08-07 09:18:25,2026-08-07 09:21:22,3,100,8300,8435.0,8180,1.446,11564,1.393,0.96,2.530,0,0,-0.178,Trailing,"ORB5 고가 8,280 돌파 (범위 7.3%)","1차 분할 익절 +2.0% / 트레일링 (8,400)",4.80,1.81,0.921,179.9,1.437,6.06,1,18,1.5,4.0,1.5,1.2,False
214450#1328-20260806150317,214450,파마리서치,종가베팅,FullAuto,Paper,Backtest,2026-08-06 15:03:17,2026-08-06 15:03:17,2026-08-07 09:29:15,1106,1,396500,400000,385000,2.900,2581,0.651,0.22,2.522,-1.261,0,0,Trailing,"종가베팅: 등락 +4.2%, 고저범위 81% 위치, VWAP 392,392 위","트레일링 (400,000)",4.20,1.05,0.814,403.5,0.486,1.29,1,363,3,5,2.5,1.5,True
463020#1332-20260807103900,463020,뉴엔AI,VWAP눌림,FullAuto,Paper,Backtest,2026-08-07 10:39:00,2026-08-07 10:39:00,2026-08-07 10:44:07,5.1,59,12950,13123.73,12740,1.622,8473,1.109,0.68,2.008,-0.309,0,-0.037,Trailing,"VWAP 12,727 재돌파, 직전봉 고가 12,930 돌파","1차 분할 익절 +2.0% / 트레일링 (13,050)",14.50,1.76,0.767,151.2,1.346,0.56,1,99,1.5,4.0,1.5,1.2,False
096770#1335-20260807151400,096770,SK이노베이션,종가베팅,FullAuto,Paper,Backtest,2026-08-07 15:14:00,2026-08-07 15:14:00,2026-08-10 09:01:30,3947.5,3,119900,116300,116400,2.919,-11602,-3.225,-1.10,0.250,-3.003,0,-0.086,StopLoss,"종가베팅: 등락 +10.5%, 고저범위 97% 위치, VWAP 115,017 위","손절 (116,400)",10.51,4.25,0.972,385.1,0.387,1.15,1,374,3,5,2.5,1.5,True
017900#1336-20260810090922,017900,광전자,ORB,FullAuto,Paper,Backtest,2026-08-10 09:09:22,2026-08-10 09:09:22,2026-08-10 09:10:10,0.8,94,8960,9020,8830,1.451,3692,0.438,0.30,1.897,0,0,0,Trailing,"ORB5 고가 8,900 돌파 (범위 9.9%)","트레일링 (9,020)",14.72,3.71,1,229.6,2.493,2.72,1,9,1.5,4.0,1.5,1.2,False
036930#1337-20260810090625,036930,주성엔지니어링,ORB,FullAuto,Paper,Backtest,2026-08-10 09:06:25,2026-08-10 09:06:25,2026-08-10 09:11:07,4.7,6,136200,139000.0,134200,1.468,14887,1.822,1.24,3.304,0,0,-0.072,Trailing,"ORB5 고가 136,000 돌파 (범위 6.4%)","1차 분할 익절 +2.0% / 트레일링 (139,000)",6.57,2.26,1,206.4,1.909,1.88,1,6,1.5,4.0,1.5,1.2,False
062040#1339-20260810094620,062040,산일전기,ORB,FullAuto,Paper,Backtest,2026-08-10 09:46:20,2026-08-10 09:46:20,2026-08-10 09:49:30,3.2,4,180400,182950,177700,1.497,8520,1.181,0.79,2.162,0,0,-0.055,Trailing,"ORB5 고가 180,000 돌파 (범위 6.4%)","1차 분할 익절 +2.0% / 트레일링 (182,000)",13.03,0.06,0.673,159.1,0.752,2.80,1,46,1.5,4.0,1.5,1.2,False
036930#1341-20260810150000,036930,주성엔지니어링,종가베팅,FullAuto,Paper,Backtest,2026-08-10 15:00:00,2026-08-10 15:00:00,2026-08-11 09:01:27,1081.5,2,144700,140200,140400,2.972,-9645,-3.333,-1.12,0.415,-3.110,0,-0.142,StopLoss,"종가베팅: 등락 +13.1%, 고저범위 95% 위치, VWAP 141,013 위","손절 (140,400)",13.15,2.54,0.949,261.7,0.156,0.97,1,360,3,5,2.5,1.5,True
241710#1342-20260811091415,241710,코스메카코리아,ORB,FullAuto,Paper,Backtest,2026-08-11 09:14:15,2026-08-11 09:14:15,2026-08-11 09:14:22,0.1,7,109500,107300,107900,1.461,-17128,-2.235,-1.53,0,-2.009,0,-0.556,StopLoss,"ORB5 고가 109,400 돌파 (범위 6.8%)","손절 (107,900)",9.61,2.85,1,124.6,2.610,2.64,1,14,1.5,4.0,1.5,1.2,False
241710#1342-20260811092315,241710,코스메카코리아,ORB,FullAuto,Paper,Backtest,2026-08-11 09:23:15,2026-08-11 09:23:15,2026-08-11 09:26:25,3.2,7,109500,110000.00,107900,1.461,1731,0.226,0.15,1.918,-1.096,0,-0.181,Trailing,"ORB5 고가 109,400 돌파 (범위 6.8%)","트레일링 (110,200)",9.61,2.59,0.986,128.0,1.950,1.77,1,23,1.5,4.0,1.5,1.2,False
241710#1342-20260811093722,241710,코스메카코리아,ORB,FullAuto,Paper,Backtest,2026-08-11 09:37:22,2026-08-11 09:37:22,2026-08-11 09:41:27,4.1,7,109700,110100,108100,1.459,1029,0.134,0.09,1.641,0,0,0,Trailing,"ORB5 고가 109,400 돌파 (범위 6.8%)","트레일링 (110,100)",9.81,2.18,0.793,140.1,1.074,3.51,1,37,1.5,4.0,1.5,1.2,False
042660#1340-20260810150000,042660,한화오션,종가베팅,FullAuto,Paper,Backtest,2026-08-10 15:00:00,2026-08-10 15:00:00,2026-08-11 10:00:00,1140,4,93900,91800,91100,2.982,-9245,-2.461,-0.83,0.532,-2.875,0,-0.109,NextDayDeadline,"종가베팅: 등락 +4.4%, 고저범위 95% 위치, VWAP 92,369 위",익일 청산 시각 10:00,4.45,1.66,0.949,510.3,0.160,1.15,1,360,3,5,2.5,1.5,True
336260#1349-20260811110400,336260,두산퓨얼셀,VWAP눌림,FullAuto,Paper,Backtest,2026-08-11 11:04:00,2026-08-11 11:04:00,2026-08-11 11:05:20,1.3,26,36300,35850,35850,1.240,-13844,-1.467,-1.18,0,-1.240,0,0,StopLoss,"VWAP 35,961 재돌파, 직전봉 고가 36,100 돌파","손절 (35,850)",10.35,0.80,0.679,246.8,0.690,1.42,1,124,1.5,4.0,1.5,1.2,False
090460#1348-20260811111300,090460,비에이치,VWAP눌림,FullAuto,Paper,Backtest,2026-08-11 11:13:00,2026-08-11 11:13:00,2026-08-11 11:15:30,2.5,48,17640,17360,17380,1.474,-15357,-1.814,-1.23,0,-1.587,0,-0.115,StopLoss,"VWAP 17,421 재돌파, 직전봉 고가 17,560 돌파","손절 (17,380)",13.23,1.20,0.592,146.8,0.604,0.96,1,133,1.5,4.0,1.5,1.2,False
336260#1349-20260811112600,336260,두산퓨얼셀,VWAP눌림,FullAuto,Paper,Backtest,2026-08-11 11:26:00,2026-08-11 11:26:00,2026-08-11 11:29:30,3.5,44,36050,35800,35800,0.693,-14623,-0.922,-1.33,0,-0.693,0,0,StopLoss,"VWAP 35,955 재돌파, 직전봉 고가 35,950 돌파","손절 (35,800)",9.59,0.13,0.633,246.6,0.476,0.40,1,146,1.5,4.0,1.5,1.2,False
090460#1348-20260811112900,090460,비에이치,VWAP눌림,FullAuto,Paper,Backtest,2026-08-11 11:29:00,2026-08-11 11:29:00,2026-08-11 11:41:30,12.5,94,17520,17775,17390,0.742,20135,1.223,1.65,2.169,-0.114,0,-0.028,Trailing,"VWAP 17,423 재돌파, 직전봉 고가 17,470 돌파","1차 분할 익절 +2.0% / 트레일링 (17,680)",12.52,0.56,0.540,148.0,0.477,1.44,1,149,1.5,4.0,1.5,1.2,False
090460#1348-20260811121400,090460,비에이치,VWAP눌림,FullAuto,Paper,Backtest,2026-08-11 12:14:00,2026-08-11 12:14:00,2026-08-11 12:34:00,20,37,17700,17580,17360,1.921,-5935,-0.906,-0.47,0.847,-1.130,0,0,TimeStop,"VWAP 17,440 재돌파, 직전봉 고가 17,440 돌파",타임스탑 20분,13.68,1.49,0.624,152.1,0.387,3.58,1,194,1.5,4.0,1.5,1.2,False
336260#1349-20260811121900,336260,두산퓨얼셀,VWAP눌림,FullAuto,Paper,Backtest,2026-08-11 12:19:00,2026-08-11 12:19:00,2026-08-11 12:35:30,16.5,33,36100,35750,35750,0.970,-14263,-1.197,-1.23,0.139,-0.970,0,0,StopLoss,"VWAP 35,951 재돌파, 직전봉 고가 35,950 돌파","손절 (35,750)",9.74,0.28,0.642,252.0,0.396,2.62,1,199,1.5,4.0,1.5,1.2,False
439090#1350-20260811123900,439090,마녀공장,VWAP눌림,FullAuto,Paper,Backtest,2026-08-11 12:39:00,2026-08-11 12:39:00,2026-08-11 12:41:22,2.4,107,18590,18500,18500,0.484,-14183,-0.713,-1.47,0,-0.484,0,0,StopLoss,"VWAP 18,539 재돌파, 직전봉 고가 18,570 돌파","손절 (18,500)",6.54,0.22,0.587,168.7,0.417,0.79,1,219,1.5,4.0,1.5,1.2,False
240810#1351-20260811124200,240810,원익IPS,VWAP눌림,FullAuto,Paper,Backtest,2026-08-11 12:42:00,2026-08-11 12:42:00,2026-08-11 12:45:25,3.4,18,102900,102300,102300,0.583,-15035,-0.812,-1.39,0,-0.583,0,0,StopLoss,"VWAP 102,470 재돌파, 직전봉 고가 102,600 돌파","손절 (102,300)",4.47,0.32,0.639,434.6,0.271,0.93,1,222,1.5,4.0,1.5,1.2,False
006340#1353-20260812090530,006340,대원전선,ORB,FullAuto,Paper,Backtest,2026-08-12 09:05:30,2026-08-12 09:05:30,2026-08-12 09:08:27,3,54,15490,15250,15260,1.485,-14855,-1.776,-1.20,0,-1.549,0,-0.066,StopLoss,"ORB5 고가 15,480 돌파 (범위 3.1%)","손절 (15,260)",6.68,1.73,1,380.6,1.420,1.50,1,6,1.5,4.0,1.5,1.2,False
006340#1353-20260812091420,006340,대원전선,ORB,FullAuto,Paper,Backtest,2026-08-12 09:14:20,2026-08-12 09:14:20,2026-08-12 09:28:25,14.1,54,15500,15550,15270,1.484,771,0.092,0.06,1.548,-1.226,0,0,Trailing,"ORB5 고가 15,480 돌파 (범위 3.1%)","트레일링 (15,550)",6.75,1.40,1,226.4,0.995,4.50,1,14,1.5,4.0,1.5,1.2,False
006340#1353-20260812093405,006340,대원전선,ORB,FullAuto,Paper,Backtest,2026-08-12 09:34:05,2026-08-12 09:34:05,2026-08-12 09:42:25,8.3,54,15490,15260.00,15260,1.485,-14316,-1.711,-1.15,0.258,-1.485,0,0.000,StopLoss,"ORB5 고가 15,480 돌파 (범위 3.1%)","손절 (15,260)",6.68,0.45,0.653,182.2,0.763,0.65,1,34,1.5,4.0,1.5,1.2,False
257720#1358-20260812104300,257720,실리콘투,VWAP눌림,FullAuto,Paper,Backtest,2026-08-12 10:43:00,2026-08-12 10:43:00,2026-08-12 10:50:30,7.5,12,45450,46800,44500,2.090,14914,2.735,1.31,4.070,-1.430,0,-0.107,TakeProfit,"VWAP 44,739 재돌파, 직전봉 고가 45,250 돌파",1차 분할 익절 +2.0% / 목표 익절 +4.0%,11.00,1.48,0.798,267.8,0.952,0.73,1,103,1.5,4.0,1.5,1.2,False
241710#1360-20260812111700,241710,코스메카코리아,VWAP눌림,FullAuto,Paper,Backtest,2026-08-12 11:17:00,2026-08-12 11:17:00,2026-08-12 11:29:27,12.5,6,125400,123400,123400,1.595,-13703,-1.821,-1.14,0.319,-1.595,0,0,StopLoss,"VWAP 125,059 재돌파, 직전봉 고가 125,000 돌파","손절 (123,400)",14.53,0.19,0.597,145.8,1.442,0.75,1,137,1.5,4.0,1.5,1.2,False
257720#1358-20260812114100,257720,실리콘투,VWAP눌림,FullAuto,Paper,Backtest,2026-08-12 11:41:00,2026-08-12 11:41:00,2026-08-12 11:51:30,10.5,21,45700,45850,45150,1.204,938,0.098,0.08,1.532,-0.219,0,0,BreakEven,"VWAP 45,536 재돌파, 직전봉 고가 45,450 돌파","본절 (45,850)",11.74,0.36,0.664,217.4,0.680,0.51,1,161,1.5,4.0,1.5,1.2,False
257720#1358-20260812123600,257720,실리콘투,VWAP눌림,FullAuto,Paper,Backtest,2026-08-12 12:36:00,2026-08-12 12:36:00,2026-08-12 12:59:30,23.5,43,45800,45950,45600,0.437,1908,0.097,0.22,1.419,-0.109,0,0,BreakEven,"VWAP 45,574 재돌파, 직전봉 고가 45,800 돌파","본절 (45,950)",11.98,0.50,0.678,221.5,0.331,1.08,1,216,1.5,4.0,1.5,1.2,False
006340#1363-20260812150000,006340,대원전선,종가베팅,FullAuto,Paper,Backtest,2026-08-12 15:00:00,2026-08-12 15:00:00,2026-08-13 09:01:00,1081,27,15980,15410,15510,2.941,-16348,-3.789,-1.29,0.313,-3.504,0,-0.645,StopLoss,"종가베팅: 등락 +10.1%, 고저범위 91% 위치, VWAP 15,626 위","손절 (15,510)",10.06,2.26,0.906,236.1,0.331,1.22,1,360,3,5,2.5,1.5,True
028260#1362-20260812150000,028260,삼성물산,종가베팅,FullAuto,Paper,Backtest,2026-08-12 15:00:00,2026-08-12 15:00:00,2026-08-13 09:01:27,1081.5,1,359500,369000,349000,2.921,8654,2.407,0.82,4.451,-0.974,0,-0.135,Trailing,"종가베팅: 등락 +3.9%, 고저범위 86% 위치, VWAP 356,965 위","트레일링 (369,500)",3.90,0.71,0.862,650.4,0.308,0.62,1,360,3,5,2.5,1.5,True
001820#1366-20260813090520,001820,삼화콘덴서,ORB,FullAuto,Paper,Backtest,2026-08-13 09:05:20,2026-08-13 09:05:20,2026-08-13 09:06:27,1.1,8,96300,97550,94900,1.454,8210,1.066,0.73,2.077,0,0,-0.154,Trailing,"ORB5 고가 96,200 돌파 (범위 5.1%)","1차 분할 익절 +2.0% / 트레일링 (97,100)",9.43,2.06,1,210.2,1.973,1.95,1,5,1.5,4.0,1.5,1.2,False
073240#1365-20260813090520,073240,금호타이어,ORB,FullAuto,Paper,Backtest,2026-08-13 09:05:20,2026-08-13 09:05:20,2026-08-13 09:08:22,3,107,7800,7830,7690,1.410,1285,0.154,0.11,1.667,-0.256,0,0,Trailing,"ORB5 고가 7,790 돌파 (범위 5.6%)","트레일링 (7,830)",5.83,2.12,1,306.8,2.051,1.94,1,5,1.5,4.0,1.5,1.2,False
001820#1366-20260813091417,001820,삼화콘덴서,ORB,FullAuto,Paper,Backtest,2026-08-13 09:14:17,2026-08-13 09:14:17,2026-08-13 09:16:27,2.2,8,96400,98500,95000,1.452,14994,1.944,1.34,3.216,0,0,-0.051,Trailing,"ORB5 고가 96,200 돌파 (범위 5.1%)","1차 분할 익절 +2.0% / 트레일링 (98,300)",9.55,1.15,0.721,182.2,1.703,3.36,1,14,1.5,4.0,1.5,1.2,False
036930#1367-20260813102500,036930,주성엔지니어링,VWAP눌림,FullAuto,Paper,Backtest,2026-08-13 10:25:00,2026-08-13 10:25:00,2026-08-13 10:48:30,23.5,10,178200,181450,177100,0.617,28334,1.590,2.58,3.086,-0.561,0,-0.083,Trailing,"VWAP 177,442 재돌파, 직전봉 고가 177,800 돌파","1차 분할 익절 +2.0% / 트레일링 (181,400)",2.36,0.37,0.620,174.3,0.377,0.61,1,85,1.5,4.0,1.5,1.2,False
036930#1367-20260813134600,036930,주성엔지니어링,VWAP눌림,FullAuto,Paper,Backtest,2026-08-13 13:46:00,2026-08-13 13:46:00,2026-08-13 13:50:15,4.2,11,179300,178500,178500,0.446,-13316,-0.675,-1.51,0,-0.446,0,0,StopLoss,"VWAP 179,185 재돌파, 직전봉 고가 178,800 돌파","손절 (178,500)",2.99,0.01,0.524,334.6,0.163,0.78,1,286,1.5,4.0,1.5,1.2,False
036930#1367-20260813140300,036930,주성엔지니어링,VWAP눌림,FullAuto,Paper,Backtest,2026-08-13 14:03:00,2026-08-13 14:03:00,2026-08-13 14:06:15,3.2,11,179400,178700,178700,0.390,-12221,-0.619,-1.59,0.111,-0.390,0,0,StopLoss,"VWAP 179,177 재돌파, 직전봉 고가 179,000 돌파","손절 (178,700)",3.05,0.07,0.533,339.5,0.137,3.03,1,303,1.5,4.0,1.5,1.2,False
073240#1372-20260814090737,073240,금호타이어,ORB,FullAuto,Paper,Backtest,2026-08-14 09:07:37,2026-08-14 09:07:37,2026-08-14 09:10:27,2.8,92,8670,8530,8540,1.499,-14685,-1.841,-1.23,1.038,-1.615,0,-0.117,StopLoss,"ORB5 고가 8,660 돌파 (범위 8.0%)","손절 (8,540)",4.21,1.41,0.783,133.7,2.468,1.35,1,8,1.5,4.0,1.5,1.2,False
257720#1370-20260814090725,257720,실리콘투,ORB,FullAuto,Paper,Backtest,2026-08-14 09:07:25,2026-08-14 09:07:25,2026-08-14 09:14:27,7,19,43150,43789.47,42550,1.390,10240,1.249,0.90,2.317,-0.695,0,-0.054,Trailing,"ORB5 고가 43,100 돌파 (범위 3.7%)","1차 분할 익절 +2.0% / 트레일링 (43,600)",6.02,1.30,1,314.0,1.182,1.58,1,7,1.5,4.0,1.5,1.2,False
036930#1371-20260814090805,036930,주성엔지니어링,ORB,FullAuto,Paper,Backtest,2026-08-14 09:08:05,2026-08-14 09:08:05,2026-08-14 09:17:27,9.4,4,186500,183800,183800,1.448,-12491,-1.674,-1.16,0.536,-1.448,0,0,StopLoss,"ORB5 고가 186,400 돌파 (범위 2.9%)","손절 (183,800)",4.02,0.88,0.783,117.1,1.305,0.94,1,8,1.5,4.0,1.5,1.2,False
047810#1368-20260813150000,047810,한국항공우주,종가베팅,FullAuto,Paper,Backtest,2026-08-13 15:00:00,2026-08-13 15:00:00,2026-08-14 10:00:00,1140,2,150500,147000,146000,2.990,-7677,-2.550,-0.85,0.465,-2.525,0,-0.068,NextDayDeadline,"종가베팅: 등락 +5.5%, 고저범위 95% 위치, VWAP 144,267 위",익일 청산 시각 10:00,5.54,4.25,0.952,519.4,0.328,1.00,1,360,3,5,2.5,1.5,True
017670#1373-20260814150000,017670,SK텔레콤,종가베팅,FullAuto,Paper,Backtest,2026-08-14 15:00:00,2026-08-14 15:00:00,2026-08-18 09:04:10,5404.2,4,100600,102600,97600,2.982,7060,1.754,0.59,3.678,-0.596,0,-0.097,Trailing,"종가베팅: 등락 +10.1%, 고저범위 98% 위치, VWAP 98,589 위","1차 분할 익절 +2% / 트레일링 (102,700)",10.07,2.04,0.977,339.2,0.348,1.22,1,360,3,5,2.5,1.5,True
403870#1377-20260818090527,403870,HPSP,ORB,FullAuto,Paper,Backtest,2026-08-18 09:05:27,2026-08-18 09:05:27,2026-08-18 09:07:27,2,19,42300,42834.21,41700,1.418,8282,1.030,0.73,2.128,-0.236,0,-0.178,Trailing,"ORB5 고가 42,200 돌파 (범위 3.6%)","1차 분할 익절 +2.0% / 트레일링 (42,650)",4.70,1.33,1,325.8,1.694,1.73,1,5,1.5,4.0,1.5,1.2,False
067310#1376-20260818090627,067310,하나마이크론,ORB,FullAuto,Paper,Backtest,2026-08-18 09:06:27,2026-08-18 09:06:27,2026-08-18 09:08:22,1.9,19,43150,42450,42550,1.390,-15155,-1.849,-1.33,0.463,-1.622,0,-0.235,StopLoss,"ORB5 고가 43,000 돌파 (범위 8.2%)","손절 (42,550)",17.90,3.25,1,152.6,2.897,1.46,1,6,1.5,4.0,1.5,1.2,False
002990#1375-20260818091220,002990,금호건설,ORB,FullAuto,Paper,Backtest,2026-08-18 09:12:20,2026-08-18 09:12:20,2026-08-18 09:12:40,0.3,56,14980,15195.00,14760,1.469,10088,1.203,0.82,2.136,0,0,-0.066,Trailing,"ORB5 고가 14,930 돌파 (범위 6.7%)","1차 분할 익절 +2.0% / 트레일링 (15,110)",11.79,2.87,1,178.6,2.677,4.41,1,12,1.5,4.0,1.5,1.2,False
002990#1375-20260818091822,002990,금호건설,ORB,FullAuto,Paper,Backtest,2026-08-18 09:18:22,2026-08-18 09:18:22,2026-08-18 09:20:25,2,56,14980,15000,14760,1.469,-811,-0.097,-0.07,1.602,0,0,-0.200,Trailing,"ORB5 고가 14,930 돌파 (범위 6.7%)","트레일링 (15,030)",11.79,2.15,0.756,151.4,2.212,1.86,1,18,1.5,4.0,1.5,1.2,False
000270#1374-20260814150000,000270,기아,종가베팅,FullAuto,Paper,Backtest,2026-08-14 15:00:00,2026-08-14 15:00:00,2026-08-18 10:00:00,5460,3,142400,141150,138200,2.949,-4723,-1.106,-0.37,0,-1.194,0,-0.071,NextDayDeadline,"종가베팅: 등락 +3.8%, 고저범위 100% 위치, VWAP 141,093 위",익일 청산 시각 10:00,3.79,0.86,1,670.3,0.120,0.46,1,360,3,5,2.5,1.5,True
006660#1378-20260819091425,006660,삼성공조,ORB,FullAuto,Paper,Backtest,2026-08-19 09:14:25,2026-08-19 09:14:25,2026-08-19 09:15:22,1,51,16070,16333.53,15830,1.493,11529,1.407,0.94,2.489,0,0,-0.061,Trailing,"ORB5 고가 16,050 돌파 (범위 4.2%)","1차 분할 익절 +2.0% / 트레일링 (16,270)",6.35,2.73,1,133.9,2.240,4.56,1,14,1.5,4.0,1.5,1.2,False
006660#1378-20260819092510,006660,삼성공조,ORB,FullAuto,Paper,Backtest,2026-08-19 09:25:10,2026-08-19 09:25:10,2026-08-19 09:25:27,0.3,51,16060,15770,15820,1.494,-16640,-2.032,-1.36,0.187,-1.806,0,-0.316,StopLoss,"ORB5 고가 16,050 돌파 (범위 4.2%)","손절 (15,820)",6.29,0.90,0.627,125.3,2.551,0.40,1,25,1.5,4.0,1.5,1.2,False
001210#1393-20260821090827,001210,금호전기,ORB,FullAuto,Paper,Backtest,2026-08-21 09:08:27,2026-08-21 09:08:27,2026-08-21 09:10:30,2,99,8440,8690.91,8320,1.422,22867,2.737,1.92,4.147,-0.948,0,-0.115,TakeProfit,"ORB5 고가 8,400 돌파 (범위 7.6%)",1차 분할 익절 +2.0% / 목표 익절 +4.0%,13.14,3.52,1,148.9,3.791,1.70,1,8,1.5,4.0,1.5,1.2,False
161890#1392-20260820150000,161890,한국콜마,종가베팅,FullAuto,Paper,Backtest,2026-08-20 15:00:00,2026-08-20 15:00:00,2026-08-21 09:11:25,1091.4,3,137600,133500,133500,2.980,-13222,-3.203,-1.07,1.090,-2.980,0,0,StopLoss,"종가베팅: 등락 +8.6%, 고저범위 97% 위치, VWAP 133,724 위","손절 (133,500)",8.60,2.90,0.973,491.9,0.280,0.87,1,360,3,5,2.5,1.5,True
002990#1395-20260821091425,002990,금호건설,ORB,FullAuto,Paper,Backtest,2026-08-21 09:14:25,2026-08-21 09:14:25,2026-08-21 09:15:40,1.2,51,16170,16433.53,15930,1.484,11518,1.397,0.94,2.597,0,0,-0.123,Trailing,"ORB5 고가 16,140 돌파 (범위 9.0%)","1차 분할 익절 +2.0% / 트레일링 (16,390)",3.32,1.64,0.651,112.5,3.479,1.65,1,14,1.5,4.0,1.5,1.2,False
214450#1391-20260820150000,214450,파마리서치,종가베팅,FullAuto,Paper,Backtest,2026-08-20 15:00:00,2026-08-20 15:00:00,2026-08-21 09:34:15,1114.2,1,414000,402000,402000,2.899,-12926,-3.122,-1.08,0.483,-2.899,0,0,StopLoss,"종가베팅: 등락 +6.2%, 고저범위 87% 위치, VWAP 408,465 위","손절 (402,000)",6.15,1.36,0.872,568.7,0.250,0.81,1,360,3,5,2.5,1.5,True
257720#1397-20260821103100,257720,실리콘투,VWAP눌림,FullAuto,Paper,Backtest,2026-08-21 10:31:00,2026-08-21 10:31:00,2026-08-21 10:35:10,4.2,36,47350,47500.00,47050,0.634,1469,0.086,0.14,0.634,-0.528,0,0.000,BreakEven,"VWAP 46,974 재돌파, 직전봉 고가 47,250 돌파","본절 (47,500)",2.94,0.69,0.674,245.3,0.430,0.77,1,91,1.5,4.0,1.5,1.2,False
257720#1397-20260821104500,257720,실리콘투,VWAP눌림,FullAuto,Paper,Backtest,2026-08-21 10:45:00,2026-08-21 10:45:00,2026-08-21 10:51:25,6.4,25,47200,46700,46750,0.953,-15187,-1.287,-1.35,0,-1.059,0,-0.107,StopLoss,"VWAP 47,026 재돌파, 직전봉 고가 47,000 돌파","손절 (46,750)",2.61,0.26,0.605,214.0,0.651,0.42,1,105,1.5,4.0,1.5,1.2,False
257720#1397-20260821130000,257720,실리콘투,VWAP눌림,FullAuto,Paper,Backtest,2026-08-21 13:00:00,2026-08-21 13:00:00,2026-08-21 13:01:30,1.5,42,47050,46800,46800,0.531,-15021,-0.760,-1.43,0,-0.531,0,0,StopLoss,"VWAP 46,969 재돌파, 직전봉 고가 46,900 돌파","손절 (46,800)",2.29,0.07,0.535,298.5,0.258,1.20,1,240,1.5,4.0,1.5,1.2,False
002990#1402-20260824090520,002990,금호건설,ORB,FullAuto,Paper,Backtest,2026-08-24 09:05:20,2026-08-24 09:05:20,2026-08-24 09:06:27,1.1,53,15600,15944.53,15370,1.474,16322,1.974,1.34,3.590,0,0,-0.158,Trailing,"ORB5 고가 15,560 돌파 (범위 5.0%)","1차 분할 익절 +2.0% / 트레일링 (15,960)",5.76,1.65,1,154.9,1.838,2.98,1,5,1.5,4.0,1.5,1.2,False
124500#1401-20260824092130,124500,아이티센글로벌,ORB,FullAuto,Paper,Backtest,2026-08-24 09:21:30,2026-08-24 09:21:30,2026-08-24 09:23:22,1.9,21,38500,37950.0,37950,1.429,-13383,-1.655,-1.16,0,-1.429,0,0.0,StopLoss,"ORB5 고가 38,400 돌파 (범위 9.1%)","손절 (37,950)",15.27,3.65,1,202.1,1.568,3.70,1,22,1.5,4.0,1.5,1.2,False
124500#1401-20260824092922,124500,아이티센글로벌,ORB,FullAuto,Paper,Backtest,2026-08-24 09:29:22,2026-08-24 09:29:22,2026-08-24 09:30:30,1.1,21,38500,38550,37950,1.429,-811,-0.100,-0.07,1.429,0,0,-0.130,BreakEven,"ORB5 고가 38,400 돌파 (범위 9.1%)","본절 (38,600)",15.27,3.00,0.943,201.7,1.382,3.28,1,29,1.5,4.0,1.5,1.2,False
124500#1401-20260824093617,124500,아이티센글로벌,ORB,FullAuto,Paper,Backtest,2026-08-24 09:36:17,2026-08-24 09:36:17,2026-08-24 09:38:30,2.2,21,38500,39119.05,37950,1.429,11115,1.375,0.96,2.597,0,0,-0.061,Trailing,"ORB5 고가 38,400 돌파 (범위 9.1%)","1차 분할 익절 +2.0% / 트레일링 (39,000)",15.27,2.24,0.75,194.7,1.401,1.77,1,36,1.5,4.0,1.5,1.2,False
055550#1399-20260821150000,055550,신한지주,종가베팅,FullAuto,Paper,Backtest,2026-08-21 15:00:00,2026-08-21 15:00:00,2026-08-24 10:00:00,4020,4,104200,102500,101100,2.975,-7743,-1.858,-0.62,0.192,-1.919,0,-0.097,NextDayDeadline,"종가베팅: 등락 +3.5%, 고저범위 88% 위치, VWAP 103,336 위",익일 청산 시각 10:00,3.48,0.84,0.881,343.7,0.199,1.01,1,360,3,5,2.5,1.5,True
086790#1400-20260821150000,086790,하나금융지주,종가베팅,FullAuto,Paper,Backtest,2026-08-21 15:00:00,2026-08-21 15:00:00,2026-08-24 10:00:00,4020,3,129100,126800,125300,2.943,-7775,-2.007,-0.68,0.387,-1.782,0,-0.079,NextDayDeadline,"종가베팅: 등락 +4.2%, 고저범위 90% 위치, VWAP 127,632 위",익일 청산 시각 10:00,4.20,1.15,0.897,890.8,0.155,0.98,1,360,3,5,2.5,1.5,True
257720#1405-20260824112100,257720,실리콘투,VWAP눌림,FullAuto,Paper,Backtest,2026-08-24 11:21:00,2026-08-24 11:21:00,2026-08-24 11:41:00,20,23,49700,49450,49200,1.006,-8365,-0.732,-0.73,0.201,-0.905,0,0,TimeStop,"VWAP 49,382 재돌파, 직전봉 고가 49,550 돌파",타임스탑 20분,5.98,0.54,0.739,273.1,0.396,0.49,1,141,1.5,4.0,1.5,1.2,False
257720#1405-20260824121500,257720,실리콘투,VWAP눌림,FullAuto,Paper,Backtest,2026-08-24 12:15:00,2026-08-24 12:15:00,2026-08-24 12:19:30,4.5,36,49450,49150,49150,0.607,-14870,-0.835,-1.38,0,-0.607,0,0,StopLoss,"VWAP 49,388 재돌파, 직전봉 고가 49,300 돌파","손절 (49,150)",5.44,0.02,0.682,251.0,0.311,0.98,1,195,1.5,4.0,1.5,1.2,False
257720#1405-20260824132200,257720,실리콘투,VWAP눌림,FullAuto,Paper,Backtest,2026-08-24 13:22:00,2026-08-24 13:22:00,2026-08-24 13:33:30,11.5,32,49550,49200,49200,0.706,-14821,-0.935,-1.32,0.202,-0.706,0,0,StopLoss,"VWAP 49,351 재돌파, 직전봉 고가 49,450 돌파","손절 (49,200)",5.76,0.40,0.716,282.0,0.555,2.87,1,262,1.5,4.0,1.5,1.2,False
237690#1407-20260824150000,237690,에스티팜,종가베팅,FullAuto,Paper,Backtest,2026-08-24 15:00:00,2026-08-24 15:00:00,2026-08-25 09:01:00,1081,3,112000,105900,108700,2.946,-19032,-5.664,-1.92,0.446,-5.357,0,-2.576,StopLoss,"종가베팅: 등락 +11.8%, 고저범위 100% 위치, VWAP 106,242 위","손절 (108,700)",11.79,5.33,1,407.3,0.549,0.53,1,360,3,5,2.5,1.5,True
124500#1410-20260825090917,124500,아이티센글로벌,ORB,FullAuto,Paper,Backtest,2026-08-25 09:09:17,2026-08-25 09:09:17,2026-08-25 09:10:30,1.2,21,39750,40288.10,39200,1.384,9358,1.121,0.81,2.138,0,0,-0.124,Trailing,"ORB5 고가 39,600 돌파 (범위 3.4%)","1차 분할 익절 +2.0% / 트레일링 (40,100)",3.38,0.66,0.784,231.5,1.797,2.82,1,9,1.5,4.0,1.5,1.2,False
010170#1406-20260824150000,010170,대한광통신,종가베팅,FullAuto,Paper,Backtest,2026-08-24 15:00:00,2026-08-24 15:00:00,2026-08-25 09:11:27,1091.5,32,13020,12620.00,12630,2.995,-13729,-3.295,-1.10,1.152,-3.072,0,-0.079,StopLoss,"종가베팅: 등락 +7.4%, 고저범위 84% 위치, VWAP 12,811 위","손절 (12,630)",7.43,1.63,0.840,334.9,0.390,0.57,1,360,3,5,2.5,1.5,True
124500#1410-20260825110730,124500,아이티센글로벌,ORB,FullAuto,Paper,Backtest,2026-08-25 11:07:30,2026-08-25 11:07:30,2026-08-25 11:27:30,20,21,39700,39500,39150,1.385,-6108,-0.733,-0.53,0,-1.259,0,0,TimeStop,"ORB5 고가 39,600 돌파 (범위 3.4%)",타임스탑 20분,3.25,0.02,0.578,175.6,0.360,1.51,1,128,1.5,4.0,1.5,1.2,False
041190#1413-20260825131200,041190,우리기술투자,VWAP눌림,FullAuto,Paper,Backtest,2026-08-25 13:12:00,2026-08-25 13:12:00,2026-08-25 13:15:30,3.5,213,6760,6710,6710,0.740,-13937,-0.968,-1.31,0,-0.740,0,0,StopLoss,"VWAP 6,732 재돌파, 직전봉 고가 6,740 돌파","손절 (6,710)",14.99,0.26,0.609,204.5,0.614,0.39,1,252,1.5,4.0,1.5,1.2,False
041190#1413-20260825134200,041190,우리기술투자,VWAP눌림,FullAuto,Paper,Backtest,2026-08-25 13:42:00,2026-08-25 13:42:00,2026-08-25 13:43:30,1.5,256,6770,6730,6730,0.591,-14202,-0.819,-1.39,0.295,-0.591,0,0,StopLoss,"VWAP 6,734 재돌파, 직전봉 고가 6,760 돌파","손절 (6,730)",15.33,0.54,0.626,232.7,0.528,0.76,1,282,1.5,4.0,1.5,1.2,False
034020#1416-20260825150000,034020,두산에너빌리티,종가베팅,FullAuto,Paper,Backtest,2026-08-25 15:00:00,2026-08-25 15:00:00,2026-08-26 09:01:30,1081.5,5,81200,82300,78800,2.956,4558,1.123,0.38,2.709,-1.108,0,-0.146,Trailing,"종가베팅: 등락 +7.3%, 고저범위 98% 위치, VWAP 77,296 위","1차 분할 익절 +2% / 트레일링 (82,100)",7.27,5.05,0.977,580.3,0.356,1.17,1,360,3,5,2.5,1.5,True
078930#1417-20260825150000,078930,GS,종가베팅,FullAuto,Paper,Backtest,2026-08-25 15:00:00,2026-08-25 15:00:00,2026-08-26 09:04:22,1084.4,3,121900,118300.0,118300,2.953,-11616,-3.176,-1.08,0.164,-2.953,0,0.0,StopLoss,"종가베팅: 등락 +6.2%, 고저범위 84% 위치, VWAP 119,721 위","손절 (118,300)",6.19,1.74,0.839,386.3,0.264,1.16,1,360,3,5,2.5,1.5,True
037440#1420-20260826091225,037440,희림,ORB,FullAuto,Paper,Backtest,2026-08-26 09:12:25,2026-08-26 09:12:25,2026-08-26 09:12:42,0.3,181,4495,4515,4430,1.446,1742,0.214,0.15,1.669,0,0,0,Trailing,"ORB5 고가 4,490 돌파 (범위 8.8%)","트레일링 (4,515)",12.66,3.62,1,191.7,2.703,7.91,1,12,1.5,4.0,1.5,1.2,False
037440#1420-20260826092825,037440,희림,ORB,FullAuto,Paper,Backtest,2026-08-26 09:28:25,2026-08-26 09:28:25,2026-08-26 09:33:30,5.1,181,4495,4520,4430,1.446,2645,0.325,0.22,1.891,-0.779,0,-0.110,Trailing,"ORB5 고가 4,490 돌파 (범위 8.8%)","트레일링 (4,525)",12.66,1.87,0.813,157.7,1.478,4.73,1,28,1.5,4.0,1.5,1.2,False
037440#1420-20260826094415,037440,희림,ORB,FullAuto,Paper,Backtest,2026-08-26 09:44:15,2026-08-26 09:44:15,2026-08-26 09:45:30,1.2,181,4495,4425,4430,1.446,-14513,-1.784,-1.23,0,-1.557,0,-0.113,StopLoss,"ORB5 고가 4,490 돌파 (범위 8.8%)","손절 (4,430)",12.66,1.06,0.779,167.3,1.184,1.41,1,44,1.5,4.0,1.5,1.2,False
006360#1424-20260826103400,006360,GS건설,VWAP눌림,FullAuto,Paper,Backtest,2026-08-26 10:34:00,2026-08-26 10:34:00,2026-08-26 10:54:00,20,28,37450,37550,37050,1.068,384,0.037,0.03,0.401,-0.801,0,-0.133,TimeStop,"VWAP 37,005 재돌파, 직전봉 고가 37,300 돌파",타임스탑 20분,6.86,1.07,0.781,345.4,0.611,0.35,1,94,1.5,4.0,1.5,1.2,False
006360#1424-20260826113600,006360,GS건설,VWAP눌림,FullAuto,Paper,Backtest,2026-08-26 11:36:00,2026-08-26 11:36:00,2026-08-26 11:40:27,4.5,42,37350,37100.00,37100,0.669,-14084,-0.898,-1.34,0.268,-0.669,0,0.000,StopLoss,"VWAP 37,094 재돌파, 직전봉 고가 37,300 돌파","손절 (37,100)",6.71,0.69,0.767,354.3,0.373,0.51,1,156,1.5,4.0,1.5,1.2,False
006360#1424-20260826115100,006360,GS건설,VWAP눌림,FullAuto,Paper,Backtest,2026-08-26 11:51:00,2026-08-26 11:51:00,2026-08-26 11:53:15,2.2,53,37100,37200,36950,0.404,768,0.039,0.10,0.404,0,0,0,BreakEven,"VWAP 37,097 재돌파, 직전봉 고가 37,100 돌파","본절 (37,200)",6.00,0.01,0.699,352.3,0.395,1.52,1,171,1.5,4.0,1.5,1.2,False
062040#1433-20260827090722,062040,산일전기,ORB,FullAuto,Paper,Backtest,2026-08-27 09:07:22,2026-08-27 09:07:22,2026-08-27 09:11:30,4.1,4,191700,188800,188900,1.461,-13338,-1.739,-1.19,1.095,-1.513,0,-0.053,StopLoss,"ORB5 고가 191,200 돌파 (범위 2.9%)","손절 (188,900)",7.09,1.39,1,118.9,1.607,3.72,1,7,1.5,4.0,1.5,1.2,False
010170#1431-20260827091225,010170,대한광통신,ORB,FullAuto,Paper,Backtest,2026-08-27 09:12:25,2026-08-27 09:12:25,2026-08-27 09:14:05,1.7,54,14700,14800.00,14480,1.497,3564,0.449,0.30,1.973,0,0,-0.068,Trailing,"ORB5 고가 14,670 돌파 (범위 4.8%)","트레일링 (14,810)",8.89,1.83,1,200.0,1.646,3.02,1,12,1.5,4.0,1.5,1.2,False
267260#1432-20260827091727,267260,HD현대일렉트릭,ORB,FullAuto,Paper,Backtest,2026-08-27 09:17:27,2026-08-27 09:17:27,2026-08-27 09:19:30,2,1,799000,788000,788000,1.377,-12813,-1.604,-1.16,0.125,-1.377,0,0,StopLoss,"ORB5 고가 798,000 돌파 (범위 3.6%)","손절 (788,000)",9.60,1.29,1,278.0,0.814,3.07,1,17,1.5,4.0,1.5,1.2,False
028050#1429-20260826150000,028050,삼성E&A,종가베팅,FullAuto,Paper,Backtest,2026-08-26 15:00:00,2026-08-26 15:00:00,2026-08-27 09:32:30,1112.5,8,48400,50125,46950,2.996,12882,3.327,1.11,5.372,-1.550,0,-0.149,TakeProfit,"종가베팅: 등락 +5.6%, 고저범위 92% 위치, VWAP 47,568 위",1차 분할 익절 +2% / 목표 익절 +5%,5.56,1.75,0.92,767.7,0.229,2.93,1,360,3,5,2.5,1.5,True
010170#1431-20260827093730,010170,대한광통신,ORB,FullAuto,Paper,Backtest,2026-08-27 09:37:30,2026-08-27 09:37:30,2026-08-27 09:47:30,10,54,14680,14895,14460,1.499,9764,1.232,0.82,2.248,-0.477,0,-0.033,Trailing,"ORB5 고가 14,670 돌파 (범위 4.8%)","1차 분할 익절 +2.0% / 트레일링 (14,820)",8.74,0.47,0.613,163.9,0.720,1.39,1,38,1.5,4.0,1.5,1.2,False
267260#1432-20260827092530,267260,HD현대일렉트릭,ORB,FullAuto,Paper,Backtest,2026-08-27 09:25:30,2026-08-27 09:25:30,2026-08-27 09:58:15,32.8,1,799000,788000,788000,1.377,-12813,-1.604,-1.16,0.876,-1.377,0,0,StopLoss,"ORB5 고가 798,000 돌파 (범위 3.6%)","손절 (788,000)",9.60,1.16,0.967,262.9,0.738,1.44,1,26,1.5,4.0,1.5,1.2,False
034020#1430-20260826150000,034020,두산에너빌리티,종가베팅,FullAuto,Paper,Backtest,2026-08-26 15:00:00,2026-08-26 15:00:00,2026-08-27 10:00:00,1140,4,85800,85000,83300,2.914,-3982,-1.160,-0.40,1.865,-2.797,0,-0.118,NextDayDeadline,"종가베팅: 등락 +6.5%, 고저범위 84% 위치, VWAP 84,603 위",익일 청산 시각 10:00,6.45,1.41,0.839,545.4,0.241,0.79,1,360,3,5,2.5,1.5,True
267260#1432-20260827115030,267260,HD현대일렉트릭,ORB,FullAuto,Paper,Backtest,2026-08-27 11:50:30,2026-08-27 11:50:30,2026-08-27 12:10:30,20,1,799000,797000,788000,1.377,-3832,-0.480,-0.35,0.375,-0.375,0,-0.125,TimeStop,"ORB5 고가 798,000 돌파 (범위 3.6%)",타임스탑 20분,9.60,0.84,0.806,307.4,0.215,3.06,1,170,1.5,4.0,1.5,1.2,False
010170#1431-20260827100622,010170,대한광통신,ORB,FullAuto,Paper,Backtest,2026-08-27 10:06:22,2026-08-27 10:06:22,2026-08-27 14:16:25,250,54,14680,14895.00,14460,1.499,9764,1.232,0.82,2.180,-1.090,0,-0.033,Trailing,"ORB5 고가 14,670 돌파 (범위 4.8%)","1차 분할 익절 +2.0% / 트레일링 (14,820)",8.74,0.29,0.613,171.9,0.791,1.66,1,66,1.5,4.0,1.5,1.2,False
032820#1440-20260828090722,032820,우리기술,ORB,FullAuto,Paper,Backtest,2026-08-28 09:07:22,2026-08-28 09:07:22,2026-08-28 09:08:15,0.9,63,13300,13060,13110,1.429,-17013,-2.030,-1.42,0.526,-1.805,0,-0.381,StopLoss,"ORB5 고가 13,280 돌파 (범위 9.9%)","손절 (13,110)",8.66,2.40,0.946,286.9,2.068,3.75,1,7,1.5,4.0,1.5,1.2,False
019170#1439-20260828090720,019170,신풍제약,ORB,FullAuto,Paper,Backtest,2026-08-28 09:07:20,2026-08-28 09:07:20,2026-08-28 09:08:25,1.1,78,10500,10835,10350,1.429,24194,2.954,2.07,4.286,0,0,-0.092,TakeProfit,"ORB5 고가 10,450 돌파 (범위 8.9%)",1차 분할 익절 +2.0% / 목표 익절 +4.0%,18.64,2.46,1,135.6,2.400,3.89,1,7,1.5,4.0,1.5,1.2,False
064400#1441-20260828090622,064400,LG씨엔에스,ORB,FullAuto,Paper,Backtest,2026-08-28 09:06:22,2026-08-28 09:06:22,2026-08-28 09:26:22,20,6,77200,75600,75300,2.461,-10644,-2.298,-0.93,0.777,-2.202,0,-0.132,TimeStop,"ORB5 고가 77,100 돌파 (범위 2.3%)",타임스탑 20분,3.76,0.79,1,412.0,0.955,1.33,1,6,1.5,4.0,1.5,1.2,False
086520#1437-20260827150000,086520,에코프로,종가베팅,FullAuto,Paper,Backtest,2026-08-27 15:00:00,2026-08-27 15:00:00,2026-08-28 09:28:30,1108.5,4,92000,89300,89300,2.935,-11622,-3.158,-1.08,0,-2.935,0,0,StopLoss,"종가베팅: 등락 +6.7%, 고저범위 94% 위치, VWAP 90,156 위","손절 (89,300)",6.74,1.93,0.938,515.9,0.249,0.77,1,360,3,5,2.5,1.5,True
161890#1442-20260828150000,161890,한국콜마,종가베팅,FullAuto,Paper,Backtest,2026-08-28 15:00:00,2026-08-28 15:00:00,2026-08-31 09:02:25,3962.4,2,160100,163350,155300,2.998,5752,1.796,0.60,3.623,-0.187,0,-0.061,Trailing,"종가베팅: 등락 +9.6%, 고저범위 91% 위치, VWAP 156,169 위","1차 분할 익절 +2% / 트레일링 (163,400)",9.59,2.45,0.911,433.2,0.246,1.27,1,360,3,5,2.5,1.5,True
019170#1445-20260831090527,019170,신풍제약,ORB,FullAuto,Paper,Backtest,2026-08-31 09:05:27,2026-08-31 09:05:27,2026-08-31 09:07:22,1.9,69,11880,11850.0,11710,1.431,-3949,-0.482,-0.34,1.431,-0.337,0,-0.504,BreakEven,"ORB5 고가 11,840 돌파 (범위 8.4%)","본절 (11,910)",19.40,3.56,1,150.1,3.423,2.66,1,5,1.5,4.0,1.5,1.2,False
161000#1446-20260831090627,161000,애경케미칼,ORB,FullAuto,Paper,Backtest,2026-08-31 09:06:27,2026-08-31 09:06:27,2026-08-31 09:07:27,1,69,11460,11280,11290,1.483,-14210,-1.797,-1.21,0.349,-1.571,0,-0.089,StopLoss,"ORB5 고가 11,450 돌파 (범위 6.7%)","손절 (11,290)",11.91,2.40,1,139.5,2.552,1.53,1,6,1.5,4.0,1.5,1.2,False
161000#1446-20260831091630,161000,애경케미칼,ORB,FullAuto,Paper,Backtest,2026-08-31 09:16:30,2026-08-31 09:16:30,2026-08-31 09:17:02,0.5,69,11480,11310.00,11310,1.481,-13525,-1.707,-1.15,0,-1.481,0,0.000,StopLoss,"ORB5 고가 11,450 돌파 (범위 6.7%)","손절 (11,310)",12.11,2.57,0.974,138.9,1.873,2.43,1,16,1.5,4.0,1.5,1.2,False
002990#1448-20260831095220,002990,금호건설,ORB,FullAuto,Paper,Backtest,2026-08-31 09:52:20,2026-08-31 09:52:20,2026-08-31 09:57:22,5,46,17740,17470.0,17480,1.466,-14269,-1.749,-1.19,0.902,-1.522,0,-0.057,StopLoss,"ORB5 고가 17,720 돌파 (범위 6.7%)","손절 (17,480)",4.23,1.48,0.758,218.8,0.962,1.58,1,52,1.5,4.0,1.5,1.2,False
002990#1448-20260831133327,002990,금호건설,ORB,FullAuto,Paper,Backtest,2026-08-31 13:33:27,2026-08-31 13:33:27,2026-08-31 13:35:30,2,46,17750,17480,17490,1.465,-14270,-1.748,-1.19,0.789,-1.521,0,-0.057,StopLoss,"ORB5 고가 17,720 돌파 (범위 6.7%)","손절 (17,490)",4.29,2.03,0.765,203.2,0.736,4.66,1,273,1.5,4.0,1.5,1.2,False
066970#1449-20260831150000,066970,엘앤에프,종가베팅,FullAuto,Paper,Backtest,2026-08-31 15:00:00,2026-08-31 15:00:00,2026-09-01 09:01:20,1081.3,2,145800,141300,141500,2.949,-9650,-3.309,-1.12,0.823,-3.086,0,-0.141,StopLoss,"종가베팅: 등락 +7.6%, 고저범위 84% 위치, VWAP 143,661 위","손절 (141,500)",7.61,1.42,0.842,377.1,0.267,0.63,1,360,3,5,2.5,1.5,True
096770#1450-20260831150000,096770,SK이노베이션,종가베팅,FullAuto,Paper,Backtest,2026-08-31 15:00:00,2026-08-31 15:00:00,2026-09-01 09:02:30,1082.5,3,125600,129100,121900,2.946,9614,2.551,0.87,4.697,-0.478,0,-0.026,Trailing,"종가베팅: 등락 +8.4%, 고저범위 82% 위치, VWAP 123,766 위","1차 분할 익절 +2% / 트레일링 (129,500)",8.38,1.40,0.822,289.3,0.296,0.69,1,360,3,5,2.5,1.5,True
001210#1452-20260901090702,001210,금호전기,ORB,FullAuto,Paper,Backtest,2026-09-01 09:07:02,2026-09-01 09:07:02,2026-09-01 09:07:27,0.4,59,13930,13700.00,13730,1.436,-15430,-1.877,-1.31,1.220,-1.651,0,-0.218,StopLoss,"ORB5 고가 13,900 돌파 (범위 8.6%)","손절 (13,730)",11.62,3.54,1,112.2,3.417,0.79,1,7,1.5,4.0,1.5,1.2,False
198440#1453-20260901091422,198440,강동씨앤엘,ORB,FullAuto,Paper,Backtest,2026-09-01 09:14:22,2026-09-01 09:14:22,2026-09-01 09:14:30,0.1,356,2095,2172.5,2065,1.432,25819,3.462,2.42,4.773,0,0,-0.230,TakeProfit,"ORB5 고가 2,070 돌파 (범위 5.7%)",1차 분할 익절 +2.0% / 목표 익절 +4.0%,20.68,6.34,1,135.0,3.045,4.42,1,14,1.5,4.0,1.5,1.2,False
096770#1451-20260901090520,096770,SK이노베이션,ORB,FullAuto,Paper,Backtest,2026-09-01 09:05:20,2026-09-01 09:05:20,2026-09-01 09:17:30,12.2,6,133000,137050,131100,1.429,22415,2.809,1.97,4.135,-0.226,0,-0.073,TakeProfit,"ORB5 고가 132,800 돌파 (범위 5.6%)",1차 분할 익절 +2.0% / 목표 익절 +4.0%,5.72,2.20,1,204.6,1.504,1.98,1,5,1.5,4.0,1.5,1.2,False
001210#1452-20260901092330,001210,금호전기,ORB,FullAuto,Paper,Backtest,2026-09-01 09:23:30,2026-09-01 09:23:30,2026-09-01 09:32:30,9,59,13920,13700,13720,1.437,-14840,-1.807,-1.26,0.359,-1.580,0,-0.146,StopLoss,"ORB5 고가 13,900 돌파 (범위 8.6%)","손절 (13,720)",11.54,1.17,0.723,134.4,1.326,1.26,1,24,1.5,4.0,1.5,1.2,False
001210#1452-20260901105930,001210,금호전기,ORB,FullAuto,Paper,Backtest,2026-09-01 10:59:30,2026-09-01 10:59:30,2026-09-01 11:04:25,4.9,59,13940,13730,13740,1.435,-14254,-1.733,-1.21,0.287,-1.506,0,-0.073,StopLoss,"ORB5 고가 13,900 돌파 (범위 8.6%)","손절 (13,740)",11.70,2.42,0.748,160.4,0.630,4.46,1,120,1.5,4.0,1.5,1.2,False
064550#1454-20260901110800,064550,바이오니아,VWAP눌림,FullAuto,Paper,Backtest,2026-09-01 11:08:00,2026-09-01 11:08:00,2026-09-01 11:11:27,3.5,69,9880,9700,9710,1.721,-13960,-2.048,-1.19,0.506,-1.822,0,-0.103,StopLoss,"VWAP 9,759 재돌파, 직전봉 고가 9,840 돌파","손절 (9,710)",8.93,1.24,0.699,207.8,1.005,1.02,1,128,1.5,4.0,1.5,1.2,False
064550#1454-20260901112100,064550,바이오니아,VWAP눌림,FullAuto,Paper,Backtest,2026-09-01 11:21:00,2026-09-01 11:21:00,2026-09-01 11:33:12,12.2,103,9770,9909.51,9660,1.126,12028,1.195,1.06,2.149,-0.819,0,-0.050,Trailing,"VWAP 9,758 재돌파, 직전봉 고가 9,700 돌파","1차 분할 익절 +2.0% / 트레일링 (9,860)",7.61,0.02,0.627,207.2,0.710,0.69,1,141,1.5,4.0,1.5,1.2,False
028260#1456-20260901150000,028260,삼성물산,종가베팅,FullAuto,Paper,Backtest,2026-09-01 15:00:00,2026-09-01 15:00:00,2026-09-02 09:01:05,1081.1,1,391000,379500,379500,2.941,-12373,-3.164,-1.08,0.128,-2.941,0,0,StopLoss,"종가베팅: 등락 +3.7%, 고저범위 95% 위치, VWAP 383,864 위","손절 (379,500)",3.72,1.73,0.955,496.0,0.210,1.87,1,360,3,5,2.5,1.5,True
067290#1460-20260902090525,067290,JW신약,ORB,FullAuto,Paper,Backtest,2026-09-02 09:05:25,2026-09-02 09:05:25,2026-09-02 09:06:22,1,226,3450,3395.0,3400,1.449,-14195,-1.821,-1.26,0.580,-1.594,0,-0.147,StopLoss,"ORB5 고가 3,445 돌파 (범위 3.5%)","손절 (3,400)",15.38,1.43,1,168.6,3.333,1.27,1,5,1.5,4.0,1.5,1.2,False
024060#1458-20260902090622,024060,흥구석유,ORB,FullAuto,Paper,Backtest,2026-09-02 09:06:22,2026-09-02 09:06:22,2026-09-02 09:07:07,0.8,69,11830,11860,11660,1.437,190,0.023,0.02,1.437,0,0,0,BreakEven,"ORB5 고가 11,820 돌파 (범위 7.6%)","본절 (11,860)",15.87,2.52,1,160.5,1.839,1.93,1,6,1.5,4.0,1.5,1.2,False
096770#1457-20260901151300,096770,SK이노베이션,종가베팅,FullAuto,Paper,Backtest,2026-09-01 15:13:00,2026-09-01 15:13:00,2026-09-02 09:15:30,1082.5,3,135600,131500,131600,2.950,-13209,-3.247,-1.10,0.516,-3.024,0,-0.076,StopLoss,"종가베팅: 등락 +7.7%, 고저범위 76% 위치, VWAP 134,872 위","손절 (131,600)",7.71,0.47,0.764,249.5,0.158,0.82,1,373,3,5,2.5,1.5,True
002990#1462-20260902121200,002990,금호건설,VWAP눌림,FullAuto,Paper,Backtest,2026-09-02 12:12:00,2026-09-02 12:12:00,2026-09-02 12:21:25,9.4,35,17870,17520.00,17530,1.903,-13660,-2.184,-1.15,0.448,-1.959,0,-0.057,StopLoss,"VWAP 17,705 재돌파, 직전봉 고가 17,660 돌파","손절 (17,530)",8.24,0.88,0.678,175.3,0.676,1.42,1,192,1.5,4.0,1.5,1.2,False
002990#1462-20260902131600,002990,금호건설,VWAP눌림,FullAuto,Paper,Backtest,2026-09-02 13:16:00,2026-09-02 13:16:00,2026-09-02 13:22:30,6.5,38,17720,17400,17410,1.749,-13682,-2.032,-1.16,0.339,-1.806,0,-0.057,StopLoss,"VWAP 17,677 재돌파, 직전봉 고가 17,650 돌파","손절 (17,410)",7.33,0.19,0.628,175.2,0.462,4.02,1,256,1.5,4.0,1.5,1.2,False
004310#1467-20260903090630,004310,현대약품,ORB,FullAuto,Paper,Backtest,2026-09-03 09:06:30,2026-09-03 09:06:30,2026-09-03 09:07:22,0.9,94,8270,8130.0,8150,1.451,-14918,-1.919,-1.32,0,-1.693,0,-0.245,StopLoss,"ORB5 고가 8,240 돌파 (범위 6.5%)","손절 (8,150)",9.25,2.60,1,151.9,2.600,1.54,1,6,1.5,4.0,1.5,1.2,False
441270#1466-20260903091330,441270,파인엠텍,ORB,FullAuto,Paper,Backtest,2026-09-03 09:13:30,2026-09-03 09:13:30,2026-09-03 09:14:27,1,88,8870,8730,8740,1.466,-14088,-1.805,-1.23,0.225,-1.578,0,-0.114,StopLoss,"ORB5 고가 8,840 돌파 (범위 7.3%)","손절 (8,740)",13.43,3.28,1,178.7,2.286,2.43,1,14,1.5,4.0,1.5,1.2,False
079650#1468-20260903092425,079650,서산,ORB,FullAuto,Paper,Backtest,2026-09-03 09:24:25,2026-09-03 09:24:25,2026-09-03 09:25:17,0.9,102,7370,7390,7260,1.493,308,0.041,0.03,1.764,0,0,-0.270,Trailing,"ORB5 고가 7,350 돌파 (범위 8.2%)","트레일링 (7,410)",8.54,4.65,1,164.1,1.948,3.64,1,24,1.5,4.0,1.5,1.2,False
441270#1466-20260903092730,441270,파인엠텍,ORB,FullAuto,Paper,Backtest,2026-09-03 09:27:30,2026-09-03 09:27:30,2026-09-03 09:37:25,9.9,88,8860,9000.00,8730,1.467,10503,1.347,0.92,2.483,-1.354,0,-0.111,Trailing,"ORB5 고가 8,840 돌파 (범위 7.3%)","1차 분할 익절 +2.0% / 트레일링 (8,970)",13.30,2.46,0.954,170.0,1.604,2.35,1,28,1.5,4.0,1.5,1.2,False
010950#1472-20260904090720,010950,S-Oil,ORB,FullAuto,Paper,Backtest,2026-09-04 09:07:20,2026-09-04 09:07:20,2026-09-04 09:13:10,5.8,5,158900,161460,156600,1.447,10948,1.378,0.95,2.517,0,0,-0.025,Trailing,"ORB5 고가 158,600 돌파 (범위 4.0%)","1차 분할 익절 +2.0% / 트레일링 (160,900)",5.30,1.25,0.865,142.7,1.598,1.56,1,7,1.5,4.0,1.5,1.2,False
096770#1473-20260904090917,096770,SK이노베이션,ORB,FullAuto,Paper,Backtest,2026-09-04 09:09:17,2026-09-04 09:09:17,2026-09-04 09:15:10,5.9,5,136500,136900.00,134500,1.465,427,0.063,0.04,1.465,0,0,0.000,BreakEven,"ORB5 고가 136,450 돌파 (범위 4.4%)","본절 (136,900)",4.44,0.85,0.866,145.3,1.156,2.41,1,9,1.5,4.0,1.5,1.2,False
096770#1473-20260904092322,096770,SK이노베이션,ORB,FullAuto,Paper,Backtest,2026-09-04 09:23:22,2026-09-04 09:23:22,2026-09-04 09:43:22,20,5,136600,137100,134600,1.464,925,0.135,0.09,0.586,-1.171,0,0,TimeStop,"ORB5 고가 136,450 돌파 (범위 4.4%)",타임스탑 20분,4.51,0.24,0.756,209.2,0.565,1.63,1,23,1.5,4.0,1.5,1.2,False
005490#1471-20260903150000,005490,POSCO홀딩스,종가베팅,FullAuto,Paper,Backtest,2026-09-03 15:00:00,2026-09-03 15:00:00,2026-09-04 10:00:00,1140,1,343500,338000,333500,2.911,-6277,-1.827,-0.63,0.437,-1.892,0,-0.148,NextDayDeadline,"종가베팅: 등락 +5.7%, 고저범위 82% 위치, VWAP 340,143 위",익일 청산 시각 10:00,5.70,0.84,0.816,862.8,0.333,0.50,1,360,3,5,2.5,1.5,True
096770#1473-20260904095230,096770,SK이노베이션,ORB,FullAuto,Paper,Backtest,2026-09-04 09:52:30,2026-09-04 09:52:30,2026-09-04 10:34:30,42,5,136500,138420,134500,1.465,8013,1.174,0.80,2.271,-0.513,0,-0.029,Trailing,"ORB5 고가 136,450 돌파 (범위 4.4%)","1차 분할 익절 +2.0% / 트레일링 (137,900)",4.44,0.14,0.744,229.5,0.366,1.79,1,52,1.5,4.0,1.5,1.2,False
036930#1476-20260904103700,036930,주성엔지니어링,VWAP눌림,FullAuto,Paper,Backtest,2026-09-04 10:37:00,2026-09-04 10:37:00,2026-09-04 10:37:30,0.5,11,174800,173700,173800,0.572,-16495,-0.858,-1.50,0,-0.629,0,-0.058,StopLoss,"VWAP 174,015 재돌파, 직전봉 고가 174,400 돌파","손절 (173,800)",3.99,0.39,0.704,573.7,0.206,1.48,1,97,1.5,4.0,1.5,1.2,False
036930#1476-20260904104500,036930,주성엔지니어링,VWAP눌림,FullAuto,Paper,Backtest,2026-09-04 10:45:00,2026-09-04 10:45:00,2026-09-04 10:48:05,3.1,11,174100,173600,173600,0.287,-9892,-0.517,-1.80,0.057,-0.287,0,0,StopLoss,"VWAP 174,012 재돌파, 직전봉 고가 173,900 돌파","손절 (173,600)",3.63,0.05,0.620,472.7,0.217,0.62,1,105,1.5,4.0,1.5,1.2,False
036930#1476-20260904110400,036930,주성엔지니어링,VWAP눌림,FullAuto,Paper,Backtest,2026-09-04 11:04:00,2026-09-04 11:04:00,2026-09-04 14:01:30,177.5,4,174050,177600,171400,1.523,12570,1.806,1.19,3.361,-0.029,0,-0.028,Trailing,"VWAP 173,989 재돌파, 직전봉 고가 173,900 돌파","1차 분할 익절 +2.0% / 트레일링 (177,700)",3.60,0.04,0.613,445.2,0.176,4.67,2,124,1.5,4.0,1.5,1.2,False
336260#1478-20260904150217,336260,두산퓨얼셀,종가베팅,FullAuto,Paper,Backtest,2026-09-04 15:02:17,2026-09-04 15:02:17,2026-09-07 09:01:20,3959,9,44050.00,46127.78,42750,2.951,17751,4.477,1.52,5.789,-1.135,0,-0.108,TakeProfit,"종가베팅: 등락 +13.1%, 고저범위 84% 위치, VWAP 42,278 위",1차 분할 익절 +2% / 목표 익절 +5%,13.11,4.07,0.841,316.7,0.471,2.54,1,362,3,5,2.5,1.5,True
240810#1479-20260904150817,240810,원익IPS,종가베팅,FullAuto,Paper,Backtest,2026-09-04 15:08:17,2026-09-04 15:08:17,2026-09-07 09:01:30,3953.2,3,114800,118433.33,111400,2.962,10087,2.929,0.99,4.268,-0.087,0,-0.057,Trailing,"종가베팅: 등락 +9.3%, 고저범위 81% 위치, VWAP 112,661 위","1차 분할 익절 +2% / 트레일링 (117,900)",9.33,1.90,0.805,415.1,0.249,2.68,1,368,3,5,2.5,1.5,True
336260#1480-20260907090730,336260,두산퓨얼셀,ORB,FullAuto,Paper,Backtest,2026-09-07 09:07:30,2026-09-07 09:07:30,2026-09-07 09:11:30,4,16,49500,48700,48800,1.414,-14592,-1.842,-1.30,0,-1.616,0,-0.205,StopLoss,"ORB5 고가 49,400 돌파 (범위 8.2%)","손절 (48,800)",12.63,2.48,1,181.4,1.778,1.20,1,8,1.5,4.0,1.5,1.2,False
036930#1483-20260907094727,036930,주성엔지니어링,ORB,FullAuto,Paper,Backtest,2026-09-07 09:47:27,2026-09-07 09:47:27,2026-09-07 09:55:30,8,4,189400,186600,186600,1.478,-12916,-1.705,-1.15,0.211,-1.478,0,0,StopLoss,"ORB5 고가 189,300 돌파 (범위 3.2%)","손절 (186,600)",6.23,2.01,1,457.7,0.419,5.72,1,47,1.5,4.0,1.5,1.2,False
047040#1487-20260907150900,047040,대우건설,종가베팅,FullAuto,Paper,Backtest,2026-09-07 15:09:00,2026-09-07 15:09:00,2026-09-08 09:01:27,1072.5,21,18370,18669.05,17820,2.994,5381,1.395,0.47,2.831,-0.490,0,-0.141,Trailing,"종가베팅: 등락 +9.0%, 고저범위 90% 위치, VWAP 17,695 위","1차 분할 익절 +2% / 트레일링 (18,600)",8.96,3.76,0.903,315.3,0.451,0.71,1,369,3,5,2.5,1.5,True
000720#1485-20260907150000,000720,현대건설,종가베팅,FullAuto,Paper,Backtest,2026-09-07 15:00:00,2026-09-07 15:00:00,2026-09-08 09:04:30,1084.5,3,126800,129833.33,123000,2.997,8206,2.157,0.72,4.101,-0.079,0,0,Trailing,"종가베팅: 등락 +5.4%, 고저범위 90% 위치, VWAP 123,805 위","1차 분할 익절 +2% / 트레일링 (130,000)",5.40,2.42,0.902,343.7,0.448,0.37,1,360,3,5,2.5,1.5,True
052690#1488-20260908090527,052690,한전기술,ORB,FullAuto,Paper,Backtest,2026-09-08 09:05:27,2026-09-08 09:05:27,2026-09-08 09:10:22,4.9,6,132600,136800,130700,1.433,23320,2.931,2.05,4.374,-0.075,0,-0.073,TakeProfit,"ORB5 고가 132,500 돌파 (범위 3.4%)",1차 분할 익절 +2.0% / 목표 익절 +4.0%,4.33,1.12,1,195.6,1.634,1.65,1,5,1.5,4.0,1.5,1.2,False
036930#1489-20260908090625,036930,주성엔지니어링,ORB,FullAuto,Paper,Backtest,2026-09-08 09:06:25,2026-09-08 09:06:25,2026-09-08 09:11:10,4.8,4,196500,197400,193600,1.476,1786,0.227,0.15,1.679,0,0,0,Trailing,"ORB5 고가 196,400 돌파 (범위 4.0%)","트레일링 (197,400)",4.97,1.26,1,163.8,1.425,2.18,1,6,1.5,4.0,1.5,1.2,False
096770#1490-20260908091207,096770,SK이노베이션,ORB,FullAuto,Paper,Backtest,2026-09-08 09:12:07,2026-09-08 09:12:07,2026-09-08 09:15:30,3.4,5,143500,141200,141400,1.463,-13124,-1.829,-1.25,0.209,-1.603,0,-0.141,StopLoss,"ORB5 고가 143,400 돌파 (범위 2.9%)","손절 (141,400)",3.54,0.66,0.955,209.8,0.704,1.02,1,12,1.5,4.0,1.5,1.2,False
010170#1494-20260909090610,010170,대한광통신,ORB,FullAuto,Paper,Backtest,2026-09-09 09:06:10,2026-09-09 09:06:10,2026-09-09 09:07:25,1.2,53,15090,14860.00,14870,1.458,-14002,-1.751,-1.20,0.331,-1.524,0,-0.067,StopLoss,"ORB5 고가 15,080 돌파 (범위 6.1%)","손절 (14,870)",10.15,1.93,1,193.8,1.325,0.81,1,6,1.5,4.0,1.5,1.2,False
327260#1493-20260909091422,327260,RF머트리얼즈,ORB,FullAuto,Paper,Backtest,2026-09-09 09:14:22,2026-09-09 09:14:22,2026-09-09 09:15:25,1,20,39450,39500,38900,1.394,-816,-0.103,-0.07,1.394,0,0,-0.126,BreakEven,"ORB5 고가 39,300 돌파 (범위 7.7%)","본절 (39,550)",14.35,3.28,1,215.1,2.334,2.63,1,14,1.5,4.0,1.5,1.2,False
010170#1494-20260909113030,010170,대한광통신,ORB,FullAuto,Paper,Backtest,2026-09-09 11:30:30,2026-09-09 11:30:30,2026-09-09 11:43:15,12.8,53,15090,14870,14870,1.458,-13473,-1.685,-1.16,0,-1.458,0,0,StopLoss,"ORB5 고가 15,080 돌파 (범위 6.1%)","손절 (14,870)",10.15,0.04,0.533,200.3,0.246,5.42,1,150,1.5,4.0,1.5,1.2,False
032820#1498-20260909150400,032820,우리기술,종가베팅,FullAuto,Paper,Backtest,2026-09-09 15:04:00,2026-09-09 15:04:00,2026-09-10 09:01:22,1077.4,29,13970,13530.0,13560,2.935,-13662,-3.372,-1.15,2.720,-3.150,0,-0.221,StopLoss,"종가베팅: 등락 +18.3%, 고저범위 78% 위치, VWAP 13,766 위","손절 (13,560)",18.29,1.48,0.777,259.3,0.312,1.86,1,364,3,5,2.5,1.5,True
024060#1500-20260910090520,024060,흥구석유,ORB,FullAuto,Paper,Backtest,2026-09-10 09:05:20,2026-09-10 09:05:20,2026-09-10 09:06:25,1.1,58,13410,13640.00,13210,1.491,11526,1.482,0.99,2.461,0,0,-0.110,Trailing,"ORB5 고가 13,340 돌파 (범위 4.9%)","1차 분할 익절 +2.0% / 트레일링 (13,570)",10.92,2.31,1,212.3,1.989,2.47,1,5,1.5,4.0,1.5,1.2,False
032940#1499-20260910092222,032940,원익,ORB,FullAuto,Paper,Backtest,2026-09-10 09:22:22,2026-09-10 09:22:22,2026-09-10 09:24:27,2.1,72,11190,11345,11030,1.430,9286,1.153,0.81,2.145,0,0,-0.132,Trailing,"ORB5 고가 11,160 돌파 (범위 9.4%)","1차 분할 익절 +2.0% / 트레일링 (11,290)",9.71,4.49,1,161.0,2.145,7.50,1,22,1.5,4.0,1.5,1.2,False
096770#1501-20260910091622,096770,SK이노베이션,ORB,FullAuto,Paper,Backtest,2026-09-10 09:16:22,2026-09-10 09:16:22,2026-09-10 09:26:30,10.1,4,160900,163350,158500,1.492,8301,1.290,0.86,2.362,-0.249,0,-0.061,Trailing,"ORB5 고가 160,800 돌파 (범위 4.1%)","1차 분할 익절 +2.0% / 트레일링 (162,700)",3.21,1.37,0.985,50.0,0.957,1.92,1,16,1.5,4.0,1.5,1.2,False
032940#1499-20260910094225,032940,원익,ORB,FullAuto,Paper,Backtest,2026-09-10 09:42:25,2026-09-10 09:42:25,2026-09-10 09:43:27,1,72,11180,10990.00,11020,1.431,-15500,-1.926,-1.35,1.073,-1.699,0,-0.272,StopLoss,"ORB5 고가 11,160 돌파 (범위 9.4%)","손절 (11,020)",9.61,1.68,0.722,141.2,1.712,4.49,1,42,1.5,4.0,1.5,1.2,False
373220#1495-20260909150000,373220,LG에너지솔루션,종가베팅,FullAuto,Paper,Backtest,2026-09-09 15:00:00,2026-09-09 15:00:00,2026-09-10 10:00:00,1140,1,370000,367500,359000,2.973,-3345,-0.904,-0.30,1.081,-1.757,0,0,NextDayDeadline,"종가베팅: 등락 +5.4%, 고저범위 94% 위치, VWAP 360,776 위",익일 청산 시각 10:00,5.41,2.56,0.939,1045.1,0.328,0.67,1,360,3,5,2.5,1.5,True
032940#1499-20260910104510,032940,원익,ORB,FullAuto,Paper,Backtest,2026-09-10 10:45:10,2026-09-10 10:45:10,2026-09-10 10:45:27,0.3,72,11170,10990,11010,1.432,-14780,-1.838,-1.28,0.179,-1.611,0,-0.182,StopLoss,"ORB5 고가 11,160 돌파 (범위 9.4%)","손절 (11,010)",9.51,1.79,0.715,148.5,0.953,3.70,1,105,1.5,4.0,1.5,1.2,False
092790#1502-20260910114100,092790,넥스틸,VWAP눌림,FullAuto,Paper,Backtest,2026-09-10 11:41:00,2026-09-10 11:41:00,2026-09-10 11:44:27,3.5,44,15175,14900,14900,1.812,-13609,-2.038,-1.12,0,-1.812,0,0,StopLoss,"VWAP 15,047 재돌파, 직전봉 고가 15,100 돌파","손절 (14,900)",13.94,0.78,0.646,134.4,1.606,0.91,2,161,1.5,4.0,1.5,1.2,False
440110#1503-20260910150000,440110,파두,종가베팅,FullAuto,Paper,Backtest,2026-09-10 15:00:00,2026-09-10 15:00:00,2026-09-11 09:01:00,1081,5,79500,76000,77200,2.893,-18376,-4.623,-1.60,1.635,-4.403,0,-1.554,StopLoss,"종가베팅: 등락 +6.9%, 고저범위 95% 위치, VWAP 74,802 위","손절 (77,200)",6.85,6.28,0.953,428.9,1.051,0.53,1,360,3,5,2.5,1.5,True
000990#1504-20260910150000,000990,DB하이텍,종가베팅,FullAuto,Paper,Backtest,2026-09-10 15:00:00,2026-09-10 15:00:00,2026-09-11 09:01:00,1081,3,118000,111800,114500,2.966,-19373,-5.473,-1.85,0.763,-5.254,0,-2.358,StopLoss,"종가베팅: 등락 +6.4%, 고저범위 81% 위치, VWAP 115,345 위","손절 (114,500)",6.40,2.30,0.806,430.0,0.345,1.08,1,360,3,5,2.5,1.5,True
064550#1506-20260911090830,064550,바이오니아,ORB,FullAuto,Paper,Backtest,2026-09-11 09:08:30,2026-09-11 09:08:30,2026-09-11 09:09:25,0.9,71,10710,10550.00,10550,1.494,-13084,-1.721,-1.15,0,-1.494,0,0.000,StopLoss,"ORB5 고가 10,700 돌파 (범위 6.9%)","손절 (10,550)",16.03,2.26,1,215.9,1.852,1.60,1,8,1.5,4.0,1.5,1.2,False
356680#1507-20260911094825,356680,엑스게이트,ORB,FullAuto,Paper,Backtest,2026-09-11 09:48:25,2026-09-11 09:48:25,2026-09-11 09:49:12,0.8,58,13960,13720,13760,1.433,-15751,-1.945,-1.36,0.788,-1.719,0,-0.291,StopLoss,"ORB5 고가 13,900 돌파 (범위 9.5%)","손절 (13,760)",12.94,4.25,1,155.9,1.254,4.60,1,48,1.5,4.0,1.5,1.2,False
001820#1508-20260911135700,001820,삼화콘덴서,VWAP눌림,FullAuto,Paper,Backtest,2026-09-11 13:57:00,2026-09-11 13:57:00,2026-09-11 13:58:30,1.5,14,137700,137100,137100,0.436,-12814,-0.665,-1.53,0,-0.436,0,0,StopLoss,"VWAP 136,992 재돌파, 직전봉 고가 137,400 돌파","손절 (137,100)",18.93,0.44,0.721,301.6,0.337,1.06,1,297,1.5,4.0,1.5,1.2,False
488280#1510-20260911150000,488280,에스투더블유,종가베팅,FullAuto,Paper,Backtest,2026-09-11 15:00:00,2026-09-11 15:00:00,2026-09-14 09:01:00,3961,27,14990,16870,14550,2.935,49722,12.285,4.19,12.542,-2.602,0,0,TakeProfit,"종가베팅: 등락 +14.9%, 고저범위 87% 위치, VWAP 14,192 위",목표 익절 +5%,14.87,5.63,0.865,204.7,1.020,0.41,1,360,3,5,2.5,1.5,True
052690#1509-20260911150000,052690,한전기술,종가베팅,FullAuto,Paper,Backtest,2026-09-11 15:00:00,2026-09-11 15:00:00,2026-09-14 09:01:22,3961.4,2,152400,147500.0,147900,2.953,-10479,-3.438,-1.16,0.328,-3.215,0,-0.270,StopLoss,"종가베팅: 등락 +4.6%, 고저범위 82% 위치, VWAP 149,520 위","손절 (147,900)",4.60,1.93,0.825,304.3,0.375,0.60,1,360,3,5,2.5,1.5,True
356680#1512-20260914090515,356680,엑스게이트,ORB,FullAuto,Paper,Backtest,2026-09-14 09:05:15,2026-09-14 09:05:15,2026-09-14 09:05:22,0.1,44,17800,17500.0,17540,1.461,-14972,-1.912,-1.31,0,-1.685,0,-0.228,StopLoss,"ORB5 고가 17,760 돌파 (범위 9.4%)","손절 (17,540)",10.83,2.91,1,78.6,2.921,1.74,1,5,1.5,4.0,1.5,1.2,False
356680#1512-20260914091120,356680,엑스게이트,ORB,FullAuto,Paper,Backtest,2026-09-14 09:11:20,2026-09-14 09:11:20,2026-09-14 09:12:25,1.1,44,17800,18125,17540,1.461,12471,1.592,1.09,2.809,0,0,-0.138,Trailing,"ORB5 고가 17,760 돌파 (범위 9.4%)","1차 분할 익절 +2.0% / 트레일링 (18,080)",10.83,2.52,0.987,93.9,2.391,2.60,1,11,1.5,4.0,1.5,1.2,False
052710#1514-20260914093940,052710,아모텍,ORB,FullAuto,Paper,Backtest,2026-09-14 09:39:40,2026-09-14 09:39:40,2026-09-14 09:47:27,7.8,50,15930,16020,15700,1.444,2659,0.334,0.23,1.883,-0.188,0,-0.062,Trailing,"ORB5 고가 15,900 돌파 (범위 6.6%)","트레일링 (16,030)",5.29,0.06,0.570,140.3,1.762,1.31,1,40,1.5,4.0,1.5,1.2,False
014950#1517-20260914140700,014950,삼익제약,VWAP눌림,FullAuto,Paper,Backtest,2026-09-14 14:07:00,2026-09-14 14:07:00,2026-09-14 14:08:27,1.5,54,9100,9390,8890,2.308,14500,2.951,1.28,4.176,-0.549,0,-0.106,TakeProfit,"VWAP 9,047 재돌파, 직전봉 고가 9,090 돌파",1차 분할 익절 +2.0% / 목표 익절 +4.0%,15.04,0.58,0.678,159.1,2.418,0.70,1,307,1.5,4.0,1.5,1.2,False
093370#1518-20260914150000,093370,후성,종가베팅,FullAuto,Paper,Backtest,2026-09-14 15:00:00,2026-09-14 15:00:00,2026-09-15 09:02:30,1082.5,28,14140,13710,13720,2.970,-12923,-3.264,-1.10,0.354,-3.041,0,-0.073,StopLoss,"종가베팅: 등락 +6.2%, 고저범위 94% 위치, VWAP 13,829 위","손절 (13,720)",6.16,2.18,0.944,411.2,0.384,0.69,1,360,3,5,2.5,1.5,True
001820#1521-20260915090520,001820,삼화콘덴서,ORB,FullAuto,Paper,Backtest,2026-09-15 09:05:20,2026-09-15 09:05:20,2026-09-15 09:06:25,1.1,5,146800,144500,144600,1.499,-13163,-1.793,-1.20,1.022,-1.567,0,-0.069,StopLoss,"ORB5 고가 146,700 돌파 (범위 6.8%)","손절 (144,600)",6.69,2.28,1,414.7,2.112,3.55,1,5,1.5,4.0,1.5,1.2,False
017900#1522-20260915090622,017900,광전자,ORB,FullAuto,Paper,Backtest,2026-09-15 09:06:22,2026-09-15 09:06:22,2026-09-15 09:07:27,1.1,67,11380,11548.96,11210,1.494,9545,1.252,0.84,2.197,0,0,-0.087,Trailing,"ORB5 고가 11,350 돌파 (범위 6.0%)","1차 분할 익절 +2.0% / 트레일링 (11,490)",10.81,2.87,0.971,132.1,2.570,1.60,1,6,1.5,4.0,1.5,1.2,False
014950#1520-20260915091130,014950,삼익제약,ORB,FullAuto,Paper,Backtest,2026-09-15 09:11:30,2026-09-15 09:11:30,2026-09-15 09:15:27,4,71,10790,11121.41,10630,1.483,21721,2.835,1.91,4.078,-0.185,0,-0.090,TakeProfit,"ORB5 고가 10,700 돌파 (범위 9.2%)",1차 분할 익절 +2.0% / 목표 익절 +4.0%,13.82,4.77,1,160.8,2.441,3.42,1,12,1.5,4.0,1.5,1.2,False
001820#1521-20260915092530,001820,삼화콘덴서,ORB,FullAuto,Paper,Backtest,2026-09-15 09:25:30,2026-09-15 09:25:30,2026-09-15 09:29:25,3.9,5,147000,144800.00,144800,1.497,-12666,-1.723,-1.15,0.408,-1.497,0,0.000,StopLoss,"ORB5 고가 146,700 돌파 (범위 6.8%)","손절 (144,800)",6.83,2.13,0.882,200.7,1.171,3.16,1,26,1.5,4.0,1.5,1.2,False
316140#1519-20260914150002,316140,우리금융지주,종가베팅,FullAuto,Paper,Backtest,2026-09-14 15:00:02,2026-09-14 15:00:02,2026-09-15 10:00:00,1140,10,36700,36050,35600,2.997,-7330,-1.997,-0.67,0.409,-2.589,0,-0.139,NextDayDeadline,"종가베팅: 등락 +5.0%, 고저범위 89% 위치, VWAP 36,170 위",익일 청산 시각 10:00,5.01,1.47,0.889,468.9,0.195,0.84,1,360,3,5,2.5,1.5,True
062970#1525-20260916090627,062970,한국첨단소재,ORB,FullAuto,Paper,Backtest,2026-09-16 09:06:27,2026-09-16 09:06:27,2026-09-16 09:07:15,0.8,202,3745,3675,3690,1.469,-15848,-2.095,-1.43,1.202,-1.869,0,-0.407,StopLoss,"ORB5 고가 3,705 돌파 (범위 7.1%)","손절 (3,690)",11.46,4.28,1,116.6,4.539,1.83,1,6,1.5,4.0,1.5,1.2,False
069540#1527-20260916090525,069540,빛과전자,ORB,FullAuto,Paper,Backtest,2026-09-16 09:05:25,2026-09-16 09:05:25,2026-09-16 09:07:30,2.1,173,4510,4445,4445,1.441,-13014,-1.668,-1.16,0.443,-1.441,0,0,StopLoss,"ORB5 고가 4,500 돌파 (범위 9.8%)","손절 (4,445)",9.07,3.54,1,235.9,2.882,1.29,1,5,1.5,4.0,1.5,1.2,False
072950#1526-20260916091027,072950,빛샘전자,ORB,FullAuto,Paper,Backtest,2026-09-16 09:10:27,2026-09-16 09:10:27,2026-09-16 09:11:30,1,71,11250,11581.55,11090,1.422,21655,2.711,1.91,4.00,0,0,-0.086,TakeProfit,"ORB5 고가 11,190 돌파 (범위 4.2%)",1차 분할 익절 +2.0% / 목표 익절 +4.0%,4.75,2.38,1,196.4,2.111,2.54,1,10,1.5,4.0,1.5,1.2,False
373220#1524-20260915150000,373220,LG에너지솔루션,종가베팅,FullAuto,Paper,Backtest,2026-09-15 15:00:00,2026-09-15 15:00:00,2026-09-16 10:00:00,1140,1,368500,374000,357500,2.985,4641,1.259,0.42,2.035,-1.900,0,0,NextDayDeadline,"종가베팅: 등락 +5.0%, 고저범위 88% 위치, VWAP 362,056 위",익일 청산 시각 10:00,4.99,1.78,0.875,433.2,0.407,0.99,1,360,3,5,2.5,1.5,True
086520#1523-20260915150000,086520,에코프로,종가베팅,FullAuto,Paper,Backtest,2026-09-15 15:00:00,2026-09-15 15:00:00,2026-09-16 10:00:00,1140,4,84600,83150,82100,2.955,-6564,-1.940,-0.66,0.355,-2.009,0,0,NextDayDeadline,"종가베팅: 등락 +5.4%, 고저범위 87% 위치, VWAP 83,212 위",익일 청산 시각 10:00,5.35,1.67,0.870,629.9,0.397,0.84,1,360,3,5,2.5,1.5,True
000990#1528-20260916150000,000990,DB하이텍,종가베팅,FullAuto,Paper,Backtest,2026-09-16 15:00:00,2026-09-16 15:00:00,2026-09-17 09:01:00,1081,3,124300,130900,120600,2.977,18902,5.069,1.70,5.310,-0.322,0,0,TakeProfit,"종가베팅: 등락 +3.8%, 고저범위 98% 위치, VWAP 120,618 위",목표 익절 +5%,3.76,3.05,0.978,489.5,0.328,0.72,1,360,3,5,2.5,1.5,True
067310#1532-20260917090522,067310,하나마이크론,ORB,FullAuto,Paper,Backtest,2026-09-17 09:05:22,2026-09-17 09:05:22,2026-09-17 09:10:12,4.8,20,38400,37850,37850,1.432,-12742,-1.659,-1.16,1.172,-1.432,0,0,StopLoss,"ORB5 고가 38,300 돌파 (범위 7.7%)","손절 (37,850)",8.02,2.84,1,226.5,2.691,2.38,1,5,1.5,4.0,1.5,1.2,False
067310#1532-20260917091722,067310,하나마이크론,ORB,FullAuto,Paper,Backtest,2026-09-17 09:17:22,2026-09-17 09:17:22,2026-09-17 09:24:25,7,20,38350,38450,37800,1.434,232,0.030,0.02,1.434,-0.782,0,0,BreakEven,"ORB5 고가 38,300 돌파 (범위 7.7%)","본절 (38,450)",7.88,1.14,0.848,193.2,1.434,2.51,1,17,1.5,4.0,1.5,1.2,False
327260#1533-20260917095427,327260,RF머트리얼즈,ORB,FullAuto,Paper,Backtest,2026-09-17 09:54:27,2026-09-17 09:54:27,2026-09-17 10:12:15,17.8,16,48850,48150,48150,1.433,-12972,-1.660,-1.16,1.331,-1.433,0,0,StopLoss,"ORB5 고가 48,800 돌파 (범위 6.3%)","손절 (48,150)",10.15,2.37,0.872,187.4,0.716,3.59,1,54,1.5,4.0,1.5,1.2,False
027360#1534-20260917113500,027360,아주IB투자,VWAP눌림,FullAuto,Paper,Backtest,2026-09-17 11:35:00,2026-09-17 11:35:00,2026-09-17 11:39:15,4.2,303,3840,3805,3805,0.911,-13256,-1.139,-1.25,0.260,-0.911,0,0,StopLoss,"VWAP 3,836 재돌파, 직전봉 고가 3,845 돌파","손절 (3,805)",9.25,0.10,0.5,185.0,0.586,0.81,1,155,1.5,4.0,1.5,1.2,False
027360#1534-20260917114700,027360,아주IB투자,VWAP눌림,FullAuto,Paper,Backtest,2026-09-17 11:47:00,2026-09-17 11:47:00,2026-09-17 11:49:27,2.5,485,3845,3855,3825,0.520,552,0.030,0.06,1.170,-0.130,0,0,BreakEven,"VWAP 3,836 재돌파, 직전봉 고가 3,840 돌파","본절 (3,855)",9.39,0.23,0.509,187.0,0.594,0.99,1,167,1.5,4.0,1.5,1.2,False
027360#1534-20260917121800,027360,아주IB투자,VWAP눌림,FullAuto,Paper,Backtest,2026-09-17 12:18:00,2026-09-17 12:18:00,2026-09-17 12:21:15,3.2,303,3875,3840,3840,0.903,-13282,-1.131,-1.25,0,-0.903,0,0,StopLoss,"VWAP 3,842 재돌파, 직전봉 고가 3,860 돌파","손절 (3,840)",10.10,0.73,0.552,190.1,0.701,0.75,1,198,1.5,4.0,1.5,1.2,False
457370#1535-20260917133400,457370,한켐,VWAP눌림,FullAuto,Paper,Backtest,2026-09-17 13:34:00,2026-09-17 13:34:00,2026-09-17 13:38:10,4.2,46,10470,10655.00,10220,2.388,7387,1.534,0.64,2.674,-0.860,0,-0.047,Trailing,"VWAP 10,386 재돌파, 직전봉 고가 10,400 돌파","1차 분할 익절 +2.0% / 트레일링 (10,620)",8.51,0.71,0.620,156.6,0.567,5.21,1,274,1.5,4.0,1.5,1.2,False
005690#1539-20260918090510,005690,파미셀,ORB,FullAuto,Paper,Backtest,2026-09-18 09:05:10,2026-09-18 09:05:10,2026-09-18 09:05:22,0.2,60,12810,12620.0,12620,1.483,-13142,-1.710,-1.15,0.390,-1.483,0,0.0,StopLoss,"ORB5 고가 12,800 돌파 (범위 5.8%)","손절 (12,620)",9.77,2.17,1,102.2,2.836,0.84,1,5,1.5,4.0,1.5,1.2,False
006340#1543-20260918101800,006340,대원전선,VWAP눌림,FullAuto,Paper,Backtest,2026-09-18 10:18:00,2026-09-18 10:18:00,2026-09-18 10:20:27,2.5,93,13980,13860.00,13860,0.858,-14125,-1.086,-1.27,0,-0.858,0,0.000,StopLoss,"VWAP 13,907 재돌파, 직전봉 고가 13,930 돌파","손절 (13,860)",7.63,0.45,0.789,189.3,0.562,0.69,1,78,1.5,4.0,1.5,1.2,False
006340#1543-20260918103300,006340,대원전선,VWAP눌림,FullAuto,Paper,Backtest,2026-09-18 10:33:00,2026-09-18 10:33:00,2026-09-18 10:34:15,1.2,134,13930,13850,13850,0.574,-14988,-0.803,-1.40,0,-0.574,0,0,StopLoss,"VWAP 13,907 재돌파, 직전봉 고가 13,900 돌파","손절 (13,850)",7.24,0.09,0.748,192.4,0.385,1.09,1,93,1.5,4.0,1.5,1.2,False
006340#1543-20260918105000,006340,대원전선,VWAP눌림,FullAuto,Paper,Backtest,2026-09-18 10:50:00,2026-09-18 10:50:00,2026-09-18 11:16:30,26.5,143,13910,13950,13840,0.503,1134,0.057,0.11,0.575,-0.359,0,0,BreakEven,"VWAP 13,907 재돌파, 직전봉 고가 13,890 돌파","본절 (13,950)",7.16,0.02,0.740,198.0,0.293,2.04,1,110,1.5,4.0,1.5,1.2,False
072950#1545-20260918121300,072950,빛샘전자,VWAP눌림,FullAuto,Paper,Backtest,2026-09-18 12:13:00,2026-09-18 12:13:00,2026-09-18 12:15:30,2.5,109,13790,13690,13690,0.725,-14332,-0.953,-1.31,0,-0.725,0,0,StopLoss,"VWAP 13,767 재돌파, 직전봉 고가 13,710 돌파","손절 (13,690)",2.38,0.09,0.471,196.2,0.404,0.39,1,193,1.5,4.0,1.5,1.2,False
072950#1545-20260918122600,072950,빛샘전자,VWAP눌림,FullAuto,Paper,Backtest,2026-09-18 12:26:00,2026-09-18 12:26:00,2026-09-18 12:28:22,2.4,120,13780,14015.0,13690,0.653,24338,1.472,2.25,2.540,0,0,-0.036,Trailing,"VWAP 13,766 재돌파, 직전봉 고가 13,730 돌파","1차 분할 익절 +2.0% / 트레일링 (13,960)",2.38,0.10,0.471,285.7,0.301,1.20,1,206,1.5,4.0,1.5,1.2,False
032820#1548-20260921090515,032820,우리기술,ORB,FullAuto,Paper,Backtest,2026-09-21 09:05:15,2026-09-21 09:05:15,2026-09-21 09:05:30,0.2,52,14790,14550,14570,1.487,-14221,-1.849,-1.24,0,-1.623,0,-0.137,StopLoss,"ORB5 고가 14,780 돌파 (범위 6.6%)","손절 (14,570)",5.87,2.59,1,140.1,3.133,1.51,1,5,1.5,4.0,1.5,1.2,False
001820#1547-20260921090627,001820,삼화콘덴서,ORB,FullAuto,Paper,Backtest,2026-09-21 09:06:27,2026-09-21 09:06:27,2026-09-21 09:08:22,1.9,5,154600,152300.0,152300,1.488,-13252,-1.714,-1.15,0.453,-1.488,0,0.0,StopLoss,"ORB5 고가 154,500 돌파 (범위 5.2%)","손절 (152,300)",7.44,2.23,1,172.0,1.714,1.96,1,6,1.5,4.0,1.5,1.2,False
028260#1551-20260921150000,028260,삼성물산,종가베팅,FullAuto,Paper,Backtest,2026-09-21 15:00:00,2026-09-21 15:00:00,2026-09-22 09:03:22,1083.4,1,368500,379500,357500,2.985,10130,2.749,0.92,4.613,-0.543,0,0,Trailing,"종가베팅: 등락 +4.2%, 고저범위 94% 위치, VWAP 364,776 위","트레일링 (379,500)",4.25,0.88,0.939,438.5,0.252,1.17,1,360,3,5,2.5,1.5,True
001820#1552-20260922090525,001820,삼화콘덴서,ORB,FullAuto,Paper,Backtest,2026-09-22 09:05:25,2026-09-22 09:05:25,2026-09-22 09:06:30,1.1,4,157100,154700,154800,1.464,-11023,-1.754,-1.20,0.382,-1.528,0,-0.065,StopLoss,"ORB5 고가 156,800 돌파 (범위 4.5%)","손절 (154,800)",7.38,2.60,1,280.6,1.655,1.77,1,5,1.5,4.0,1.5,1.2,False
222800#1554-20260922090520,222800,심텍,ORB,FullAuto,Paper,Backtest,2026-09-22 09:05:20,2026-09-22 09:05:20,2026-09-22 09:12:30,7.2,5,147300,150480,145100,1.494,14174,1.925,1.29,3.530,-0.679,0,-0.027,Trailing,"ORB5 고가 147,200 돌파 (범위 6.4%)","1차 분할 익절 +2.0% / 트레일링 (150,600)",11.93,2.48,1,282.5,1.946,1.85,1,5,1.5,4.0,1.5,1.2,False
353200#1553-20260922090627,353200,대덕전자,ORB,FullAuto,Paper,Backtest,2026-09-22 09:06:27,2026-09-22 09:06:27,2026-09-22 09:13:27,7,6,116800,117300,115100,1.455,1383,0.197,0.14,1.712,-0.257,0,0,Trailing,"ORB5 고가 116,500 돌파 (범위 6.1%)","트레일링 (117,300)",13.51,2.25,1,165.9,1.670,1.39,1,6,1.5,4.0,1.5,1.2,False
353200#1553-20260922092927,353200,대덕전자,ORB,FullAuto,Paper,Backtest,2026-09-22 09:29:27,2026-09-22 09:29:27,2026-09-22 09:45:25,16,6,116600,119100,114900,1.458,13362,1.910,1.31,3.516,-0.086,0,-0.084,Trailing,"ORB5 고가 116,500 돌파 (범위 6.1%)","1차 분할 익절 +2.0% / 트레일링 (119,200)",13.31,0.72,0.747,185.4,0.809,1.25,1,29,1.5,4.0,1.5,1.2,False
000990#1550-20260921150000,000990,DB하이텍,종가베팅,FullAuto,Paper,Backtest,2026-09-21 15:00:00,2026-09-21 15:00:00,2026-09-22 10:00:00,1140,3,131800,132900,127900,2.959,2386,0.603,0.20,2.049,-1.290,0,-0.050,NextDayDeadline,"종가베팅: 등락 +4.6%, 고저범위 93% 위치, VWAP 127,882 위",1차 분할 익절 +2% / 익일 청산 시각 10:00,4.60,3.06,0.93,330.3,0.406,0.48,1,360,3,5,2.5,1.5,True
353200#1553-20260922104827,353200,대덕전자,ORB,FullAuto,Paper,Backtest,2026-09-22 10:48:27,2026-09-22 10:48:27,2026-09-22 11:13:27,25,6,116600,114900,114900,1.458,-11785,-1.685,-1.16,1.286,-1.458,0,0,StopLoss,"ORB5 고가 116,500 돌파 (범위 6.1%)","손절 (114,900)",13.31,0.08,0.624,234.8,0.260,3.90,1,108,1.5,4.0,1.5,1.2,False
232140#1555-20260922112300,232140,와이씨,VWAP눌림,FullAuto,Paper,Backtest,2026-09-22 11:23:00,2026-09-22 11:23:00,2026-09-22 11:26:27,3.5,119,14910,14820.00,14820,0.604,-14767,-0.832,-1.38,0,-0.604,0,0.000,StopLoss,"VWAP 14,841 재돌파, 직전봉 고가 14,860 돌파","손절 (14,820)",4.27,0.40,0.601,195.2,0.470,0.66,1,143,1.5,4.0,1.5,1.2,False
232140#1555-20260922113900,232140,와이씨,VWAP눌림,FullAuto,Paper,Backtest,2026-09-22 11:39:00,2026-09-22 11:39:00,2026-09-22 12:03:30,24.5,133,14840,14880,14760,0.539,770,0.039,0.07,0.539,-0.472,0,0,BreakEven,"VWAP 14,840 재돌파, 직전봉 고가 14,820 돌파","본절 (14,880)",3.85,0.00,0.564,196.5,0.318,0.43,1,159,1.5,4.0,1.5,1.2,False
058470#1556-20260922150000,058470,리노공업,종가베팅,FullAuto,Paper,Backtest,2026-09-22 15:00:00,2026-09-22 15:00:00,2026-09-23 09:04:27,1084.5,5,76300,75620,74100,2.883,-4267,-1.118,-0.39,2.228,-2.883,0,-0.051,StopLoss,"종가베팅: 등락 +8.2%, 고저범위 89% 위치, VWAP 74,216 위","1차 분할 익절 +2% / 손절 (74,100)",8.24,2.67,0.894,293.0,0.375,1.13,1,360,3,5,2.5,1.5,True
093370#1558-20260923090525,093370,후성,ORB,FullAuto,Paper,Backtest,2026-09-23 09:05:25,2026-09-23 09:05:25,2026-09-23 09:08:25,3,52,14740,14945,14520,1.493,8877,1.158,0.78,2.103,-0.746,0,-0.067,Trailing,"ORB5 고가 14,730 돌파 (범위 7.1%)","1차 분할 익절 +2.0% / 트레일링 (14,860)",8.54,2.23,1,208.3,1.877,1.71,1,5,1.5,4.0,1.5,1.2,False
356680#1557-20260923090530,356680,엑스게이트,ORB,FullAuto,Paper,Backtest,2026-09-23 09:05:30,2026-09-23 09:05:30,2026-09-23 09:09:27,4,41,18900,19172.68,18620,1.481,9377,1.210,0.82,2.275,-0.794,0,-0.052,Trailing,"ORB5 고가 18,830 돌파 (범위 7.6%)","1차 분할 익절 +2.0% / 트레일링 (19,090)",12.90,3.09,1,135.8,2.646,1.33,1,6,1.5,4.0,1.5,1.2,False
